treebank,timestep,normalized_progress,layer,head,entropy_mean,entropy_normalized,entropy_no_bos,bos_sink_mass,n_seeds
UD_English-EWT,0,0.0,0,0,0.5282352373736804,0.1841684251689443,2.7437855642024283,0.8963828727684385,3
UD_English-EWT,0,0.0,0,1,2.531612448842148,0.8885967604000632,2.697395231554417,0.06899957844346273,3
UD_English-EWT,0,0.0,0,2,0.7636559915428606,0.2638132293520957,2.747244997754123,0.8425820690523732,3
UD_English-EWT,0,0.0,0,3,0.4784071036293858,0.17498518449624254,0.41262636341846703,0.024432493179089954,3
UD_English-EWT,0,0.0,0,4,1.0671473169098786,0.3640606027047317,2.65662483113711,0.7735587388602762,3
UD_English-EWT,0,0.0,0,5,2.4386835439446193,0.8497399438895372,2.7060264469495885,0.1847864357255847,3
UD_English-EWT,0,0.0,0,6,2.631822488184184,0.9232793304557104,2.742773026065097,0.0594546918813241,3
UD_English-EWT,0,0.0,0,7,1.6399578851103132,0.5722765462280371,2.066209427645949,0.4723256172337493,3
UD_English-EWT,0,0.0,0,8,2.0440643140689922,0.7071736722956526,2.748841510770099,0.5228110099506509,3
UD_English-EWT,0,0.0,0,9,2.6373458959040095,0.9270947206642589,2.746406336625417,0.2571372694229005,3
UD_English-EWT,0,0.0,0,10,2.685744734898291,0.9497114214906311,2.6527921676310036,0.10206207024223614,3
UD_English-EWT,0,0.0,0,11,2.4934616404804375,0.8870234567659709,2.414413006090727,0.06101078710574759,3
UD_English-EWT,0,0.0,1,0,1.021837039560568,0.36826195007589213,1.0379084300636594,0.1329432750385397,3
UD_English-EWT,0,0.0,1,1,0.8143522504900322,0.2947736138293969,0.8305006387129508,0.1917577691762988,3
UD_English-EWT,0,0.0,1,2,2.256338363869594,0.7864170524674644,2.676360595421713,0.3651180162089444,3
UD_English-EWT,0,0.0,1,3,2.2564680415098786,0.7985574592197442,2.2867422699928284,0.22296817384945236,3
UD_English-EWT,0,0.0,1,4,1.9947207802957525,0.7124612541919966,2.023494980700029,0.20442639350321123,3
UD_English-EWT,0,0.0,1,5,2.3841469975117127,0.8475995613447344,2.5253795170393145,0.3006452034975662,3
UD_English-EWT,0,0.0,1,6,1.6010611803153825,0.5868636403099149,2.5687943680690286,0.5690593779331348,3
UD_English-EWT,0,0.0,1,7,2.3742265020563305,0.8470855548102026,2.4108402058075034,0.20969906201983082,3
UD_English-EWT,0,0.0,1,8,2.60537258311699,0.9208430671355913,2.5632550906939584,0.096681340363467,3
UD_English-EWT,0,0.0,1,9,2.7023363352799024,0.9574913131248947,2.6851851677959733,0.1665574905253906,3
UD_English-EWT,0,0.0,1,10,2.4553977708673216,0.8803449648661733,2.6220075947339416,0.24998719816203,3
UD_English-EWT,0,0.0,1,11,2.4374114952452195,0.8551210077598648,2.4783809346253753,0.09676581791658057,3
UD_English-EWT,0,0.0,2,0,1.2076872946297537,0.43479365917937396,1.1728417752056175,0.040081579395146186,3
UD_English-EWT,0,0.0,2,1,0.21863219396419864,0.08096438087181573,2.6444279165541538,0.9237912293177485,3
UD_English-EWT,0,0.0,2,2,0.19485668833952785,0.07586486053462443,0.1947960070756778,7.292448594218511e-06,3
UD_English-EWT,0,0.0,2,3,0.5212739325367688,0.1856459962063073,0.6457786431403759,0.13871434511861108,3
UD_English-EWT,0,0.0,2,4,0.9055739048400212,0.32320924478516744,1.0129263653455536,0.060833861322340664,3
UD_English-EWT,0,0.0,2,5,0.13519219778315292,0.052467539472870355,0.2149087379131812,0.18045926922576025,3
UD_English-EWT,0,0.0,2,6,1.7669142886100573,0.6162146571121512,2.030490901952233,0.21736419630934142,3
UD_English-EWT,0,0.0,2,7,2.0561662463705397,0.7032964117581049,2.1812206939921355,0.06641705935474872,3
UD_English-EWT,0,0.0,2,8,0.8857743031665927,0.31459046667573637,1.0407379637650453,0.19684584157368365,3
UD_English-EWT,0,0.0,2,9,0.8591547092127669,0.30289963414943893,1.0593988222014057,0.20733848572937683,3
UD_English-EWT,0,0.0,2,10,1.618439669736096,0.5736242230145844,1.7599071291952189,0.0688781358729132,3
UD_English-EWT,0,0.0,2,11,1.140635325364728,0.3786474562501038,2.1237783812271442,0.721265961034376,3
UD_English-EWT,0,0.0,3,0,1.1129791488250096,0.38947427809493634,2.4648136245748384,0.7567887589579723,3
UD_English-EWT,0,0.0,3,1,1.8628298948045636,0.655944960888905,1.7665686249081556,0.2260931966281776,3
UD_English-EWT,0,0.0,3,2,0.6192964047112101,0.22371169921503561,0.6132686177645225,0.08313420698901669,3
UD_English-EWT,0,0.0,3,3,0.5171798533592068,0.1827159547006585,1.2744942546053661,0.8462602915496774,3
UD_English-EWT,0,0.0,3,4,0.9236664505767042,0.3033504459820719,2.676106241394262,0.7959625845154127,3
UD_English-EWT,0,0.0,3,5,0.19456917869914425,0.07337125896693313,2.597238558889087,0.9280770777678881,3
UD_English-EWT,0,0.0,3,6,1.2666461662353714,0.45148177345037827,1.2520444871135097,0.20755117013032645,3
UD_English-EWT,0,0.0,3,7,1.1296169112126033,0.39961602802473123,1.028014049178264,0.22291462834863393,3
UD_English-EWT,0,0.0,3,8,1.040080625747071,0.3634512097857409,1.1019957920566934,0.3216781006881692,3
UD_English-EWT,0,0.0,3,9,1.3014125090316344,0.44135447643771314,1.7290154775309432,0.5121064609517165,3
UD_English-EWT,0,0.0,3,10,1.675372990469138,0.5765217120191622,1.8533523250473,0.2783452892851573,3
UD_English-EWT,0,0.0,3,11,1.1137068721521748,0.38144903456717055,1.48747177609329,0.4833144125391226,3
UD_English-EWT,0,0.0,4,0,0.2583096664744974,0.09528941482375926,1.406804134122661,0.915745342608358,3
UD_English-EWT,0,0.0,4,1,1.2097164417713717,0.42189927070857286,1.2849466540122945,0.32943302591947093,3
UD_English-EWT,0,0.0,4,2,0.5264409574084594,0.17878299670045508,2.6489226381635405,0.8766589435886164,3
UD_English-EWT,0,0.0,4,3,0.25041395317905585,0.09342915257160218,1.6253198620562996,0.9149083870519054,3
UD_English-EWT,0,0.0,4,4,1.1132465592010425,0.4003421013174338,2.2271223665912294,0.7217736021905649,3
UD_English-EWT,0,0.0,4,5,0.30573971962423924,0.11244772726140882,1.3140834750699215,0.9024556256382844,3
UD_English-EWT,0,0.0,4,6,0.4597517152627309,0.1574262134786982,2.0424575731565393,0.8777038066602144,3
UD_English-EWT,0,0.0,4,7,2.012223546296521,0.7147910906423984,2.0530144127665975,0.17486497264131495,3
UD_English-EWT,0,0.0,4,8,0.6363314416239171,0.21913834184765615,2.4962021135241605,0.853869971844668,3
UD_English-EWT,0,0.0,4,9,0.2226880677655095,0.08220358978701908,1.7872440079685117,0.9230529199369618,3
UD_English-EWT,0,0.0,4,10,0.6347982789812192,0.2167433421163366,2.548255456112773,0.854839014388173,3
UD_English-EWT,0,0.0,4,11,0.463961835217769,0.16734455688215136,0.46159301315500434,0.07143608403336155,3
UD_English-EWT,0,0.0,5,0,0.901145306156307,0.31959860637784343,0.7970999546471189,0.14114824663771347,3
UD_English-EWT,0,0.0,5,1,0.30944572462410225,0.10540842007020035,0.7845815840212862,0.8181406007926973,3
UD_English-EWT,0,0.0,5,2,0.3430318931534968,0.11632542103323162,1.4469017197525567,0.8865747752248264,3
UD_English-EWT,0,0.0,5,3,1.9197489387594937,0.6621014102692205,2.0933782606502698,0.3304432115716035,3
UD_English-EWT,0,0.0,5,4,0.3765808267752981,0.12748459586704183,1.2414098965828535,0.8744095124182154,3
UD_English-EWT,0,0.0,5,5,0.6858157372214103,0.2380918043444643,2.289029289871617,0.727517144520426,3
UD_English-EWT,0,0.0,5,6,0.528610520227685,0.1963354220675589,1.2806227731574429,0.7902073820269173,3
UD_English-EWT,0,0.0,5,7,0.19030780626125024,0.07174971641558617,1.9570502448277398,0.9268094217353832,3
UD_English-EWT,0,0.0,5,8,0.21619479439623368,0.0793429833296877,1.7515516717577242,0.9231941801765577,3
UD_English-EWT,0,0.0,5,9,1.219348131144633,0.42033899713509243,2.5692676004490567,0.7115229347853061,3
UD_English-EWT,0,0.0,5,10,1.8095300020904486,0.6235318404213748,2.386406275581141,0.4944802010482778,3
UD_English-EWT,0,0.0,5,11,0.8869316630024727,0.3133218467028281,2.4122701155357675,0.7921618162934246,3
UD_English-EWT,0,0.0,6,0,0.4477828429207776,0.14853885541607784,1.2391201465344819,0.851208549746073,3
UD_English-EWT,0,0.0,6,1,0.47952713373580264,0.16393623267390087,1.197210171427883,0.8490468776616894,3
UD_English-EWT,0,0.0,6,2,0.7495951298726061,0.2581753401916029,2.4047977474869273,0.8255649336863086,3
UD_English-EWT,0,0.0,6,3,0.3137410874656641,0.10950355536229173,2.05116858720128,0.9070527013696608,3
UD_English-EWT,0,0.0,6,4,1.6762146171732024,0.5723318631848797,2.4305805814722197,0.5685369840166608,3
UD_English-EWT,0,0.0,6,5,1.1679313338356592,0.39475395657887496,2.0337656267353745,0.6820706722677731,3
UD_English-EWT,0,0.0,6,6,1.297001290353921,0.44848597528360123,2.4414061228108537,0.6945456123091484,3
UD_English-EWT,0,0.0,6,7,0.28260317766438414,0.10072444122888806,1.8313243208361454,0.9115628056187447,3
UD_English-EWT,0,0.0,6,8,0.7175000653159423,0.2542387951165097,1.1553512318212478,0.6975967231832567,3
UD_English-EWT,0,0.0,6,9,1.89690226739873,0.6745963305274647,2.1249285534919937,0.39876027148766596,3
UD_English-EWT,0,0.0,6,10,0.48865951377837386,0.1624132347472252,1.540683201753377,0.8519287040976228,3
UD_English-EWT,0,0.0,6,11,0.25680875057568314,0.09210627714580621,1.478397614887503,0.9140084295487795,3
UD_English-EWT,0,0.0,7,0,0.8368850828357082,0.2876060691788725,1.1362022762822974,0.6728006664439629,3
UD_English-EWT,0,0.0,7,1,1.1731604021755073,0.4146141683512609,2.464049384567907,0.726326609244112,3
UD_English-EWT,0,0.0,7,2,0.505634944173482,0.17718003402538018,2.0863085320738497,0.8799978848037823,3
UD_English-EWT,0,0.0,7,3,0.39365828977745093,0.13375255755835166,1.880909291447186,0.889878885586405,3
UD_English-EWT,0,0.0,7,4,0.3559092491702304,0.12404768818831362,1.8100104496452978,0.9016179610959819,3
UD_English-EWT,0,0.0,7,5,0.3765161442137807,0.13044308122981138,1.9692512037324124,0.8966554240450831,3
UD_English-EWT,0,0.0,7,6,0.7021965804240091,0.24903525479567903,2.5174076861696815,0.8441893310983324,3
UD_English-EWT,0,0.0,7,7,0.5539998149020913,0.17887143388109164,1.0829896479845047,0.7587783975435084,3
UD_English-EWT,0,0.0,7,8,0.3362392852785157,0.12015810478460158,1.9468136504699622,0.9065260473496276,3
UD_English-EWT,0,0.0,7,9,0.3436921758200627,0.11804593720955847,1.6917385978451192,0.8974010819782977,3
UD_English-EWT,0,0.0,7,10,0.6162199287629518,0.21532195288928943,2.297314045940592,0.8551706754770435,3
UD_English-EWT,0,0.0,7,11,1.5582253047840193,0.5384884989322904,2.522928055518312,0.6335569307045207,3
UD_English-EWT,0,0.0,8,0,1.285691395727663,0.4298770749868703,2.4532544660112245,0.6916075499087083,3
UD_English-EWT,0,0.0,8,1,1.1260737337151674,0.3821881232888788,1.0549661467879847,0.3405077412134148,3
UD_English-EWT,0,0.0,8,2,1.4935192379469429,0.5221520808863785,2.352566024970487,0.6283879908707624,3
UD_English-EWT,0,0.0,8,3,0.6587994932884076,0.21603153157333446,1.3205968889056658,0.758215893324607,3
UD_English-EWT,0,0.0,8,4,0.5275983644924203,0.1789265536561667,1.8551424236896912,0.8568236001365171,3
UD_English-EWT,0,0.0,8,5,0.6981046266059895,0.2217202842347478,1.512611732497567,0.7387924148736755,3
UD_English-EWT,0,0.0,8,6,0.7859920875622275,0.2666542025635408,0.7847138462903721,0.12853112933353159,3
UD_English-EWT,0,0.0,8,7,1.2655608041690347,0.43344538420573103,1.27047428908081,0.43059590320443847,3
UD_English-EWT,0,0.0,8,8,0.686640552097494,0.22716421032247255,1.629849450184348,0.7724951153895893,3
UD_English-EWT,0,0.0,8,9,0.6083037180653035,0.20088827966708847,1.6867132398600135,0.8201379920941233,3
UD_English-EWT,0,0.0,8,10,0.7256267658674002,0.23974477305455758,2.310058410701856,0.8240269374489134,3
UD_English-EWT,0,0.0,8,11,0.8528183921153754,0.2965887356135673,2.1682299399962193,0.7800461228102282,3
UD_English-EWT,0,0.0,9,0,1.0266687784527169,0.3598221862844157,2.3178973894953074,0.7235617237827165,3
UD_English-EWT,0,0.0,9,1,1.1844367696776417,0.42910833848958657,2.46234883066735,0.7215013933963462,3
UD_English-EWT,0,0.0,9,2,1.2254254275658092,0.44318244020594344,2.296548160210333,0.6846797562362067,3
UD_English-EWT,0,0.0,9,3,1.3374745341570022,0.44462697872810986,1.6328812807472677,0.4412324093282223,3
UD_English-EWT,0,0.0,9,4,1.862023450149213,0.6635565404012226,2.3077792971512006,0.4688660805749763,3
UD_English-EWT,0,0.0,9,5,0.4831362666735232,0.17107940981117253,2.480919924101543,0.8902535237412635,3
UD_English-EWT,0,0.0,9,6,0.300935334907692,0.10725320331615092,2.374908476253676,0.9318434781715518,3
UD_English-EWT,0,0.0,9,7,0.9481856527794253,0.33319249782021865,2.3158364421357223,0.772605764898446,3
UD_English-EWT,0,0.0,9,8,0.6918865449604441,0.2319581329231293,1.7521445041145782,0.7891428414019731,3
UD_English-EWT,0,0.0,9,9,0.2410764049718289,0.08631201597453843,2.1587847847430433,0.9589352423701781,3
UD_English-EWT,0,0.0,9,10,0.8199852703576856,0.2838448369066925,1.3674402625752926,0.6186346321320925,3
UD_English-EWT,0,0.0,9,11,2.0803664694718322,0.7282085960642725,2.3371221392206807,0.36021094235891854,3
UD_English-EWT,0,0.0,10,0,0.7613003025126588,0.27160635858782306,1.7169867530057992,0.7920721985114728,3
UD_English-EWT,0,0.0,10,1,0.30913052530806573,0.10811990202068887,2.112815756941102,0.9438883483084174,3
UD_English-EWT,0,0.0,10,2,2.0797828558038494,0.7384295683041585,1.9840485596917368,0.18740229836354652,3
UD_English-EWT,0,0.0,10,3,1.3467090641214547,0.49287345229428553,1.935868214388363,0.6184345778953182,3
UD_English-EWT,0,0.0,10,4,2.3290465697239005,0.8211593225055388,2.2984247955142476,0.11312208694655224,3
UD_English-EWT,0,0.0,10,5,1.3177208721948166,0.4372067998311225,2.028232063344919,0.5740146374971163,3
UD_English-EWT,0,0.0,10,6,0.7423958438016026,0.2698353934686774,2.068186330339296,0.834995169701472,3
UD_English-EWT,0,0.0,10,7,0.3953367435256314,0.13292015489772352,2.184372694765935,0.9019586098650114,3
UD_English-EWT,0,0.0,10,8,2.3129302488812984,0.8056804526101723,2.2903984304660003,0.1605464866883605,3
UD_English-EWT,0,0.0,10,9,2.0677555356520774,0.7089220998093707,2.0413400612242234,0.13389372147741865,3
UD_English-EWT,0,0.0,10,10,0.34983453028351885,0.12755441863166334,1.983889826822802,0.9042142224116404,3
UD_English-EWT,0,0.0,10,11,2.3655404612991977,0.8355745471029121,2.3912324092752946,0.14625958559902313,3
UD_English-EWT,0,0.0,11,0,2.0965359528533747,0.7272276359431026,2.42038536983761,0.38365414025150035,3
UD_English-EWT,0,0.0,11,1,1.4386009182272061,0.5088895318576238,2.3774458044539384,0.6005067719869275,3
UD_English-EWT,0,0.0,11,2,1.0617965124343913,0.3661566016948454,1.3339043646399442,0.5883758246410088,3
UD_English-EWT,0,0.0,11,3,2.179494147417975,0.7658625512825795,2.39484558307408,0.2698782780843843,3
UD_English-EWT,0,0.0,11,4,1.9797789205293188,0.7027204236469519,2.4412615848043577,0.4157374146613267,3
UD_English-EWT,0,0.0,11,5,1.754642086276591,0.6181613977948051,2.458996954755705,0.48574220323986045,3
UD_English-EWT,0,0.0,11,6,0.5704868213970804,0.19837062982287648,2.0940370496179237,0.824825369188043,3
UD_English-EWT,0,0.0,11,7,1.1612236175706478,0.41600392909683137,2.469757849075755,0.6846315149482484,3
UD_English-EWT,0,0.0,11,8,2.3387019288181605,0.81026220486488,2.4839408024738394,0.07243780488697965,3
UD_English-EWT,0,0.0,11,9,0.7307034094965523,0.2495000528518386,1.9158271021041713,0.7768173944917532,3
UD_English-EWT,0,0.0,11,10,1.0390817619086614,0.3649796998348233,2.3413076126347474,0.6924113704125738,3
UD_English-EWT,0,0.0,11,11,1.1672265385506584,0.40881222204209094,2.4141381031177085,0.6910337028119082,3
UD_English-EWT,8,0.125,0,0,0.8944135659216532,0.30936083069629877,1.831629840606223,0.73786973001907,3
UD_English-EWT,8,0.125,0,1,2.2643692228257764,0.79313109578601,2.3882350987043974,0.06932475958748946,3
UD_English-EWT,8,0.125,0,2,1.1849752713150883,0.4115218727646934,1.7909104826644686,0.5977860814357391,3
UD_English-EWT,8,0.125,0,3,0.45491867593891633,0.16638200114147272,0.3937811187259812,0.027575041855539523,3
UD_English-EWT,8,0.125,0,4,1.3089899830316585,0.4518460508405524,2.2272509970517325,0.6404268936422027,3
UD_English-EWT,8,0.125,0,5,2.2374344462145435,0.7791840887634919,2.454729077594528,0.18159165918972944,3
UD_English-EWT,8,0.125,0,6,2.442915582157441,0.8561859103395463,2.494506086238095,0.09096351515023354,3
UD_English-EWT,8,0.125,0,7,1.6790052915368576,0.5882558419965398,2.0046639437829645,0.41613643599473926,3
UD_English-EWT,8,0.125,0,8,1.994991932708926,0.6948139430867548,2.2935686636655057,0.4040162527326406,3
UD_English-EWT,8,0.125,0,9,2.6170256435871124,0.9202493910760582,2.7118516393372274,0.2501140587194695,3
UD_English-EWT,8,0.125,0,10,2.5951680695207178,0.9162485025196246,2.5545007129401673,0.10305977266880673,3
UD_English-EWT,8,0.125,0,11,2.4902750473530566,0.8856075229002074,2.4105335472928586,0.06308000184636299,3
UD_English-EWT,8,0.125,1,0,1.0112483940869297,0.36508406116083597,1.0349480604756292,0.1208441894822067,3
UD_English-EWT,8,0.125,1,1,0.777462080175325,0.2825113456123534,0.7961275825355005,0.17835530687042112,3
UD_English-EWT,8,0.125,1,2,2.2603631522811827,0.7870435721662381,2.64859440005325,0.3413561457778261,3
UD_English-EWT,8,0.125,1,3,2.333750372810225,0.8246446487528396,2.3500472129694097,0.19012942758197124,3
UD_English-EWT,8,0.125,1,4,1.9906003221136626,0.7136158102366169,1.9836811354902926,0.15175764502631753,3
UD_English-EWT,8,0.125,1,5,2.4188889311202453,0.8580111373338338,2.4824331402235775,0.23578917784599387,3
UD_English-EWT,8,0.125,1,6,1.752404766547441,0.6355058444911816,2.5023745880860884,0.4963227977436748,3
UD_English-EWT,8,0.125,1,7,2.426590153862653,0.8631881609510251,2.4331570673184317,0.18517222126202829,3
UD_English-EWT,8,0.125,1,8,2.5678113909584144,0.9076523233196339,2.522969787889491,0.08870136443498411,3
UD_English-EWT,8,0.125,1,9,2.6288614512466992,0.9330139575889577,2.6151837587682274,0.17193187815637645,3
UD_English-EWT,8,0.125,1,10,2.2604228945920593,0.8143105033743224,2.521586541323931,0.3000615917041029,3
UD_English-EWT,8,0.125,1,11,2.218406157306852,0.7769780984784864,2.25381583415094,0.09361873090162005,3
UD_English-EWT,8,0.125,2,0,1.1979044967607504,0.43094813008745286,1.1601585283576898,0.051763286199732396,3
UD_English-EWT,8,0.125,2,1,0.26104953655725405,0.09197407933713318,2.4050217076511764,0.9126833782061419,3
UD_English-EWT,8,0.125,2,2,0.19330979368983614,0.07520483090134372,0.19325302712592163,6.906282411817072e-06,3
UD_English-EWT,8,0.125,2,3,0.5009472815011151,0.17856329240920696,0.6219986773593069,0.14060564807621265,3
UD_English-EWT,8,0.125,2,4,0.9068606326217425,0.3240291116549996,1.0077589809188863,0.06022535036368896,3
UD_English-EWT,8,0.125,2,5,0.14588060363777702,0.05564519454650881,0.19102042280001827,0.14790762393720083,3
UD_English-EWT,8,0.125,2,6,1.7263989987051984,0.6034625080191044,1.9673663317777201,0.2071624278364014,3
UD_English-EWT,8,0.125,2,7,2.0220411382683423,0.6924698118536111,2.138202548651313,0.06686168529503794,3
UD_English-EWT,8,0.125,2,8,0.877027118995867,0.3115415413731663,1.0291888756178766,0.1934962469646758,3
UD_English-EWT,8,0.125,2,9,0.8671161289070691,0.30578457850516344,1.0613003096836728,0.2062470732894616,3
UD_English-EWT,8,0.125,2,10,1.4829039358701863,0.5246577484633067,1.6172098434362254,0.06887813109331145,3
UD_English-EWT,8,0.125,2,11,0.8675971922544399,0.2915629860871656,2.1120048541243173,0.7891434693678482,3
UD_English-EWT,8,0.125,3,0,1.1674344211626793,0.40553100139930387,2.3034673084272494,0.6725378884290953,3
UD_English-EWT,8,0.125,3,1,1.8484734703798544,0.6501223812400737,1.7952297794308603,0.23353060593197497,3
UD_English-EWT,8,0.125,3,2,0.45175110905317545,0.16531010204746152,0.4457193089238553,0.08198591747032218,3
UD_English-EWT,8,0.125,3,3,0.5640999430244303,0.1994490461103391,1.146382527246067,0.8026537905516737,3
UD_English-EWT,8,0.125,3,4,1.2259142040012094,0.40757714923748023,2.6071672459660546,0.7098968398090594,3
UD_English-EWT,8,0.125,3,5,0.39926311463280456,0.1358452144729924,2.3550995207766583,0.8823152671556221,3
UD_English-EWT,8,0.125,3,6,1.2600132429290338,0.44841559395021663,1.2456813590339841,0.21242450070202704,3
UD_English-EWT,8,0.125,3,7,1.0877335177351108,0.3840516410127042,1.0059238905816563,0.25804339169282026,3
UD_English-EWT,8,0.125,3,8,1.0661219357697798,0.37228163041980933,1.131650723883363,0.32190536216617255,3
UD_English-EWT,8,0.125,3,9,1.320873735672735,0.44828508154930313,1.7202716734402816,0.47570037152041394,3
UD_English-EWT,8,0.125,3,10,1.73654930327488,0.6001097201972846,1.860695020748618,0.2214075040234633,3
UD_English-EWT,8,0.125,3,11,1.1619964278487995,0.3995482827193286,1.448427649795032,0.40850655331983754,3
UD_English-EWT,8,0.125,4,0,0.376451912751669,0.13314626536613558,1.3508391308382777,0.877063524229062,3
UD_English-EWT,8,0.125,4,1,1.2278560771859626,0.4290245173064695,1.290279660095717,0.3129130736822924,3
UD_English-EWT,8,0.125,4,2,0.8010918200558869,0.2689780063884712,2.4986189271582933,0.8096390802596436,3
UD_English-EWT,8,0.125,4,3,0.37709998393020777,0.1326600888992768,1.5840270577612687,0.8791584089425526,3
UD_English-EWT,8,0.125,4,4,1.208905163100617,0.4325704610119683,1.9894516804070639,0.5917621618967999,3
UD_English-EWT,8,0.125,4,5,0.4940012460184336,0.17414540094028133,1.2479034916027865,0.8357328774309115,3
UD_English-EWT,8,0.125,4,6,0.7098018290010198,0.2389124228398877,2.0412580369545896,0.8120147180633249,3
UD_English-EWT,8,0.125,4,7,1.7932797949659367,0.6388453905085058,1.7957285503926392,0.1902476878555149,3
UD_English-EWT,8,0.125,4,8,0.8363237764638848,0.28430249025156556,2.339356526515306,0.7977239808206784,3
UD_English-EWT,8,0.125,4,9,0.29731541835382336,0.10486093617367,1.7911960272786829,0.9077874102336244,3
UD_English-EWT,8,0.125,4,10,0.5746565103083034,0.19676201111730696,2.4179393635801496,0.8631777068250601,3
UD_English-EWT,8,0.125,4,11,0.34317363765368913,0.12592619028410998,0.34068908562412137,0.07112236790118552,3
UD_English-EWT,8,0.125,5,0,0.7086533582845673,0.2544066746951174,0.6356338528688923,0.12782445225127193,3
UD_English-EWT,8,0.125,5,1,0.35539459720854466,0.12212423790226412,0.5336863049674943,0.697298313275604,3
UD_English-EWT,8,0.125,5,2,0.46662542861776063,0.15523103092547075,1.4237830872852728,0.8456441237572547,3
UD_English-EWT,8,0.125,5,3,1.8752094208244199,0.6464244741916616,2.0686194307165717,0.3172286380547182,3
UD_English-EWT,8,0.125,5,4,0.5163981474678155,0.1736251552259994,1.1887123148298002,0.8183511820077246,3
UD_English-EWT,8,0.125,5,5,0.8639235164434097,0.3013023877284759,1.9352495344338738,0.6265479109380632,3
UD_English-EWT,8,0.125,5,6,0.5921082420508719,0.21725661090546425,0.9300656326467983,0.6625713427535823,3
UD_English-EWT,8,0.125,5,7,0.2614220467095818,0.09313531253076353,1.8672482707352804,0.912406941499215,3
UD_English-EWT,8,0.125,5,8,0.2792654804043974,0.09895405129382893,1.7351363430746265,0.9101480012980098,3
UD_English-EWT,8,0.125,5,9,1.517902104078855,0.5222037561451708,2.5044560352635514,0.6114294522243445,3
UD_English-EWT,8,0.125,5,10,1.9436899151225557,0.6693225277762114,2.3086291386564355,0.3999007293031651,3
UD_English-EWT,8,0.125,5,11,0.9278729064949874,0.3257056718045696,2.1908743618453137,0.7671482759258135,3
UD_English-EWT,8,0.125,6,0,0.6317850996711324,0.21160281233527342,1.162258850420759,0.7671420025165941,3
UD_English-EWT,8,0.125,6,1,0.5726241055122816,0.19774147720170887,1.0646925234186628,0.7743256761130958,3
UD_English-EWT,8,0.125,6,2,0.8813878789625532,0.3014016862221541,2.346900922271723,0.7902699470357165,3
UD_English-EWT,8,0.125,6,3,0.4268648068680138,0.1455728469105357,2.0053910323722333,0.8820008548936774,3
UD_English-EWT,8,0.125,6,4,1.697961041510431,0.5794823645742598,2.3498225284295873,0.5433624244832819,3
UD_English-EWT,8,0.125,6,5,1.283449165943759,0.4372002622444007,1.935729136313897,0.6170987341491903,3
UD_English-EWT,8,0.125,6,6,1.083116513756672,0.37699896235503766,2.252958920049754,0.7368251148523095,3
UD_English-EWT,8,0.125,6,7,0.4001791761587552,0.13818277376035235,1.8295782139229644,0.8841694011225726,3
UD_English-EWT,8,0.125,6,8,0.7245474789149123,0.25813019364054446,0.8786952360948795,0.565820661755126,3
UD_English-EWT,8,0.125,6,9,1.1860328033050769,0.4331352467825753,1.4218019986684638,0.43182680712934784,3
UD_English-EWT,8,0.125,6,10,0.6491045558482463,0.21542143655806956,1.5506029321739148,0.8008809038497278,3
UD_English-EWT,8,0.125,6,11,0.38511054558452146,0.1324697766650079,1.4657589487310752,0.8785250786223698,3
UD_English-EWT,8,0.125,7,0,0.7637095453526369,0.2655414546474038,0.8803074115341044,0.6711101285936837,3
UD_English-EWT,8,0.125,7,1,1.242352066904252,0.4339706319116612,2.2058331815488565,0.6748943090615268,3
UD_English-EWT,8,0.125,7,2,0.7221723052186176,0.25195735111458345,1.6741208563845449,0.7872516045750598,3
UD_English-EWT,8,0.125,7,3,0.642745678928869,0.21620927397714398,1.842303356023434,0.8205191216182187,3
UD_English-EWT,8,0.125,7,4,0.3719749554299592,0.12983046147956825,1.76744202001933,0.897643302579178,3
UD_English-EWT,8,0.125,7,5,0.4190587488313516,0.1439670884073879,1.9784921583039299,0.8872699762519809,3
UD_English-EWT,8,0.125,7,6,0.7314936825513622,0.2547930430044466,2.419796809364103,0.8343076395966751,3
UD_English-EWT,8,0.125,7,7,0.5731245161234342,0.18782840990305705,0.9429736060645085,0.7343870439517476,3
UD_English-EWT,8,0.125,7,8,0.3777464261458328,0.13375226230202764,1.8564942608874135,0.8957403982651907,3
UD_English-EWT,8,0.125,7,9,0.44409830653819443,0.14988862970607594,1.6846690651280414,0.8724366360511936,3
UD_English-EWT,8,0.125,7,10,0.7660663405294192,0.26676170356963236,1.8120152233999718,0.7700428697119429,3
UD_English-EWT,8,0.125,7,11,1.6974979501170104,0.5905075037269859,2.2150107493491773,0.4996414642699592,3
UD_English-EWT,8,0.125,8,0,1.3518435617667948,0.45621962512948616,2.275203227616833,0.6482340627110722,3
UD_English-EWT,8,0.125,8,1,0.8747412958835508,0.2981372011337733,0.804617148384669,0.3682418204911854,3
UD_English-EWT,8,0.125,8,2,1.583529022954852,0.5501972189281316,2.238880681942721,0.5713747040638344,3
UD_English-EWT,8,0.125,8,3,0.7540127889461856,0.25066671799525525,1.1908368583368256,0.6851756569805584,3
UD_English-EWT,8,0.125,8,4,0.7637050076708443,0.2569997941276565,1.780346202611489,0.7761004312008022,3
UD_English-EWT,8,0.125,8,5,0.8549783354564036,0.27779817876967877,1.4539651096491433,0.6679142258029925,3
UD_English-EWT,8,0.125,8,6,0.5307635373053377,0.18208200467879596,0.5182446408151155,0.13742705536217134,3
UD_English-EWT,8,0.125,8,7,1.0568700050748545,0.3659500151928372,0.9915347429355421,0.36849976979698207,3
UD_English-EWT,8,0.125,8,8,0.7049870372958522,0.23435571006638659,1.6018079475572635,0.7701890401012911,3
UD_English-EWT,8,0.125,8,9,0.732157660163057,0.24397811131756128,1.6802958085020165,0.7812113278224819,3
UD_English-EWT,8,0.125,8,10,0.9766505158053396,0.3290312152300266,2.204099038015298,0.7498540497488446,3
UD_English-EWT,8,0.125,8,11,0.8580139018527363,0.30062587930444973,2.0518431985421692,0.7654854549681988,3
UD_English-EWT,8,0.125,9,0,1.201079411747677,0.4202106570143688,1.8713292407316373,0.6254797640081855,3
UD_English-EWT,8,0.125,9,1,1.3048001293819025,0.4681323197655581,1.8045529379409302,0.5089984945121657,3
UD_English-EWT,8,0.125,9,2,1.2953342993782735,0.45969777805368306,1.9864196753729886,0.6235123446825316,3
UD_English-EWT,8,0.125,9,3,1.0872019622151532,0.3608511267464991,1.4968945837574577,0.5516735637977801,3
UD_English-EWT,8,0.125,9,4,1.6363091905803193,0.5861056228688316,1.8723440191459135,0.36953810771048506,3
UD_English-EWT,8,0.125,9,5,0.5729753702661813,0.1998282783063209,2.3373720992241185,0.8689618191269578,3
UD_English-EWT,8,0.125,9,6,0.33550952105547127,0.11763840191545157,1.8552447300411095,0.9081715193385418,3
UD_English-EWT,8,0.125,9,7,0.9713458824760276,0.3404695596284519,2.198240768225467,0.7566906004628414,3
UD_English-EWT,8,0.125,9,8,0.717994828530348,0.24211912362833046,1.6372655484221454,0.7820440635682239,3
UD_English-EWT,8,0.125,9,9,0.6922953467619332,0.23658532013855613,1.7561580558020777,0.8045319103600224,3
UD_English-EWT,8,0.125,9,10,0.6348406919286687,0.2200976791230276,0.9670059746368797,0.6416763639135222,3
UD_English-EWT,8,0.125,9,11,1.7402102284961278,0.6154206899361865,1.9916781139015498,0.3912042871199019,3
UD_English-EWT,8,0.125,10,0,0.8356355830267045,0.29224893568065347,1.481498765055165,0.7165369383230779,3
UD_English-EWT,8,0.125,10,1,0.5838384093692991,0.1999530382853426,1.4134142690716491,0.7466715446932882,3
UD_English-EWT,8,0.125,10,2,1.6822890915071593,0.6044242901472517,1.6862036603586052,0.29454539051086037,3
UD_English-EWT,8,0.125,10,3,1.3876849837831895,0.49736179259669927,1.6849412120715843,0.5136024773779083,3
UD_English-EWT,8,0.125,10,4,2.1428952916018082,0.7567097824464685,2.087929887524068,0.1137850985044651,3
UD_English-EWT,8,0.125,10,5,1.2987273978907021,0.4310889084746774,1.8982105688047757,0.5432426429477492,3
UD_English-EWT,8,0.125,10,6,0.9748057031661327,0.34131451463608214,1.7025070443803711,0.6880368091003165,3
UD_English-EWT,8,0.125,10,7,0.4792687962059006,0.1595562324425087,2.033125245587422,0.8701516834981672,3
UD_English-EWT,8,0.125,10,8,1.6835113660396772,0.5954864082712484,1.7186247123259448,0.2656809950098124,3
UD_English-EWT,8,0.125,10,9,1.57289377593169,0.5455722217642129,1.5669262878230361,0.19651670808070942,3
UD_English-EWT,8,0.125,10,10,0.5812720767000116,0.20408561195172678,1.6189445032176641,0.8159788216859482,3
UD_English-EWT,8,0.125,10,11,1.9932291295196187,0.708703600387206,1.9623761548913459,0.12627476540297433,3
UD_English-EWT,8,0.125,11,0,2.0571110965124246,0.7185156618716033,2.2256291439190155,0.3148001908852239,3
UD_English-EWT,8,0.125,11,1,1.6232546107175139,0.5709604904601416,1.9393241821579597,0.3780771447235349,3
UD_English-EWT,8,0.125,11,2,1.0523879643129304,0.3649847752714668,1.3589890407286382,0.5588620721662794,3
UD_English-EWT,8,0.125,11,3,1.99612887058821,0.7011907996547252,2.0397085037170646,0.19338008918407593,3
UD_English-EWT,8,0.125,11,4,1.8961927039321438,0.6721041558482296,2.04391858418674,0.28936245311594455,3
UD_English-EWT,8,0.125,11,5,1.5526790517672406,0.5503862228508641,1.7473718942192218,0.2739585453140459,3
UD_English-EWT,8,0.125,11,6,0.9892404659876841,0.34202230125898136,1.7624861682699027,0.6347419800718598,3
UD_English-EWT,8,0.125,11,7,1.437779362576391,0.508125293610778,1.8729237093130475,0.39830704401185707,3
UD_English-EWT,8,0.125,11,8,1.7279563563008995,0.6052073487807922,1.8594886931592434,0.07421200532120108,3
UD_English-EWT,8,0.125,11,9,1.0015952885218766,0.3465800154193479,1.5040052867000873,0.5341297100617878,3
UD_English-EWT,8,0.125,11,10,1.3836068794036283,0.48223393141333043,1.800431504234916,0.36147750202155643,3
UD_English-EWT,8,0.125,11,11,1.492862049727709,0.5202556757180793,2.07100422932802,0.47622730603987834,3
UD_English-EWT,16,0.25,0,0,1.1736730816884335,0.40079153392301353,1.6589726515942151,0.6304204958289156,3
UD_English-EWT,16,0.25,0,1,2.0183180634115563,0.7092157862314887,2.1238758296643017,0.06964724800695338,3
UD_English-EWT,16,0.25,0,2,1.4689044696982876,0.5072191716273647,1.637197134436154,0.4683834925321065,3
UD_English-EWT,16,0.25,0,3,0.4347774001052145,0.15922693964832368,0.37820719897014193,0.030097696651960767,3
UD_English-EWT,16,0.25,0,4,1.4890694249496,0.5142688570994074,2.081044913451094,0.5493281936859932,3
UD_English-EWT,16,0.25,0,5,2.046630785439184,0.7152714668426853,2.2275203434658835,0.17927025866445379,3
UD_English-EWT,16,0.25,0,6,2.3111463655702402,0.8113439885330723,2.3358635826948997,0.11108925872870834,3
UD_English-EWT,16,0.25,0,7,1.7106404702140117,0.6014466559634278,1.9688305316021317,0.373910038944042,3
UD_English-EWT,16,0.25,0,8,1.9975441834857122,0.6984152975626238,2.1126746575200492,0.33508547198007016,3
UD_English-EWT,16,0.25,0,9,2.6008413275517186,0.9151295202091023,2.6833188912690447,0.2438898643492322,3
UD_English-EWT,16,0.25,0,10,2.5179944855376455,0.8886042639927063,2.4718982259758184,0.10358894249434518,3
UD_English-EWT,16,0.25,0,11,2.48672047870841,0.8840932040008077,2.4063255821637988,0.06490434785093603,3
UD_English-EWT,16,0.25,1,0,1.004376000149654,0.36252647350897643,1.033281193079193,0.11176237343167565,3
UD_English-EWT,16,0.25,1,1,0.7490113701379583,0.2733277647781423,0.7688756952628846,0.16590024509852266,3
UD_English-EWT,16,0.25,1,2,2.2670554215519374,0.7881100142933404,2.625571951731524,0.3202141412247128,3
UD_English-EWT,16,0.25,1,3,2.3912430628184196,0.842935864958721,2.390219495813269,0.161667508183417,3
UD_English-EWT,16,0.25,1,4,1.9906962938430315,0.7144708888054835,1.9697544094860444,0.123132035068791,3
UD_English-EWT,16,0.25,1,5,2.4268444732564394,0.8586511435544502,2.441217464311744,0.1923850836191591,3
UD_English-EWT,16,0.25,1,6,1.8992253611973726,0.6796117261991208,2.45949919709091,0.4293926877863637,3
UD_English-EWT,16,0.25,1,7,2.4761182552912633,0.8757801249482652,2.4609065015133615,0.16406588935936192,3
UD_English-EWT,16,0.25,1,8,2.565556083600595,0.9063025568885615,2.519236652740364,0.08116076024947265,3
UD_English-EWT,16,0.25,1,9,2.5902169504235135,0.919865425824209,2.5728456213500333,0.16894588037945316,3
UD_English-EWT,16,0.25,1,10,2.1946636521425407,0.7918275397329748,2.4757646483476043,0.3090608925312649,3
UD_English-EWT,16,0.25,1,11,1.9991037912110379,0.7024173685969867,2.030703775299703,0.0922770252547147,3
UD_English-EWT,16,0.25,2,0,1.1931099232374427,0.428414252895922,1.1546991025869529,0.060824275460392783,3
UD_English-EWT,16,0.25,2,1,0.2889770419016236,0.09900773004835456,2.252984811943737,0.9035279785430497,3
UD_English-EWT,16,0.25,2,2,0.1898996680245509,0.07325831579255576,0.1898219025844813,1.0273303619332294e-05,3
UD_English-EWT,16,0.25,2,3,0.48925952488498825,0.17465181549623673,0.6084829957948791,0.14134870558885523,3
UD_English-EWT,16,0.25,2,4,0.9043329001314436,0.3231489903832196,1.0020734223457417,0.06022670773835089,3
UD_English-EWT,16,0.25,2,5,0.1443093704084742,0.05391153680940328,0.17310854941199386,0.13123339087573407,3
UD_English-EWT,16,0.25,2,6,1.6832551439114607,0.5897605680223188,1.9063103665853893,0.19995001111966718,3
UD_English-EWT,16,0.25,2,7,1.9815078976212954,0.6799708887755674,2.088392234592273,0.06775375348066263,3
UD_English-EWT,16,0.25,2,8,0.8655370124675104,0.3075173617021358,1.0112143933555902,0.19024355055336825,3
UD_English-EWT,16,0.25,2,9,0.8785273248434935,0.30970348744539333,1.0654179421143237,0.20420373357808683,3
UD_English-EWT,16,0.25,2,10,1.3710712617728011,0.4854011886402742,1.5019532011072059,0.06887813012763681,3
UD_English-EWT,16,0.25,2,11,0.7175231145759314,0.24639079094146643,2.1073795716212094,0.8241525117871106,3
UD_English-EWT,16,0.25,3,0,1.201997742599694,0.4143726131800287,2.1494068378253495,0.602116880968946,3
UD_English-EWT,16,0.25,3,1,1.8240827891860285,0.641313458406367,1.7946610728953922,0.24170236480430798,3
UD_English-EWT,16,0.25,3,2,0.3481940336572939,0.13057254535519405,0.3440335780341443,0.07715672342696887,3
UD_English-EWT,16,0.25,3,3,0.5851309615474038,0.2060946484431215,1.0503561638146368,0.7765427099198158,3
UD_English-EWT,16,0.25,3,4,1.348730813772952,0.44853221183101194,2.5459158688729358,0.6655658912015417,3
UD_English-EWT,16,0.25,3,5,0.5307952196478084,0.17355536830193222,2.2662833028206624,0.8501439942878234,3
UD_English-EWT,16,0.25,3,6,1.2404419447283492,0.4413934275414669,1.2231942865257923,0.21662583307257918,3
UD_English-EWT,16,0.25,3,7,1.0495010567438843,0.3713030644301513,0.9768862875894336,0.2820281631369245,3
UD_English-EWT,16,0.25,3,8,1.0636265552746902,0.371230770436435,1.1292164584652322,0.3260523542916175,3
UD_English-EWT,16,0.25,3,9,1.281943038879522,0.43586869392699507,1.6797881234430443,0.47866748278801124,3
UD_English-EWT,16,0.25,3,10,1.7605941099248732,0.6114334258698682,1.8526205211769255,0.19954138709487093,3
UD_English-EWT,16,0.25,3,11,1.1647301085686856,0.4024940828556233,1.4126466903530186,0.38227426020669425,3
UD_English-EWT,16,0.25,4,0,0.44813579130232445,0.15450457284632968,1.2964438067813606,0.8466607138568804,3
UD_English-EWT,16,0.25,4,1,1.2227943087020423,0.4281435500190449,1.275397247195461,0.30830288437603953,3
UD_English-EWT,16,0.25,4,2,0.8597980770528425,0.28694093214834915,2.418963843138926,0.7935990035832471,3
UD_English-EWT,16,0.25,4,3,0.4778441170023548,0.16179637859005574,1.5387398577507294,0.8448284319135443,3
UD_English-EWT,16,0.25,4,4,1.2881254362169727,0.4562924990918949,1.8374309678763858,0.5045244135437551,3
UD_English-EWT,16,0.25,4,5,0.6065109139936001,0.20844186733009074,1.2039497278372882,0.7849256934662551,3
UD_English-EWT,16,0.25,4,6,0.8047246393053801,0.26739498726675454,2.034432219894423,0.784832639188823,3
UD_English-EWT,16,0.25,4,7,1.6530409721837451,0.5930033093373649,1.6262550020967026,0.20507852769098864,3
UD_English-EWT,16,0.25,4,8,0.8916530531367969,0.3007756723525566,2.2709746086098024,0.7804649864986729,3
UD_English-EWT,16,0.25,4,9,0.3418311541984858,0.11754236404030227,1.7736983861373856,0.8970740252396666,3
UD_English-EWT,16,0.25,4,10,0.5375034244008403,0.18448514471114164,2.3484132110746834,0.8683676142618739,3
UD_English-EWT,16,0.25,4,11,0.2667219065526714,0.10076347613480251,0.264308129433875,0.069380689636193,3
UD_English-EWT,16,0.25,5,0,0.608202259017253,0.22397026981826396,0.5448918839499273,0.11252589021692877,3
UD_English-EWT,16,0.25,5,1,0.36972584385121193,0.128586995231361,0.390698410065943,0.6051888142140728,3
UD_English-EWT,16,0.25,5,2,0.5217202427798716,0.17166232050734945,1.4077358128865995,0.8240065075633521,3
UD_English-EWT,16,0.25,5,3,1.815968083635054,0.6267056840409483,2.0280331018735365,0.3283197679378784,3
UD_English-EWT,16,0.25,5,4,0.5759300009596869,0.1922127861273976,1.1514816869912037,0.7844151153427655,3
UD_English-EWT,16,0.25,5,5,0.9569115248018493,0.33136211006684724,1.699642231514871,0.5644818571462332,3
UD_English-EWT,16,0.25,5,6,0.6211779424293011,0.22728757744450157,0.7028464197718923,0.5747196200407213,3
UD_English-EWT,16,0.25,5,7,0.30742271938013466,0.10623885543794905,1.7838958026824319,0.9014939930975329,3
UD_English-EWT,16,0.25,5,8,0.3210141232037045,0.11119679436688544,1.708878183639006,0.9000378978491264,3
UD_English-EWT,16,0.25,5,9,1.676618177640525,0.5733390685945937,2.4668542338579296,0.5547225824565727,3
UD_English-EWT,16,0.25,5,10,1.96120658667524,0.6761582467686256,2.236450748229722,0.3645937857464065,3
UD_English-EWT,16,0.25,5,11,0.9557663374504105,0.3337906504696943,2.0556511174894205,0.7491445610866303,3
UD_English-EWT,16,0.25,6,0,0.6999676333696248,0.23343510239709586,1.1102120572453422,0.7175991414335364,3
UD_English-EWT,16,0.25,6,1,0.6306689603624014,0.21664942677559826,0.9840110048570269,0.7184667538424008,3
UD_English-EWT,16,0.25,6,2,0.9585737187164295,0.32496665812247505,2.329763566752818,0.769203685794046,3
UD_English-EWT,16,0.25,6,3,0.4792126612177963,0.160872041841243,1.9783417994533081,0.868571266586229,3
UD_English-EWT,16,0.25,6,4,1.6985106537413728,0.5797752258638227,2.3087971896096007,0.5317275785113292,3
UD_English-EWT,16,0.25,6,5,1.307443427447847,0.4468801169191805,1.8501423381011126,0.5910925901340548,3
UD_English-EWT,16,0.25,6,6,1.018154185475656,0.35618151620296595,2.152548909187317,0.7448976562377099,3
UD_English-EWT,16,0.25,6,7,0.48303979143283193,0.16254465221630715,1.8153779619052763,0.863532750495796,3
UD_English-EWT,16,0.25,6,8,0.7139264463509801,0.25702855874570557,0.696573309138933,0.4768537685973994,3
UD_English-EWT,16,0.25,6,9,0.9099613667240125,0.33863970747306826,1.0081906906771856,0.393291139271609,3
UD_English-EWT,16,0.25,6,10,0.7251841902719277,0.23814165750661043,1.5455042483702384,0.7712603315493882,3
UD_English-EWT,16,0.25,6,11,0.48321418070619443,0.16123485276479257,1.4286826149932024,0.8442047090016862,3
UD_English-EWT,16,0.25,7,0,0.7012584013881362,0.24908962122790276,0.7178788616547602,0.6733238559304473,3
UD_English-EWT,16,0.25,7,1,1.310908267474674,0.45473917214216825,2.0974576170598653,0.6297393541966305,3
UD_English-EWT,16,0.25,7,2,0.7866301710135515,0.2731933427788288,1.4527883080049726,0.7468492490102033,3
UD_English-EWT,16,0.25,7,3,0.7670319309027253,0.25291674502637945,1.799982757054826,0.7809963477113859,3
UD_English-EWT,16,0.25,7,4,0.3634432784208726,0.12771235705571504,1.7215513098571036,0.8980082553049687,3
UD_English-EWT,16,0.25,7,5,0.4175654897747904,0.1439258295429299,1.9618724453210394,0.8867522364919954,3
UD_English-EWT,16,0.25,7,6,0.7799810234776178,0.2682174274685945,2.3900186454229235,0.8214150887450886,3
UD_English-EWT,16,0.25,7,7,0.5509754986534462,0.18239472688841077,0.8639592055726681,0.7297125971708142,3
UD_English-EWT,16,0.25,7,8,0.3879965434023917,0.1375162535015246,1.7930741920551532,0.8911512212620841,3
UD_English-EWT,16,0.25,7,9,0.48478445015806965,0.16202032811312408,1.656676364672423,0.8596226473785055,3
UD_English-EWT,16,0.25,7,10,0.817528647803218,0.28324102016368335,1.4842838103898235,0.708256951908162,3
UD_English-EWT,16,0.25,7,11,1.7203128303932145,0.5966430540151949,2.0864043228450373,0.4548847239417022,3
UD_English-EWT,16,0.25,8,0,1.3116332487574691,0.4470478062458673,2.1728578091264854,0.647935557370846,3
UD_English-EWT,16,0.25,8,1,0.7177843122780391,0.25107575626173634,0.6436355890051372,0.3988480417800894,3
UD_English-EWT,16,0.25,8,2,1.624072994595777,0.5634643925062522,2.200492491569024,0.5424533176875396,3
UD_English-EWT,16,0.25,8,3,0.7337491600545215,0.2460980132644295,1.1041120348433762,0.6690075239658574,3
UD_English-EWT,16,0.25,8,4,0.8135251134009743,0.27247782876486165,1.7119631145984098,0.7494108186312061,3
UD_English-EWT,16,0.25,8,5,0.8605723169348957,0.2817930161919353,1.40533215673352,0.6577555283714079,3
UD_English-EWT,16,0.25,8,6,0.38032171773271645,0.13641243240517922,0.35136965728440267,0.13586135134938332,3
UD_English-EWT,16,0.25,8,7,0.9247067511380261,0.32864112784721483,0.819510119968859,0.3628167353455107,3
UD_English-EWT,16,0.25,8,8,0.6982238629666617,0.23308058743823648,1.563369127353467,0.7673446800295122,3
UD_English-EWT,16,0.25,8,9,0.7466942437793822,0.24905922338192446,1.6529915871570235,0.7718837359998179,3
UD_English-EWT,16,0.25,8,10,1.0138367207853196,0.34244057345143025,2.122477027725001,0.7352043645955174,3
UD_English-EWT,16,0.25,8,11,0.8164290173389764,0.2915382607630053,1.9918023951908062,0.7688819760073295,3
UD_English-EWT,16,0.25,9,0,1.289457787201487,0.4520383657484413,1.71647040312516,0.5731590199530233,3
UD_English-EWT,16,0.25,9,1,1.3218161869787346,0.4735897305901579,1.592766161892692,0.43930693756693967,3
UD_English-EWT,16,0.25,9,2,1.329641950559312,0.4697895795937212,1.8788251735962154,0.5879672293658139,3
UD_English-EWT,16,0.25,9,3,0.9400001736281206,0.31748533462385375,1.3917467217139208,0.5989847065701076,3
UD_English-EWT,16,0.25,9,4,1.4693371078952848,0.5292951231730045,1.6045522898137028,0.3323410160479921,3
UD_English-EWT,16,0.25,9,5,0.6248514602445948,0.21563517979947047,2.264034680411464,0.8556603775215498,3
UD_English-EWT,16,0.25,9,6,0.3669750732598735,0.12758727085107827,1.6339109012473694,0.8878500887985004,3
UD_English-EWT,16,0.25,9,7,0.97887376245308,0.34483357865192293,2.141728162331225,0.7466380446742141,3
UD_English-EWT,16,0.25,9,8,0.7438914521456524,0.25258209552141114,1.5763058009369126,0.7722946102637628,3
UD_English-EWT,16,0.25,9,9,0.8888717906206901,0.3005429179339461,1.605677080474699,0.723576645999604,3
UD_English-EWT,16,0.25,9,10,0.5457443221669038,0.1932613513099178,0.7291233812531758,0.6458852378234186,3
UD_English-EWT,16,0.25,9,11,1.5809968774137382,0.5604621240720057,1.8209011142425418,0.40520633987146,3
UD_English-EWT,16,0.25,10,0,0.8544767697618253,0.2959314006657655,1.363868033957883,0.6866734786695362,3
UD_English-EWT,16,0.25,10,1,0.7109232993392726,0.2417965256911919,1.2100056131694377,0.6613114782912701,3
UD_English-EWT,16,0.25,10,2,1.526176432768504,0.5494580239937038,1.577420150063837,0.3430857902548814,3
UD_English-EWT,16,0.25,10,3,1.3700312575518758,0.48680809962753585,1.577484723967661,0.4775104484027201,3
UD_English-EWT,16,0.25,10,4,2.0500633564178843,0.7237933100313296,1.9983607464773623,0.12743900964148547,3
UD_English-EWT,16,0.25,10,5,1.2180546699484616,0.40738314630706923,1.8063350911294611,0.5476473400026615,3
UD_English-EWT,16,0.25,10,6,1.048486777396367,0.3629422548205276,1.5634670529831778,0.6305055371154853,3
UD_English-EWT,16,0.25,10,7,0.516066597737304,0.17072331797968546,1.9060734636633772,0.8485594741145118,3
UD_English-EWT,16,0.25,10,8,1.332779878909905,0.4839422776497755,1.4188690156572392,0.32637901142076714,3
UD_English-EWT,16,0.25,10,9,1.3022683520948952,0.4617112543964635,1.3138400289231746,0.2338614735518241,3
UD_English-EWT,16,0.25,10,10,0.7149097350560033,0.2466682746421639,1.5199866036194052,0.7627281282904587,3
UD_English-EWT,16,0.25,10,11,1.829691341910206,0.6530147188794069,1.7962277323984708,0.13202616403461223,3
UD_English-EWT,16,0.25,11,0,2.068004371065694,0.7241132916333592,2.1681948889094405,0.278744253391003,3
UD_English-EWT,16,0.25,11,1,1.6672875377161256,0.5865503908540604,1.7830138445741925,0.29537195533018673,3
UD_English-EWT,16,0.25,11,2,1.0821370027470785,0.3759519237976059,1.4030926233608758,0.5440101834906363,3
UD_English-EWT,16,0.25,11,3,1.936482566400331,0.6800533911569371,1.9295647482918694,0.167745829131098,3
UD_English-EWT,16,0.25,11,4,1.8286667501448717,0.6476343218395788,1.85944672678012,0.24038962552235724,3
UD_English-EWT,16,0.25,11,5,1.4696413229468988,0.5239284871736128,1.494916165300148,0.19407941584133623,3
UD_English-EWT,16,0.25,11,6,1.1538983999271428,0.3975729379313191,1.629947096516526,0.5488711778949845,3
UD_English-EWT,16,0.25,11,7,1.507397504508553,0.531223992295789,1.6799545160338676,0.29988000809644894,3
UD_English-EWT,16,0.25,11,8,1.385870412711346,0.4937494857551892,1.508187152078894,0.07394780885879432,3
UD_English-EWT,16,0.25,11,9,1.1412734692349678,0.3969323424348213,1.3749249878497236,0.4267198046502269,3
UD_English-EWT,16,0.25,11,10,1.4711616682126196,0.5124651213118708,1.5912357388261047,0.23646058718706117,3
UD_English-EWT,16,0.25,11,11,1.628796317321138,0.5675340017762209,1.9154259903943387,0.3713709573526078,3
UD_English-EWT,24,0.375,0,0,1.42965358870277,0.4861321644588125,1.6912680778971352,0.5416180634894875,3
UD_English-EWT,24,0.375,0,1,1.7539150367723355,0.6208009996279568,1.8447598159883192,0.07002676733708406,3
UD_English-EWT,24,0.375,0,2,1.720021158348233,0.5919583168445384,1.733085621792979,0.37215601561085504,3
UD_English-EWT,24,0.375,0,3,0.41421481228021323,0.15226237236520013,0.36142550933366485,0.03390247026205619,3
UD_English-EWT,24,0.375,0,4,1.673357839127816,0.5769106574058792,2.0412004740131793,0.46662686077813414,3
UD_English-EWT,24,0.375,0,5,1.8398350564481347,0.6472178351245242,1.986480791589927,0.17756210701143157,3
UD_English-EWT,24,0.375,0,6,2.1983246672457466,0.7738915408683957,2.210427908488093,0.1289739054237545,3
UD_English-EWT,24,0.375,0,7,1.7425189326315413,0.612757287189935,1.9426442056568594,0.33270999935128215,3
UD_English-EWT,24,0.375,0,8,2.037175960852366,0.7118634651601713,2.0578379321619464,0.2813725952120101,3
UD_English-EWT,24,0.375,0,9,2.5877019828677397,0.910934657582463,2.6573493431283257,0.2367617030694185,3
UD_English-EWT,24,0.375,0,10,2.43566578974055,0.860065703340576,2.3839594902019465,0.10437133440702055,3
UD_English-EWT,24,0.375,0,11,2.4863563103971154,0.88387062951915,2.405656773427362,0.06721637843478681,3
UD_English-EWT,24,0.375,1,0,0.9983356545640255,0.3606250768983603,1.028873366329188,0.1027952864382735,3
UD_English-EWT,24,0.375,1,1,0.7205769979074352,0.2641275345656114,0.7429590564363641,0.15411567141748084,3
UD_English-EWT,24,0.375,1,2,2.262205828761577,0.785119628831744,2.597226910415243,0.3038993240970243,3
UD_English-EWT,24,0.375,1,3,2.4353075018237416,0.8573589124872619,2.4207554638168634,0.13724464587511018,3
UD_English-EWT,24,0.375,1,4,1.9949221209858718,0.7155375742182241,1.9652389631571012,0.09953766570147465,3
UD_English-EWT,24,0.375,1,5,2.4107138499319007,0.8530907844532166,2.3930824521949385,0.15775591831141997,3
UD_English-EWT,24,0.375,1,6,2.0146157708704364,0.7164770325487789,2.424919840606618,0.37007356713100154,3
UD_English-EWT,24,0.375,1,7,2.502914205573513,0.882876460890777,2.473637728417506,0.14653277240069296,3
UD_English-EWT,24,0.375,1,8,2.5622665064039563,0.9045358352526053,2.5156119305687956,0.07168037513566147,3
UD_English-EWT,24,0.375,1,9,2.5707588751133676,0.9125664210935444,2.5461815606483778,0.16204828064030338,3
UD_English-EWT,24,0.375,1,10,2.1467508771380444,0.7751752176332644,2.452825791740244,0.31775255123567253,3
UD_English-EWT,24,0.375,1,11,1.7594424859775002,0.6229947194501846,1.788627460056098,0.0918766676790958,3
UD_English-EWT,24,0.375,2,0,1.1909531723497562,0.4273632248747554,1.1523108731527796,0.06739846497201803,3
UD_English-EWT,24,0.375,2,1,0.29736464360019765,0.10091062176170894,2.0979292288775437,0.8979611185621911,3
UD_English-EWT,24,0.375,2,2,0.1810015674522706,0.06996441191954904,0.1809260374162421,1.0270455078205171e-05,3
UD_English-EWT,24,0.375,2,3,0.4841134187872293,0.17304235787202207,0.6009091732850492,0.14244802513046154,3
UD_English-EWT,24,0.375,2,4,0.9044675640558285,0.3234748582579512,0.9972842228624339,0.060138527074072155,3
UD_English-EWT,24,0.375,2,5,0.14250624941141157,0.05346373998286056,0.1664244063946678,0.11705331870088377,3
UD_English-EWT,24,0.375,2,6,1.6346835083784519,0.5737803001841444,1.8439284269112708,0.19224710379623708,3
UD_English-EWT,24,0.375,2,7,1.9390889468495962,0.6662207809865328,2.0373303412251134,0.0678745574260195,3
UD_English-EWT,24,0.375,2,8,0.8551615831630478,0.30375479272621897,0.9965876051121287,0.18676313125648838,3
UD_English-EWT,24,0.375,2,9,0.893741994241222,0.31476216925902817,1.074067908802319,0.20122200798053289,3
UD_English-EWT,24,0.375,2,10,1.2595277720407492,0.4473735118814918,1.386530164513866,0.06887812898850547,3
UD_English-EWT,24,0.375,2,11,0.6520453222733812,0.2247549176365364,2.1116062622578418,0.8371744295124147,3
UD_English-EWT,24,0.375,3,0,1.2169368028070757,0.4184866727455119,1.991322242714234,0.5363036279782029,3
UD_English-EWT,24,0.375,3,1,1.7819809887850002,0.6263264493155978,1.786010939539673,0.26073393817882445,3
UD_English-EWT,24,0.375,3,2,0.26211718965036784,0.10146710178176514,0.25898739576461866,0.07578460207588135,3
UD_English-EWT,24,0.375,3,3,0.6027181370825064,0.21170039839968188,0.9632099502480745,0.7533915366957097,3
UD_English-EWT,24,0.375,3,4,1.4438555128125978,0.48198186475085286,2.485513578455739,0.6282471456515767,3
UD_English-EWT,24,0.375,3,5,0.6047167153944192,0.19751743005066694,2.214696690141612,0.8313966416406067,3
UD_English-EWT,24,0.375,3,6,1.212270932499394,0.43204631981662694,1.189086767832981,0.22086927630787612,3
UD_English-EWT,24,0.375,3,7,0.9991772726096743,0.3539369636564916,0.9460778095791683,0.31615526182152914,3
UD_English-EWT,24,0.375,3,8,1.0551595773839668,0.36849242736845556,1.1220845307455904,0.33133550191413486,3
UD_English-EWT,24,0.375,3,9,1.2212459600254053,0.41584020618507483,1.6281486001333902,0.4913457564200412,3
UD_English-EWT,24,0.375,3,10,1.7541501187263073,0.610125793623387,1.8387355022743102,0.1880105906587585,3
UD_English-EWT,24,0.375,3,11,1.1584797215212022,0.4011924980221726,1.3728188032823834,0.36442306858592605,3
UD_English-EWT,24,0.375,4,0,0.5016806610335743,0.17139673342240533,1.234871446842053,0.8215178562182329,3
UD_English-EWT,24,0.375,4,1,1.2076017330578768,0.423418427590899,1.2566623386870968,0.30688469247546435,3
UD_English-EWT,24,0.375,4,2,0.850792129535927,0.2870012144719989,2.3461815189088413,0.793297015727652,3
UD_English-EWT,24,0.375,4,3,0.5490250493550778,0.183720800379622,1.4989328366214025,0.8176363765894824,3
UD_English-EWT,24,0.375,4,4,1.3224916479979492,0.46609422271942225,1.6706049620480918,0.42437199726429364,3
UD_English-EWT,24,0.375,4,5,0.6872386601236132,0.2345827538608721,1.1626619177655009,0.745440582922899,3
UD_English-EWT,24,0.375,4,6,0.859472601818691,0.28585755631572457,2.0272767199627473,0.7700420509623482,3
UD_English-EWT,24,0.375,4,7,1.52367929126287,0.5497324427326865,1.4692198948999138,0.21913641664404793,3
UD_English-EWT,24,0.375,4,8,0.8972584261119584,0.3042707312345818,2.2152666984251503,0.7747725544731474,3
UD_English-EWT,24,0.375,4,9,0.36553768335225806,0.12483740152486932,1.74579197864552,0.8908581493765061,3
UD_English-EWT,24,0.375,4,10,0.4924163458044412,0.1698984662033736,2.2767206747458064,0.8751811457082005,3
UD_English-EWT,24,0.375,4,11,0.2036331924618322,0.07947438804112245,0.20156085772103952,0.06787220979644197,3
UD_English-EWT,24,0.375,5,0,0.5318087820364044,0.1980051861290872,0.474286187338373,0.10757958044922267,3
UD_English-EWT,24,0.375,5,1,0.37834868808819794,0.13255226304198633,0.26878961700153453,0.5068569852917952,3
UD_English-EWT,24,0.375,5,2,0.5606764978466247,0.18441267751846815,1.3845105271630382,0.8072207867556366,3
UD_English-EWT,24,0.375,5,3,1.7262411623623202,0.5959278822530404,1.987298264040973,0.353900759150096,3
UD_English-EWT,24,0.375,5,4,0.6232907480148019,0.20775527282767628,1.1172444015632779,0.7601334340802525,3
UD_English-EWT,24,0.375,5,5,1.014621789419586,0.35182476202810475,1.4680647994705456,0.5069601474591074,3
UD_English-EWT,24,0.375,5,6,0.6340665425053494,0.23168540422152373,0.5289034929146857,0.4896068863234804,3
UD_English-EWT,24,0.375,5,7,0.3261493586872336,0.11230536051172836,1.7092040889032987,0.8963184738039754,3
UD_English-EWT,24,0.375,5,8,0.3391849382463266,0.11726944942223683,1.663650147386153,0.8953497636187923,3
UD_English-EWT,24,0.375,5,9,1.7749578704843756,0.6058754656024571,2.438217084943054,0.5162229287575503,3
UD_English-EWT,24,0.375,5,10,1.9070403170390204,0.6589216188990054,2.1467496098607834,0.3535087685981165,3
UD_English-EWT,24,0.375,5,11,0.9554498816665622,0.3335345700266717,1.9344928514870574,0.7391009265064975,3
UD_English-EWT,24,0.375,6,0,0.7635772950635147,0.25486135327773723,1.0684917439148507,0.6769758333979626,3
UD_English-EWT,24,0.375,6,1,0.6956808350518862,0.23801377136968294,0.9249880396793232,0.6647320736219974,3
UD_English-EWT,24,0.375,6,2,1.0416692045596996,0.3523613787909698,2.321903876268147,0.744992514464916,3
UD_English-EWT,24,0.375,6,3,0.5064265460169489,0.16993046857057773,1.9517754294344636,0.8617744618154832,3
UD_English-EWT,24,0.375,6,4,1.699424074918629,0.5811010136305756,2.2712020146879346,0.519262827959977,3
UD_English-EWT,24,0.375,6,5,1.3250407612796038,0.453334424325272,1.7572578265313024,0.5637323268992871,3
UD_English-EWT,24,0.375,6,6,0.9931372728042698,0.34630468260446895,2.059732107516846,0.7427961614342552,3
UD_English-EWT,24,0.375,6,7,0.5577533814262171,0.18561065807989585,1.8294169826802877,0.8436576842393162,3
UD_English-EWT,24,0.375,6,8,0.6981539367570903,0.252212283674131,0.5516034832499067,0.396611891510491,3
UD_English-EWT,24,0.375,6,9,0.7367227894198048,0.27722513449362823,0.6956273974318105,0.3237012093666201,3
UD_English-EWT,24,0.375,6,10,0.78019450105496,0.25598083233739194,1.530571488164813,0.7485560311618616,3
UD_English-EWT,24,0.375,6,11,0.5593067895288567,0.18506498840461516,1.3831003501414167,0.8146766190618981,3
UD_English-EWT,24,0.375,7,0,0.6523903515359526,0.23337222306920816,0.5991873844698045,0.6765126639837993,3
UD_English-EWT,24,0.375,7,1,1.354753365322866,0.46995796219894476,2.001809490481578,0.5918533636871149,3
UD_English-EWT,24,0.375,7,2,0.7886286545850215,0.27648365539243036,1.291981669614441,0.7262702504603807,3
UD_English-EWT,24,0.375,7,3,0.8537730138904953,0.2820590394931137,1.7605228791851382,0.7516374666589857,3
UD_English-EWT,24,0.375,7,4,0.36069807165958845,0.12668838049193745,1.666433841845051,0.8966043205263402,3
UD_English-EWT,24,0.375,7,5,0.4084146864413672,0.1410356026799093,1.9452488072528649,0.887787132098158,3
UD_English-EWT,24,0.375,7,6,0.8042788438783969,0.27522567183234664,2.367158669103039,0.8138937143055903,3
UD_English-EWT,24,0.375,7,7,0.5529366359810169,0.18339550020436043,0.8124382410449517,0.7228998392006086,3
UD_English-EWT,24,0.375,7,8,0.3970748688177442,0.1404025754658724,1.7283738864439868,0.8862544521825128,3
UD_English-EWT,24,0.375,7,9,0.5072687813615212,0.16905862893734316,1.6234547765230003,0.8513618335670677,3
UD_English-EWT,24,0.375,7,10,0.8088592359005645,0.2830199010742551,1.208126033766565,0.6684053129294313,3
UD_English-EWT,24,0.375,7,11,1.709071363622699,0.5954042959753254,1.9655927021212485,0.42058962095657765,3
UD_English-EWT,24,0.375,8,0,1.2673537978030511,0.4349521687142935,2.085575637215908,0.6499031771564744,3
UD_English-EWT,24,0.375,8,1,0.5711833530517875,0.20182636173875415,0.5237184824907172,0.4538024290955078,3
UD_English-EWT,24,0.375,8,2,1.618831705838062,0.5616274254935374,2.182645479973765,0.5326596611333784,3
UD_English-EWT,24,0.375,8,3,0.703895828155682,0.23702086518446272,1.0439386406882865,0.6697620744452233,3
UD_English-EWT,24,0.375,8,4,0.8093940018046858,0.27243090000673825,1.644614566300736,0.7413059030209951,3
UD_English-EWT,24,0.375,8,5,0.8445002556691975,0.27794126693129645,1.3587694902563356,0.6595701080609541,3
UD_English-EWT,24,0.375,8,6,0.2784893046465237,0.10268279938310726,0.2389075358068309,0.1611251528682859,3
UD_English-EWT,24,0.375,8,7,0.8105957370068206,0.29067337549109545,0.6981775259738194,0.37782477039185597,3
UD_English-EWT,24,0.375,8,8,0.6746647424405552,0.22469013339740332,1.530672615017396,0.7694554379674688,3
UD_English-EWT,24,0.375,8,9,0.7291418830499405,0.24422455164681958,1.6298958045754492,0.774437138807361,3
UD_English-EWT,24,0.375,8,10,1.0365560530109807,0.3527998990830216,2.0479591265185064,0.7213158095034963,3
UD_English-EWT,24,0.375,8,11,0.7544392839766266,0.2723843294660486,1.9470776701396932,0.7792113863596716,3
UD_English-EWT,24,0.375,9,0,1.3151273486121322,0.4615439452096713,1.6808808424216586,0.5535727947991077,3
UD_English-EWT,24,0.375,9,1,1.3170868837171132,0.47275942339091787,1.5050451136270508,0.42269689056391274,3
UD_English-EWT,24,0.375,9,2,1.3220610512464643,0.46636947814366464,1.8255341434902181,0.5725966150073406,3
UD_English-EWT,24,0.375,9,3,0.7878571724539901,0.2661772516987925,1.3035598809683258,0.6534981373256455,3
UD_English-EWT,24,0.375,9,4,1.2935662119766402,0.47126489728566795,1.3985485674199294,0.3238732724438654,3
UD_English-EWT,24,0.375,9,5,0.6477181758928386,0.2232771874345043,2.2158423299563603,0.8481043328027257,3
UD_English-EWT,24,0.375,9,6,0.3749813893080463,0.13050364361423095,1.493841652973862,0.8777886765359312,3
UD_English-EWT,24,0.375,9,7,0.9626747077850045,0.338827316438094,2.1058776820780802,0.7466975021394875,3
UD_English-EWT,24,0.375,9,8,0.7568508927152239,0.2562979894110176,1.5857344627760366,0.7713772782916797,3
UD_English-EWT,24,0.375,9,9,0.9662715651108486,0.32936489534837504,1.5276381470846563,0.6828539071703,3
UD_English-EWT,24,0.375,9,10,0.4579998271385064,0.16292929886233634,0.571241558015428,0.6644781126296369,3
UD_English-EWT,24,0.375,9,11,1.422948324547331,0.5075766055319519,1.6960290066748585,0.43427625645922396,3
UD_English-EWT,24,0.375,10,0,0.8572553126141429,0.29606969294376834,1.3351588874159617,0.6803520256297184,3
UD_English-EWT,24,0.375,10,1,0.7770602334399311,0.2647463378873096,1.144577755032952,0.6279912116667612,3
UD_English-EWT,24,0.375,10,2,1.3979372201938665,0.5051056374935092,1.5191659649294582,0.40126518765040325,3
UD_English-EWT,24,0.375,10,3,1.362498107123679,0.4822885624127092,1.5781915973268028,0.47494439875201505,3
UD_English-EWT,24,0.375,10,4,1.9858140291574873,0.7021852325700905,1.9527534537818045,0.14647189453447776,3
UD_English-EWT,24,0.375,10,5,1.0965401066112856,0.3684085275306119,1.7330009437052496,0.575487175796907,3
UD_English-EWT,24,0.375,10,6,1.0654502927592,0.36842558339465387,1.5202323166926632,0.6137332591365595,3
UD_English-EWT,24,0.375,10,7,0.5189707588356918,0.17207861437808458,1.7905608386832725,0.8380091569245621,3
UD_English-EWT,24,0.375,10,8,1.061060055153943,0.3930909931652801,1.2285487183551211,0.40566890693536006,3
UD_English-EWT,24,0.375,10,9,1.108876590710303,0.39812389675933346,1.153643351733576,0.27974581627517886,3
UD_English-EWT,24,0.375,10,10,0.7925622716736056,0.27282192316596227,1.5201427935739684,0.7374423759665428,3
UD_English-EWT,24,0.375,10,11,1.7099748616987238,0.6126856765070274,1.6952094266594866,0.15254151081676529,3
UD_English-EWT,24,0.375,11,0,2.088105809873136,0.73140798220141,2.17355327137181,0.2635652841016216,3
UD_English-EWT,24,0.375,11,1,1.6779931834703803,0.5915476089349788,1.7217488504118388,0.25558118119103007,3
UD_English-EWT,24,0.375,11,2,1.0961989515778254,0.38019184581997806,1.4806214087729248,0.552590964847195,3
UD_English-EWT,24,0.375,11,3,1.902177891271606,0.6683406505743507,1.9002906928731227,0.1611850516292146,3
UD_English-EWT,24,0.375,11,4,1.7552982396386794,0.6228667931105487,1.738104546222096,0.21762742359150467,3
UD_English-EWT,24,0.375,11,5,1.3928984925032122,0.4975665498589241,1.3505652553345906,0.1530024561121761,3
UD_English-EWT,24,0.375,11,6,1.2427959935722672,0.4301342974626737,1.5883213889077712,0.5000674143494641,3
UD_English-EWT,24,0.375,11,7,1.5448469324211314,0.5457896976485009,1.6024756606605468,0.2453510877515813,3
UD_English-EWT,24,0.375,11,8,1.1398620320338153,0.41124300131136554,1.246781487567503,0.0737667707136861,3
UD_English-EWT,24,0.375,11,9,1.2130679147002477,0.4227570473053171,1.3371741608606282,0.36842770490732607,3
UD_English-EWT,24,0.375,11,10,1.4367772159785819,0.5038328852190271,1.446500827124061,0.1730024206556188,3
UD_English-EWT,24,0.375,11,11,1.6467711612283642,0.5770836271268219,1.8013826989193866,0.3124499533067581,3
UD_English-EWT,32,0.5,0,0,1.680031971147586,0.5748335882244066,1.8222029459118192,0.4577840642464128,3
UD_English-EWT,32,0.5,0,1,1.4432792881256027,0.5116983349124502,1.5216911175849768,0.07044969746064333,3
UD_English-EWT,32,0.5,0,2,1.9519289622867042,0.6756801868105446,1.8853880212878051,0.28933696103077006,3
UD_English-EWT,32,0.5,0,3,0.38699137093753766,0.14254193761399814,0.33965493205303704,0.038040867535896146,3
UD_English-EWT,32,0.5,0,4,1.8599711481095014,0.6444588249558776,2.0620901334101167,0.3822812328525634,3
UD_English-EWT,32,0.5,0,5,1.5987957582719121,0.5638929677010283,1.708674769936798,0.17461424068172882,3
UD_English-EWT,32,0.5,0,6,2.102607289407205,0.7399233393173684,2.10186691869912,0.1482824973069905,3
UD_English-EWT,32,0.5,0,7,1.7867043327221237,0.6293671457728253,1.9197577504892385,0.2845697491438228,3
UD_English-EWT,32,0.5,0,8,2.111755625390616,0.7379184748201336,2.073441702730017,0.2312839920861555,3
UD_English-EWT,32,0.5,0,9,2.5787686826644265,0.908013794712008,2.6316499467430217,0.2271454873900243,3
UD_English-EWT,32,0.5,0,10,2.3370361304782565,0.8240904563663426,2.278422310866945,0.1042742286499196,3
UD_English-EWT,32,0.5,0,11,2.4822460444464274,0.8822637430861251,2.4007730322240266,0.07016349062052146,3
UD_English-EWT,32,0.5,1,0,0.9873312992367805,0.3571035331653567,1.01852512025768,0.09160264960459631,3
UD_English-EWT,32,0.5,1,1,0.6948739574689465,0.25557703050591457,0.7165942142542812,0.1410740501983583,3
UD_English-EWT,32,0.5,1,2,2.2346136763773328,0.7739413027504599,2.544305658785589,0.28616215478974943,3
UD_English-EWT,32,0.5,1,3,2.4618068985600288,0.8662310893480857,2.437374181869034,0.11216392529617743,3
UD_English-EWT,32,0.5,1,4,1.9987158472963589,0.7161136555433808,1.9633564716696956,0.0737487170094614,3
UD_English-EWT,32,0.5,1,5,2.3633017285382594,0.8358981012429235,2.3294251819288796,0.12820865412010304,3
UD_English-EWT,32,0.5,1,6,2.096943047610137,0.7432519687013136,2.3893587595235237,0.3142731439081345,3
UD_English-EWT,32,0.5,1,7,2.491687246250542,0.8764264274375035,2.450230596929734,0.1296797831252706,3
UD_English-EWT,32,0.5,1,8,2.5566201694784705,0.902020405292031,2.5118270621707963,0.06402168707752037,3
UD_English-EWT,32,0.5,1,9,2.555098889358274,0.9051887148125627,2.520204201422102,0.1517534585023309,3
UD_English-EWT,32,0.5,1,10,2.1407493217721014,0.7708010477152157,2.4385880657449666,0.3122575947156478,3
UD_English-EWT,32,0.5,1,11,1.4715174725364033,0.5229398896649715,1.4986544636660044,0.0913727541686543,3
UD_English-EWT,32,0.5,2,0,1.1873770893325788,0.42587132756218904,1.1486035720572445,0.07948031399516942,3
UD_English-EWT,32,0.5,2,1,0.30316771507069795,0.1013326417411939,1.9575990321409833,0.8924409686324809,3
UD_English-EWT,32,0.5,2,2,0.16490061208637574,0.0639947475931627,0.16479750639183924,1.8354343203336346e-05,3
UD_English-EWT,32,0.5,2,3,0.47753852951884923,0.17037186372711757,0.5937935381666342,0.14367093223627175,3
UD_English-EWT,32,0.5,2,4,0.9001132961233674,0.3221983757326214,0.9845631604501893,0.06006850031495454,3
UD_English-EWT,32,0.5,2,5,0.13078330187101547,0.0495131417927942,0.151704040064624,0.10870280338261269,3
UD_English-EWT,32,0.5,2,6,1.580618383983771,0.5554861417210716,1.7660714441092722,0.1815944370153769,3
UD_English-EWT,32,0.5,2,7,1.8994620022090842,0.6532300267250633,1.9868466849345545,0.06793834933356292,3
UD_English-EWT,32,0.5,2,8,0.8426066008829028,0.2992925485917557,0.9758924807409989,0.18144820406371373,3
UD_English-EWT,32,0.5,2,9,0.9091655312340117,0.3198382218773179,1.0777881344430869,0.19692968120730614,3
UD_English-EWT,32,0.5,2,10,1.1211823701030676,0.39779512407856554,1.2439670031296532,0.0688781280580311,3
UD_English-EWT,32,0.5,2,11,0.632168963721161,0.21743767063303612,2.102792737235354,0.8385621906276826,3
UD_English-EWT,32,0.5,3,0,1.2140911175769318,0.41792749000922996,1.796240332334528,0.46296352386230333,3
UD_English-EWT,32,0.5,3,1,1.712410851213776,0.600649646971754,1.7622695151573975,0.2894476963510781,3
UD_English-EWT,32,0.5,3,2,0.20421193684799044,0.08040205919237768,0.20154961939385407,0.07403875174259984,3
UD_English-EWT,32,0.5,3,3,0.5923456590086601,0.20800762434620348,0.8859607809119754,0.7406661061804152,3
UD_English-EWT,32,0.5,3,4,1.5183167909772453,0.5105756496400693,2.4113744904434746,0.5928280730010816,3
UD_English-EWT,32,0.5,3,5,0.6232745056812447,0.20486856273751783,2.1761046995719275,0.825943014470823,3
UD_English-EWT,32,0.5,3,6,1.1705575430653785,0.4167432285266987,1.1429620720513967,0.23016261252301504,3
UD_English-EWT,32,0.5,3,7,0.9367857870046993,0.3313765059802393,0.9088171609356754,0.3658833731091386,3
UD_English-EWT,32,0.5,3,8,1.025500461024882,0.3580849482457566,1.0964576044342123,0.34153250665683804,3
UD_English-EWT,32,0.5,3,9,1.120161298913491,0.3814095419742354,1.546243835830949,0.5216420233904474,3
UD_English-EWT,32,0.5,3,10,1.7169693580714949,0.5976101824941639,1.8046031258253885,0.1891898186725224,3
UD_English-EWT,32,0.5,3,11,1.1367484925548887,0.39417011426646703,1.322662718933354,0.3587364430945597,3
UD_English-EWT,32,0.5,4,0,0.5219136934408507,0.17837651397618837,1.1693066635825595,0.8061835179970563,3
UD_English-EWT,32,0.5,4,1,1.1837609697587939,0.41572096137746084,1.2254433637732582,0.30872325490878555,3
UD_English-EWT,32,0.5,4,2,0.7734711815777806,0.26316589561165,2.282725969733219,0.8100641929495312,3
UD_English-EWT,32,0.5,4,3,0.5728954325323222,0.1916414419332778,1.4521763047613951,0.80396478316443,3
UD_English-EWT,32,0.5,4,4,1.2894548870663824,0.4551558196011758,1.4864662150650512,0.3636050847662657,3
UD_English-EWT,32,0.5,4,5,0.7134959701184042,0.24363232420672606,1.133107431436497,0.7260887549413141,3
UD_English-EWT,32,0.5,4,6,0.8380901077202435,0.28019925103435184,2.007490681711659,0.7744658499793277,3
UD_English-EWT,32,0.5,4,7,1.4209522884508734,0.5126873008709911,1.3362328281222364,0.23886677683186877,3
UD_English-EWT,32,0.5,4,8,0.8417900457693254,0.28743746466360326,2.157794231328374,0.7851295915919141,3
UD_English-EWT,32,0.5,4,9,0.36817987761943716,0.12582156674812572,1.709841840973426,0.8887762224305088,3
UD_English-EWT,32,0.5,4,10,0.4501285177328113,0.1554063867658999,2.2090835958067836,0.8822092763767433,3
UD_English-EWT,32,0.5,4,11,0.1622031830660049,0.06396612580832517,0.15991008768658846,0.06797024705604172,3
UD_English-EWT,32,0.5,5,0,0.5101304151294227,0.19026370588244787,0.4451746665117737,0.09857665687109073,3
UD_English-EWT,32,0.5,5,1,0.376198829901498,0.1336794687266184,0.20278491747286934,0.4201719945361108,3
UD_English-EWT,32,0.5,5,2,0.5638682478954015,0.18618068400766097,1.3582900491405707,0.8053893857043515,3
UD_English-EWT,32,0.5,5,3,1.6093842461433783,0.553528498338553,1.9394122107269987,0.3958768662589454,3
UD_English-EWT,32,0.5,5,4,0.6464798540039792,0.2163080405933843,1.096267765499855,0.7480332975314831,3
UD_English-EWT,32,0.5,5,5,0.9876051312125881,0.34571615045845433,1.2437708702596593,0.47652303395565526,3
UD_English-EWT,32,0.5,5,6,0.6180531728761661,0.22700425855067374,0.41617161043001877,0.40996339737873644,3
UD_English-EWT,32,0.5,5,7,0.3301983668328092,0.11427266728509637,1.6365498116541863,0.8941118855619692,3
UD_English-EWT,32,0.5,5,8,0.3316126960195696,0.11545946328667057,1.5976296463245034,0.8962133345219607,3
UD_English-EWT,32,0.5,5,9,1.8231209905475432,0.6242354940192657,2.406806233150711,0.49478203873871024,3
UD_English-EWT,32,0.5,5,10,1.8068808916352268,0.6262082992471941,2.0224257466571576,0.3585895547178491,3
UD_English-EWT,32,0.5,5,11,0.9206046799031545,0.3220042160361763,1.8306779761701986,0.7394596188174788,3
UD_English-EWT,32,0.5,6,0,0.7793692942769801,0.26092068125554035,1.0551932349203932,0.6628346878675598,3
UD_English-EWT,32,0.5,6,1,0.7383985958979863,0.2531737163978803,0.9103581425352175,0.6312385228460821,3
UD_English-EWT,32,0.5,6,2,1.1087802934760604,0.3750909062901319,2.3144901503956383,0.7242669543770494,3
UD_English-EWT,32,0.5,6,3,0.5017319481840224,0.1691476733922002,1.9235424546216138,0.8621088292157933,3
UD_English-EWT,32,0.5,6,4,1.6970089524170089,0.5802753746982884,2.226544854066628,0.5079133805016459,3
UD_English-EWT,32,0.5,6,5,1.2904788026609924,0.44255262379826776,1.6690060932508148,0.5575346287088859,3
UD_English-EWT,32,0.5,6,6,0.9762499772134374,0.33923410798633585,1.9995134909567722,0.7414370176054957,3
UD_English-EWT,32,0.5,6,7,0.6046086998897281,0.20052671206880213,1.8349526613570735,0.8298671207982768,3
UD_English-EWT,32,0.5,6,8,0.6848316788537688,0.24827390934388718,0.4683518655638877,0.3361603406805864,3
UD_English-EWT,32,0.5,6,9,0.6278455706757708,0.23566046041975597,0.5018342050209723,0.24538944289300293,3
UD_English-EWT,32,0.5,6,10,0.7855663319917324,0.258670604313028,1.5096931081054858,0.7456919889089623,3
UD_English-EWT,32,0.5,6,11,0.604572136592941,0.20034946341620027,1.3396692804598633,0.7942784119173477,3
UD_English-EWT,32,0.5,7,0,0.6267543857703443,0.22430307422727128,0.5507382358439633,0.6749530704132195,3
UD_English-EWT,32,0.5,7,1,1.3845096673334665,0.4826486372997872,1.892623836795489,0.556833386047996,3
UD_English-EWT,32,0.5,7,2,0.7121900061997017,0.25475616698957615,1.1307229239066114,0.736130090562698,3
UD_English-EWT,32,0.5,7,3,0.8497006370870902,0.2831561300032946,1.707976245652131,0.7496950417377041,3
UD_English-EWT,32,0.5,7,4,0.3666565697741964,0.12851998433956327,1.624282295817343,0.8935448237455609,3
UD_English-EWT,32,0.5,7,5,0.40645354540377365,0.14026642741006703,1.9118969266749037,0.8872390715965156,3
UD_English-EWT,32,0.5,7,6,0.8271463013819007,0.2828621676462763,2.3486736140507385,0.8072880113901119,3
UD_English-EWT,32,0.5,7,7,0.5611749959054432,0.18616139507900695,0.8051107517954214,0.719964001361681,3
UD_English-EWT,32,0.5,7,8,0.4187635244268972,0.14722563497344912,1.6809586650659696,0.8782794354229025,3
UD_English-EWT,32,0.5,7,9,0.5206967651613316,0.1737182340868588,1.5882333725935123,0.8455544651531782,3
UD_English-EWT,32,0.5,7,10,0.7518096924615253,0.2676811686580853,0.9540054956773374,0.6415672257732606,3
UD_English-EWT,32,0.5,7,11,1.6338268857863216,0.5723672650543011,1.8525294202273008,0.4244564644863425,3
UD_English-EWT,32,0.5,8,0,1.2377782991471513,0.4255084662441524,2.0319178272411906,0.6544680097335457,3
UD_English-EWT,32,0.5,8,1,0.48998985857361815,0.17201174722702295,0.4786496177868738,0.531328868466974,3
UD_English-EWT,32,0.5,8,2,1.6260199792859549,0.563588626582013,2.1723238554645756,0.5196225408037177,3
UD_English-EWT,32,0.5,8,3,0.6582661819676504,0.22178204264648113,1.03379061086636,0.6966189603255094,3
UD_English-EWT,32,0.5,8,4,0.7710187839978597,0.261204380201488,1.5874701059526866,0.74736390169201,3
UD_English-EWT,32,0.5,8,5,0.8050971973063136,0.26519356763512314,1.34789877292617,0.6800639524730178,3
UD_English-EWT,32,0.5,8,6,0.2572753724058908,0.09427676110686743,0.19836293448984985,0.19401456670050288,3
UD_English-EWT,32,0.5,8,7,0.7696287299223067,0.2738518155739664,0.6636784197881357,0.42187623640281474,3
UD_English-EWT,32,0.5,8,8,0.6495366139415455,0.21629085526492317,1.4974142086093325,0.7717418100257388,3
UD_English-EWT,32,0.5,8,9,0.6828130698662745,0.22967441910224307,1.609498760169321,0.7871745912212275,3
UD_English-EWT,32,0.5,8,10,0.9922874417284907,0.3397278531464309,1.9653123150323477,0.7273082772375021,3
UD_English-EWT,32,0.5,8,11,0.7142847764673889,0.2576698022362438,1.9262562034777169,0.789901595569482,3
UD_English-EWT,32,0.5,9,0,1.3089122500793096,0.4612357605009137,1.6658845241495388,0.5489338912232652,3
UD_English-EWT,32,0.5,9,1,1.2897825272438304,0.46414763202520065,1.4703044791609212,0.43609279564468156,3
UD_English-EWT,32,0.5,9,2,1.316085491091936,0.463788275650749,1.787972806852806,0.5616479467648083,3
UD_English-EWT,32,0.5,9,3,0.6714591348882393,0.2243219973181785,1.2400387648377695,0.6993925842865352,3
UD_English-EWT,32,0.5,9,4,1.12700991745095,0.4126734656985008,1.2423628000695197,0.34706015318957834,3
UD_English-EWT,32,0.5,9,5,0.6564525802821627,0.22638301485358148,2.1654062267589658,0.8436749879345434,3
UD_English-EWT,32,0.5,9,6,0.3793040408170994,0.13274384423743268,1.4010364565394398,0.8696379959583282,3
UD_English-EWT,32,0.5,9,7,0.9647878353197283,0.3395303890729029,2.0761391198591674,0.7424038997520515,3
UD_English-EWT,32,0.5,9,8,0.7617799050508843,0.25808950277579984,1.6249996628510495,0.7734470577920721,3
UD_English-EWT,32,0.5,9,9,0.9481011634397376,0.32796535314615394,1.475814429598645,0.6805236987253899,3
UD_English-EWT,32,0.5,9,10,0.38493062393373084,0.13619681545722553,0.5261395487260881,0.6963383717180819,3
UD_English-EWT,32,0.5,9,11,1.289858142833458,0.4610279848301259,1.6497355206633744,0.47984112474137747,3
UD_English-EWT,32,0.5,10,0,0.8412814057823983,0.2902756277641087,1.3299502755442332,0.68990451900224,3
UD_English-EWT,32,0.5,10,1,0.8092491186184908,0.27822921623416147,1.137915023814595,0.6229048053579632,3
UD_English-EWT,32,0.5,10,2,1.289331353467996,0.46525502050775724,1.4856306854330124,0.4571804272380737,3
UD_English-EWT,32,0.5,10,3,1.346898242220527,0.4746770468840921,1.6073558795891822,0.4913450881553804,3
UD_English-EWT,32,0.5,10,4,1.9357051393373415,0.68489320023525,1.925204051879043,0.17526879251081298,3
UD_English-EWT,32,0.5,10,5,0.93502279469405,0.31386810778411395,1.6652251596822112,0.6272218512245649,3
UD_English-EWT,32,0.5,10,6,1.0313908390442965,0.35709700860738885,1.4822297548944767,0.6217578853292217,3
UD_English-EWT,32,0.5,10,7,0.4887230251042108,0.16339475446733318,1.6685654904510152,0.8365847316107463,3
UD_English-EWT,32,0.5,10,8,0.9138101386703646,0.33953051453526867,1.1869041743079278,0.4868036956884279,3
UD_English-EWT,32,0.5,10,9,1.0215880416455816,0.3657581317995861,1.1042760354899317,0.33814840941589824,3
UD_English-EWT,32,0.5,10,10,0.8369715238339479,0.2902686668810518,1.5361388021018119,0.725115195086365,3
UD_English-EWT,32,0.5,10,11,1.6054648404130083,0.5759332448646991,1.6098116140927992,0.18597882487751774,3
UD_English-EWT,32,0.5,11,0,2.107925862182468,0.7386223169275627,2.1896218788862662,0.253329658536461,3
UD_English-EWT,32,0.5,11,1,1.6641236042064396,0.5878677686676349,1.689315910425668,0.24662510657221592,3
UD_English-EWT,32,0.5,11,2,1.1109704040940886,0.3867819303784101,1.5565112320288934,0.5659742280162314,3
UD_English-EWT,32,0.5,11,3,1.8610554059292232,0.6547310590595323,1.8820626713294801,0.17620923564127242,3
UD_English-EWT,32,0.5,11,4,1.6967006314864792,0.6022244182593733,1.667631430432662,0.2118705437274375,3
UD_English-EWT,32,0.5,11,5,1.36383242001299,0.4864439424417269,1.2933295322124099,0.13748359409314012,3
UD_English-EWT,32,0.5,11,6,1.2846541294118963,0.4487614878417742,1.5768511234791118,0.4789625287720957,3
UD_English-EWT,32,0.5,11,7,1.5488193597265425,0.549127522313184,1.5714260684741908,0.2282097624020274,3
UD_English-EWT,32,0.5,11,8,0.9610246316918286,0.3480548527805478,1.0505077976000603,0.07352469595766649,3
UD_English-EWT,32,0.5,11,9,1.2752557441605787,0.4479416881811036,1.3401177884783522,0.34379688015323007,3
UD_English-EWT,32,0.5,11,10,1.3631417683303655,0.4812444884261087,1.316522970810899,0.13979649204465353,3
UD_English-EWT,32,0.5,11,11,1.6063832419708994,0.5678824991126218,1.6981348823789908,0.2862776416084154,3
UD_English-EWT,39,0.625,0,0,1.8765955072147384,0.6466999907138851,1.997268488620474,0.39632684820906716,3
UD_English-EWT,39,0.625,0,1,1.1548583181116914,0.4078011751615438,1.2276025711811522,0.07094812294330875,3
UD_English-EWT,39,0.625,0,2,2.1254081306181756,0.7406665854784785,2.056384864061365,0.23436475188754677,3
UD_English-EWT,39,0.625,0,3,0.36688373093993726,0.13512943695110258,0.32266299269808446,0.042089455178302655,3
UD_English-EWT,39,0.625,0,4,1.999336605297846,0.6969390767729283,2.126717406706732,0.31717461277349074,3
UD_English-EWT,39,0.625,0,5,1.357545179496426,0.47780354988236057,1.4421439016193751,0.17201219463486814,3
UD_English-EWT,39,0.625,0,6,2.0575849524612635,0.7226688610545532,2.0515335592524386,0.16296570759117332,3
UD_English-EWT,39,0.625,0,7,1.8111440635172613,0.6387802920696227,1.918516004454677,0.24741504090805902,3
UD_English-EWT,39,0.625,0,8,2.1918611664643923,0.7669431371672584,2.1313610227273028,0.1930336804147844,3
UD_English-EWT,39,0.625,0,9,2.5764428672460475,0.9072679656682455,2.6155776838570124,0.21829293934265337,3
UD_English-EWT,39,0.625,0,10,2.246786715934402,0.7903667516113485,2.1819088058122085,0.10351578274466951,3
UD_English-EWT,39,0.625,0,11,2.483748758805471,0.882618429813664,2.4020650435123723,0.07395717930829047,3
UD_English-EWT,39,0.625,1,0,0.973493905341039,0.3523508040725352,1.0049487215573671,0.08580531432795489,3
UD_English-EWT,39,0.625,1,1,0.6783871947769041,0.24912182826450965,0.6984940071493551,0.13259385545264746,3
UD_English-EWT,39,0.625,1,2,2.1764753505669003,0.7525616905441499,2.4630556567987676,0.27262362338032553,3
UD_English-EWT,39,0.625,1,3,2.468682987822427,0.8693819490242799,2.440670165479292,0.09478257493394171,3
UD_English-EWT,39,0.625,1,4,1.9910804861393132,0.7123316865271595,1.9537260861344679,0.056827295451863526,3
UD_English-EWT,39,0.625,1,5,2.2983945884448365,0.8117311904452849,2.259977466910263,0.10872747917288068,3
UD_English-EWT,39,0.625,1,6,2.12709313840054,0.7520386865631107,2.3428924527216046,0.27108939653788383,3
UD_English-EWT,39,0.625,1,7,2.4407368306416632,0.856223670288044,2.3906102499200235,0.11694147729930655,3
UD_English-EWT,39,0.625,1,8,2.535862923482728,0.8938046046192198,2.493140238556054,0.0601584678588949,3
UD_English-EWT,39,0.625,1,9,2.5385775468659966,0.896906391162744,2.495097335516212,0.14245495922229032,3
UD_English-EWT,39,0.625,1,10,2.171207682628232,0.7800016474833639,2.4403335566077726,0.2977287672622933,3
UD_English-EWT,39,0.625,1,11,1.193651516221206,0.4236642966424827,1.2201738586286268,0.09090208721504918,3
UD_English-EWT,39,0.625,2,0,1.186456248897021,0.425548309670771,1.150252507276874,0.08624481544651784,3
UD_English-EWT,39,0.625,2,1,0.31918526334749137,0.10573253356254679,1.846921665855227,0.8851738686932892,3
UD_English-EWT,39,0.625,2,2,0.14811758200719846,0.05748870353233256,0.14798487561970325,2.22171677473991e-05,3
UD_English-EWT,39,0.625,2,3,0.4787324695951409,0.16973236885974133,0.5987233479926278,0.1435291058696019,3
UD_English-EWT,39,0.625,2,4,0.8904480414366679,0.31858281985852815,0.9674568386351475,0.06036172679520275,3
UD_English-EWT,39,0.625,2,5,0.12222680113895819,0.04642742288459967,0.13605572184113504,0.10656833535998395,3
UD_English-EWT,39,0.625,2,6,1.5159133687642534,0.5322476975526903,1.6870175381827224,0.17401799528040196,3
UD_English-EWT,39,0.625,2,7,1.8626956153925651,0.640496773869998,1.9413362514695836,0.06885862065341751,3
UD_English-EWT,39,0.625,2,8,0.8179502631580027,0.29015320093079733,0.940780999393411,0.17773127530316377,3
UD_English-EWT,39,0.625,2,9,0.917133783544999,0.3222348550868635,1.076656768339362,0.1925030800077949,3
UD_English-EWT,39,0.625,2,10,0.9999556235039441,0.3534214268393339,1.1155285654905065,0.0688781248811015,3
UD_English-EWT,39,0.625,2,11,0.6681688193550744,0.23015676951288513,2.0870347975707446,0.8260775644379669,3
UD_English-EWT,39,0.625,3,0,1.1807478263377058,0.4081191809528028,1.6096667066786459,0.40403754434434663,3
UD_English-EWT,39,0.625,3,1,1.647203218592212,0.5759705616193657,1.7290627867091983,0.31685438892805784,3
UD_English-EWT,39,0.625,3,2,0.17146868324110823,0.06701049006371741,0.16800314077228742,0.07383501219973715,3
UD_English-EWT,39,0.625,3,3,0.5563592671303041,0.19539011136916354,0.8357516216124342,0.7496117528507619,3
UD_English-EWT,39,0.625,3,4,1.548876501701243,0.523305551478325,2.338600382914526,0.5716176699433061,3
UD_English-EWT,39,0.625,3,5,0.6048645022001206,0.19932408806837257,2.1390703112456966,0.8297431995797027,3
UD_English-EWT,39,0.625,3,6,1.12668336071549,0.40017163019603114,1.0950094370921235,0.2444082927577985,3
UD_English-EWT,39,0.625,3,7,0.8803161812746025,0.3105355332826027,0.8793419785865452,0.41838510030157905,3
UD_English-EWT,39,0.625,3,8,0.9902354042251037,0.34509715675833247,1.0655165091699808,0.3562436041164336,3
UD_English-EWT,39,0.625,3,9,1.0004219084448829,0.3393746517804514,1.453403581089878,0.5640082035709058,3
UD_English-EWT,39,0.625,3,10,1.683510843725478,0.5861554160863971,1.772713593527919,0.19899971382100837,3
UD_English-EWT,39,0.625,3,11,1.104342566501139,0.38230042469953357,1.2784827800776355,0.3700799896294431,3
UD_English-EWT,39,0.625,4,0,0.5104086625852872,0.17466180510054397,1.1188286954235076,0.8046422146790015,3
UD_English-EWT,39,0.625,4,1,1.160871477834948,0.4073119699886722,1.199872196114237,0.3168275892744706,3
UD_English-EWT,39,0.625,4,2,0.7193618259631872,0.24466439772746496,2.2345969734241837,0.8215424720951118,3
UD_English-EWT,39,0.625,4,3,0.5614601516237784,0.1877369622822623,1.4024588769413733,0.802916774034283,3
UD_English-EWT,39,0.625,4,4,1.2003806072044676,0.425194914345775,1.310643682456516,0.33954703308071926,3
UD_English-EWT,39,0.625,4,5,0.6964752939080171,0.23769529125662037,1.119039071035081,0.7304844603702453,3
UD_English-EWT,39,0.625,4,6,0.7817532990487438,0.2607321988871793,1.9833069998221318,0.7886583670593784,3
UD_English-EWT,39,0.625,4,7,1.3484113616750104,0.4842203948980006,1.2400335770758557,0.26147485918658897,3
UD_English-EWT,39,0.625,4,8,0.787058147929188,0.2691324958463845,2.1157975629216335,0.7963286502955172,3
UD_English-EWT,39,0.625,4,9,0.36258457255683746,0.12382150417740485,1.665807199757716,0.8883650810720708,3
UD_English-EWT,39,0.625,4,10,0.42507480675242637,0.14594517054735662,2.1503370482142072,0.8865203653582675,3
UD_English-EWT,39,0.625,4,11,0.13501914125444783,0.052443852908957846,0.13235628515997655,0.067213206521911,3
UD_English-EWT,39,0.625,5,0,0.5267524104327886,0.19513860882045653,0.45660590624711556,0.09996017205165991,3
UD_English-EWT,39,0.625,5,1,0.37889625961071244,0.13595234938864328,0.1815011969231873,0.3673012010033882,3
UD_English-EWT,39,0.625,5,2,0.5406741065826464,0.17862449435841876,1.3624189284058434,0.8140455244180282,3
UD_English-EWT,39,0.625,5,3,1.4883718281061489,0.5078045572530404,1.8851171892903107,0.44913294514681884,3
UD_English-EWT,39,0.625,5,4,0.6360244810146929,0.2129084899977962,1.0938651403632755,0.753291727157347,3
UD_English-EWT,39,0.625,5,5,0.9448790904711287,0.3345648138115714,1.061068081709205,0.4662057021480115,3
UD_English-EWT,39,0.625,5,6,0.5998984358675493,0.22036162944525406,0.3717461419860088,0.3726293997659275,3
UD_English-EWT,39,0.625,5,7,0.3231266398383186,0.11206173810503933,1.5641497056286626,0.8940346238283077,3
UD_English-EWT,39,0.625,5,8,0.31365640179842763,0.10991042136289847,1.5200643704725743,0.8995033590791438,3
UD_English-EWT,39,0.625,5,9,1.819473927735414,0.6260891768885487,2.3549683095924623,0.487504331812344,3
UD_English-EWT,39,0.625,5,10,1.7176324932111633,0.597904310545952,1.8876110200510652,0.35596218026787696,3
UD_English-EWT,39,0.625,5,11,0.8772186054585193,0.30660755426191694,1.767355966586993,0.7471805789078737,3
UD_English-EWT,39,0.625,6,0,0.7662978484914493,0.25619696254755603,1.0736751730379077,0.6726820739919154,3
UD_English-EWT,39,0.625,6,1,0.7496119222462937,0.25771010998746263,0.9340496598344249,0.6337344814600839,3
UD_English-EWT,39,0.625,6,2,1.165145863655052,0.39428444254892697,2.297200957011221,0.7058563586086958,3
UD_English-EWT,39,0.625,6,3,0.4837910286159355,0.1632166450657682,1.8946183317888847,0.86536650169634,3
UD_English-EWT,39,0.625,6,4,1.672070883825177,0.5702515440989162,2.1802181856662632,0.5061613232277348,3
UD_English-EWT,39,0.625,6,5,1.2355623985343833,0.4243091605698465,1.6040372765726512,0.5735472012752284,3
UD_English-EWT,39,0.625,6,6,0.9700776051682419,0.3364429286141803,1.9536533363584176,0.7391446720679818,3
UD_English-EWT,39,0.625,6,7,0.6249586340101039,0.20651929089721452,1.8225583031040724,0.821937184516198,3
UD_English-EWT,39,0.625,6,8,0.687955519920707,0.24971803767074707,0.4376644124438094,0.3054873046426201,3
UD_English-EWT,39,0.625,6,9,0.5606297021002283,0.20913298403063965,0.3997903792883095,0.1984665064596637,3
UD_English-EWT,39,0.625,6,10,0.7549736513900408,0.24825855125287868,1.5121595945568902,0.7563672649974379,3
UD_English-EWT,39,0.625,6,11,0.6057056583572714,0.2009453324554439,1.3057357155478717,0.7904640490592937,3
UD_English-EWT,39,0.625,7,0,0.616362135470565,0.21969093120972297,0.5543772767828896,0.6788302776429171,3
UD_English-EWT,39,0.625,7,1,1.4016226151574722,0.49209639594820026,1.7901159284979051,0.5226563964385152,3
UD_English-EWT,39,0.625,7,2,0.6490351022891225,0.23747457097178049,0.985132971578337,0.7461320767230024,3
UD_English-EWT,39,0.625,7,3,0.7889013027599274,0.2635738537725471,1.6724679197824284,0.7679800198622089,3
UD_English-EWT,39,0.625,7,4,0.3638523272722145,0.1273438173963812,1.6008244850325017,0.8925729645025969,3
UD_English-EWT,39,0.625,7,5,0.39597997500922516,0.13633907991310876,1.8951145148885271,0.8887144430033279,3
UD_English-EWT,39,0.625,7,6,0.8397676911890398,0.2875894193978206,2.327154021282665,0.8028552930917462,3
UD_English-EWT,39,0.625,7,7,0.5574198430700936,0.18451914948752646,0.8465170646476506,0.7302402982620594,3
UD_English-EWT,39,0.625,7,8,0.42404518469842406,0.14855919225419514,1.6482674799493102,0.8744472682150336,3
UD_English-EWT,39,0.625,7,9,0.5129137324654448,0.17095621040096343,1.558391400835119,0.8454818069554851,3
UD_English-EWT,39,0.625,7,10,0.7013406424438801,0.25368459018805706,0.7668022381409813,0.625123806732057,3
UD_English-EWT,39,0.625,7,11,1.545321552181287,0.5440860665873228,1.762003141185625,0.4426964030131182,3
UD_English-EWT,39,0.625,8,0,1.2448199473267154,0.4283462313764548,2.017201487565301,0.6515004576636794,3
UD_English-EWT,39,0.625,8,1,0.43149983692271315,0.14951163653748958,0.49273251826435543,0.6116055455974868,3
UD_English-EWT,39,0.625,8,2,1.584031596834108,0.5491528806125463,2.1620566852811476,0.527044146011273,3
UD_English-EWT,39,0.625,8,3,0.6055008114938149,0.20283302502311548,1.0687679806367947,0.7310195368441511,3
UD_English-EWT,39,0.625,8,4,0.6948691139062136,0.23547899859100865,1.5527808427104965,0.7701504243527605,3
UD_English-EWT,39,0.625,8,5,0.7541772305765249,0.24697565352906628,1.3590294285007296,0.7076039065103062,3
UD_English-EWT,39,0.625,8,6,0.2853010104887664,0.10196334173900441,0.21926339757365798,0.2502164870731861,3
UD_English-EWT,39,0.625,8,7,0.7675784715266394,0.27082080286579513,0.6862884089893547,0.4787845915634667,3
UD_English-EWT,39,0.625,8,8,0.585967336973016,0.19424801002046385,1.480272734778609,0.7910696606682732,3
UD_English-EWT,39,0.625,8,9,0.6204313354902581,0.20817885972330322,1.6022515932474632,0.8063887401139583,3
UD_English-EWT,39,0.625,8,10,0.9216511070063315,0.3159544787871926,1.899983277764911,0.7438090647314631,3
UD_English-EWT,39,0.625,8,11,0.6886195795905721,0.24635730362385544,1.9027338150094766,0.7966724846831003,3
UD_English-EWT,39,0.625,9,0,1.2519948634917837,0.4439983362599125,1.6167582313111135,0.5591848246780358,3
UD_English-EWT,39,0.625,9,1,1.2248349909709668,0.44323278624366297,1.4414145105360638,0.4641906596713434,3
UD_English-EWT,39,0.625,9,2,1.2582591635281923,0.44340533274949817,1.7441894530110023,0.569909242896163,3
UD_English-EWT,39,0.625,9,3,0.5767758159924675,0.18807815532575456,1.2072641648528573,0.74095483099828,3
UD_English-EWT,39,0.625,9,4,0.9935062621704868,0.36330428313665836,1.1585504891849607,0.3887676626023156,3
UD_English-EWT,39,0.625,9,5,0.6628584589517399,0.2288628408232366,2.1238207761978622,0.839827022944426,3
UD_English-EWT,39,0.625,9,6,0.3825570793859729,0.13490878273494367,1.3410860740449042,0.864836230684065,3
UD_English-EWT,39,0.625,9,7,0.9197811858765849,0.32391553488405805,2.0379467379905702,0.7503660973195387,3
UD_English-EWT,39,0.625,9,8,0.7433381169315135,0.25238298673425397,1.623953199044603,0.7785541261588724,3
UD_English-EWT,39,0.625,9,9,0.8906715916629154,0.3126004521561118,1.4176433070381265,0.6938593006796308,3
UD_English-EWT,39,0.625,9,10,0.3288524666482649,0.11508498027293597,0.5531586318884133,0.7324491134676777,3
UD_English-EWT,39,0.625,9,11,1.1374689584329916,0.40620971143436285,1.6322166000531888,0.5440831749559208,3
UD_English-EWT,39,0.625,10,0,0.8119118631103217,0.2801316346692692,1.316264023010251,0.7062460866456476,3
UD_English-EWT,39,0.625,10,1,0.8047018163991865,0.27934512049159604,1.1546221481150998,0.6372222990910429,3
UD_English-EWT,39,0.625,10,2,1.192447198313985,0.42875112240437013,1.460824630408122,0.5107900450016306,3
UD_English-EWT,39,0.625,10,3,1.3097698025961826,0.46082474349300906,1.6160070205714643,0.5165040768438676,3
UD_English-EWT,39,0.625,10,4,1.8721370495760812,0.6623661732345435,1.8938318269364605,0.21017483532774806,3
UD_English-EWT,39,0.625,10,5,0.750481321408862,0.24914220326962747,1.6062520954805428,0.689605620850848,3
UD_English-EWT,39,0.625,10,6,0.972841158933354,0.3371651741141551,1.4423562309141518,0.6460613305994287,3
UD_English-EWT,39,0.625,10,7,0.4311828710637539,0.14520359517403494,1.576071928949087,0.8476948468302986,3
UD_English-EWT,39,0.625,10,8,0.8461374634900597,0.3107594898917767,1.1957126415940256,0.5463486186895378,3
UD_English-EWT,39,0.625,10,9,0.9836259290358842,0.35036441546408614,1.1060180529436343,0.40112703761089263,3
UD_English-EWT,39,0.625,10,10,0.8262374346943501,0.28870703234175665,1.5390064800073322,0.7309104264569629,3
UD_English-EWT,39,0.625,10,11,1.5207450597772614,0.5452056991364226,1.5492881247688945,0.22406111388061814,3
UD_English-EWT,39,0.625,11,0,2.09259103311867,0.7330644922801598,2.1791564786369033,0.25058353638686987,3
UD_English-EWT,39,0.625,11,1,1.616178291376497,0.57215963574243,1.6399660637985596,0.2474293763798497,3
UD_English-EWT,39,0.625,11,2,1.1100775824286357,0.3895226184525605,1.5750704639352084,0.5743537178782167,3
UD_English-EWT,39,0.625,11,3,1.8011163809287527,0.6344690249220912,1.8555544049280588,0.19697186246684809,3
UD_English-EWT,39,0.625,11,4,1.6299885189761227,0.5780941311244451,1.5888031508318932,0.20634200345412682,3
UD_English-EWT,39,0.625,11,5,1.3248753383457117,0.4719806754191254,1.25183552717332,0.13576290512161468,3
UD_English-EWT,39,0.625,11,6,1.2699605927536288,0.4466591323888327,1.5450571781814857,0.47978673190665594,3
UD_English-EWT,39,0.625,11,7,1.516536085826102,0.5397116365005049,1.5340992982451802,0.23061173140128424,3
UD_English-EWT,39,0.625,11,8,0.8437313033803916,0.3023195023309863,0.9144466919128957,0.07205459894782072,3
UD_English-EWT,39,0.625,11,9,1.276842826512559,0.45137632981343484,1.3238373907360983,0.3364432635551695,3
UD_English-EWT,39,0.625,11,10,1.2840411295530765,0.4549652815645346,1.2054861942238306,0.12322317836695383,3
UD_English-EWT,39,0.625,11,11,1.5456745309690743,0.5496156607198289,1.6141042382013602,0.27714959242616954,3
UD_English-EWT,47,0.75,0,0,2.0538089575011873,0.7112916655273528,2.160800993863242,0.3452881731377924,3
UD_English-EWT,47,0.75,0,1,0.8657026013973524,0.3043839412844755,0.9354351533200246,0.0713781657347113,3
UD_English-EWT,47,0.75,0,2,2.270814685629365,0.7945959038139687,2.2121121463092734,0.19509109280128134,3
UD_English-EWT,47,0.75,0,3,0.350396780415908,0.1291678691327479,0.3090698877875379,0.046838800035220306,3
UD_English-EWT,47,0.75,0,4,2.1208913789040835,0.7424291764588639,2.194043974000248,0.2622542613896733,3
UD_English-EWT,47,0.75,0,5,1.1110420236754177,0.3913963155989208,1.1662142302074177,0.16898930696210737,3
UD_English-EWT,47,0.75,0,6,2.0602708990076635,0.7219653136634264,2.054010988991769,0.17552871440447362,3
UD_English-EWT,47,0.75,0,7,1.8400160432513293,0.6507923569374826,1.9118790894421072,0.21059563580242227,3
UD_English-EWT,47,0.75,0,8,2.275732028272634,0.7970671866373383,2.216568093590832,0.16665250936842002,3
UD_English-EWT,47,0.75,0,9,2.57979756121427,0.9084113331406817,2.6050392451724935,0.20846234687615883,3
UD_English-EWT,47,0.75,0,10,2.1531769688663585,0.7554554397460894,2.0826558091818526,0.10192766264572957,3
UD_English-EWT,47,0.75,0,11,2.4858751492422133,0.8831155966351943,2.4041827610390216,0.07807419540187537,3
UD_English-EWT,47,0.75,1,0,0.9556337529844273,0.3463588793600596,0.9906674267381484,0.07986049750397399,3
UD_English-EWT,47,0.75,1,1,0.669897025468028,0.2459920056728074,0.6887013373967728,0.12363223150840712,3
UD_English-EWT,47,0.75,1,2,2.0826582050931477,0.7202579653067754,2.3440718614447094,0.2617727071979848,3
UD_English-EWT,47,0.75,1,3,2.456895480770448,0.8660249635602101,2.4234985806360054,0.08067954986658157,3
UD_English-EWT,47,0.75,1,4,1.9721611239871042,0.7053148014989845,1.9343252178206904,0.0438482119148989,3
UD_English-EWT,47,0.75,1,5,2.22362232197395,0.7841302363431076,2.1852101936583526,0.09627639398891445,3
UD_English-EWT,47,0.75,1,6,2.1451567544691765,0.7571205787276548,2.2881107213881497,0.2315075667591966,3
UD_English-EWT,47,0.75,1,7,2.354212427399849,0.8237695559796654,2.295404866018853,0.1083360504832302,3
UD_English-EWT,47,0.75,1,8,2.5117432272607942,0.8854256312641041,2.470474796895555,0.05826092904110444,3
UD_English-EWT,47,0.75,1,9,2.5148860745416965,0.8864782462648053,2.4620293456728555,0.1323912352075858,3
UD_English-EWT,47,0.75,1,10,2.2044449917605666,0.7905463717138804,2.4342677174695857,0.277249739686017,3
UD_English-EWT,47,0.75,1,11,0.91599049351648,0.3248442802864085,0.9406499501032745,0.09080245695331342,3
UD_English-EWT,47,0.75,2,0,1.183721413622137,0.42391248585838587,1.1499301047761583,0.09532697416830534,3
UD_English-EWT,47,0.75,2,1,0.33130752110602724,0.10789026487353853,1.7810428569429233,0.8788836045099085,3
UD_English-EWT,47,0.75,2,2,0.12998402712305582,0.050693437170579,0.12978938440681995,3.263286645865412e-05,3
UD_English-EWT,47,0.75,2,3,0.49226744967310915,0.17403879696888894,0.6095710651362095,0.14471889538894014,3
UD_English-EWT,47,0.75,2,4,0.8828732080906901,0.31559073073971855,0.9519750444805469,0.06089073913477239,3
UD_English-EWT,47,0.75,2,5,0.11237281603901521,0.04254367922461208,0.12487264427115534,0.10597238068312799,3
UD_English-EWT,47,0.75,2,6,1.450079094150353,0.5081548468959901,1.60874731344712,0.1671333861891825,3
UD_English-EWT,47,0.75,2,7,1.8224212629058973,0.627492247611462,1.8952715526078787,0.06999336612259864,3
UD_English-EWT,47,0.75,2,8,0.7907050979376273,0.28011219841994245,0.9067635265855841,0.1735609992405566,3
UD_English-EWT,47,0.75,2,9,0.9307405154724591,0.3272410568985445,1.0796301996501634,0.18504072328391596,3
UD_English-EWT,47,0.75,2,10,0.8892047638395879,0.3133280497227842,1.0000864431696295,0.06887812250699231,3
UD_English-EWT,47,0.75,2,11,0.7146971120493985,0.2457785506312672,2.0753207640189726,0.8107022440607213,3
UD_English-EWT,47,0.75,3,0,1.107146192606681,0.3835767148195394,1.4094278220433356,0.35584361232030043,3
UD_English-EWT,47,0.75,3,1,1.5727982044233542,0.5486509801353084,1.7048062501112184,0.35102530345422484,3
UD_English-EWT,47,0.75,3,2,0.16570361884639942,0.06475836360949173,0.162156845750847,0.07234935356545362,3
UD_English-EWT,47,0.75,3,3,0.5131472307639043,0.18040991101687465,0.8095307916619956,0.7672440501537263,3
UD_English-EWT,47,0.75,3,4,1.5519849796709904,0.5260040779054113,2.2687946289560617,0.5582993028715987,3
UD_English-EWT,47,0.75,3,5,0.5793656868985658,0.19097677168436641,2.1261796614864266,0.8357424520783954,3
UD_English-EWT,47,0.75,3,6,1.0854893623696868,0.38476167144919593,1.059481457079369,0.26431269558631765,3
UD_English-EWT,47,0.75,3,7,0.8191432500417549,0.28812554715563526,0.8625203259764257,0.47059167660297807,3
UD_English-EWT,47,0.75,3,8,0.9555607522771657,0.33226316807126294,1.0392663486722606,0.37692912628039554,3
UD_English-EWT,47,0.75,3,9,0.8815663222813868,0.29867422338370914,1.3738262556723992,0.609636703275402,3
UD_English-EWT,47,0.75,3,10,1.643849175253744,0.5716475635771959,1.752848283324954,0.21669730990311895,3
UD_English-EWT,47,0.75,3,11,1.0720459338555788,0.37105390272574384,1.261107106922103,0.38964054330323356,3
UD_English-EWT,47,0.75,4,0,0.49243714007632106,0.16892061758832497,1.078558672864146,0.8073880468479923,3
UD_English-EWT,47,0.75,4,1,1.1392022163924407,0.39940600480902444,1.181549212320255,0.32988203145505923,3
UD_English-EWT,47,0.75,4,2,0.6841109857261723,0.23223829210380223,2.1977924345186715,0.8287342447780738,3
UD_English-EWT,47,0.75,4,3,0.54472370860328,0.18217985519420832,1.3729435257572946,0.8056034512668576,3
UD_English-EWT,47,0.75,4,4,1.0771316744807857,0.38312335719020757,1.1174824030048642,0.3347526622566315,3
UD_English-EWT,47,0.75,4,5,0.6685843081883611,0.22849147878646284,1.1222262860484464,0.7431114238088031,3
UD_English-EWT,47,0.75,4,6,0.7322528099264604,0.24419460368732826,1.9648656642339268,0.8010838264378911,3
UD_English-EWT,47,0.75,4,7,1.3030139335951951,0.46747665956195794,1.178122418120042,0.2819888666611443,3
UD_English-EWT,47,0.75,4,8,0.752593208518293,0.25731305169302043,2.083672334099077,0.8030846083234785,3
UD_English-EWT,47,0.75,4,9,0.35586372524744175,0.12156675770328294,1.6298752659032687,0.8882637840775409,3
UD_English-EWT,47,0.75,4,10,0.4184467952718826,0.1429667576545056,2.109891068305691,0.8873430137914387,3
UD_English-EWT,47,0.75,4,11,0.12411867023847711,0.048224239975635665,0.1214498517235812,0.06718593119553083,3
UD_English-EWT,47,0.75,5,0,0.5670416538479767,0.20893388719298453,0.4901412046889355,0.09450119441611148,3
UD_English-EWT,47,0.75,5,1,0.39076355982695676,0.14097307529145356,0.18882440734813277,0.3270648075827484,3
UD_English-EWT,47,0.75,5,2,0.5159026068009314,0.17061403477855283,1.3745676461736143,0.8240277366967149,3
UD_English-EWT,47,0.75,5,3,1.3716405639204388,0.464297359822907,1.8444636647329957,0.5014449473867407,3
UD_English-EWT,47,0.75,5,4,0.6180100226011432,0.20708138506395654,1.1058792036386353,0.764672173814804,3
UD_English-EWT,47,0.75,5,5,0.8895173147999307,0.31695353972672785,0.9040885852524275,0.4729973362022519,3
UD_English-EWT,47,0.75,5,6,0.5970369202435993,0.2194957465984981,0.3659937268221422,0.3577156401873789,3
UD_English-EWT,47,0.75,5,7,0.3143919110705292,0.10935969424683854,1.5198846050624641,0.8944495157737332,3
UD_English-EWT,47,0.75,5,8,0.2943495468377307,0.1038611502215203,1.4435123932329033,0.9029080890024077,3
UD_English-EWT,47,0.75,5,9,1.774526594535792,0.6104527879377794,2.29654785521152,0.49268602064805606,3
UD_English-EWT,47,0.75,5,10,1.6111441507718383,0.5598142640671983,1.7523442504890194,0.35838966042088355,3
UD_English-EWT,47,0.75,5,11,0.8472621095365079,0.296263856052489,1.7329212767776028,0.7525827391632919,3
UD_English-EWT,47,0.75,6,0,0.7490231985860726,0.2503795244213491,1.107737437976297,0.6887798626552623,3
UD_English-EWT,47,0.75,6,1,0.7463016596661781,0.2568165194608009,0.9715510529681417,0.6477122310080815,3
UD_English-EWT,47,0.75,6,2,1.224039936801232,0.4137776154901796,2.287257621305671,0.6866863074497013,3
UD_English-EWT,47,0.75,6,3,0.4624536087794165,0.15625431543561422,1.8751214074143947,0.869469256077525,3
UD_English-EWT,47,0.75,6,4,1.6568280245789848,0.5652813598666052,2.135806373695424,0.5011550896548291,3
UD_English-EWT,47,0.75,6,5,1.173917145670166,0.4037911681635074,1.5617637081658688,0.5959815614889011,3
UD_English-EWT,47,0.75,6,6,0.9591273331441297,0.3328177320854504,1.9193468548235346,0.7396229585337508,3
UD_English-EWT,47,0.75,6,7,0.6445767668657725,0.21235449907202644,1.822986116554785,0.8138071170215833,3
UD_English-EWT,47,0.75,6,8,0.7013191707255845,0.2538097711243997,0.44988552611897986,0.2930048694613581,3
UD_English-EWT,47,0.75,6,9,0.5270917513195718,0.19658676706548395,0.35488367819639505,0.17965167517924785,3
UD_English-EWT,47,0.75,6,10,0.7173337072188303,0.23568152543542867,1.518517744115033,0.7700833325394733,3
UD_English-EWT,47,0.75,6,11,0.5927319243373875,0.19667927247005093,1.2795972481424258,0.7916697050650047,3
UD_English-EWT,47,0.75,7,0,0.6198635675786622,0.22050083915246113,0.5986347111630744,0.6840322610459041,3
UD_English-EWT,47,0.75,7,1,1.400234796541093,0.49362406186697,1.6996292807365376,0.4976970361908711,3
UD_English-EWT,47,0.75,7,2,0.5563224267981308,0.2062706951669556,0.806417991941581,0.7673683264487862,3
UD_English-EWT,47,0.75,7,3,0.7139733845948196,0.23892996749241593,1.6573562241262862,0.7911697371925595,3
UD_English-EWT,47,0.75,7,4,0.3576984740929417,0.12549677295450293,1.590608461944892,0.8932902870228164,3
UD_English-EWT,47,0.75,7,5,0.3852044391176088,0.13259901157372203,1.8898069045094192,0.8907573852817,3
UD_English-EWT,47,0.75,7,6,0.8461243073796965,0.2899600476581954,2.301602540500394,0.7996171293661459,3
UD_English-EWT,47,0.75,7,7,0.5601764680174788,0.18531008276205604,0.9068392734967837,0.7411575000631353,3
UD_English-EWT,47,0.75,7,8,0.423699697890134,0.14819599100270095,1.6280446222462508,0.8728473003010498,3
UD_English-EWT,47,0.75,7,9,0.4962803118324454,0.16533836849828143,1.5506820117678146,0.8484594458086461,3
UD_English-EWT,47,0.75,7,10,0.6387161713480297,0.23260431012755114,0.6335581425909896,0.625708366773059,3
UD_English-EWT,47,0.75,7,11,1.4373297734501584,0.5067994270878102,1.6782801143947195,0.47727547360682526,3
UD_English-EWT,47,0.75,8,0,1.2749734920244291,0.43915979554348267,2.033347779094413,0.6438321277960619,3
UD_English-EWT,47,0.75,8,1,0.3881694028626463,0.13372679778287785,0.5484456184654343,0.6882678613012388,3
UD_English-EWT,47,0.75,8,2,1.5112165664958823,0.5237317267037208,2.1546727592339283,0.5492136516084111,3
UD_English-EWT,47,0.75,8,3,0.5597341016701717,0.18670040174708022,1.1237203804928748,0.7644110572115537,3
UD_English-EWT,47,0.75,8,4,0.6146132848573296,0.20903011795228946,1.5491327502796992,0.7980623342408943,3
UD_English-EWT,47,0.75,8,5,0.7187876473834063,0.2354951698093871,1.398889152770811,0.7330490738723449,3
UD_English-EWT,47,0.75,8,6,0.3502232302684262,0.12362999354490652,0.28020291098090583,0.3152928212693619,3
UD_English-EWT,47,0.75,8,7,0.7817651596062821,0.2743068233087816,0.7503319466673176,0.5370072225865337,3
UD_English-EWT,47,0.75,8,8,0.5214830972050709,0.17327266970230418,1.4894245009876121,0.8135535640740438,3
UD_English-EWT,47,0.75,8,9,0.5581821521476101,0.18725585044502346,1.6179356688738737,0.8265991547774313,3
UD_English-EWT,47,0.75,8,10,0.8362683328937311,0.28712633572569346,1.8445331661101898,0.7657225950873832,3
UD_English-EWT,47,0.75,8,11,0.6883733189496838,0.24515391670242348,1.895920580704247,0.7972062271366571,3
UD_English-EWT,47,0.75,9,0,1.1526891841995912,0.4098911566941374,1.5790946698036785,0.590510216838458,3
UD_English-EWT,47,0.75,9,1,1.1293467250949483,0.40958134093825255,1.4143711221022686,0.5134746144255979,3
UD_English-EWT,47,0.75,9,2,1.1656956911792737,0.41142975745305305,1.7126488513796707,0.596105436714729,3
UD_English-EWT,47,0.75,9,3,0.5239849769307185,0.16917361846355794,1.1986163192596593,0.7650999575853348,3
UD_English-EWT,47,0.75,9,4,0.8504731071695604,0.310202634016541,1.114491541936098,0.4643942930808593,3
UD_English-EWT,47,0.75,9,5,0.6610799796458585,0.22826662195696726,2.0941460772615965,0.8385052234748674,3
UD_English-EWT,47,0.75,9,6,0.37570250354951523,0.13295966268407503,1.3071014709865678,0.8653230528416747,3
UD_English-EWT,47,0.75,9,7,0.8514654960530811,0.2995280142374545,2.0093490575832096,0.76789627179422,3
UD_English-EWT,47,0.75,9,8,0.7099466642436107,0.24112916860772682,1.6315450499102282,0.7877000364965211,3
UD_English-EWT,47,0.75,9,9,0.7833548909450164,0.27641564666796664,1.3528823115623714,0.727580399148994,3
UD_English-EWT,47,0.75,9,10,0.2718210945031835,0.09435411156631908,0.6376533470980023,0.7807893440371654,3
UD_English-EWT,47,0.75,9,11,0.9676219676375281,0.3459900928167276,1.6217263174974417,0.6191476418353441,3
UD_English-EWT,47,0.75,10,0,0.7633139417712019,0.26289538572971344,1.320277781699036,0.7340227566211602,3
UD_English-EWT,47,0.75,10,1,0.7800270259237844,0.2722903513999031,1.176394760442426,0.664183278342468,3
UD_English-EWT,47,0.75,10,2,1.1130538622565391,0.39944892819241185,1.4655503414584856,0.5660339759455787,3
UD_English-EWT,47,0.75,10,3,1.2522968271906694,0.4402212697392396,1.6224513045072773,0.5511430725658851,3
UD_English-EWT,47,0.75,10,4,1.8015140404955285,0.6379148759104462,1.861731959930969,0.25261049757699716,3
UD_English-EWT,47,0.75,10,5,0.5692839523984539,0.18733589008604543,1.5598175573435853,0.7547453914265164,3
UD_English-EWT,47,0.75,10,6,0.8979514881744574,0.3109050755728436,1.4185706030862415,0.6812547605369369,3
UD_English-EWT,47,0.75,10,7,0.35835900351757993,0.12174102366638795,1.4892110913883359,0.8628973039935847,3
UD_English-EWT,47,0.75,10,8,0.8463565750091671,0.3093501433631998,1.2505273710196678,0.5876725579701866,3
UD_English-EWT,47,0.75,10,9,0.97754983176462,0.3484055026319934,1.1416831217394066,0.4645414854584768,3
UD_English-EWT,47,0.75,10,10,0.7806495226960365,0.27418301159560204,1.529817651719778,0.7495806554573264,3
UD_English-EWT,47,0.75,10,11,1.4374233123003242,0.5160861883990951,1.5004403205462926,0.2701386750738504,3
UD_English-EWT,47,0.75,11,0,2.0825897731253358,0.7296911446579929,2.179364512744063,0.25285775635140406,3
UD_English-EWT,47,0.75,11,1,1.5533158086742427,0.5502023245201922,1.5986232708983517,0.2713843067609221,3
UD_English-EWT,47,0.75,11,2,1.080063847061552,0.38024468757121976,1.6075551288918284,0.6012100678934752,3
UD_English-EWT,47,0.75,11,3,1.7330449413243538,0.6132265366385606,1.8333714777410357,0.23365162695819117,3
UD_English-EWT,47,0.75,11,4,1.563933777407436,0.5543445043080545,1.5224493549278308,0.210992362152171,3
UD_English-EWT,47,0.75,11,5,1.2794428997026766,0.45538971242539833,1.2125842938223388,0.15035629499863107,3
UD_English-EWT,47,0.75,11,6,1.2345417117757658,0.4355287927476798,1.5315121722107374,0.4920294121491344,3
UD_English-EWT,47,0.75,11,7,1.4595132173396959,0.5195591020558415,1.5023116135735657,0.2560040391807721,3
UD_English-EWT,47,0.75,11,8,0.7845543238431052,0.2798491204862288,0.8372920714454465,0.07021609287139008,3
UD_English-EWT,47,0.75,11,9,1.2613003021869502,0.44752772527725887,1.3277977895541269,0.34987356938347086,3
UD_English-EWT,47,0.75,11,10,1.1954733955390575,0.4242335546042731,1.110346919940089,0.13873672258712774,3
UD_English-EWT,47,0.75,11,11,1.4671248904071437,0.5231589326631422,1.5460042349302052,0.2921356845864236,3
UD_English-EWT,55,0.875,0,0,2.2394894125628775,0.7817633945030935,2.328849591409791,0.2938758663846713,3
UD_English-EWT,55,0.875,0,1,0.5556145607534532,0.1904598374049373,0.6221961378661037,0.07192645963062556,3
UD_English-EWT,55,0.875,0,2,2.412967764641852,0.8494299568620612,2.3626721925314222,0.15707185904483542,3
UD_English-EWT,55,0.875,0,3,0.33781344497165827,0.12394548595902072,0.2996126370646996,0.05418293785010355,3
UD_English-EWT,55,0.875,0,4,2.2372146603839647,0.78801603145039,2.25598412540441,0.20331306373344257,3
UD_English-EWT,55,0.875,0,5,0.8095347335636752,0.28243190431583937,0.8334582022074034,0.1652594097416665,3
UD_English-EWT,55,0.875,0,6,2.165160724021264,0.7589529162599996,2.158981772556982,0.18868263577957567,3
UD_English-EWT,55,0.875,0,7,1.8598831480806641,0.6600403634448899,1.9004415530433203,0.16976064084121492,3
UD_English-EWT,55,0.875,0,8,2.3779813226563467,0.8355105852961108,2.326579584232879,0.14187039369174392,3
UD_English-EWT,55,0.875,0,9,2.5934345465974515,0.91337714081084,2.6052970653348932,0.1961017787559993,3
UD_English-EWT,55,0.875,0,10,2.0488184583263105,0.7150394307937807,1.9730323530285734,0.09823615705714865,3
UD_English-EWT,55,0.875,0,11,2.497474248943433,0.8867033111155402,2.4172150362384777,0.08452976076356483,3
UD_English-EWT,55,0.875,1,0,0.9314675761050865,0.33793704167615185,0.9650602867938782,0.07462898422225984,3
UD_English-EWT,55,0.875,1,1,0.6714165837848339,0.24569500293503657,0.6904581170970191,0.11401856414132322,3
UD_English-EWT,55,0.875,1,2,1.9149458123089402,0.663152426936159,2.149573155032481,0.2564724693549814,3
UD_English-EWT,55,0.875,1,3,2.4320923478659817,0.8582537258814907,2.3944638780231684,0.06835125134439328,3
UD_English-EWT,55,0.875,1,4,1.9209622256254237,0.6856754503660579,1.8844103288780796,0.030749751321287766,3
UD_English-EWT,55,0.875,1,5,2.1148845819664785,0.7432501501359106,2.081983260796804,0.08895438617453293,3
UD_English-EWT,55,0.875,1,6,2.115172947365078,0.7440589734712951,2.189872391372648,0.1918797826221406,3
UD_English-EWT,55,0.875,1,7,2.1957883370432913,0.7664353118743805,2.1262624831446097,0.10943969638292118,3
UD_English-EWT,55,0.875,1,8,2.47553209528897,0.8727002392657973,2.4360135332537047,0.05873350336295696,3
UD_English-EWT,55,0.875,1,9,2.446013848176854,0.8594173673016069,2.38349350586615,0.12692380903622913,3
UD_English-EWT,55,0.875,1,10,2.2321622962834407,0.7999322494375812,2.417991033777296,0.2565584766639495,3
UD_English-EWT,55,0.875,1,11,0.6242325975557955,0.21790118679715906,0.6490391135751822,0.09000006035726878,3
UD_English-EWT,55,0.875,2,0,1.186510556708268,0.4242472524146013,1.156712905821036,0.10600502886876205,3
UD_English-EWT,55,0.875,2,1,0.3536964150167703,0.11379101636236351,1.7209842899145869,0.8711988907884162,3
UD_English-EWT,55,0.875,2,2,0.107995571141328,0.042621799307526846,0.10679432987106136,0.0005825669804700555,3
UD_English-EWT,55,0.875,2,3,0.5218512508102128,0.18465238728000047,0.6392332166704758,0.14489268906540043,3
UD_English-EWT,55,0.875,2,4,0.8776196310184693,0.31274177861392216,0.9371871331703251,0.06188089891870376,3
UD_English-EWT,55,0.875,2,5,0.10213991676907619,0.038268410691296176,0.11544335242751003,0.10914496116752385,3
UD_English-EWT,55,0.875,2,6,1.3974546468621611,0.4889480480648643,1.54771187043798,0.1632099545905146,3
UD_English-EWT,55,0.875,2,7,1.7278481827326158,0.5931668181600479,1.7948312929310652,0.0736891732216967,3
UD_English-EWT,55,0.875,2,8,0.7632677321184854,0.2692520140588083,0.8693644861081693,0.17092200768907947,3
UD_English-EWT,55,0.875,2,9,0.9526409399721141,0.33534720871374885,1.0938517929670588,0.17585521595525422,3
UD_English-EWT,55,0.875,2,10,0.759163714513583,0.2647295279844362,0.8670096656609537,0.06887812023297062,3
UD_English-EWT,55,0.875,2,11,0.7728275494456617,0.2655991417746811,2.0858073903346104,0.793243310083457,3
UD_English-EWT,55,0.875,3,0,1.019185514180821,0.35491554534736486,1.1551855980454249,0.3041373250737976,3
UD_English-EWT,55,0.875,3,1,1.4381940021011674,0.4973726669885572,1.6598088121642178,0.41359244349865554,3
UD_English-EWT,55,0.875,3,2,0.17276321783431134,0.06701737882129156,0.16955959214532038,0.07058051395814617,3
UD_English-EWT,55,0.875,3,3,0.4467649754401439,0.15770627583985058,0.8048905586121512,0.8010029621381577,3
UD_English-EWT,55,0.875,3,4,1.5492270842520266,0.5264001662112353,2.18160173246715,0.5462646477521552,3
UD_English-EWT,55,0.875,3,5,0.5732311216778443,0.18903762335448304,2.079676479101181,0.837489567181343,3
UD_English-EWT,55,0.875,3,6,1.043314053210513,0.369042862360449,1.021206223573841,0.2890877940171213,3
UD_English-EWT,55,0.875,3,7,0.7417027702341313,0.26094498969235547,0.8578673644578304,0.5426636865203064,3
UD_English-EWT,55,0.875,3,8,0.9073960249514093,0.31450411062367256,1.0088983595724097,0.4119852434416286,3
UD_English-EWT,55,0.875,3,9,0.7487789069952101,0.2537209031368141,1.2745214969272605,0.659834872381609,3
UD_English-EWT,55,0.875,3,10,1.5870026238059085,0.5517514551917395,1.7197544567409109,0.24297885725863969,3
UD_English-EWT,55,0.875,3,11,1.021986584995071,0.35365781400671326,1.2418535402916602,0.4221161303372514,3
UD_English-EWT,55,0.875,4,0,0.45733350822074387,0.15732800418758933,1.037798823256093,0.8189718130236332,3
UD_English-EWT,55,0.875,4,1,1.114963987377389,0.39097031391258635,1.1608722766484718,0.352660111753857,3
UD_English-EWT,55,0.875,4,2,0.692247518180498,0.2342433407729029,2.1578153693176576,0.8252577553681336,3
UD_English-EWT,55,0.875,4,3,0.5192375674110944,0.17383168049768358,1.3511790118582263,0.811480338252633,3
UD_English-EWT,55,0.875,4,4,0.9335729416683723,0.3333991183181016,0.860972809403429,0.3381363822042074,3
UD_English-EWT,55,0.875,4,5,0.6174104303148709,0.21164467907869247,1.1270494595685727,0.7682027425922332,3
UD_English-EWT,55,0.875,4,6,0.6840852137539665,0.22787066111169182,1.9527228733826638,0.8130997522091171,3
UD_English-EWT,55,0.875,4,7,1.26534606880069,0.45315054397960125,1.123079415227546,0.30620465535867303,3
UD_English-EWT,55,0.875,4,8,0.7576629234739123,0.25910811288633945,2.0453365666075918,0.799340841440121,3
UD_English-EWT,55,0.875,4,9,0.3500179176664961,0.11961702179143256,1.5939587072515096,0.8877038408226872,3
UD_English-EWT,55,0.875,4,10,0.43339355407326813,0.14743126897396844,2.0655140796564315,0.8836734457745578,3
UD_English-EWT,55,0.875,4,11,0.12296500928082482,0.04803340853063078,0.11917717129633319,0.06520953508430993,3
UD_English-EWT,55,0.875,5,0,0.6322500654012778,0.23262262292549696,0.5503577215831137,0.08080705009122635,3
UD_English-EWT,55,0.875,5,1,0.43454113491184887,0.15840084894492754,0.20904057366410456,0.30412036946928894,3
UD_English-EWT,55,0.875,5,2,0.4802005328713002,0.1589920369646838,1.39598630854558,0.8378267198638186,3
UD_English-EWT,55,0.875,5,3,1.2581632406008048,0.42272506160073053,1.788312292109856,0.5504484771698279,3
UD_English-EWT,55,0.875,5,4,0.583005923139973,0.1952281327501234,1.1277279232803374,0.7838871764300733,3
UD_English-EWT,55,0.875,5,5,0.8526059979189506,0.3074100151281783,0.7482377310811062,0.4612103706235931,3
UD_English-EWT,55,0.875,5,6,0.6194854463248739,0.2278415445465167,0.39533321766389745,0.35575659006566,3
UD_English-EWT,55,0.875,5,7,0.30449021029504925,0.10633601204114125,1.4786766090571122,0.8950447163838072,3
UD_English-EWT,55,0.875,5,8,0.274036415382704,0.09726384212751138,1.3396657307942708,0.9063778195550533,3
UD_English-EWT,55,0.875,5,9,1.7275623014308714,0.5956691210542622,2.218910909904157,0.4957710688285706,3
UD_English-EWT,55,0.875,5,10,1.5374834902706693,0.5345812240683276,1.6014360385677202,0.33495627372663045,3
UD_English-EWT,55,0.875,5,11,0.8188128291963445,0.2863143686404385,1.7117460351064124,0.759718709861103,3
UD_English-EWT,55,0.875,6,0,0.7160066170092055,0.23880511805140184,1.1571069378507592,0.7147899592373324,3
UD_English-EWT,55,0.875,6,1,0.7223732000817367,0.24931826280196834,1.0221824770579573,0.6822314117042745,3
UD_English-EWT,55,0.875,6,2,1.3021204599428697,0.4401537479067641,2.2797404621576782,0.6613028718528418,3
UD_English-EWT,55,0.875,6,3,0.4415928548463164,0.14946845859884275,1.867917399100267,0.8735153190316615,3
UD_English-EWT,55,0.875,6,4,1.6293842690184253,0.556335629789221,2.0840834697304746,0.4987754183931646,3
UD_English-EWT,55,0.875,6,5,1.1092141752414582,0.38239567272567504,1.529384206227266,0.6235999703163007,3
UD_English-EWT,55,0.875,6,6,0.9280638919909143,0.3223122425110226,1.8598317451815787,0.7449199392550195,3
UD_English-EWT,55,0.875,6,7,0.6626676631606233,0.21780133889795536,1.8210062053468492,0.8053294637924119,3
UD_English-EWT,55,0.875,6,8,0.7535373469736624,0.27292234929702264,0.4985907416254662,0.28513126427440044,3
UD_English-EWT,55,0.875,6,9,0.5089105644512698,0.18875676992324383,0.3274178171567687,0.18586659974220102,3
UD_English-EWT,55,0.875,6,10,0.6740737479105455,0.22160311638195282,1.5392688923873319,0.7860637266453497,3
UD_English-EWT,55,0.875,6,11,0.5605408603864941,0.18588399071613315,1.259813829007913,0.8008225470075625,3
UD_English-EWT,55,0.875,7,0,0.6279723004782352,0.22382200515476602,0.6754752916227925,0.6988901973774958,3
UD_English-EWT,55,0.875,7,1,1.3622245894429463,0.48392840546875554,1.5929152322000057,0.4829840246038359,3
UD_English-EWT,55,0.875,7,2,0.46162813848295065,0.17288700910762678,0.5650692247804289,0.7889702293635067,3
UD_English-EWT,55,0.875,7,3,0.6371960245846399,0.2137795581337658,1.6562951546712001,0.8145577879062768,3
UD_English-EWT,55,0.875,7,4,0.33621763529591875,0.11888338505315794,1.5994335676124407,0.8981345013896841,3
UD_English-EWT,55,0.875,7,5,0.3672687351730786,0.12682299931731367,1.8935076589195672,0.8944155876210913,3
UD_English-EWT,55,0.875,7,6,0.8251530265601823,0.28353914644492323,2.2650312439068636,0.8022747021066686,3
UD_English-EWT,55,0.875,7,7,0.5506686178020767,0.18258270728671702,0.9960315369123861,0.7631072808050284,3
UD_English-EWT,55,0.875,7,8,0.3968495409562505,0.1396004501084607,1.6146501152350385,0.8783271564866242,3
UD_English-EWT,55,0.875,7,9,0.4715818349943786,0.15735794698340277,1.551092973742329,0.854625495988706,3
UD_English-EWT,55,0.875,7,10,0.5804174395993976,0.21248445527281054,0.5376593122133249,0.6422089944934585,3
UD_English-EWT,55,0.875,7,11,1.318057852174632,0.4649642778279987,1.577024442522035,0.5167712856335176,3
UD_English-EWT,55,0.875,8,0,1.3265560591264283,0.45883655095013015,2.0581219679725193,0.6298851472731063,3
UD_English-EWT,55,0.875,8,1,0.33346614625791804,0.11497971197874703,0.6453246276839237,0.7734864725848364,3
UD_English-EWT,55,0.875,8,2,1.357815179804201,0.4713202108216286,2.147993120882246,0.6050335985755986,3
UD_English-EWT,55,0.875,8,3,0.5072210435848853,0.1691892127878417,1.1985345786685067,0.7991085797005447,3
UD_English-EWT,55,0.875,8,4,0.5135649951727882,0.17604587398383012,1.5567634701185973,0.8347626205784809,3
UD_English-EWT,55,0.875,8,5,0.6781821065244751,0.22260949785086823,1.4679297812703744,0.7621669155190985,3
UD_English-EWT,55,0.875,8,6,0.4510659697153461,0.1583411343999752,0.3846896514103566,0.4062879860709898,3
UD_English-EWT,55,0.875,8,7,0.7941515110025966,0.27798236849967434,0.849006759596544,0.5931176677997646,3
UD_English-EWT,55,0.875,8,8,0.423622298147699,0.14152451070548186,1.5168481235729976,0.8485489385321275,3
UD_English-EWT,55,0.875,8,9,0.49252089676879796,0.16564232182084096,1.652652205176692,0.8480917242761085,3
UD_English-EWT,55,0.875,8,10,0.7254946934218723,0.249772422886788,1.794160347004406,0.7957541854655156,3
UD_English-EWT,55,0.875,8,11,0.6711613213768967,0.23878090529353288,1.8969445831137275,0.8030508029493477,3
UD_English-EWT,55,0.875,9,0,1.008658204261614,0.3603013544518339,1.5290598946679486,0.6459418101361757,3
UD_English-EWT,55,0.875,9,1,1.0158430967744583,0.36932815574020017,1.388686445349987,0.5735371185972173,3
UD_English-EWT,55,0.875,9,2,1.0131128143064527,0.3576940657127576,1.6947516200483823,0.6573578435079431,3
UD_English-EWT,55,0.875,9,3,0.4924720750704645,0.15883704205863067,1.217594557935423,0.783540223967725,3
UD_English-EWT,55,0.875,9,4,0.6941670485940136,0.24951070460498448,1.1332012459038603,0.5966965760255337,3
UD_English-EWT,55,0.875,9,5,0.655134170786062,0.22659617896225956,2.065069129938202,0.8383348335279576,3
UD_English-EWT,55,0.875,9,6,0.36594343614613534,0.129505854838928,1.2872652845603085,0.8739254559595512,3
UD_English-EWT,55,0.875,9,7,0.7424921277428694,0.26108899993985735,1.9801951708146568,0.7989076590657452,3
UD_English-EWT,55,0.875,9,8,0.6576077365715104,0.22463775666590138,1.5995433764813811,0.8018216356526525,3
UD_English-EWT,55,0.875,9,9,0.6513449869004972,0.23050564593798914,1.2801719244114904,0.7749040224377358,3
UD_English-EWT,55,0.875,9,10,0.20230768163364468,0.06984682379290114,0.7728744986668934,0.8399999394388581,3
UD_English-EWT,55,0.875,9,11,0.7374461674638676,0.2633766219170633,1.6313198715556947,0.7244163231011513,3
UD_English-EWT,55,0.875,10,0,0.7079717739602257,0.2436104528090244,1.2900668990430175,0.7559161550740292,3
UD_English-EWT,55,0.875,10,1,0.7548889564333283,0.2653269743488673,1.1796045634583425,0.6822300132072255,3
UD_English-EWT,55,0.875,10,2,1.0273370377054414,0.3661861096063925,1.4573789151531316,0.6158297283401907,3
UD_English-EWT,55,0.875,10,3,1.1649069237795902,0.4080728121824386,1.6057857230767094,0.5944007188488877,3
UD_English-EWT,55,0.875,10,4,1.70602804564876,0.6042113861363314,1.8215986120570553,0.30541165913022605,3
UD_English-EWT,55,0.875,10,5,0.36522031761735035,0.11951857973354137,1.5003920546130622,0.8268321189072614,3
UD_English-EWT,55,0.875,10,6,0.820358273259386,0.2843159687267607,1.3567047022412002,0.7064041030102958,3
UD_English-EWT,55,0.875,10,7,0.2599479378173925,0.09013686778531942,1.3998810773908765,0.8874041700569442,3
UD_English-EWT,55,0.875,10,8,0.910836287643523,0.327756599403878,1.3019004532887528,0.5960210214737117,3
UD_English-EWT,55,0.875,10,9,0.9288406007005435,0.3318087312646623,1.152271924299512,0.5477174822824629,3
UD_English-EWT,55,0.875,10,10,0.7083265671204565,0.2506686986707829,1.4645746111164109,0.7716872460312314,3
UD_English-EWT,55,0.875,10,11,1.338879734413437,0.4809757136667121,1.4607602493983365,0.33718957204731326,3
UD_English-EWT,55,0.875,11,0,2.0609697925099906,0.7228933081893071,2.164257123876356,0.2517280224422315,3
UD_English-EWT,55,0.875,11,1,1.4688092106325596,0.5214107790332246,1.559238572915395,0.31439869991208486,3
UD_English-EWT,55,0.875,11,2,1.013566617736888,0.3575020386368754,1.6067297342411482,0.6393238161783835,3
UD_English-EWT,55,0.875,11,3,1.6202808309122514,0.5779482533108043,1.8045090755722561,0.30402679832924484,3
UD_English-EWT,55,0.875,11,4,1.5002055415283138,0.5309499671842494,1.4612883596404547,0.2176552978730192,3
UD_English-EWT,55,0.875,11,5,1.2353563203403424,0.43869842593116,1.1727343350241746,0.16538340155341033,3
UD_English-EWT,55,0.875,11,6,1.1758597476072,0.4155233778667284,1.5027167928186271,0.51319165074543,3
UD_English-EWT,55,0.875,11,7,1.3882492884912125,0.49492738650165463,1.462041160488715,0.29049332122164073,3
UD_English-EWT,55,0.875,11,8,0.7761076099692228,0.2732198801492451,0.8048659061965532,0.06747639342508056,3
UD_English-EWT,55,0.875,11,9,1.2272240045346414,0.4376638973752418,1.307622060003285,0.36019986770531415,3
UD_English-EWT,55,0.875,11,10,1.1097532892175603,0.39423203895333825,1.0206266998233637,0.1775169934762959,3
UD_English-EWT,55,0.875,11,11,1.3885852793988198,0.4961833158740622,1.5064374936272973,0.329910565429759,3
UD_English-EWT,63,1.0,0,0,2.4057939899423735,0.8450381284054106,2.4834899418666714,0.250593842012309,3
UD_English-EWT,63,1.0,0,1,0.29459949109011174,0.09554599674132193,0.3639498453465153,0.07254857327814514,3
UD_English-EWT,63,1.0,0,2,2.5294898894966624,0.8937990793421339,2.488206475158858,0.13062365251323566,3
UD_English-EWT,63,1.0,0,3,0.3409709439414447,0.12450869360943435,0.3049149312781262,0.06668101983714869,3
UD_English-EWT,63,1.0,0,4,2.3253570560549126,0.8227278278349147,2.3041245706094418,0.15516711623392632,3
UD_English-EWT,63,1.0,0,5,0.4981417867833433,0.1704962116175475,0.4763707118426943,0.16050839639406222,3
UD_English-EWT,63,1.0,0,6,2.47331437517385,0.872366435204143,2.4732416011596636,0.19945078445445807,3
UD_English-EWT,63,1.0,0,7,1.8543134712782063,0.6596635682424995,1.8603351777368555,0.13191966601021465,3
UD_English-EWT,63,1.0,0,8,2.479900532081479,0.8742180449192857,2.4426328241825104,0.12566213443610674,3
UD_English-EWT,63,1.0,0,9,2.6184064205227005,0.9225839820442555,2.620164858513191,0.18292833143295564,3
UD_English-EWT,63,1.0,0,10,1.9492517015973077,0.675885680984524,1.8704366005672133,0.09309986355470219,3
UD_English-EWT,63,1.0,0,11,2.5145848447182138,0.8925290529334474,2.437136183019544,0.09248765971755883,3
UD_English-EWT,63,1.0,1,0,0.9479039805264421,0.3448889749813631,0.980504601583129,0.07595993918392176,3
UD_English-EWT,63,1.0,1,1,0.7212536512095419,0.26378304167195143,0.7472797473841678,0.11099471300687702,3
UD_English-EWT,63,1.0,1,2,2.039631314860667,0.7093925520852234,2.393920824664538,0.3184079263827514,3
UD_English-EWT,63,1.0,1,3,2.484294421360141,0.8786604442658401,2.443422726268977,0.06231030522046682,3
UD_English-EWT,63,1.0,1,4,1.9285051011648335,0.6881458709276297,1.8890644258163014,0.02384350595781402,3
UD_English-EWT,63,1.0,1,5,2.0442354671779226,0.7176394916729794,2.047157873465715,0.09678615311852816,3
UD_English-EWT,63,1.0,1,6,2.0389331010847145,0.716914170164308,2.0603699040868895,0.1675184213154303,3
UD_English-EWT,63,1.0,1,7,2.4197937734628634,0.8507067264331231,2.411803619783433,0.18380484331521343,3
UD_English-EWT,63,1.0,1,8,2.4877974591294274,0.8755398566786067,2.4535672754212157,0.06254361992443612,3
UD_English-EWT,63,1.0,1,9,2.446556563015844,0.8606493870776631,2.4083171302015014,0.15393947865915755,3
UD_English-EWT,63,1.0,1,10,2.2505070552474162,0.8075176823632312,2.4298567405489626,0.2498217066190119,3
UD_English-EWT,63,1.0,1,11,0.4793375765477292,0.16459790243958805,0.5086846069173246,0.0879207337605945,3
UD_English-EWT,63,1.0,2,0,1.2557640376963901,0.4478624999657524,1.2613872891403939,0.1193718642233031,3
UD_English-EWT,63,1.0,2,1,0.4085212132786629,0.1357362158115157,1.8388014030261115,0.8786837812818464,3
UD_English-EWT,63,1.0,2,2,0.1937300434356423,0.07567411292624482,0.18747124305412255,0.003150519443386885,3
UD_English-EWT,63,1.0,2,3,0.5793649970345158,0.20435621082892827,0.6993771207625749,0.14706016071089875,3
UD_English-EWT,63,1.0,2,4,0.9103009805816119,0.3221410853974545,1.034794359503548,0.06729853672072128,3
UD_English-EWT,63,1.0,2,5,0.10810881221502805,0.03966129616339063,0.17545061660268915,0.13055094097908893,3
UD_English-EWT,63,1.0,2,6,1.4850224795155837,0.5220249787465525,1.6718134709068986,0.17095955587475678,3
UD_English-EWT,63,1.0,2,7,1.7513477863754077,0.5975307876249466,1.8248891223812365,0.08849202224201029,3
UD_English-EWT,63,1.0,2,8,0.7980173357808199,0.28086999821909003,0.9158131880838362,0.16728456115319593,3
UD_English-EWT,63,1.0,2,9,1.0371010970792485,0.3654550020006832,1.1991064618519747,0.1653354746681419,3
UD_English-EWT,63,1.0,2,10,0.6605843379292027,0.22669817678279866,0.7697536388178015,0.06887812088396339,3
UD_English-EWT,63,1.0,2,11,0.6994631984398337,0.2402176193056996,2.1562492930091146,0.8185019397019037,3
UD_English-EWT,63,1.0,3,0,0.860981760332819,0.3037788501668277,0.7824509322561853,0.31815021902404195,3
UD_English-EWT,63,1.0,3,1,1.2027191871909495,0.4121240204859711,1.5715664454985185,0.5243391968574518,3
UD_English-EWT,63,1.0,3,2,0.20767261582564134,0.08025170098954812,0.20228146477678757,0.06736181090390908,3
UD_English-EWT,63,1.0,3,3,0.3347681486989305,0.11970339354981292,0.8319257855659625,0.8596299024390394,3
UD_English-EWT,63,1.0,3,4,1.2945303379105089,0.43784495519141825,2.097420453333138,0.635569674273332,3
UD_English-EWT,63,1.0,3,5,0.4918409920821751,0.1618172891056044,2.056548867150734,0.86054733367077,3
UD_English-EWT,63,1.0,3,6,0.9911144997497074,0.35057252696585484,0.9936889979601556,0.34936850916981044,3
UD_English-EWT,63,1.0,3,7,0.5755448589925883,0.2024679375034993,0.8949722253559717,0.6901526461899931,3
UD_English-EWT,63,1.0,3,8,0.8532421235096911,0.2950714155422595,0.9946913255449853,0.4708219060745558,3
UD_English-EWT,63,1.0,3,9,0.5912323757151111,0.20082622866892982,1.1750141458351755,0.723183154001262,3
UD_English-EWT,63,1.0,3,10,1.4389928189294585,0.49662266697331753,1.6836722739081564,0.3168360813148065,3
UD_English-EWT,63,1.0,3,11,0.9032636212765194,0.3099557479054491,1.2476844894674306,0.5077664651526291,3
UD_English-EWT,63,1.0,4,0,0.4048394073472648,0.14016544063808475,1.030892895911235,0.8400298586634339,3
UD_English-EWT,63,1.0,4,1,1.0758837188690737,0.37625164304202197,1.1433141631343977,0.3915634607550144,3
UD_English-EWT,63,1.0,4,2,0.7469523109169932,0.24982753950983674,2.129468616240663,0.8112190690685491,3
UD_English-EWT,63,1.0,4,3,0.5034165065430227,0.16801303236736329,1.3754632644803146,0.8147405025656106,3
UD_English-EWT,63,1.0,4,4,0.7827883111160311,0.28245134933691873,0.5366712083093456,0.39001572750956637,3
UD_English-EWT,63,1.0,4,5,0.5206422667767181,0.17951062229182616,1.1639814603198422,0.8132583677280144,3
UD_English-EWT,63,1.0,4,6,0.5935278209587915,0.19695927906406716,1.9866049841779176,0.8372221681508211,3
UD_English-EWT,63,1.0,4,7,1.3157902504902719,0.4710541186738959,1.1713094572063352,0.3083508044705202,3
UD_English-EWT,63,1.0,4,8,0.8364951447303829,0.28323317593619723,2.039462330725675,0.7777616074664997,3
UD_English-EWT,63,1.0,4,9,0.36133647105488614,0.12283555511864037,1.5603509491177203,0.8831823898550591,3
UD_English-EWT,63,1.0,4,10,0.5110739884806461,0.17172848376096828,2.024612558506877,0.8666377753182187,3
UD_English-EWT,63,1.0,4,11,0.16589585529854062,0.0655479684903833,0.15759964116284106,0.05794406484692991,3
UD_English-EWT,63,1.0,5,0,0.7448276757705407,0.2719884546912279,0.6492336077279732,0.07802194564112162,3
UD_English-EWT,63,1.0,5,1,0.5175960875151913,0.1887004543950754,0.26715214033433,0.3349426160439279,3
UD_English-EWT,63,1.0,5,2,0.433693638468375,0.14354967208253236,1.4479499917701293,0.8554521049143838,3
UD_English-EWT,63,1.0,5,3,1.1904031327350544,0.3980109605461717,1.6969902902190153,0.5727962787298719,3
UD_English-EWT,63,1.0,5,4,0.534849868161105,0.17851233726853658,1.188111644747153,0.8107084326568197,3
UD_English-EWT,63,1.0,5,5,0.8251199089601392,0.3000153433937731,0.6191823622568058,0.41404194562935115,3
UD_English-EWT,63,1.0,5,6,0.6740322243320486,0.24718661088095217,0.4600798796272017,0.3522125527522237,3
UD_English-EWT,63,1.0,5,7,0.286658257653153,0.10079224839135181,1.473952083721187,0.8990839061027017,3
UD_English-EWT,63,1.0,5,8,0.25339200327305195,0.09061468847877997,1.2087717442238917,0.9106536676160625,3
UD_English-EWT,63,1.0,5,9,1.6076898233649508,0.5539610375809015,2.1549503137179413,0.5326936385426365,3
UD_English-EWT,63,1.0,5,10,1.4779828926090335,0.5141246457671148,1.4404852558029153,0.27256821620639393,3
UD_English-EWT,63,1.0,5,11,0.7143100161777168,0.2501288035448523,1.7238971062533845,0.7947246041454252,3
UD_English-EWT,63,1.0,6,0,0.6858618517350304,0.22670670080405853,1.253264142027318,0.7424796668639599,3
UD_English-EWT,63,1.0,6,1,0.6703897757160533,0.23250124779555834,1.1087533365019033,0.7364536050727458,3
UD_English-EWT,63,1.0,6,2,1.3386829590699711,0.45235006370940356,2.2632177769323514,0.6471832551347102,3
UD_English-EWT,63,1.0,6,3,0.4041453022000894,0.1368931445620888,1.8856343210883477,0.881743898564349,3
UD_English-EWT,63,1.0,6,4,1.5055630016522332,0.5134311995459362,2.029458606340846,0.5377543888619689,3
UD_English-EWT,63,1.0,6,5,1.045717857818786,0.3598758832137603,1.5540304844333825,0.6552171320781681,3
UD_English-EWT,63,1.0,6,6,0.7805882819363328,0.27182066394112003,1.78235853035919,0.7853373001670577,3
UD_English-EWT,63,1.0,6,7,0.6804171271744321,0.22223048929380815,1.8465460257126332,0.79792415366961,3
UD_English-EWT,63,1.0,6,8,0.8583957013455245,0.3090876124996445,0.6269061183506023,0.29146850482647213,3
UD_English-EWT,63,1.0,6,9,0.5541112328080532,0.2033693382065768,0.33605969509954664,0.23274807103711073,3
UD_English-EWT,63,1.0,6,10,0.6447204285265644,0.211462280802338,1.594579255808898,0.7973564552153395,3
UD_English-EWT,63,1.0,6,11,0.5451259156841723,0.179930505577941,1.2558875637220555,0.8046728660825823,3
UD_English-EWT,63,1.0,7,0,0.6484315149852486,0.23089999175803677,0.8241127630074819,0.723864467743316,3
UD_English-EWT,63,1.0,7,1,1.247275588209512,0.44444926653105643,1.5126416546399477,0.5214885590506382,3
UD_English-EWT,63,1.0,7,2,0.40105854854231976,0.1498630524003042,0.2418795263628816,0.7896929695957997,3
UD_English-EWT,63,1.0,7,3,0.5705687065959953,0.19147077612997854,1.6905200784323646,0.8354902851288436,3
UD_English-EWT,63,1.0,7,4,0.2994050984092749,0.10735769071027397,1.6399817027843715,0.9078109553440021,3
UD_English-EWT,63,1.0,7,5,0.3207263956508024,0.11192301935535703,1.9268995342684574,0.9044576214799465,3
UD_English-EWT,63,1.0,7,6,0.7163997065744113,0.24842056777325341,2.2402829002650058,0.8275403445535671,3
UD_English-EWT,63,1.0,7,7,0.5379079502136981,0.17880105202412735,1.1351700267179416,0.7913666168441539,3
UD_English-EWT,63,1.0,7,8,0.30777531047987805,0.11049304184064217,1.647502169583013,0.9022443549392002,3
UD_English-EWT,63,1.0,7,9,0.45576926656678074,0.15187818082973437,1.573129055359976,0.8603064189028871,3
UD_English-EWT,63,1.0,7,10,0.5514151853778975,0.2005103172789929,0.5154939246633665,0.6741201884515299,3
UD_English-EWT,63,1.0,7,11,1.2289366001069872,0.43115505525382636,1.482046418746964,0.541371952396273,3
UD_English-EWT,63,1.0,8,0,1.3581915502665474,0.4702672435280972,2.0901944580299605,0.6228232690708233,3
UD_English-EWT,63,1.0,8,1,0.27733614794716566,0.09646028540424388,0.8236925740385316,0.8579223369314372,3
UD_English-EWT,63,1.0,8,2,0.9998483242965787,0.34839490789002764,2.129478062925443,0.7331219484490124,3
UD_English-EWT,63,1.0,8,3,0.4663329867778418,0.15473274522979252,1.322549293112885,0.829464345111873,3
UD_English-EWT,63,1.0,8,4,0.4148120790557132,0.14388128589459034,1.611143651474369,0.8738005086372459,3
UD_English-EWT,63,1.0,8,5,0.6918377374894306,0.22834006325768472,1.5916709247671192,0.7787643555002134,3
UD_English-EWT,63,1.0,8,6,0.6036194642710555,0.21065210163155382,0.5727147807168668,0.5070005089573847,3
UD_English-EWT,63,1.0,8,7,0.8599747089577502,0.2988163602132948,1.0128289633354202,0.6210540338862137,3
UD_English-EWT,63,1.0,8,8,0.30351678675926125,0.1035965644172304,1.5959936873020368,0.8924489450422141,3
UD_English-EWT,63,1.0,8,9,0.41486310661653353,0.1405442742958917,1.7362553925950668,0.8743238398611871,3
UD_English-EWT,63,1.0,8,10,0.5602158606255967,0.193731187353831,1.739374364741513,0.8419065348437575,3
UD_English-EWT,63,1.0,8,11,0.5297541788936965,0.18929160845561602,1.912925333761778,0.8458235451106817,3
UD_English-EWT,63,1.0,9,0,0.8361915400852271,0.2999385669335664,1.5046048591045735,0.730726471852735,3
UD_English-EWT,63,1.0,9,1,0.9429479596393356,0.3426485067604033,1.3992888030132962,0.6291492478769334,3
UD_English-EWT,63,1.0,9,2,0.7978231681337773,0.2827038019473064,1.6960786882319736,0.7575634016039593,3
UD_English-EWT,63,1.0,9,3,0.5455762480418681,0.1765586701639211,1.2821410388731567,0.7697979101066381,3
UD_English-EWT,63,1.0,9,4,0.5537686654127361,0.19652925392712464,1.206793661163153,0.7846250641948539,3
UD_English-EWT,63,1.0,9,5,0.6624510607025662,0.22900337064079387,2.0524780011730765,0.8359520189423378,3
UD_English-EWT,63,1.0,9,6,0.36750554185503165,0.12908008700225712,1.3252999464182253,0.8961212131820742,3
UD_English-EWT,63,1.0,9,7,0.5876118970698998,0.2084926201102558,1.9494431726430934,0.8435608473469,3
UD_English-EWT,63,1.0,9,8,0.5698582916393307,0.19705254036365713,1.5392794996255734,0.8258301246035945,3
UD_English-EWT,63,1.0,9,9,0.5022238133872141,0.1757857602289099,1.218675599804993,0.8413018339155801,3
UD_English-EWT,63,1.0,9,10,0.1135728895089136,0.039492047999922945,0.9499148472003598,0.9138475290087403,3
UD_English-EWT,63,1.0,9,11,0.4649328433302908,0.16827300368172693,1.6912628100788007,0.8542181213533944,3
UD_English-EWT,63,1.0,10,0,0.6131158484848308,0.211052887291956,1.247842911081236,0.7956351490864337,3
UD_English-EWT,63,1.0,10,1,0.7308751473539189,0.2571311645762866,1.1654674245726542,0.7028841547708694,3
UD_English-EWT,63,1.0,10,2,0.9739271021280133,0.34457406618087477,1.4342001793000216,0.6471028965923304,3
UD_English-EWT,63,1.0,10,3,1.0440584153873347,0.363870096342555,1.567277063926061,0.6489740742441735,3
UD_English-EWT,63,1.0,10,4,1.591335951264113,0.5657456020177918,1.7973474867519785,0.3764307202130068,3
UD_English-EWT,63,1.0,10,5,0.14858407367407625,0.0487343580043329,1.545576054093942,0.906100336482616,3
UD_English-EWT,63,1.0,10,6,0.7181941298513465,0.24942680920967167,1.2832503054759217,0.7427461683098736,3
UD_English-EWT,63,1.0,10,7,0.12791497145825234,0.04685619482749185,1.3131549136479044,0.9250369340669914,3
UD_English-EWT,63,1.0,10,8,1.102804296166519,0.3932329824220669,1.3687260750212955,0.5390184730535648,3
UD_English-EWT,63,1.0,10,9,0.8205076787071149,0.29636741514750925,1.13373601986248,0.6340955034142635,3
UD_English-EWT,63,1.0,10,10,0.5780188601077254,0.2054732306905637,1.3368934441785345,0.8110721018470701,3
UD_English-EWT,63,1.0,10,11,1.2063363171666046,0.4360447811640648,1.4276330352969506,0.43599893482493574,3
UD_English-EWT,63,1.0,11,0,2.0136580058460027,0.707261520257196,2.1348222499825265,0.258074904613889,3
UD_English-EWT,63,1.0,11,1,1.377656780590451,0.49223162998371145,1.5497755532056257,0.37853470952580864,3
UD_English-EWT,63,1.0,11,2,0.9038115760179165,0.3219599636649201,1.6010978694781255,0.696356043708129,3
UD_English-EWT,63,1.0,11,3,1.4287063258756054,0.5165496738626285,1.7824990440750383,0.42478769426259505,3
UD_English-EWT,63,1.0,11,4,1.4540784179431494,0.5136963331241813,1.4152613049525706,0.20703397657788394,3
UD_English-EWT,63,1.0,11,5,1.2439798218467848,0.4429234701166352,1.1837445483263074,0.18568727970721274,3
UD_English-EWT,63,1.0,11,6,1.119889112891721,0.3989302256867531,1.5093987247005838,0.5331921527783076,3
UD_English-EWT,63,1.0,11,7,1.3398457049020653,0.4799823835537533,1.4428520287728048,0.33129944905760833,3
UD_English-EWT,63,1.0,11,8,0.8510607073256553,0.298887015139381,0.8621112885655927,0.06761883726837165,3
UD_English-EWT,63,1.0,11,9,1.2051527021768316,0.4323032162608962,1.2686106764553675,0.35350119161719834,3
UD_English-EWT,63,1.0,11,10,1.0128618783312417,0.3624813742290393,0.9786348307474716,0.30731870562647334,3
UD_English-EWT,63,1.0,11,11,1.323478718476543,0.47348708529141326,1.5131082448070166,0.3880237854579514,3
