relation,layer,head,accuracy_select,n_correct_select,n_total_select,accuracy_test,n_correct_test,n_total_test,accuracy_dev,n_correct_dev,n_total_dev
object_to_verb,0,0,0.022893772893772892,100,4368,0.014883720930232559,16,1075,0.018518518518518517,20,1080
object_to_verb,0,1,0.19276556776556777,842,4368,0.19162790697674417,206,1075,0.1925925925925926,208,1080
object_to_verb,0,2,0.018543956043956044,81,4368,0.01581395348837209,17,1075,0.013888888888888888,15,1080
object_to_verb,0,3,0.22321428571428573,975,4368,0.25302325581395346,272,1075,0.22685185185185186,245,1080
object_to_verb,0,4,0.030677655677655676,134,4368,0.03627906976744186,39,1075,0.03148148148148148,34,1080
object_to_verb,0,5,0.18887362637362637,825,4368,0.15255813953488373,164,1075,0.18703703703703703,202,1080
object_to_verb,0,6,0.3301282051282051,1442,4368,0.35348837209302325,380,1075,0.3212962962962963,347,1080
object_to_verb,0,7,0.46222527472527475,2019,4368,0.47069767441860466,506,1075,0.44722222222222224,483,1080
object_to_verb,0,8,0.027930402930402932,122,4368,0.03162790697674418,34,1075,0.01574074074074074,17,1080
object_to_verb,0,9,0.0086996336996337,38,4368,0.009302325581395349,10,1075,0.011111111111111112,12,1080
object_to_verb,0,10,0.09478021978021978,414,4368,0.09767441860465116,105,1075,0.07037037037037037,76,1080
object_to_verb,0,11,0.3076923076923077,1344,4368,0.32372093023255816,348,1075,0.31851851851851853,344,1080
object_to_verb,0,12,0.4397893772893773,1921,4368,0.44465116279069766,478,1075,0.4537037037037037,490,1080
object_to_verb,0,13,0.15178571428571427,663,4368,0.15441860465116278,166,1075,0.1361111111111111,147,1080
object_to_verb,0,14,0.04899267399267399,214,4368,0.037209302325581395,40,1075,0.044444444444444446,48,1080
object_to_verb,0,15,0.1652930402930403,722,4368,0.18046511627906978,194,1075,0.16018518518518518,173,1080
object_to_verb,0,16,0.35233516483516486,1539,4368,0.3395348837209302,365,1075,0.33611111111111114,363,1080
object_to_verb,0,17,0.026556776556776556,116,4368,0.025116279069767444,27,1075,0.026851851851851852,29,1080
object_to_verb,0,18,0.07348901098901099,321,4368,0.061395348837209304,66,1075,0.07777777777777778,84,1080
object_to_verb,0,19,0.06593406593406594,288,4368,0.07255813953488371,78,1075,0.05462962962962963,59,1080
object_to_verb,0,20,0.06547619047619048,286,4368,0.06511627906976744,70,1075,0.06111111111111111,66,1080
object_to_verb,0,21,0.2216117216117216,968,4368,0.22604651162790698,243,1075,0.21296296296296297,230,1080
object_to_verb,0,22,0.007097069597069597,31,4368,0.011162790697674419,12,1075,0.011111111111111112,12,1080
object_to_verb,0,23,0.50503663003663,2206,4368,0.4846511627906977,521,1075,0.475,513,1080
object_to_verb,0,24,0.48626373626373626,2124,4368,0.46511627906976744,500,1075,0.45740740740740743,494,1080
object_to_verb,0,25,0.07188644688644688,314,4368,0.07162790697674419,77,1075,0.07314814814814814,79,1080
object_to_verb,0,26,0.5057234432234432,2209,4368,0.4790697674418605,515,1075,0.4787037037037037,517,1080
object_to_verb,0,27,0.06524725274725275,285,4368,0.07627906976744186,82,1075,0.0712962962962963,77,1080
object_to_verb,1,0,0.15407509157509158,673,4368,0.14790697674418604,159,1075,0.14814814814814814,160,1080
object_to_verb,1,1,0.061813186813186816,270,4368,0.07906976744186046,85,1075,0.04351851851851852,47,1080
object_to_verb,1,2,0.06021062271062271,263,4368,0.06976744186046512,75,1075,0.06666666666666667,72,1080
object_to_verb,1,3,0.4965659340659341,2169,4368,0.4613953488372093,496,1075,0.4675925925925926,505,1080
object_to_verb,1,4,0.057005494505494504,249,4368,0.05023255813953489,54,1075,0.05462962962962963,59,1080
object_to_verb,1,5,0.05952380952380952,260,4368,0.0641860465116279,69,1075,0.06574074074074074,71,1080
object_to_verb,1,6,0.0022893772893772895,10,4368,0.004651162790697674,5,1075,0.003703703703703704,4,1080
object_to_verb,1,7,0.11355311355311355,496,4368,0.13116279069767442,141,1075,0.11944444444444445,129,1080
object_to_verb,1,8,0.0011446886446886447,5,4368,0.0018604651162790699,2,1075,0.001851851851851852,2,1080
object_to_verb,1,9,0.004120879120879121,18,4368,0.0027906976744186047,3,1075,0.008333333333333333,9,1080
object_to_verb,1,10,0.1875,819,4368,0.20465116279069767,220,1075,0.2037037037037037,220,1080
object_to_verb,1,11,0.32394688644688646,1415,4368,0.3497674418604651,376,1075,0.3148148148148148,340,1080
object_to_verb,1,12,0.4249084249084249,1856,4368,0.43348837209302327,466,1075,0.41944444444444445,453,1080
object_to_verb,1,13,0.0016025641025641025,7,4368,0.0018604651162790699,2,1075,0.001851851851851852,2,1080
object_to_verb,1,14,0.4310897435897436,1883,4368,0.4493023255813953,483,1075,0.4212962962962963,455,1080
object_to_verb,1,15,0.33195970695970695,1450,4368,0.35627906976744184,383,1075,0.32222222222222224,348,1080
object_to_verb,1,16,0.20146520146520147,880,4368,0.1888372093023256,203,1075,0.17962962962962964,194,1080
object_to_verb,1,17,0.2909798534798535,1271,4368,0.31534883720930235,339,1075,0.29444444444444445,318,1080
object_to_verb,1,18,0.2944139194139194,1286,4368,0.3041860465116279,327,1075,0.2962962962962963,320,1080
object_to_verb,1,19,0.42628205128205127,1862,4368,0.43627906976744185,469,1075,0.40925925925925927,442,1080
object_to_verb,1,20,0.4194139194139194,1832,4368,0.3841860465116279,413,1075,0.3962962962962963,428,1080
object_to_verb,1,21,0.0027472527472527475,12,4368,0.0027906976744186047,3,1075,0.003703703703703704,4,1080
object_to_verb,1,22,0.07463369963369963,326,4368,0.06883720930232558,74,1075,0.06944444444444445,75,1080
object_to_verb,1,23,0.31547619047619047,1378,4368,0.3404651162790698,366,1075,0.31203703703703706,337,1080
object_to_verb,1,24,0.33104395604395603,1446,4368,0.347906976744186,374,1075,0.32314814814814813,349,1080
object_to_verb,1,25,0.020604395604395604,90,4368,0.022325581395348838,24,1075,0.022222222222222223,24,1080
object_to_verb,1,26,0.07898351648351648,345,4368,0.08372093023255814,90,1075,0.08981481481481482,97,1080
object_to_verb,1,27,0.1401098901098901,612,4368,0.16372093023255813,176,1075,0.1259259259259259,136,1080
object_to_verb,2,0,0.005952380952380952,26,4368,0.0065116279069767444,7,1075,0.005555555555555556,6,1080
object_to_verb,2,1,0.04624542124542125,202,4368,0.044651162790697675,48,1075,0.037037037037037035,40,1080
object_to_verb,2,2,0.35233516483516486,1539,4368,0.3581395348837209,385,1075,0.34814814814814815,376,1080
object_to_verb,2,3,0.18543956043956045,810,4368,0.173953488372093,187,1075,0.1675925925925926,181,1080
object_to_verb,2,4,0.0022893772893772895,10,4368,0.004651162790697674,5,1075,0.004629629629629629,5,1080
object_to_verb,2,5,0.31112637362637363,1359,4368,0.3172093023255814,341,1075,0.31666666666666665,342,1080
object_to_verb,2,6,0.25892857142857145,1131,4368,0.28186046511627905,303,1075,0.2490740740740741,269,1080
object_to_verb,2,7,0.7426739926739927,3244,4368,0.7237209302325581,778,1075,0.7379629629629629,797,1080
object_to_verb,2,8,0.09592490842490843,419,4368,0.09488372093023256,102,1075,0.09166666666666666,99,1080
object_to_verb,2,9,0.09317765567765568,407,4368,0.08372093023255814,90,1075,0.07407407407407407,80,1080
object_to_verb,2,10,0.6318681318681318,2760,4368,0.6465116279069767,695,1075,0.6425925925925926,694,1080
object_to_verb,2,11,0.8070054945054945,3525,4368,0.8,860,1075,0.8083333333333333,873,1080
object_to_verb,2,12,0.27793040293040294,1214,4368,0.24930232558139534,268,1075,0.2824074074074074,305,1080
object_to_verb,2,13,0.5652472527472527,2469,4368,0.5618604651162791,604,1075,0.5527777777777778,597,1080
object_to_verb,2,14,0.021749084249084248,95,4368,0.012093023255813953,13,1075,0.024074074074074074,26,1080
object_to_verb,2,15,0.05929487179487179,259,4368,0.052093023255813956,56,1075,0.06666666666666667,72,1080
object_to_verb,2,16,0.01304945054945055,57,4368,0.018604651162790697,20,1075,0.016666666666666666,18,1080
object_to_verb,2,17,0.00434981684981685,19,4368,0.0037209302325581397,4,1075,0.002777777777777778,3,1080
object_to_verb,2,18,0.0016025641025641025,7,4368,0.004651162790697674,5,1075,0.004629629629629629,5,1080
object_to_verb,2,19,0.059981684981684984,262,4368,0.059534883720930236,64,1075,0.06759259259259259,73,1080
object_to_verb,2,20,0.07738095238095238,338,4368,0.07348837209302325,79,1075,0.06944444444444445,75,1080
object_to_verb,2,21,0.0013736263736263737,6,4368,0.0065116279069767444,7,1075,0.003703703703703704,4,1080
object_to_verb,2,22,0.0173992673992674,76,4368,0.023255813953488372,25,1075,0.016666666666666666,18,1080
object_to_verb,2,23,0.08081501831501832,353,4368,0.07534883720930233,81,1075,0.06574074074074074,71,1080
object_to_verb,2,24,0.008241758241758242,36,4368,0.008372093023255815,9,1075,0.009259259259259259,10,1080
object_to_verb,2,25,0.11858974358974358,518,4368,0.10511627906976745,113,1075,0.09537037037037037,103,1080
object_to_verb,2,26,0.0016025641025641025,7,4368,0.0018604651162790699,2,1075,0.002777777777777778,3,1080
object_to_verb,2,27,0.17536630036630035,766,4368,0.18511627906976744,199,1075,0.1537037037037037,166,1080
object_to_verb,3,0,0.003891941391941392,17,4368,0.0027906976744186047,3,1075,0.004629629629629629,5,1080
object_to_verb,3,1,0.2724358974358974,1190,4368,0.2986046511627907,321,1075,0.2796296296296296,302,1080
object_to_verb,3,2,0.010302197802197802,45,4368,0.011162790697674419,12,1075,0.012962962962962963,14,1080
object_to_verb,3,3,0.13163919413919414,575,4368,0.14790697674418604,159,1075,0.12314814814814815,133,1080
object_to_verb,3,4,0.5673076923076923,2478,4368,0.5609302325581396,603,1075,0.5694444444444444,615,1080
object_to_verb,3,5,0.046703296703296704,204,4368,0.06697674418604652,72,1075,0.049074074074074076,53,1080
object_to_verb,3,6,0.7522893772893773,3286,4368,0.7469767441860465,803,1075,0.7351851851851852,794,1080
object_to_verb,3,7,0.1336996336996337,584,4368,0.13488372093023257,145,1075,0.13796296296296295,149,1080
object_to_verb,3,8,0.002976190476190476,13,4368,0.0037209302325581397,4,1075,0.005555555555555556,6,1080
object_to_verb,3,9,0.2445054945054945,1068,4368,0.23813953488372094,256,1075,0.2324074074074074,251,1080
object_to_verb,3,10,0.3390567765567766,1481,4368,0.36465116279069765,392,1075,0.3296296296296296,356,1080
object_to_verb,3,11,0.025412087912087912,111,4368,0.023255813953488372,25,1075,0.019444444444444445,21,1080
object_to_verb,3,12,0.005265567765567766,23,4368,0.0065116279069767444,7,1075,0.008333333333333333,9,1080
object_to_verb,3,13,0.10004578754578755,437,4368,0.08465116279069768,91,1075,0.08333333333333333,90,1080
object_to_verb,3,14,0.07486263736263736,327,4368,0.07441860465116279,80,1075,0.07407407407407407,80,1080
object_to_verb,3,15,0.1652930402930403,722,4368,0.15906976744186047,171,1075,0.14722222222222223,159,1080
object_to_verb,3,16,0.031135531135531136,136,4368,0.037209302325581395,40,1075,0.03518518518518519,38,1080
object_to_verb,3,17,0.3630952380952381,1586,4368,0.3330232558139535,358,1075,0.3611111111111111,390,1080
object_to_verb,3,18,0.011675824175824176,51,4368,0.009302325581395349,10,1075,0.012037037037037037,13,1080
object_to_verb,3,19,0.036172161172161175,158,4368,0.029767441860465118,32,1075,0.030555555555555555,33,1080
object_to_verb,3,20,0.44253663003663,1933,4368,0.4223255813953488,454,1075,0.43425925925925923,469,1080
object_to_verb,3,21,0.46565934065934067,2034,4368,0.45395348837209304,488,1075,0.4648148148148148,502,1080
object_to_verb,3,22,0.059981684981684984,262,4368,0.05581395348837209,60,1075,0.04537037037037037,49,1080
object_to_verb,3,23,0.036172161172161175,158,4368,0.03627906976744186,39,1075,0.02962962962962963,32,1080
object_to_verb,3,24,0.3717948717948718,1624,4368,0.4046511627906977,435,1075,0.3638888888888889,393,1080
object_to_verb,3,25,0.7131410256410257,3115,4368,0.7218604651162791,776,1075,0.7129629629629629,770,1080
object_to_verb,3,26,0.24152930402930403,1055,4368,0.2772093023255814,298,1075,0.24259259259259258,262,1080
object_to_verb,3,27,0.28044871794871795,1225,4368,0.2874418604651163,309,1075,0.26296296296296295,284,1080
object_to_verb,4,0,0.040293040293040296,176,4368,0.044651162790697675,48,1075,0.03981481481481482,43,1080
object_to_verb,4,1,0.050824175824175824,222,4368,0.04930232558139535,53,1075,0.046296296296296294,50,1080
object_to_verb,4,2,0.2907509157509158,1270,4368,0.30046511627906974,323,1075,0.2851851851851852,308,1080
object_to_verb,4,3,0.027014652014652016,118,4368,0.030697674418604652,33,1075,0.02962962962962963,32,1080
object_to_verb,4,4,0.14102564102564102,616,4368,0.15441860465116278,166,1075,0.14629629629629629,158,1080
object_to_verb,4,5,0.07806776556776557,341,4368,0.06604651162790698,71,1075,0.06481481481481481,70,1080
object_to_verb,4,6,0.03502747252747253,153,4368,0.035348837209302326,38,1075,0.021296296296296296,23,1080
object_to_verb,4,7,0.029990842490842492,131,4368,0.03813953488372093,41,1075,0.03148148148148148,34,1080
object_to_verb,4,8,0.024496336996336996,107,4368,0.02883720930232558,31,1075,0.025,27,1080
object_to_verb,4,9,0.029304029304029304,128,4368,0.029767441860465118,32,1075,0.028703703703703703,31,1080
object_to_verb,4,10,0.016712454212454212,73,4368,0.017674418604651163,19,1075,0.018518518518518517,20,1080
object_to_verb,4,11,0.03663003663003663,160,4368,0.03906976744186046,42,1075,0.03333333333333333,36,1080
object_to_verb,4,12,0.030906593406593408,135,4368,0.03441860465116279,37,1075,0.032407407407407406,35,1080
object_to_verb,4,13,0.028388278388278388,124,4368,0.029767441860465118,32,1075,0.025,27,1080
object_to_verb,4,14,0.2859432234432234,1249,4368,0.2567441860465116,276,1075,0.26481481481481484,286,1080
object_to_verb,4,15,0.02976190476190476,130,4368,0.03255813953488372,35,1075,0.03518518518518519,38,1080
object_to_verb,4,16,0.0277014652014652,121,4368,0.026046511627906978,28,1075,0.025,27,1080
object_to_verb,4,17,0.026556776556776556,116,4368,0.03348837209302326,36,1075,0.028703703703703703,31,1080
object_to_verb,4,18,0.2893772893772894,1264,4368,0.31627906976744186,340,1075,0.28703703703703703,310,1080
object_to_verb,4,19,0.07554945054945054,330,4368,0.08465116279069768,91,1075,0.07407407407407407,80,1080
object_to_verb,4,20,0.09409340659340659,411,4368,0.09209302325581395,99,1075,0.08148148148148149,88,1080
object_to_verb,4,21,0.1163003663003663,508,4368,0.10511627906976745,113,1075,0.11944444444444445,129,1080
object_to_verb,4,22,0.05563186813186813,243,4368,0.07069767441860465,76,1075,0.046296296296296294,50,1080
object_to_verb,4,23,0.2623626373626374,1146,4368,0.2753488372093023,296,1075,0.2657407407407407,287,1080
object_to_verb,4,24,0.02976190476190476,130,4368,0.030697674418604652,33,1075,0.027777777777777776,30,1080
object_to_verb,4,25,0.037316849816849816,163,4368,0.04186046511627907,45,1075,0.027777777777777776,30,1080
object_to_verb,4,26,0.056776556776556776,248,4368,0.053953488372093024,58,1075,0.062037037037037036,67,1080
object_to_verb,4,27,0.14033882783882784,613,4368,0.14046511627906977,151,1075,0.13148148148148148,142,1080
object_to_verb,5,0,0.047619047619047616,208,4368,0.04279069767441861,46,1075,0.046296296296296294,50,1080
object_to_verb,5,1,0.07348901098901099,321,4368,0.0586046511627907,63,1075,0.062037037037037036,67,1080
object_to_verb,5,2,0.42376373626373626,1851,4368,0.3665116279069767,394,1075,0.4009259259259259,433,1080
object_to_verb,5,3,0.3901098901098901,1704,4368,0.38790697674418606,417,1075,0.3814814814814815,412,1080
object_to_verb,5,4,0.050824175824175824,222,4368,0.045581395348837206,49,1075,0.041666666666666664,45,1080
object_to_verb,5,5,0.022664835164835164,99,4368,0.024186046511627906,26,1075,0.024074074074074074,26,1080
object_to_verb,5,6,0.00847069597069597,37,4368,0.009302325581395349,10,1075,0.011111111111111112,12,1080
object_to_verb,5,7,0.0831043956043956,363,4368,0.08465116279069768,91,1075,0.07222222222222222,78,1080
object_to_verb,5,8,0.09294871794871795,406,4368,0.09209302325581395,99,1075,0.0787037037037037,85,1080
object_to_verb,5,9,0.054716117216117216,239,4368,0.03627906976744186,39,1075,0.05092592592592592,55,1080
object_to_verb,5,10,0.0451007326007326,197,4368,0.03813953488372093,41,1075,0.03518518518518519,38,1080
object_to_verb,5,11,0.01510989010989011,66,4368,0.014883720930232559,16,1075,0.020370370370370372,22,1080
object_to_verb,5,12,0.07005494505494506,306,4368,0.06976744186046512,75,1075,0.07314814814814814,79,1080
object_to_verb,5,13,0.09958791208791208,435,4368,0.08837209302325581,95,1075,0.09444444444444444,102,1080
object_to_verb,5,14,0.3408882783882784,1489,4368,0.32465116279069767,349,1075,0.33425925925925926,361,1080
object_to_verb,5,15,0.012591575091575092,55,4368,0.010232558139534883,11,1075,0.009259259259259259,10,1080
object_to_verb,5,16,0.33287545787545786,1454,4368,0.3032558139534884,326,1075,0.3277777777777778,354,1080
object_to_verb,5,17,0.011217948717948718,49,4368,0.011162790697674419,12,1075,0.007407407407407408,8,1080
object_to_verb,5,18,0.0016025641025641025,7,4368,0.0018604651162790699,2,1075,0.002777777777777778,3,1080
object_to_verb,5,19,0.006181318681318681,27,4368,0.0027906976744186047,3,1075,0.007407407407407408,8,1080
object_to_verb,5,20,0.028617216117216116,125,4368,0.021395348837209303,23,1075,0.026851851851851852,29,1080
object_to_verb,5,21,0.022893772893772892,100,4368,0.025116279069767444,27,1075,0.022222222222222223,24,1080
object_to_verb,5,22,0.15018315018315018,656,4368,0.13023255813953488,140,1075,0.14722222222222223,159,1080
object_to_verb,5,23,0.16094322344322345,703,4368,0.14232558139534884,153,1075,0.14907407407407408,161,1080
object_to_verb,5,24,0.042353479853479856,185,4368,0.04,43,1075,0.044444444444444446,48,1080
object_to_verb,5,25,0.0902014652014652,394,4368,0.07813953488372093,84,1075,0.08055555555555556,87,1080
object_to_verb,5,26,0.043498168498168496,190,4368,0.04279069767441861,46,1075,0.041666666666666664,45,1080
object_to_verb,5,27,0.15842490842490842,692,4368,0.1283720930232558,138,1075,0.14814814814814814,160,1080
object_to_verb,6,0,0.2374084249084249,1037,4368,0.20651162790697675,222,1075,0.2324074074074074,251,1080
object_to_verb,6,1,0.28456959706959706,1243,4368,0.28837209302325584,310,1075,0.275,297,1080
object_to_verb,6,2,0.21405677655677655,935,4368,0.19162790697674417,206,1075,0.20462962962962963,221,1080
object_to_verb,6,3,0.1858974358974359,812,4368,0.15813953488372093,170,1075,0.18518518518518517,200,1080
object_to_verb,6,4,0.17811355311355312,778,4368,0.17488372093023255,188,1075,0.17685185185185184,191,1080
object_to_verb,6,5,0.38324175824175827,1674,4368,0.37488372093023253,403,1075,0.387037037037037,418,1080
object_to_verb,6,6,0.23122710622710624,1010,4368,0.22511627906976744,242,1075,0.22407407407407406,242,1080
object_to_verb,6,7,0.10347985347985347,452,4368,0.10418604651162791,112,1075,0.10462962962962963,113,1080
object_to_verb,6,8,0.027472527472527472,120,4368,0.03441860465116279,37,1075,0.028703703703703703,31,1080
object_to_verb,6,9,0.07944139194139194,347,4368,0.07627906976744186,82,1075,0.08518518518518518,92,1080
object_to_verb,6,10,0.1311813186813187,573,4368,0.11813953488372093,127,1075,0.13333333333333333,144,1080
object_to_verb,6,11,0.024267399267399268,106,4368,0.022325581395348838,24,1075,0.017592592592592594,19,1080
object_to_verb,6,12,0.02564102564102564,112,4368,0.017674418604651163,19,1075,0.016666666666666666,18,1080
object_to_verb,6,13,0.047847985347985345,209,4368,0.04837209302325581,52,1075,0.041666666666666664,45,1080
object_to_verb,6,14,0.03296703296703297,144,4368,0.025116279069767444,27,1075,0.030555555555555555,33,1080
object_to_verb,6,15,0.2387820512820513,1043,4368,0.2102325581395349,226,1075,0.22870370370370371,247,1080
object_to_verb,6,16,0.042353479853479856,185,4368,0.03627906976744186,39,1075,0.04351851851851852,47,1080
object_to_verb,6,17,0.006639194139194139,29,4368,0.004651162790697674,5,1075,0.005555555555555556,6,1080
object_to_verb,6,18,0.03365384615384615,147,4368,0.026976744186046512,29,1075,0.03888888888888889,42,1080
object_to_verb,6,19,0.046474358974358976,203,4368,0.04093023255813953,44,1075,0.04537037037037037,49,1080
object_to_verb,6,20,0.03983516483516483,174,4368,0.04,43,1075,0.03611111111111111,39,1080
object_to_verb,6,21,0.6973443223443223,3046,4368,0.6818604651162791,733,1075,0.7018518518518518,758,1080
object_to_verb,6,22,0.2316849816849817,1012,4368,0.21395348837209302,230,1075,0.2351851851851852,254,1080
object_to_verb,6,23,0.026785714285714284,117,4368,0.02883720930232558,31,1075,0.02962962962962963,32,1080
object_to_verb,6,24,0.12133699633699634,530,4368,0.11255813953488372,121,1075,0.10833333333333334,117,1080
object_to_verb,6,25,0.08264652014652014,361,4368,0.07162790697674419,77,1075,0.07777777777777778,84,1080
object_to_verb,6,26,0.22847985347985347,998,4368,0.2111627906976744,227,1075,0.23055555555555557,249,1080
object_to_verb,6,27,0.2509157509157509,1096,4368,0.23348837209302326,251,1075,0.2361111111111111,255,1080
object_to_verb,7,0,0.042582417582417584,186,4368,0.030697674418604652,33,1075,0.03981481481481482,43,1080
object_to_verb,7,1,0.016483516483516484,72,4368,0.017674418604651163,19,1075,0.01574074074074074,17,1080
object_to_verb,7,2,0.09180402930402931,401,4368,0.1013953488372093,109,1075,0.09814814814814815,106,1080
object_to_verb,7,3,0.05105311355311355,223,4368,0.045581395348837206,49,1075,0.04814814814814815,52,1080
object_to_verb,7,4,0.22229853479853479,971,4368,0.2186046511627907,235,1075,0.2064814814814815,223,1080
object_to_verb,7,5,0.03273809523809524,143,4368,0.03627906976744186,39,1075,0.026851851851851852,29,1080
object_to_verb,7,6,0.010073260073260074,44,4368,0.009302325581395349,10,1075,0.012962962962962963,14,1080
object_to_verb,7,7,0.05654761904761905,247,4368,0.05023255813953489,54,1075,0.05740740740740741,62,1080
object_to_verb,7,8,0.04990842490842491,218,4368,0.03813953488372093,41,1075,0.046296296296296294,50,1080
object_to_verb,7,9,0.048534798534798536,212,4368,0.044651162790697675,48,1075,0.04351851851851852,47,1080
object_to_verb,7,10,0.027930402930402932,122,4368,0.01953488372093023,21,1075,0.019444444444444445,21,1080
object_to_verb,7,11,0.0902014652014652,394,4368,0.08372093023255814,90,1075,0.10185185185185185,110,1080
object_to_verb,7,12,0.6110347985347986,2669,4368,0.6390697674418605,687,1075,0.612037037037037,661,1080
object_to_verb,7,13,0.14674908424908426,641,4368,0.13209302325581396,142,1075,0.14351851851851852,155,1080
object_to_verb,7,14,0.027930402930402932,122,4368,0.01581395348837209,17,1075,0.023148148148148147,25,1080
object_to_verb,7,15,0.03273809523809524,143,4368,0.026976744186046512,29,1075,0.025,27,1080
object_to_verb,7,16,0.1266025641025641,553,4368,0.11534883720930232,124,1075,0.125,135,1080
object_to_verb,7,17,0.03708791208791209,162,4368,0.026046511627906978,28,1075,0.028703703703703703,31,1080
object_to_verb,7,18,0.0277014652014652,121,4368,0.025116279069767444,27,1075,0.027777777777777776,30,1080
object_to_verb,7,19,0.020375457875457876,89,4368,0.011162790697674419,12,1075,0.009259259259259259,10,1080
object_to_verb,7,20,0.052655677655677656,230,4368,0.05023255813953489,54,1075,0.05092592592592592,55,1080
object_to_verb,7,21,0.10508241758241758,459,4368,0.08651162790697674,93,1075,0.09166666666666666,99,1080
object_to_verb,7,22,0.11378205128205128,497,4368,0.1330232558139535,143,1075,0.10740740740740741,116,1080
object_to_verb,7,23,0.02976190476190476,130,4368,0.01953488372093023,21,1075,0.020370370370370372,22,1080
object_to_verb,7,24,0.049679487179487176,217,4368,0.046511627906976744,50,1075,0.041666666666666664,45,1080
object_to_verb,7,25,0.033195970695970696,145,4368,0.024186046511627906,26,1075,0.028703703703703703,31,1080
object_to_verb,7,26,0.04532967032967033,198,4368,0.03162790697674418,34,1075,0.040740740740740744,44,1080
object_to_verb,7,27,0.020604395604395604,90,4368,0.018604651162790697,20,1075,0.025,27,1080
object_to_verb,8,0,0.02403846153846154,105,4368,0.01581395348837209,17,1075,0.014814814814814815,16,1080
object_to_verb,8,1,0.1565934065934066,684,4368,0.13953488372093023,150,1075,0.14629629629629629,158,1080
object_to_verb,8,2,0.04487179487179487,196,4368,0.03255813953488372,35,1075,0.03148148148148148,34,1080
object_to_verb,8,3,0.03205128205128205,140,4368,0.023255813953488372,25,1075,0.022222222222222223,24,1080
object_to_verb,8,4,0.023809523809523808,104,4368,0.017674418604651163,19,1075,0.017592592592592594,19,1080
object_to_verb,8,5,0.024267399267399268,106,4368,0.024186046511627906,26,1075,0.023148148148148147,25,1080
object_to_verb,8,6,0.029304029304029304,128,4368,0.026976744186046512,29,1075,0.025925925925925925,28,1080
object_to_verb,8,7,0.021749084249084248,95,4368,0.024186046511627906,26,1075,0.014814814814814815,16,1080
object_to_verb,8,8,0.024725274725274724,108,4368,0.01953488372093023,21,1075,0.024074074074074074,26,1080
object_to_verb,8,9,0.030448717948717948,133,4368,0.01953488372093023,21,1075,0.023148148148148147,25,1080
object_to_verb,8,10,0.04945054945054945,216,4368,0.04,43,1075,0.03333333333333333,36,1080
object_to_verb,8,11,0.10279304029304029,449,4368,0.0827906976744186,89,1075,0.08333333333333333,90,1080
object_to_verb,8,12,0.04120879120879121,180,4368,0.03255813953488372,35,1075,0.03425925925925926,37,1080
object_to_verb,8,13,0.07348901098901099,321,4368,0.05023255813953489,54,1075,0.06851851851851852,74,1080
object_to_verb,8,14,0.47298534798534797,2066,4368,0.4390697674418605,472,1075,0.46574074074074073,503,1080
object_to_verb,8,15,0.2625915750915751,1147,4368,0.25488372093023254,274,1075,0.25092592592592594,271,1080
object_to_verb,8,16,0.10943223443223443,478,4368,0.11534883720930232,124,1075,0.10740740740740741,116,1080
object_to_verb,8,17,0.049679487179487176,217,4368,0.03348837209302326,36,1075,0.040740740740740744,44,1080
object_to_verb,8,18,0.06021062271062271,263,4368,0.05116279069767442,55,1075,0.06481481481481481,70,1080
object_to_verb,8,19,0.08928571428571429,390,4368,0.08465116279069768,91,1075,0.10277777777777777,111,1080
object_to_verb,8,20,0.07577838827838827,331,4368,0.0641860465116279,69,1075,0.08425925925925926,91,1080
object_to_verb,8,21,0.029990842490842492,131,4368,0.025116279069767444,27,1075,0.03148148148148148,34,1080
object_to_verb,8,22,0.030906593406593408,135,4368,0.024186046511627906,26,1075,0.032407407407407406,35,1080
object_to_verb,8,23,0.019688644688644688,86,4368,0.012093023255813953,13,1075,0.01574074074074074,17,1080
object_to_verb,8,24,0.027014652014652016,118,4368,0.01674418604651163,18,1075,0.023148148148148147,25,1080
object_to_verb,8,25,0.025412087912087912,111,4368,0.01581395348837209,17,1075,0.020370370370370372,22,1080
object_to_verb,8,26,0.020833333333333332,91,4368,0.013953488372093023,15,1075,0.023148148148148147,25,1080
object_to_verb,8,27,0.025412087912087912,111,4368,0.01674418604651163,18,1075,0.025925925925925925,28,1080
object_to_verb,9,0,0.17307692307692307,756,4368,0.1655813953488372,178,1075,0.17222222222222222,186,1080
object_to_verb,9,1,0.08745421245421245,382,4368,0.08465116279069768,91,1075,0.08611111111111111,93,1080
object_to_verb,9,2,0.02976190476190476,130,4368,0.017674418604651163,19,1075,0.023148148148148147,25,1080
object_to_verb,9,3,0.027014652014652016,118,4368,0.018604651162790697,20,1075,0.020370370370370372,22,1080
object_to_verb,9,4,0.026785714285714284,117,4368,0.021395348837209303,23,1075,0.018518518518518517,20,1080
object_to_verb,9,5,0.04395604395604396,192,4368,0.04186046511627907,45,1075,0.04814814814814815,52,1080
object_to_verb,9,6,0.08836996336996338,386,4368,0.08651162790697674,93,1075,0.07962962962962963,86,1080
object_to_verb,9,7,0.02197802197802198,96,4368,0.013023255813953489,14,1075,0.019444444444444445,21,1080
object_to_verb,9,8,0.019688644688644688,86,4368,0.018604651162790697,20,1075,0.012962962962962963,14,1080
object_to_verb,9,9,0.01694139194139194,74,4368,0.011162790697674419,12,1075,0.012037037037037037,13,1080
object_to_verb,9,10,0.016254578754578756,71,4368,0.010232558139534883,11,1075,0.009259259259259259,10,1080
object_to_verb,9,11,0.04922161172161172,215,4368,0.04093023255813953,44,1075,0.049074074074074076,53,1080
object_to_verb,9,12,0.1362179487179487,595,4368,0.11255813953488372,121,1075,0.14444444444444443,156,1080
object_to_verb,9,13,0.07074175824175824,309,4368,0.08186046511627906,88,1075,0.07037037037037037,76,1080
object_to_verb,9,14,0.04487179487179487,196,4368,0.029767441860465118,32,1075,0.03333333333333333,36,1080
object_to_verb,9,15,0.03365384615384615,147,4368,0.03348837209302326,36,1075,0.024074074074074074,26,1080
object_to_verb,9,16,0.07463369963369963,326,4368,0.06976744186046512,75,1075,0.07685185185185185,83,1080
object_to_verb,9,17,0.03296703296703297,144,4368,0.023255813953488372,25,1075,0.027777777777777776,30,1080
object_to_verb,9,18,0.03594322344322344,157,4368,0.023255813953488372,25,1075,0.03333333333333333,36,1080
object_to_verb,9,19,0.034340659340659344,150,4368,0.018604651162790697,20,1075,0.03148148148148148,34,1080
object_to_verb,9,20,0.047847985347985345,209,4368,0.035348837209302326,38,1075,0.046296296296296294,50,1080
object_to_verb,9,21,0.2387820512820513,1043,4368,0.22046511627906976,237,1075,0.23148148148148148,250,1080
object_to_verb,9,22,0.03273809523809524,143,4368,0.03162790697674418,34,1075,0.03148148148148148,34,1080
object_to_verb,9,23,0.04075091575091575,178,4368,0.04279069767441861,46,1075,0.041666666666666664,45,1080
object_to_verb,9,24,0.03891941391941392,170,4368,0.03441860465116279,37,1075,0.026851851851851852,29,1080
object_to_verb,9,25,0.04922161172161172,215,4368,0.03906976744186046,42,1075,0.03148148148148148,34,1080
object_to_verb,9,26,0.0260989010989011,114,4368,0.01953488372093023,21,1075,0.021296296296296296,23,1080
object_to_verb,9,27,0.12912087912087913,564,4368,0.1516279069767442,163,1075,0.12685185185185185,137,1080
object_to_verb,10,0,0.0260989010989011,114,4368,0.013023255813953489,14,1075,0.014814814814814815,16,1080
object_to_verb,10,1,0.07852564102564102,343,4368,0.07162790697674419,77,1075,0.075,81,1080
object_to_verb,10,2,0.010531135531135532,46,4368,0.011162790697674419,12,1075,0.009259259259259259,10,1080
object_to_verb,10,3,0.02403846153846154,105,4368,0.013953488372093023,15,1075,0.016666666666666666,18,1080
object_to_verb,10,4,0.24587912087912087,1074,4368,0.2102325581395349,226,1075,0.2361111111111111,255,1080
object_to_verb,10,5,0.03456959706959707,151,4368,0.03162790697674418,34,1075,0.03333333333333333,36,1080
object_to_verb,10,6,0.04693223443223443,205,4368,0.03627906976744186,39,1075,0.037037037037037035,40,1080
object_to_verb,10,7,0.049679487179487176,217,4368,0.029767441860465118,32,1075,0.03425925925925926,37,1080
object_to_verb,10,8,0.31204212454212454,1363,4368,0.2855813953488372,307,1075,0.29444444444444445,318,1080
object_to_verb,10,9,0.03708791208791209,162,4368,0.029767441860465118,32,1075,0.019444444444444445,21,1080
object_to_verb,10,10,0.0260989010989011,114,4368,0.01674418604651163,18,1075,0.024074074074074074,26,1080
object_to_verb,10,11,0.10462454212454213,457,4368,0.10697674418604651,115,1075,0.10185185185185185,110,1080
object_to_verb,10,12,0.14583333333333334,637,4368,0.14232558139534884,153,1075,0.1398148148148148,151,1080
object_to_verb,10,13,0.15132783882783882,661,4368,0.13116279069767442,141,1075,0.14907407407407408,161,1080
object_to_verb,10,14,0.06845238095238096,299,4368,0.06976744186046512,75,1075,0.062037037037037036,67,1080
object_to_verb,10,15,0.04899267399267399,214,4368,0.04186046511627907,45,1075,0.05,54,1080
object_to_verb,10,16,0.12614468864468864,551,4368,0.11348837209302326,122,1075,0.12407407407407407,134,1080
object_to_verb,10,17,0.04601648351648352,201,4368,0.03627906976744186,39,1075,0.05,54,1080
object_to_verb,10,18,0.06272893772893773,274,4368,0.05116279069767442,55,1075,0.06666666666666667,72,1080
object_to_verb,10,19,0.031135531135531136,136,4368,0.026046511627906978,28,1075,0.025,27,1080
object_to_verb,10,20,0.04006410256410257,175,4368,0.024186046511627906,26,1075,0.03333333333333333,36,1080
object_to_verb,10,21,0.01488095238095238,65,4368,0.013023255813953489,14,1075,0.010185185185185186,11,1080
object_to_verb,10,22,0.16254578754578755,710,4368,0.13209302325581396,142,1075,0.1537037037037037,166,1080
object_to_verb,10,23,0.03914835164835165,171,4368,0.03348837209302326,36,1075,0.03611111111111111,39,1080
object_to_verb,10,24,0.1282051282051282,560,4368,0.12186046511627907,131,1075,0.10925925925925926,118,1080
object_to_verb,10,25,0.037316849816849816,163,4368,0.03348837209302326,36,1075,0.037037037037037035,40,1080
object_to_verb,10,26,0.12706043956043955,555,4368,0.09767441860465116,105,1075,0.13425925925925927,145,1080
object_to_verb,10,27,0.19597069597069597,856,4368,0.1869767441860465,201,1075,0.19907407407407407,215,1080
object_to_verb,11,0,0.019917582417582416,87,4368,0.012093023255813953,13,1075,0.014814814814814815,16,1080
object_to_verb,11,1,0.23145604395604397,1011,4368,0.2158139534883721,232,1075,0.21666666666666667,234,1080
object_to_verb,11,2,0.020375457875457876,89,4368,0.017674418604651163,19,1075,0.014814814814814815,16,1080
object_to_verb,11,3,0.10256410256410256,448,4368,0.08837209302325581,95,1075,0.10740740740740741,116,1080
object_to_verb,11,4,0.026785714285714284,117,4368,0.024186046511627906,26,1075,0.017592592592592594,19,1080
object_to_verb,11,5,0.06433150183150182,281,4368,0.05116279069767442,55,1075,0.04537037037037037,49,1080
object_to_verb,11,6,0.04189560439560439,183,4368,0.037209302325581395,40,1075,0.04722222222222222,51,1080
object_to_verb,11,7,0.03571428571428571,156,4368,0.023255813953488372,25,1075,0.028703703703703703,31,1080
object_to_verb,11,8,0.018772893772893772,82,4368,0.013023255813953489,14,1075,0.014814814814814815,16,1080
object_to_verb,11,9,0.02564102564102564,112,4368,0.013953488372093023,15,1075,0.020370370370370372,22,1080
object_to_verb,11,10,0.018086080586080588,79,4368,0.011162790697674419,12,1075,0.012962962962962963,14,1080
object_to_verb,11,11,0.024267399267399268,106,4368,0.013023255813953489,14,1075,0.022222222222222223,24,1080
object_to_verb,11,12,0.016483516483516484,72,4368,0.010232558139534883,11,1075,0.013888888888888888,15,1080
object_to_verb,11,13,0.022435897435897436,98,4368,0.014883720930232559,16,1075,0.018518518518518517,20,1080
object_to_verb,11,14,0.01694139194139194,74,4368,0.01581395348837209,17,1075,0.01574074074074074,17,1080
object_to_verb,11,15,0.0902014652014652,394,4368,0.09023255813953489,97,1075,0.09166666666666666,99,1080
object_to_verb,11,16,0.17284798534798534,755,4368,0.16651162790697674,179,1075,0.1648148148148148,178,1080
object_to_verb,11,17,0.10554029304029304,461,4368,0.09023255813953489,97,1075,0.10833333333333334,117,1080
object_to_verb,11,18,0.34363553113553114,1501,4368,0.32651162790697674,351,1075,0.33240740740740743,359,1080
object_to_verb,11,19,0.048763736263736264,213,4368,0.03441860465116279,37,1075,0.04722222222222222,51,1080
object_to_verb,11,20,0.038003663003663,166,4368,0.030697674418604652,33,1075,0.03518518518518519,38,1080
object_to_verb,11,21,0.27037545787545786,1181,4368,0.2567441860465116,276,1075,0.2712962962962963,293,1080
object_to_verb,11,22,0.07028388278388278,307,4368,0.06046511627906977,65,1075,0.06759259259259259,73,1080
object_to_verb,11,23,0.023809523809523808,104,4368,0.012093023255813953,13,1075,0.017592592592592594,19,1080
object_to_verb,11,24,0.04097985347985348,179,4368,0.02883720930232558,31,1075,0.03796296296296296,41,1080
object_to_verb,11,25,0.12522893772893773,547,4368,0.10697674418604651,115,1075,0.12037037037037036,130,1080
object_to_verb,11,26,0.025869963369963368,113,4368,0.012093023255813953,13,1075,0.020370370370370372,22,1080
object_to_verb,11,27,0.023351648351648352,102,4368,0.01674418604651163,18,1075,0.018518518518518517,20,1080
object_to_verb,12,0,0.06318681318681318,276,4368,0.07255813953488371,78,1075,0.06018518518518518,65,1080
object_to_verb,12,1,0.029990842490842492,131,4368,0.025116279069767444,27,1075,0.026851851851851852,29,1080
object_to_verb,12,2,0.028617216117216116,125,4368,0.013953488372093023,15,1075,0.025,27,1080
object_to_verb,12,3,0.13507326007326007,590,4368,0.12186046511627907,131,1075,0.1398148148148148,151,1080
object_to_verb,12,4,0.036401098901098904,159,4368,0.026976744186046512,29,1075,0.025,27,1080
object_to_verb,12,5,0.08493589743589744,371,4368,0.07162790697674419,77,1075,0.08518518518518518,92,1080
object_to_verb,12,6,0.037316849816849816,163,4368,0.025116279069767444,27,1075,0.028703703703703703,31,1080
object_to_verb,12,7,0.023122710622710624,101,4368,0.01953488372093023,21,1075,0.025925925925925925,28,1080
object_to_verb,12,8,0.02152014652014652,94,4368,0.01953488372093023,21,1075,0.016666666666666666,18,1080
object_to_verb,12,9,0.06524725274725275,285,4368,0.06046511627906977,65,1075,0.062037037037037036,67,1080
object_to_verb,12,10,0.058836996336996336,257,4368,0.053023255813953486,57,1075,0.05185185185185185,56,1080
object_to_verb,12,11,0.032280219780219783,141,4368,0.021395348837209303,23,1075,0.021296296296296296,23,1080
object_to_verb,12,12,0.024954212454212456,109,4368,0.01674418604651163,18,1075,0.021296296296296296,23,1080
object_to_verb,12,13,0.08195970695970696,358,4368,0.08186046511627906,88,1075,0.06759259259259259,73,1080
object_to_verb,12,14,0.03571428571428571,156,4368,0.022325581395348838,24,1075,0.025,27,1080
object_to_verb,12,15,0.032280219780219783,141,4368,0.026976744186046512,29,1075,0.025925925925925925,28,1080
object_to_verb,12,16,0.02152014652014652,94,4368,0.014883720930232559,16,1075,0.023148148148148147,25,1080
object_to_verb,12,17,0.06639194139194139,290,4368,0.053953488372093024,58,1075,0.06759259259259259,73,1080
object_to_verb,12,18,0.21245421245421245,928,4368,0.18976744186046512,204,1075,0.19907407407407407,215,1080
object_to_verb,12,19,0.031135531135531136,136,4368,0.023255813953488372,25,1075,0.022222222222222223,24,1080
object_to_verb,12,20,0.026327838827838828,115,4368,0.01674418604651163,18,1075,0.017592592592592594,19,1080
object_to_verb,12,21,0.44345238095238093,1937,4368,0.41674418604651164,448,1075,0.4185185185185185,452,1080
object_to_verb,12,22,0.022893772893772892,100,4368,0.013953488372093023,15,1075,0.019444444444444445,21,1080
object_to_verb,12,23,0.02815934065934066,123,4368,0.022325581395348838,24,1075,0.027777777777777776,30,1080
object_to_verb,12,24,0.04006410256410257,175,4368,0.029767441860465118,32,1075,0.03888888888888889,42,1080
object_to_verb,12,25,0.024725274725274724,108,4368,0.018604651162790697,20,1075,0.021296296296296296,23,1080
object_to_verb,12,26,0.07051282051282051,308,4368,0.05023255813953489,54,1075,0.06851851851851852,74,1080
object_to_verb,12,27,0.020833333333333332,91,4368,0.01581395348837209,17,1075,0.017592592592592594,19,1080
object_to_verb,13,0,0.059981684981684984,262,4368,0.059534883720930236,64,1075,0.06296296296296296,68,1080
object_to_verb,13,1,0.1488095238095238,650,4368,0.1330232558139535,143,1075,0.1537037037037037,166,1080
object_to_verb,13,2,0.036401098901098904,159,4368,0.026976744186046512,29,1075,0.03148148148148148,34,1080
object_to_verb,13,3,0.025869963369963368,113,4368,0.020465116279069766,22,1075,0.023148148148148147,25,1080
object_to_verb,13,4,0.03205128205128205,140,4368,0.02883720930232558,31,1075,0.025925925925925925,28,1080
object_to_verb,13,5,0.03159340659340659,138,4368,0.025116279069767444,27,1075,0.026851851851851852,29,1080
object_to_verb,13,6,0.019230769230769232,84,4368,0.011162790697674419,12,1075,0.01574074074074074,17,1080
object_to_verb,13,7,0.021749084249084248,95,4368,0.010232558139534883,11,1075,0.023148148148148147,25,1080
object_to_verb,13,8,0.4583333333333333,2002,4368,0.4418604651162791,475,1075,0.4444444444444444,480,1080
object_to_verb,13,9,0.5414377289377289,2365,4368,0.5004651162790698,538,1075,0.5287037037037037,571,1080
object_to_verb,13,10,0.050595238095238096,221,4368,0.03906976744186046,42,1075,0.03796296296296296,41,1080
object_to_verb,13,11,0.048534798534798536,212,4368,0.04279069767441861,46,1075,0.03796296296296296,41,1080
object_to_verb,13,12,0.10576923076923077,462,4368,0.08930232558139535,96,1075,0.09351851851851851,101,1080
object_to_verb,13,13,0.32554945054945056,1422,4368,0.36372093023255814,391,1075,0.31666666666666665,342,1080
object_to_verb,13,14,0.024267399267399268,106,4368,0.01953488372093023,21,1075,0.021296296296296296,23,1080
object_to_verb,13,15,0.08562271062271062,374,4368,0.07348837209302325,79,1075,0.09166666666666666,99,1080
object_to_verb,13,16,0.07211538461538461,315,4368,0.07069767441860465,76,1075,0.06111111111111111,66,1080
object_to_verb,13,17,0.0260989010989011,114,4368,0.025116279069767444,27,1075,0.019444444444444445,21,1080
object_to_verb,13,18,0.0972985347985348,425,4368,0.07534883720930233,81,1075,0.08796296296296297,95,1080
object_to_verb,13,19,0.09203296703296704,402,4368,0.07720930232558139,83,1075,0.08055555555555556,87,1080
object_to_verb,13,20,0.15064102564102563,658,4368,0.12930232558139534,139,1075,0.13703703703703704,148,1080
object_to_verb,13,21,0.05151098901098901,225,4368,0.05116279069767442,55,1075,0.041666666666666664,45,1080
object_to_verb,13,22,0.03777472527472527,165,4368,0.030697674418604652,33,1075,0.02962962962962963,32,1080
object_to_verb,13,23,0.038232600732600736,167,4368,0.03255813953488372,35,1075,0.023148148148148147,25,1080
object_to_verb,13,24,0.028617216117216116,125,4368,0.026976744186046512,29,1075,0.025,27,1080
object_to_verb,13,25,0.059065934065934064,258,4368,0.04093023255813953,44,1075,0.049074074074074076,53,1080
object_to_verb,13,26,0.044642857142857144,195,4368,0.03813953488372093,41,1075,0.03796296296296296,41,1080
object_to_verb,13,27,0.029990842490842492,131,4368,0.022325581395348838,24,1075,0.025,27,1080
object_to_verb,14,0,0.011675824175824176,51,4368,0.008372093023255815,9,1075,0.012037037037037037,13,1080
object_to_verb,14,1,0.011675824175824176,51,4368,0.010232558139534883,11,1075,0.011111111111111112,12,1080
object_to_verb,14,2,0.018543956043956044,81,4368,0.013953488372093023,15,1075,0.018518518518518517,20,1080
object_to_verb,14,3,0.015567765567765568,68,4368,0.012093023255813953,13,1075,0.01574074074074074,17,1080
object_to_verb,14,4,0.014194139194139194,62,4368,0.009302325581395349,10,1075,0.012962962962962963,14,1080
object_to_verb,14,5,0.015567765567765568,68,4368,0.010232558139534883,11,1075,0.012962962962962963,14,1080
object_to_verb,14,6,0.002976190476190476,13,4368,0.0027906976744186047,3,1075,0.000925925925925926,1,1080
object_to_verb,14,7,0.018772893772893772,82,4368,0.014883720930232559,16,1075,0.01574074074074074,17,1080
object_to_verb,14,8,0.026327838827838828,115,4368,0.017674418604651163,19,1075,0.025925925925925925,28,1080
object_to_verb,14,9,0.03685897435897436,161,4368,0.027906976744186046,30,1075,0.030555555555555555,33,1080
object_to_verb,14,10,0.021062271062271064,92,4368,0.01581395348837209,17,1075,0.017592592592592594,19,1080
object_to_verb,14,11,0.03021978021978022,132,4368,0.022325581395348838,24,1075,0.025925925925925925,28,1080
object_to_verb,14,12,0.027930402930402932,122,4368,0.017674418604651163,19,1075,0.021296296296296296,23,1080
object_to_verb,14,13,0.024725274725274724,108,4368,0.018604651162790697,20,1075,0.021296296296296296,23,1080
object_to_verb,14,14,0.03250915750915751,142,4368,0.023255813953488372,25,1075,0.024074074074074074,26,1080
object_to_verb,14,15,0.033195970695970696,145,4368,0.037209302325581395,40,1075,0.028703703703703703,31,1080
object_to_verb,14,16,0.023351648351648352,102,4368,0.022325581395348838,24,1075,0.020370370370370372,22,1080
object_to_verb,14,17,0.12248168498168498,535,4368,0.10976744186046512,118,1075,0.13055555555555556,141,1080
object_to_verb,14,18,0.031135531135531136,136,4368,0.026976744186046512,29,1075,0.024074074074074074,26,1080
object_to_verb,14,19,0.054716117216117216,239,4368,0.04279069767441861,46,1075,0.04537037037037037,49,1080
object_to_verb,14,20,0.05151098901098901,225,4368,0.04930232558139535,53,1075,0.053703703703703705,58,1080
object_to_verb,14,21,0.030448717948717948,133,4368,0.01953488372093023,21,1075,0.037037037037037035,40,1080
object_to_verb,14,22,0.029304029304029304,128,4368,0.030697674418604652,33,1075,0.023148148148148147,25,1080
object_to_verb,14,23,0.041437728937728936,181,4368,0.03348837209302326,36,1075,0.03888888888888889,42,1080
object_to_verb,14,24,0.025869963369963368,113,4368,0.01674418604651163,18,1075,0.019444444444444445,21,1080
object_to_verb,14,25,0.053800366300366304,235,4368,0.053953488372093024,58,1075,0.06018518518518518,65,1080
object_to_verb,14,26,0.23191391941391942,1013,4368,0.2213953488372093,238,1075,0.22037037037037038,238,1080
object_to_verb,14,27,0.031364468864468864,137,4368,0.03348837209302326,36,1075,0.030555555555555555,33,1080
object_to_verb,15,0,0.03250915750915751,142,4368,0.01953488372093023,21,1075,0.02962962962962963,32,1080
object_to_verb,15,1,0.018086080586080588,79,4368,0.011162790697674419,12,1075,0.017592592592592594,19,1080
object_to_verb,15,2,0.055860805860805864,244,4368,0.035348837209302326,38,1075,0.044444444444444446,48,1080
object_to_verb,15,3,0.03273809523809524,143,4368,0.023255813953488372,25,1075,0.028703703703703703,31,1080
object_to_verb,15,4,0.016712454212454212,73,4368,0.011162790697674419,12,1075,0.014814814814814815,16,1080
object_to_verb,15,5,0.4858058608058608,2122,4368,0.4409302325581395,474,1075,0.46111111111111114,498,1080
object_to_verb,15,6,0.04075091575091575,178,4368,0.03255813953488372,35,1075,0.03796296296296296,41,1080
object_to_verb,15,7,0.023351648351648352,102,4368,0.01674418604651163,18,1075,0.020370370370370372,22,1080
object_to_verb,15,8,0.29464285714285715,1287,4368,0.293953488372093,316,1075,0.2712962962962963,293,1080
object_to_verb,15,9,0.3630952380952381,1586,4368,0.3488372093023256,375,1075,0.3472222222222222,375,1080
object_to_verb,15,10,0.06913919413919414,302,4368,0.06046511627906977,65,1075,0.05555555555555555,60,1080
object_to_verb,15,11,0.4230769230769231,1848,4368,0.4297674418604651,462,1075,0.3962962962962963,428,1080
object_to_verb,15,12,0.45032051282051283,1967,4368,0.40930232558139534,440,1075,0.412962962962963,446,1080
object_to_verb,15,13,0.17399267399267399,760,4368,0.17488372093023255,188,1075,0.16296296296296298,176,1080
object_to_verb,15,14,0.021291208791208792,93,4368,0.01674418604651163,18,1075,0.016666666666666666,18,1080
object_to_verb,15,15,0.01945970695970696,85,4368,0.014883720930232559,16,1075,0.01574074074074074,17,1080
object_to_verb,15,16,0.03411172161172161,149,4368,0.029767441860465118,32,1075,0.025,27,1080
object_to_verb,15,17,0.029532967032967032,129,4368,0.01953488372093023,21,1075,0.016666666666666666,18,1080
object_to_verb,15,18,0.015338827838827838,67,4368,0.011162790697674419,12,1075,0.016666666666666666,18,1080
object_to_verb,15,19,0.024725274725274724,108,4368,0.01581395348837209,17,1075,0.018518518518518517,20,1080
object_to_verb,15,20,0.0190018315018315,83,4368,0.014883720930232559,16,1075,0.01574074074074074,17,1080
object_to_verb,15,21,0.13644688644688643,596,4368,0.13395348837209303,144,1075,0.12222222222222222,132,1080
object_to_verb,15,22,0.03250915750915751,142,4368,0.03162790697674418,34,1075,0.032407407407407406,35,1080
object_to_verb,15,23,0.25595238095238093,1118,4368,0.22697674418604652,244,1075,0.21944444444444444,237,1080
object_to_verb,15,24,0.03708791208791209,162,4368,0.022325581395348838,24,1075,0.026851851851851852,29,1080
object_to_verb,15,25,0.03159340659340659,138,4368,0.025116279069767444,27,1075,0.023148148148148147,25,1080
object_to_verb,15,26,0.037545787545787544,164,4368,0.02883720930232558,31,1075,0.023148148148148147,25,1080
object_to_verb,15,27,0.03502747252747253,153,4368,0.024186046511627906,26,1075,0.027777777777777776,30,1080
object_to_verb,16,0,0.023351648351648352,102,4368,0.021395348837209303,23,1075,0.024074074074074074,26,1080
object_to_verb,16,1,0.026327838827838828,115,4368,0.018604651162790697,20,1075,0.018518518518518517,20,1080
object_to_verb,16,2,0.024954212454212456,109,4368,0.018604651162790697,20,1075,0.017592592592592594,19,1080
object_to_verb,16,3,0.021062271062271064,92,4368,0.01581395348837209,17,1075,0.014814814814814815,16,1080
object_to_verb,16,4,0.019688644688644688,86,4368,0.01674418604651163,18,1075,0.013888888888888888,15,1080
object_to_verb,16,5,0.021291208791208792,93,4368,0.01674418604651163,18,1075,0.014814814814814815,16,1080
object_to_verb,16,6,0.04945054945054945,216,4368,0.04744186046511628,51,1075,0.03981481481481482,43,1080
object_to_verb,16,7,0.022435897435897436,98,4368,0.021395348837209303,23,1075,0.023148148148148147,25,1080
object_to_verb,16,8,0.04418498168498169,193,4368,0.030697674418604652,33,1075,0.032407407407407406,35,1080
object_to_verb,16,9,0.0260989010989011,114,4368,0.014883720930232559,16,1075,0.021296296296296296,23,1080
object_to_verb,16,10,0.024496336996336996,107,4368,0.01674418604651163,18,1075,0.019444444444444445,21,1080
object_to_verb,16,11,0.020375457875457876,89,4368,0.013953488372093023,15,1075,0.018518518518518517,20,1080
object_to_verb,16,12,0.006639194139194139,29,4368,0.0065116279069767444,7,1075,0.008333333333333333,9,1080
object_to_verb,16,13,0.0173992673992674,76,4368,0.018604651162790697,20,1075,0.016666666666666666,18,1080
object_to_verb,16,14,0.08333333333333333,364,4368,0.08,86,1075,0.08055555555555556,87,1080
object_to_verb,16,15,0.358974358974359,1568,4368,0.32744186046511625,352,1075,0.35185185185185186,380,1080
object_to_verb,16,16,0.036172161172161175,158,4368,0.037209302325581395,40,1075,0.03888888888888889,42,1080
object_to_verb,16,17,0.06936813186813187,303,4368,0.06046511627906977,65,1075,0.05092592592592592,55,1080
object_to_verb,16,18,0.03685897435897436,161,4368,0.027906976744186046,30,1075,0.037037037037037035,40,1080
object_to_verb,16,19,0.03891941391941392,170,4368,0.02883720930232558,31,1075,0.03796296296296296,41,1080
object_to_verb,16,20,0.03205128205128205,140,4368,0.02883720930232558,31,1075,0.026851851851851852,29,1080
object_to_verb,16,21,0.5192307692307693,2268,4368,0.5181395348837209,557,1075,0.5111111111111111,552,1080
object_to_verb,16,22,0.05013736263736264,219,4368,0.030697674418604652,33,1075,0.04351851851851852,47,1080
object_to_verb,16,23,0.040293040293040296,176,4368,0.03255813953488372,35,1075,0.037037037037037035,40,1080
object_to_verb,16,24,0.050595238095238096,221,4368,0.04,43,1075,0.041666666666666664,45,1080
object_to_verb,16,25,0.05357142857142857,234,4368,0.04279069767441861,46,1075,0.044444444444444446,48,1080
object_to_verb,16,26,0.05517399267399267,241,4368,0.04093023255813953,44,1075,0.05185185185185185,56,1080
object_to_verb,16,27,0.024267399267399268,106,4368,0.024186046511627906,26,1075,0.016666666666666666,18,1080
object_to_verb,17,0,0.03273809523809524,143,4368,0.029767441860465118,32,1075,0.028703703703703703,31,1080
object_to_verb,17,1,0.14766483516483517,645,4368,0.1283720930232558,138,1075,0.13333333333333333,144,1080
object_to_verb,17,2,0.5542582417582418,2421,4368,0.5581395348837209,600,1075,0.5166666666666667,558,1080
object_to_verb,17,3,0.0902014652014652,394,4368,0.07720930232558139,83,1075,0.07777777777777778,84,1080
object_to_verb,17,4,0.05402930402930403,236,4368,0.04744186046511628,51,1075,0.05185185185185185,56,1080
object_to_verb,17,5,0.1375915750915751,601,4368,0.10883720930232559,117,1075,0.1398148148148148,151,1080
object_to_verb,17,6,0.13576007326007325,593,4368,0.10697674418604651,115,1075,0.13518518518518519,146,1080
object_to_verb,17,7,0.011904761904761904,52,4368,0.009302325581395349,10,1075,0.010185185185185186,11,1080
object_to_verb,17,8,0.009615384615384616,42,4368,0.0074418604651162795,8,1075,0.008333333333333333,9,1080
object_to_verb,17,9,0.2374084249084249,1037,4368,0.23813953488372094,256,1075,0.21203703703703702,229,1080
object_to_verb,17,10,0.01488095238095238,65,4368,0.010232558139534883,11,1075,0.013888888888888888,15,1080
object_to_verb,17,11,0.26144688644688646,1142,4368,0.25488372093023254,274,1075,0.2388888888888889,258,1080
object_to_verb,17,12,0.031364468864468864,137,4368,0.029767441860465118,32,1075,0.025,27,1080
object_to_verb,17,13,0.009615384615384616,42,4368,0.008372093023255815,9,1075,0.007407407407407408,8,1080
object_to_verb,17,14,0.019688644688644688,86,4368,0.014883720930232559,16,1075,0.016666666666666666,18,1080
object_to_verb,17,15,0.022893772893772892,100,4368,0.01953488372093023,21,1075,0.025925925925925925,28,1080
object_to_verb,17,16,0.028388278388278388,124,4368,0.01674418604651163,18,1075,0.022222222222222223,24,1080
object_to_verb,17,17,0.03365384615384615,147,4368,0.024186046511627906,26,1075,0.03148148148148148,34,1080
object_to_verb,17,18,0.023809523809523808,104,4368,0.024186046511627906,26,1075,0.020370370370370372,22,1080
object_to_verb,17,19,0.022893772893772892,100,4368,0.01674418604651163,18,1075,0.024074074074074074,26,1080
object_to_verb,17,20,0.018772893772893772,82,4368,0.012093023255813953,13,1075,0.019444444444444445,21,1080
object_to_verb,17,21,0.031135531135531136,136,4368,0.027906976744186046,30,1075,0.027777777777777776,30,1080
object_to_verb,17,22,0.018315018315018316,80,4368,0.01674418604651163,18,1075,0.014814814814814815,16,1080
object_to_verb,17,23,0.019230769230769232,84,4368,0.01581395348837209,17,1075,0.013888888888888888,15,1080
object_to_verb,17,24,0.027014652014652016,118,4368,0.025116279069767444,27,1075,0.025,27,1080
object_to_verb,17,25,0.044642857142857144,195,4368,0.04279069767441861,46,1075,0.037037037037037035,40,1080
object_to_verb,17,26,0.021291208791208792,93,4368,0.014883720930232559,16,1075,0.01574074074074074,17,1080
object_to_verb,17,27,0.0451007326007326,197,4368,0.03627906976744186,39,1075,0.041666666666666664,45,1080
object_to_verb,18,0,0.057692307692307696,252,4368,0.05674418604651163,61,1075,0.06018518518518518,65,1080
object_to_verb,18,1,0.05517399267399267,241,4368,0.03906976744186046,42,1075,0.05462962962962963,59,1080
object_to_verb,18,2,0.15315934065934067,669,4368,0.12093023255813953,130,1075,0.16296296296296298,176,1080
object_to_verb,18,3,0.08081501831501832,353,4368,0.07255813953488371,78,1075,0.06851851851851852,74,1080
object_to_verb,18,4,0.03182234432234432,139,4368,0.022325581395348838,24,1075,0.020370370370370372,22,1080
object_to_verb,18,5,0.032280219780219783,141,4368,0.02883720930232558,31,1075,0.023148148148148147,25,1080
object_to_verb,18,6,0.11927655677655678,521,4368,0.09488372093023256,102,1075,0.1259259259259259,136,1080
object_to_verb,18,7,0.09684065934065934,423,4368,0.10790697674418605,116,1075,0.11574074074074074,125,1080
object_to_verb,18,8,0.05402930402930403,236,4368,0.03627906976744186,39,1075,0.044444444444444446,48,1080
object_to_verb,18,9,0.31204212454212454,1363,4368,0.3032558139534884,326,1075,0.3148148148148148,340,1080
object_to_verb,18,10,0.022664835164835164,99,4368,0.014883720930232559,16,1075,0.016666666666666666,18,1080
object_to_verb,18,11,0.018315018315018316,80,4368,0.01581395348837209,17,1075,0.014814814814814815,16,1080
object_to_verb,18,12,0.047619047619047616,208,4368,0.035348837209302326,38,1075,0.04351851851851852,47,1080
object_to_verb,18,13,0.030448717948717948,133,4368,0.023255813953488372,25,1075,0.025925925925925925,28,1080
object_to_verb,18,14,0.021749084249084248,95,4368,0.014883720930232559,16,1075,0.01574074074074074,17,1080
object_to_verb,18,15,0.022206959706959708,97,4368,0.021395348837209303,23,1075,0.018518518518518517,20,1080
object_to_verb,18,16,0.020604395604395604,90,4368,0.022325581395348838,24,1075,0.020370370370370372,22,1080
object_to_verb,18,17,0.04487179487179487,196,4368,0.04744186046511628,51,1075,0.058333333333333334,63,1080
object_to_verb,18,18,0.027930402930402932,122,4368,0.023255813953488372,25,1075,0.018518518518518517,20,1080
object_to_verb,18,19,0.02152014652014652,94,4368,0.017674418604651163,19,1075,0.020370370370370372,22,1080
object_to_verb,18,20,0.19139194139194138,836,4368,0.16,172,1075,0.17407407407407408,188,1080
object_to_verb,18,21,0.051739926739926737,226,4368,0.046511627906976744,50,1075,0.044444444444444446,48,1080
object_to_verb,18,22,0.02815934065934066,123,4368,0.020465116279069766,22,1075,0.020370370370370372,22,1080
object_to_verb,18,23,0.031364468864468864,137,4368,0.027906976744186046,30,1075,0.028703703703703703,31,1080
object_to_verb,18,24,0.026327838827838828,115,4368,0.022325581395348838,24,1075,0.018518518518518517,20,1080
object_to_verb,18,25,0.13415750915750915,586,4368,0.12,129,1075,0.12037037037037036,130,1080
object_to_verb,18,26,0.019688644688644688,86,4368,0.013953488372093023,15,1075,0.01574074074074074,17,1080
object_to_verb,18,27,0.050824175824175824,222,4368,0.04837209302325581,52,1075,0.05277777777777778,57,1080
object_to_verb,19,0,0.12385531135531136,541,4368,0.13209302325581396,142,1075,0.13518518518518519,146,1080
object_to_verb,19,1,0.02564102564102564,112,4368,0.018604651162790697,20,1075,0.025925925925925925,28,1080
object_to_verb,19,2,0.028846153846153848,126,4368,0.022325581395348838,24,1075,0.021296296296296296,23,1080
object_to_verb,19,3,0.02197802197802198,96,4368,0.017674418604651163,19,1075,0.022222222222222223,24,1080
object_to_verb,19,4,0.044642857142857144,195,4368,0.03906976744186046,42,1075,0.03981481481481482,43,1080
object_to_verb,19,5,0.051739926739926737,226,4368,0.04372093023255814,47,1075,0.046296296296296294,50,1080
object_to_verb,19,6,0.03708791208791209,162,4368,0.03813953488372093,41,1075,0.03796296296296296,41,1080
object_to_verb,19,7,0.08081501831501832,353,4368,0.05488372093023256,59,1075,0.06851851851851852,74,1080
object_to_verb,19,8,0.23809523809523808,1040,4368,0.23534883720930233,253,1075,0.2324074074074074,251,1080
object_to_verb,19,9,0.42467948717948717,1855,4368,0.4223255813953488,454,1075,0.4083333333333333,441,1080
object_to_verb,19,10,0.35554029304029305,1553,4368,0.3469767441860465,373,1075,0.3416666666666667,369,1080
object_to_verb,19,11,0.16872710622710624,737,4368,0.18511627906976744,199,1075,0.14444444444444443,156,1080
object_to_verb,19,12,0.7174908424908425,3134,4368,0.7088372093023256,762,1075,0.7083333333333334,765,1080
object_to_verb,19,13,0.11996336996336997,524,4368,0.11534883720930232,124,1075,0.10740740740740741,116,1080
object_to_verb,19,14,0.018086080586080588,79,4368,0.013953488372093023,15,1075,0.011111111111111112,12,1080
object_to_verb,19,15,0.026785714285714284,117,4368,0.023255813953488372,25,1075,0.025925925925925925,28,1080
object_to_verb,19,16,0.028617216117216116,125,4368,0.022325581395348838,24,1075,0.03148148148148148,34,1080
object_to_verb,19,17,0.024954212454212456,109,4368,0.021395348837209303,23,1075,0.020370370370370372,22,1080
object_to_verb,19,18,0.014652014652014652,64,4368,0.011162790697674419,12,1075,0.011111111111111112,12,1080
object_to_verb,19,19,0.020833333333333332,91,4368,0.011162790697674419,12,1075,0.013888888888888888,15,1080
object_to_verb,19,20,0.018543956043956044,81,4368,0.013953488372093023,15,1075,0.011111111111111112,12,1080
object_to_verb,19,21,0.028846153846153848,126,4368,0.021395348837209303,23,1075,0.020370370370370372,22,1080
object_to_verb,19,22,0.015567765567765568,68,4368,0.013953488372093023,15,1075,0.013888888888888888,15,1080
object_to_verb,19,23,0.04006410256410257,175,4368,0.046511627906976744,50,1075,0.02962962962962963,32,1080
object_to_verb,19,24,0.027930402930402932,122,4368,0.020465116279069766,22,1075,0.021296296296296296,23,1080
object_to_verb,19,25,0.020375457875457876,89,4368,0.01581395348837209,17,1075,0.013888888888888888,15,1080
object_to_verb,19,26,0.022664835164835164,99,4368,0.018604651162790697,20,1075,0.019444444444444445,21,1080
object_to_verb,19,27,0.046474358974358976,203,4368,0.03441860465116279,37,1075,0.037037037037037035,40,1080
object_to_verb,20,0,0.09043040293040293,395,4368,0.061395348837209304,66,1075,0.09259259259259259,100,1080
object_to_verb,20,1,0.4198717948717949,1834,4368,0.41209302325581393,443,1075,0.4074074074074074,440,1080
object_to_verb,20,2,0.18704212454212454,817,4368,0.19813953488372094,213,1075,0.175,189,1080
object_to_verb,20,3,0.15132783882783882,661,4368,0.12186046511627907,131,1075,0.14907407407407408,161,1080
object_to_verb,20,4,0.025869963369963368,113,4368,0.026046511627906978,28,1075,0.021296296296296296,23,1080
object_to_verb,20,5,0.06707875457875458,293,4368,0.052093023255813956,56,1075,0.07314814814814814,79,1080
object_to_verb,20,6,0.13163919413919414,575,4368,0.12465116279069767,134,1075,0.11574074074074074,125,1080
object_to_verb,20,7,0.04487179487179487,196,4368,0.04186046511627907,45,1075,0.03518518518518519,38,1080
object_to_verb,20,8,0.016025641025641024,70,4368,0.008372093023255815,9,1075,0.012037037037037037,13,1080
object_to_verb,20,9,0.01694139194139194,74,4368,0.013023255813953489,14,1075,0.013888888888888888,15,1080
object_to_verb,20,10,0.047619047619047616,208,4368,0.03348837209302326,36,1075,0.03981481481481482,43,1080
object_to_verb,20,11,0.01098901098901099,48,4368,0.010232558139534883,11,1075,0.007407407407407408,8,1080
object_to_verb,20,12,0.027243589743589744,119,4368,0.014883720930232559,16,1075,0.022222222222222223,24,1080
object_to_verb,20,13,0.016712454212454212,73,4368,0.013023255813953489,14,1075,0.016666666666666666,18,1080
object_to_verb,20,14,0.06868131868131869,300,4368,0.04837209302325581,52,1075,0.06481481481481481,70,1080
object_to_verb,20,15,0.0190018315018315,83,4368,0.017674418604651163,19,1075,0.01574074074074074,17,1080
object_to_verb,20,16,0.030677655677655676,134,4368,0.027906976744186046,30,1075,0.028703703703703703,31,1080
object_to_verb,20,17,0.03891941391941392,170,4368,0.029767441860465118,32,1075,0.032407407407407406,35,1080
object_to_verb,20,18,0.07005494505494506,306,4368,0.059534883720930236,64,1075,0.06666666666666667,72,1080
object_to_verb,20,19,0.018772893772893772,82,4368,0.020465116279069766,22,1075,0.020370370370370372,22,1080
object_to_verb,20,20,0.04532967032967033,198,4368,0.030697674418604652,33,1075,0.04259259259259259,46,1080
object_to_verb,20,21,0.026556776556776556,116,4368,0.023255813953488372,25,1075,0.021296296296296296,23,1080
object_to_verb,20,22,0.15521978021978022,678,4368,0.13953488372093023,150,1075,0.15555555555555556,168,1080
object_to_verb,20,23,0.029304029304029304,128,4368,0.02883720930232558,31,1075,0.025925925925925925,28,1080
object_to_verb,20,24,0.018315018315018316,80,4368,0.014883720930232559,16,1075,0.01574074074074074,17,1080
object_to_verb,20,25,0.032280219780219783,141,4368,0.01674418604651163,18,1075,0.020370370370370372,22,1080
object_to_verb,20,26,0.017628205128205128,77,4368,0.013023255813953489,14,1075,0.020370370370370372,22,1080
object_to_verb,20,27,0.016254578754578756,71,4368,0.009302325581395349,10,1075,0.014814814814814815,16,1080
object_to_verb,21,0,0.24977106227106227,1091,4368,0.24558139534883722,264,1075,0.25277777777777777,273,1080
object_to_verb,21,1,0.0190018315018315,83,4368,0.01581395348837209,17,1075,0.018518518518518517,20,1080
object_to_verb,21,2,0.023809523809523808,104,4368,0.01674418604651163,18,1075,0.017592592592592594,19,1080
object_to_verb,21,3,0.027472527472527472,120,4368,0.013953488372093023,15,1075,0.019444444444444445,21,1080
object_to_verb,21,4,0.026556776556776556,116,4368,0.027906976744186046,30,1075,0.027777777777777776,30,1080
object_to_verb,21,5,0.025183150183150184,110,4368,0.025116279069767444,27,1075,0.024074074074074074,26,1080
object_to_verb,21,6,0.1987179487179487,868,4368,0.19162790697674417,206,1075,0.20092592592592592,217,1080
object_to_verb,21,7,0.01694139194139194,74,4368,0.013023255813953489,14,1075,0.012962962962962963,14,1080
object_to_verb,21,8,0.02815934065934066,123,4368,0.021395348837209303,23,1075,0.019444444444444445,21,1080
object_to_verb,21,9,0.11034798534798534,482,4368,0.1013953488372093,109,1075,0.10462962962962963,113,1080
object_to_verb,21,10,0.06295787545787546,275,4368,0.053953488372093024,58,1075,0.06388888888888888,69,1080
object_to_verb,21,11,0.036172161172161175,158,4368,0.027906976744186046,30,1075,0.025,27,1080
object_to_verb,21,12,0.05311355311355311,232,4368,0.04186046511627907,45,1075,0.04537037037037037,49,1080
object_to_verb,21,13,0.026785714285714284,117,4368,0.026976744186046512,29,1075,0.022222222222222223,24,1080
object_to_verb,21,14,0.019230769230769232,84,4368,0.013953488372093023,15,1075,0.020370370370370372,22,1080
object_to_verb,21,15,0.29395604395604397,1284,4368,0.31534883720930235,339,1075,0.2972222222222222,321,1080
object_to_verb,21,16,0.1446886446886447,632,4368,0.14418604651162792,155,1075,0.1425925925925926,154,1080
object_to_verb,21,17,0.061126373626373624,267,4368,0.0641860465116279,69,1075,0.058333333333333334,63,1080
object_to_verb,21,18,0.07326007326007326,320,4368,0.05767441860465116,62,1075,0.0712962962962963,77,1080
object_to_verb,21,19,0.011675824175824176,51,4368,0.005581395348837209,6,1075,0.010185185185185186,11,1080
object_to_verb,21,20,0.48717948717948717,2128,4368,0.466046511627907,501,1075,0.47962962962962963,518,1080
object_to_verb,21,21,0.12706043956043955,555,4368,0.13209302325581396,142,1075,0.12129629629629629,131,1080
object_to_verb,21,22,0.027930402930402932,122,4368,0.029767441860465118,32,1075,0.026851851851851852,29,1080
object_to_verb,21,23,0.12797619047619047,559,4368,0.0986046511627907,106,1075,0.12037037037037036,130,1080
object_to_verb,21,24,0.023122710622710624,101,4368,0.023255813953488372,25,1075,0.018518518518518517,20,1080
object_to_verb,21,25,0.027930402930402932,122,4368,0.024186046511627906,26,1075,0.024074074074074074,26,1080
object_to_verb,21,26,0.14766483516483517,645,4368,0.14604651162790697,157,1075,0.16203703703703703,175,1080
object_to_verb,21,27,0.017628205128205128,77,4368,0.014883720930232559,16,1075,0.014814814814814815,16,1080
object_to_verb,22,0,0.016254578754578756,71,4368,0.013023255813953489,14,1075,0.012037037037037037,13,1080
object_to_verb,22,1,0.004807692307692308,21,4368,0.0037209302325581397,4,1075,0.005555555555555556,6,1080
object_to_verb,22,2,0.01945970695970696,85,4368,0.017674418604651163,19,1075,0.016666666666666666,18,1080
object_to_verb,22,3,0.009615384615384616,42,4368,0.0074418604651162795,8,1075,0.006481481481481481,7,1080
object_to_verb,22,4,0.013736263736263736,60,4368,0.010232558139534883,11,1075,0.009259259259259259,10,1080
object_to_verb,22,5,0.010531135531135532,46,4368,0.009302325581395349,10,1075,0.008333333333333333,9,1080
object_to_verb,22,6,0.012133699633699634,53,4368,0.010232558139534883,11,1075,0.012962962962962963,14,1080
object_to_verb,22,7,0.035485347985347984,155,4368,0.027906976744186046,30,1075,0.03518518518518519,38,1080
object_to_verb,22,8,0.019688644688644688,86,4368,0.017674418604651163,19,1075,0.012962962962962963,14,1080
object_to_verb,22,9,0.028846153846153848,126,4368,0.022325581395348838,24,1075,0.025925925925925925,28,1080
object_to_verb,22,10,0.03914835164835165,171,4368,0.035348837209302326,38,1075,0.04351851851851852,47,1080
object_to_verb,22,11,0.2277930402930403,995,4368,0.2241860465116279,241,1075,0.22407407407407406,242,1080
object_to_verb,22,12,0.030677655677655676,134,4368,0.024186046511627906,26,1075,0.028703703703703703,31,1080
object_to_verb,22,13,0.018543956043956044,81,4368,0.013023255813953489,14,1075,0.012037037037037037,13,1080
object_to_verb,22,14,0.0173992673992674,76,4368,0.011162790697674419,12,1075,0.01574074074074074,17,1080
object_to_verb,22,15,0.02815934065934066,123,4368,0.020465116279069766,22,1075,0.022222222222222223,24,1080
object_to_verb,22,16,0.025183150183150184,110,4368,0.01674418604651163,18,1075,0.019444444444444445,21,1080
object_to_verb,22,17,0.026556776556776556,116,4368,0.020465116279069766,22,1075,0.022222222222222223,24,1080
object_to_verb,22,18,0.04120879120879121,180,4368,0.03813953488372093,41,1075,0.03333333333333333,36,1080
object_to_verb,22,19,0.021291208791208792,93,4368,0.017674418604651163,19,1075,0.016666666666666666,18,1080
object_to_verb,22,20,0.017857142857142856,78,4368,0.012093023255813953,13,1075,0.013888888888888888,15,1080
object_to_verb,22,21,0.012362637362637362,54,4368,0.012093023255813953,13,1075,0.011111111111111112,12,1080
object_to_verb,22,22,0.01945970695970696,85,4368,0.013023255813953489,14,1075,0.014814814814814815,16,1080
object_to_verb,22,23,0.025183150183150184,110,4368,0.022325581395348838,24,1075,0.022222222222222223,24,1080
object_to_verb,22,24,0.018086080586080588,79,4368,0.013953488372093023,15,1075,0.01574074074074074,17,1080
object_to_verb,22,25,0.01510989010989011,66,4368,0.008372093023255815,9,1075,0.012037037037037037,13,1080
object_to_verb,22,26,0.011446886446886446,50,4368,0.011162790697674419,12,1075,0.010185185185185186,11,1080
object_to_verb,22,27,0.017857142857142856,78,4368,0.011162790697674419,12,1075,0.014814814814814815,16,1080
object_to_verb,23,0,0.046703296703296704,204,4368,0.03906976744186046,42,1075,0.046296296296296294,50,1080
object_to_verb,23,1,0.05402930402930403,236,4368,0.04930232558139535,53,1075,0.044444444444444446,48,1080
object_to_verb,23,2,0.04532967032967033,198,4368,0.029767441860465118,32,1075,0.04722222222222222,51,1080
object_to_verb,23,3,0.014423076923076924,63,4368,0.013023255813953489,14,1075,0.014814814814814815,16,1080
object_to_verb,23,4,0.014423076923076924,63,4368,0.009302325581395349,10,1075,0.012037037037037037,13,1080
object_to_verb,23,5,0.04532967032967033,198,4368,0.04186046511627907,45,1075,0.03796296296296296,41,1080
object_to_verb,23,6,0.0190018315018315,83,4368,0.013953488372093023,15,1075,0.019444444444444445,21,1080
object_to_verb,23,7,0.017170329670329672,75,4368,0.014883720930232559,16,1075,0.017592592592592594,19,1080
object_to_verb,23,8,0.012133699633699634,53,4368,0.011162790697674419,12,1075,0.009259259259259259,10,1080
object_to_verb,23,9,0.009386446886446886,41,4368,0.008372093023255815,9,1075,0.008333333333333333,9,1080
object_to_verb,23,10,0.029075091575091576,127,4368,0.027906976744186046,30,1075,0.030555555555555555,33,1080
object_to_verb,23,11,0.014194139194139194,62,4368,0.010232558139534883,11,1075,0.012037037037037037,13,1080
object_to_verb,23,12,0.009386446886446886,41,4368,0.009302325581395349,10,1075,0.002777777777777778,3,1080
object_to_verb,23,13,0.021062271062271064,92,4368,0.01674418604651163,18,1075,0.017592592592592594,19,1080
object_to_verb,23,14,0.0173992673992674,76,4368,0.010232558139534883,11,1075,0.011111111111111112,12,1080
object_to_verb,23,15,0.04830586080586081,211,4368,0.046511627906976744,50,1075,0.06111111111111111,66,1080
object_to_verb,23,16,0.5728021978021978,2502,4368,0.5720930232558139,615,1075,0.5703703703703704,616,1080
object_to_verb,23,17,0.05860805860805861,256,4368,0.04744186046511628,51,1075,0.053703703703703705,58,1080
object_to_verb,23,18,0.011446886446886446,50,4368,0.011162790697674419,12,1075,0.012962962962962963,14,1080
object_to_verb,23,19,0.016483516483516484,72,4368,0.008372093023255815,9,1075,0.016666666666666666,18,1080
object_to_verb,23,20,0.011446886446886446,50,4368,0.008372093023255815,9,1075,0.007407407407407408,8,1080
object_to_verb,23,21,0.03296703296703297,144,4368,0.027906976744186046,30,1075,0.025925925925925925,28,1080
object_to_verb,23,22,0.025869963369963368,113,4368,0.018604651162790697,20,1075,0.021296296296296296,23,1080
object_to_verb,23,23,0.15155677655677655,662,4368,0.12558139534883722,135,1075,0.1527777777777778,165,1080
object_to_verb,23,24,0.10576923076923077,462,4368,0.09953488372093024,107,1075,0.10925925925925926,118,1080
object_to_verb,23,25,0.1858974358974359,812,4368,0.1841860465116279,198,1075,0.1814814814814815,196,1080
object_to_verb,23,26,0.1059981684981685,463,4368,0.09302325581395349,100,1075,0.10833333333333334,117,1080
object_to_verb,23,27,0.16346153846153846,714,4368,0.15627906976744185,168,1075,0.16296296296296298,176,1080
object_to_verb,24,0,0.2667124542124542,1165,4368,0.2483720930232558,267,1075,0.27037037037037037,292,1080
object_to_verb,24,1,0.10943223443223443,478,4368,0.10511627906976745,113,1075,0.11296296296296296,122,1080
object_to_verb,24,2,0.06845238095238096,299,4368,0.07069767441860465,76,1075,0.08611111111111111,93,1080
object_to_verb,24,3,0.19047619047619047,832,4368,0.18325581395348836,197,1075,0.1925925925925926,208,1080
object_to_verb,24,4,0.07738095238095238,338,4368,0.07069767441860465,76,1075,0.08055555555555556,87,1080
object_to_verb,24,5,0.06799450549450549,297,4368,0.052093023255813956,56,1075,0.06851851851851852,74,1080
object_to_verb,24,6,0.26945970695970695,1177,4368,0.23906976744186045,257,1075,0.28055555555555556,303,1080
object_to_verb,24,7,0.012133699633699634,53,4368,0.0074418604651162795,8,1075,0.010185185185185186,11,1080
object_to_verb,24,8,0.01304945054945055,57,4368,0.009302325581395349,10,1075,0.011111111111111112,12,1080
object_to_verb,24,9,0.01282051282051282,56,4368,0.009302325581395349,10,1075,0.012962962962962963,14,1080
object_to_verb,24,10,0.011446886446886446,50,4368,0.009302325581395349,10,1075,0.012037037037037037,13,1080
object_to_verb,24,11,0.023809523809523808,104,4368,0.017674418604651163,19,1075,0.017592592592592594,19,1080
object_to_verb,24,12,0.016025641025641024,70,4368,0.011162790697674419,12,1075,0.012962962962962963,14,1080
object_to_verb,24,13,0.015796703296703296,69,4368,0.012093023255813953,13,1075,0.011111111111111112,12,1080
object_to_verb,24,14,0.029075091575091576,127,4368,0.024186046511627906,26,1075,0.03333333333333333,36,1080
object_to_verb,24,15,0.056776556776556776,248,4368,0.044651162790697675,48,1075,0.05648148148148148,61,1080
object_to_verb,24,16,0.02358058608058608,103,4368,0.018604651162790697,20,1075,0.020370370370370372,22,1080
object_to_verb,24,17,0.021291208791208792,93,4368,0.014883720930232559,16,1075,0.018518518518518517,20,1080
object_to_verb,24,18,0.0782967032967033,342,4368,0.06511627906976744,70,1075,0.08148148148148149,88,1080
object_to_verb,24,19,0.03182234432234432,139,4368,0.020465116279069766,22,1075,0.025,27,1080
object_to_verb,24,20,0.11469780219780219,501,4368,0.09767441860465116,105,1075,0.11851851851851852,128,1080
object_to_verb,24,21,0.022206959706959708,97,4368,0.01581395348837209,17,1075,0.017592592592592594,19,1080
object_to_verb,24,22,0.022206959706959708,97,4368,0.013953488372093023,15,1075,0.021296296296296296,23,1080
object_to_verb,24,23,0.012591575091575092,55,4368,0.010232558139534883,11,1075,0.010185185185185186,11,1080
object_to_verb,24,24,0.025869963369963368,113,4368,0.021395348837209303,23,1075,0.03148148148148148,34,1080
object_to_verb,24,25,0.011675824175824176,51,4368,0.008372093023255815,9,1075,0.009259259259259259,10,1080
object_to_verb,24,26,0.012591575091575092,55,4368,0.010232558139534883,11,1075,0.012037037037037037,13,1080
object_to_verb,24,27,0.012591575091575092,55,4368,0.0065116279069767444,7,1075,0.010185185185185186,11,1080
object_to_verb,25,0,0.015338827838827838,67,4368,0.012093023255813953,13,1075,0.012962962962962963,14,1080
object_to_verb,25,1,0.02564102564102564,112,4368,0.02883720930232558,31,1075,0.023148148148148147,25,1080
object_to_verb,25,2,0.07623626373626374,333,4368,0.06046511627906977,65,1075,0.0787037037037037,85,1080
object_to_verb,25,3,0.14377289377289376,628,4368,0.1516279069767442,163,1075,0.14444444444444443,156,1080
object_to_verb,25,4,0.225503663003663,985,4368,0.2372093023255814,255,1075,0.2101851851851852,227,1080
object_to_verb,25,5,0.05654761904761905,247,4368,0.05116279069767442,55,1075,0.05185185185185185,56,1080
object_to_verb,25,6,0.053800366300366304,235,4368,0.044651162790697675,48,1075,0.04814814814814815,52,1080
object_to_verb,25,7,0.013965201465201466,61,4368,0.013953488372093023,15,1075,0.01574074074074074,17,1080
object_to_verb,25,8,0.011904761904761904,52,4368,0.009302325581395349,10,1075,0.012037037037037037,13,1080
object_to_verb,25,9,0.015567765567765568,68,4368,0.013023255813953489,14,1075,0.013888888888888888,15,1080
object_to_verb,25,10,0.013965201465201466,61,4368,0.011162790697674419,12,1075,0.013888888888888888,15,1080
object_to_verb,25,11,0.013736263736263736,60,4368,0.008372093023255815,9,1075,0.009259259259259259,10,1080
object_to_verb,25,12,0.020146520146520148,88,4368,0.012093023255813953,13,1075,0.012037037037037037,13,1080
object_to_verb,25,13,0.012362637362637362,54,4368,0.008372093023255815,9,1075,0.012037037037037037,13,1080
object_to_verb,25,14,0.07623626373626374,333,4368,0.062325581395348835,67,1075,0.08518518518518518,92,1080
object_to_verb,25,15,0.023809523809523808,104,4368,0.01674418604651163,18,1075,0.016666666666666666,18,1080
object_to_verb,25,16,0.05036630036630037,220,4368,0.04279069767441861,46,1075,0.05648148148148148,61,1080
object_to_verb,25,17,0.007783882783882784,34,4368,0.004651162790697674,5,1075,0.005555555555555556,6,1080
object_to_verb,25,18,0.03205128205128205,140,4368,0.029767441860465118,32,1075,0.026851851851851852,29,1080
object_to_verb,25,19,0.09363553113553114,409,4368,0.08558139534883721,92,1075,0.10462962962962963,113,1080
object_to_verb,25,20,0.12706043956043955,555,4368,0.1516279069767442,163,1075,0.11574074074074074,125,1080
object_to_verb,25,21,0.07097069597069597,310,4368,0.05767441860465116,62,1075,0.0787037037037037,85,1080
object_to_verb,25,22,0.0190018315018315,83,4368,0.013953488372093023,15,1075,0.018518518518518517,20,1080
object_to_verb,25,23,0.01282051282051282,56,4368,0.009302325581395349,10,1075,0.012037037037037037,13,1080
object_to_verb,25,24,0.013278388278388278,58,4368,0.011162790697674419,12,1075,0.012037037037037037,13,1080
object_to_verb,25,25,0.011904761904761904,52,4368,0.0074418604651162795,8,1075,0.007407407407407408,8,1080
object_to_verb,25,26,0.011675824175824176,51,4368,0.009302325581395349,10,1075,0.012037037037037037,13,1080
object_to_verb,25,27,0.029304029304029304,128,4368,0.026976744186046512,29,1075,0.030555555555555555,33,1080
object_to_verb,26,0,0.011217948717948718,49,4368,0.009302325581395349,10,1075,0.009259259259259259,10,1080
object_to_verb,26,1,0.01098901098901099,48,4368,0.009302325581395349,10,1075,0.012037037037037037,13,1080
object_to_verb,26,2,0.01098901098901099,48,4368,0.010232558139534883,11,1075,0.011111111111111112,12,1080
object_to_verb,26,3,0.012133699633699634,53,4368,0.010232558139534883,11,1075,0.012962962962962963,14,1080
object_to_verb,26,4,0.011446886446886446,50,4368,0.008372093023255815,9,1075,0.010185185185185186,11,1080
object_to_verb,26,5,0.012362637362637362,54,4368,0.009302325581395349,10,1075,0.013888888888888888,15,1080
object_to_verb,26,6,0.012591575091575092,55,4368,0.009302325581395349,10,1075,0.009259259259259259,10,1080
object_to_verb,26,7,0.009844322344322344,43,4368,0.0065116279069767444,7,1075,0.007407407407407408,8,1080
object_to_verb,26,8,0.10302197802197802,450,4368,0.08465116279069768,91,1075,0.10925925925925926,118,1080
object_to_verb,26,9,0.01304945054945055,57,4368,0.009302325581395349,10,1075,0.010185185185185186,11,1080
object_to_verb,26,10,0.011675824175824176,51,4368,0.008372093023255815,9,1075,0.011111111111111112,12,1080
object_to_verb,26,11,0.0972985347985348,425,4368,0.08372093023255814,90,1075,0.10277777777777777,111,1080
object_to_verb,26,12,0.010073260073260074,44,4368,0.008372093023255815,9,1075,0.010185185185185186,11,1080
object_to_verb,26,13,0.012591575091575092,55,4368,0.010232558139534883,11,1075,0.011111111111111112,12,1080
object_to_verb,26,14,0.010302197802197802,45,4368,0.0074418604651162795,8,1075,0.010185185185185186,11,1080
object_to_verb,26,15,0.009844322344322344,43,4368,0.0074418604651162795,8,1075,0.007407407407407408,8,1080
object_to_verb,26,16,0.010531135531135532,46,4368,0.008372093023255815,9,1075,0.010185185185185186,11,1080
object_to_verb,26,17,0.010531135531135532,46,4368,0.008372093023255815,9,1075,0.011111111111111112,12,1080
object_to_verb,26,18,0.01098901098901099,48,4368,0.008372093023255815,9,1075,0.010185185185185186,11,1080
object_to_verb,26,19,0.010531135531135532,46,4368,0.009302325581395349,10,1075,0.011111111111111112,12,1080
object_to_verb,26,20,0.01098901098901099,48,4368,0.009302325581395349,10,1075,0.010185185185185186,11,1080
object_to_verb,26,21,0.018086080586080588,79,4368,0.01581395348837209,17,1075,0.017592592592592594,19,1080
object_to_verb,26,22,0.18635531135531136,814,4368,0.1869767441860465,201,1075,0.16574074074074074,179,1080
object_to_verb,26,23,0.025412087912087912,111,4368,0.01953488372093023,21,1075,0.020370370370370372,22,1080
object_to_verb,26,24,0.026785714285714284,117,4368,0.021395348837209303,23,1075,0.02962962962962963,32,1080
object_to_verb,26,25,0.019230769230769232,84,4368,0.014883720930232559,16,1075,0.017592592592592594,19,1080
object_to_verb,26,26,0.13667582417582416,597,4368,0.13023255813953488,140,1075,0.13055555555555556,141,1080
object_to_verb,26,27,0.05631868131868132,246,4368,0.046511627906976744,50,1075,0.06296296296296296,68,1080
object_to_verb,27,0,0.009615384615384616,42,4368,0.009302325581395349,10,1075,0.008333333333333333,9,1080
object_to_verb,27,1,0.010531135531135532,46,4368,0.009302325581395349,10,1075,0.007407407407407408,8,1080
object_to_verb,27,2,0.009844322344322344,43,4368,0.0074418604651162795,8,1075,0.008333333333333333,9,1080
object_to_verb,27,3,0.009615384615384616,42,4368,0.008372093023255815,9,1075,0.009259259259259259,10,1080
object_to_verb,27,4,0.010073260073260074,44,4368,0.008372093023255815,9,1075,0.006481481481481481,7,1080
object_to_verb,27,5,0.010073260073260074,44,4368,0.008372093023255815,9,1075,0.008333333333333333,9,1080
object_to_verb,27,6,0.01076007326007326,47,4368,0.0074418604651162795,8,1075,0.007407407407407408,8,1080
object_to_verb,27,7,0.024725274725274724,108,4368,0.024186046511627906,26,1075,0.025,27,1080
object_to_verb,27,8,0.26465201465201466,1156,4368,0.27162790697674416,292,1075,0.24444444444444444,264,1080
object_to_verb,27,9,0.13736263736263737,600,4368,0.14511627906976743,156,1075,0.14629629629629629,158,1080
object_to_verb,27,10,0.1733058608058608,757,4368,0.1841860465116279,198,1075,0.17592592592592593,190,1080
object_to_verb,27,11,0.27564102564102566,1204,4368,0.2986046511627907,321,1075,0.275,297,1080
object_to_verb,27,12,0.15567765567765568,680,4368,0.18325581395348836,197,1075,0.14629629629629629,158,1080
object_to_verb,27,13,0.17902930402930403,782,4368,0.2027906976744186,218,1075,0.18055555555555555,195,1080
object_to_verb,27,14,0.011675824175824176,51,4368,0.0074418604651162795,8,1075,0.010185185185185186,11,1080
object_to_verb,27,15,0.010531135531135532,46,4368,0.009302325581395349,10,1075,0.008333333333333333,9,1080
object_to_verb,27,16,0.010531135531135532,46,4368,0.009302325581395349,10,1075,0.009259259259259259,10,1080
object_to_verb,27,17,0.01098901098901099,48,4368,0.0074418604651162795,8,1075,0.008333333333333333,9,1080
object_to_verb,27,18,0.010302197802197802,45,4368,0.0065116279069767444,7,1075,0.010185185185185186,11,1080
object_to_verb,27,19,0.01076007326007326,47,4368,0.0074418604651162795,8,1075,0.007407407407407408,8,1080
object_to_verb,27,20,0.01098901098901099,48,4368,0.008372093023255815,9,1075,0.009259259259259259,10,1080
object_to_verb,27,21,0.01076007326007326,47,4368,0.0074418604651162795,8,1075,0.007407407407407408,8,1080
object_to_verb,27,22,0.01098901098901099,48,4368,0.0074418604651162795,8,1075,0.010185185185185186,11,1080
object_to_verb,27,23,0.010531135531135532,46,4368,0.0074418604651162795,8,1075,0.008333333333333333,9,1080
object_to_verb,27,24,0.010302197802197802,45,4368,0.008372093023255815,9,1075,0.009259259259259259,10,1080
object_to_verb,27,25,0.014423076923076924,63,4368,0.009302325581395349,10,1075,0.021296296296296296,23,1080
object_to_verb,27,26,0.010531135531135532,46,4368,0.0074418604651162795,8,1075,0.012037037037037037,13,1080
object_to_verb,27,27,0.010073260073260074,44,4368,0.008372093023255815,9,1075,0.006481481481481481,7,1080
subject_to_verb,0,0,0.2614867388868136,1400,5354,0.2473604826546003,328,1326,0.26934306569343064,369,1370
subject_to_verb,0,1,0.017930519237952934,96,5354,0.01583710407239819,21,1326,0.013868613138686132,19,1370
subject_to_verb,0,2,0.15558460963765408,833,5354,0.1493212669683258,198,1326,0.16569343065693432,227,1370
subject_to_verb,0,3,0.19088531938737394,1022,5354,0.1975867269984917,262,1326,0.21313868613138687,292,1370
subject_to_verb,0,4,0.007844602166604408,42,5354,0.008295625942684766,11,1326,0.010948905109489052,15,1370
subject_to_verb,0,5,0.015689204333208816,84,5354,0.016591251885369532,22,1326,0.013868613138686132,19,1370
subject_to_verb,0,6,0.01363466567052671,73,5354,0.017345399698340876,23,1326,0.01167883211678832,16,1370
subject_to_verb,0,7,0.008778483376914456,47,5354,0.011312217194570135,15,1326,0.014598540145985401,20,1370
subject_to_verb,0,8,0.03193873739260366,171,5354,0.032428355957767725,43,1326,0.040145985401459854,55,1370
subject_to_verb,0,9,0.014942099364960777,80,5354,0.01583710407239819,21,1326,0.016788321167883213,23,1370
subject_to_verb,0,10,0.08498319013821441,455,5354,0.07918552036199095,105,1326,0.08102189781021898,111,1370
subject_to_verb,0,11,0.005790063503922301,31,5354,0.005279034690799397,7,1326,0.00583941605839416,8,1370
subject_to_verb,0,12,0.006723944714232349,36,5354,0.006787330316742082,9,1326,0.004379562043795621,6,1370
subject_to_verb,0,13,0.02540156892043332,136,5354,0.021870286576168928,29,1326,0.021897810218978103,30,1370
subject_to_verb,0,14,0.02614867388868136,140,5354,0.02262443438914027,30,1326,0.020437956204379562,28,1370
subject_to_verb,0,15,0.1268210683601046,679,5354,0.12895927601809956,171,1326,0.14890510948905109,204,1370
subject_to_verb,0,16,0.08311542771759432,445,5354,0.08069381598793364,107,1326,0.09197080291970802,126,1370
subject_to_verb,0,17,0.02577512140455734,138,5354,0.032428355957767725,43,1326,0.032116788321167884,44,1370
subject_to_verb,0,18,0.2626073963391857,1406,5354,0.2594268476621418,344,1326,0.272992700729927,374,1370
subject_to_verb,0,19,0.12570041090773254,673,5354,0.11840120663650075,157,1326,0.12408759124087591,170,1370
subject_to_verb,0,20,0.06481135599551736,347,5354,0.05957767722473605,79,1326,0.0781021897810219,107,1370
subject_to_verb,0,21,0.27754949570414644,1486,5354,0.2669683257918552,354,1326,0.2941605839416058,403,1370
subject_to_verb,0,22,0.0046694060515502425,25,5354,0.004524886877828055,6,1326,0.0036496350364963502,5,1370
subject_to_verb,0,23,0.010272693313410535,55,5354,0.011312217194570135,15,1326,0.014598540145985401,20,1370
subject_to_verb,0,24,0.010085917071348524,54,5354,0.010558069381598794,14,1326,0.008029197080291971,11,1370
subject_to_verb,0,25,0.007097497198356369,38,5354,0.005279034690799397,7,1326,0.006569343065693431,9,1370
subject_to_verb,0,26,0.01251400821815465,67,5354,0.01282051282051282,17,1326,0.021897810218978103,30,1370
subject_to_verb,0,27,0.00653716847217034,35,5354,0.003770739064856712,5,1326,0.00583941605839416,8,1370
subject_to_verb,1,0,0.09899140829286515,530,5354,0.09954751131221719,132,1326,0.11532846715328467,158,1370
subject_to_verb,1,1,0.03567426223384385,191,5354,0.030165912518853696,40,1326,0.03941605839416058,54,1370
subject_to_verb,1,2,0.11561449383638402,619,5354,0.13423831070889894,178,1326,0.13722627737226278,188,1370
subject_to_verb,1,3,0.11187896899514382,599,5354,0.11990950226244344,159,1326,0.1335766423357664,183,1370
subject_to_verb,1,4,0.10664923421740755,571,5354,0.10633484162895927,141,1326,0.12043795620437957,165,1370
subject_to_verb,1,5,0.11318640268957789,606,5354,0.11463046757164404,152,1326,0.13211678832116788,181,1370
subject_to_verb,1,6,0.011580127007844603,62,5354,0.006787330316742082,9,1326,0.012408759124087591,17,1370
subject_to_verb,1,7,0.19181920059768398,1027,5354,0.19909502262443438,264,1326,0.20802919708029197,285,1370
subject_to_verb,1,8,0.4555472543892417,2439,5354,0.4419306184012066,586,1326,0.481021897810219,659,1370
subject_to_verb,1,9,0.015128875607022786,81,5354,0.01583710407239819,21,1326,0.015328467153284672,21,1370
subject_to_verb,1,10,0.35450130743369446,1898,5354,0.3476621417797888,461,1326,0.3802919708029197,521,1370
subject_to_verb,1,11,0.08685095255883452,465,5354,0.083710407239819,111,1326,0.08905109489051095,122,1370
subject_to_verb,1,12,0.022786701531565184,122,5354,0.027149321266968326,36,1326,0.032116788321167884,44,1370
subject_to_verb,1,13,0.4506910720956294,2413,5354,0.4374057315233786,580,1326,0.4708029197080292,645,1370
subject_to_verb,1,14,0.02446768771012327,131,5354,0.024886877828054297,33,1326,0.021897810218978103,30,1370
subject_to_verb,1,15,0.016249533059394843,87,5354,0.021116138763197588,28,1326,0.016058394160583942,22,1370
subject_to_verb,1,16,0.007657825924542398,41,5354,0.008295625942684766,11,1326,0.004379562043795621,6,1370
subject_to_verb,1,17,0.021666044079193127,116,5354,0.02790346907993967,37,1326,0.029197080291970802,40,1370
subject_to_verb,1,18,0.02129249159506911,114,5354,0.023378582202111614,31,1326,0.01970802919708029,27,1370
subject_to_verb,1,19,0.05267090026148674,282,5354,0.06033182503770739,80,1326,0.04598540145985401,63,1370
subject_to_verb,1,20,0.11150541651101979,597,5354,0.11010558069381599,146,1326,0.12846715328467154,176,1370
subject_to_verb,1,21,0.04501307433694434,241,5354,0.04751131221719457,63,1326,0.04525547445255475,62,1370
subject_to_verb,1,22,0.053604781471796786,287,5354,0.05128205128205128,68,1326,0.051094890510948905,70,1370
subject_to_verb,1,23,0.13130369816959284,703,5354,0.13574660633484162,180,1326,0.1467153284671533,201,1370
subject_to_verb,1,24,0.0883451624953306,473,5354,0.08597285067873303,114,1326,0.10583941605839416,145,1370
subject_to_verb,1,25,0.5056032872618603,2707,5354,0.5150829562594268,683,1326,0.5058394160583941,693,1370
subject_to_verb,1,26,0.042024654463952184,225,5354,0.04600301659125189,61,1326,0.05474452554744526,75,1370
subject_to_verb,1,27,0.043145311916324244,231,5354,0.05052790346907994,67,1326,0.03868613138686131,53,1370
subject_to_verb,2,0,0.0007471049682480389,4,5354,0.0007541478129713424,1,1326,0.00072992700729927,1,1370
subject_to_verb,2,1,0.005416511019798282,29,5354,0.006787330316742082,9,1326,0.0051094890510948905,7,1370
subject_to_verb,2,2,0.0044826298094882335,24,5354,0.006033182503770739,8,1326,0.0051094890510948905,7,1370
subject_to_verb,2,3,0.002614867388868136,14,5354,0.003770739064856712,5,1326,0.0036496350364963502,5,1370
subject_to_verb,2,4,0.0014942099364960778,8,5354,0.0,0,1326,0.00291970802919708,4,1370
subject_to_verb,2,5,0.008778483376914456,47,5354,0.012066365007541479,16,1326,0.0072992700729927005,10,1370
subject_to_verb,2,6,0.21180425849831902,1134,5354,0.20512820512820512,272,1326,0.2167883211678832,297,1370
subject_to_verb,2,7,0.04109077325364214,220,5354,0.03996983408748114,53,1326,0.04817518248175182,66,1370
subject_to_verb,2,8,0.0033619723571161747,18,5354,0.0022624434389140274,3,1326,0.00291970802919708,4,1370
subject_to_verb,2,9,0.007284273440418379,39,5354,0.006787330316742082,9,1326,0.008759124087591242,12,1370
subject_to_verb,2,10,0.01961150541651102,105,5354,0.02262443438914027,30,1326,0.020437956204379562,28,1370
subject_to_verb,2,11,0.018117295480014943,97,5354,0.024886877828054297,33,1326,0.027737226277372264,38,1370
subject_to_verb,2,12,0.007844602166604408,42,5354,0.00980392156862745,13,1326,0.0072992700729927005,10,1370
subject_to_verb,2,13,0.010646245797534554,57,5354,0.016591251885369532,22,1326,0.010948905109489052,15,1370
subject_to_verb,2,14,0.007097497198356369,38,5354,0.007541478129713424,10,1326,0.0072992700729927005,10,1370
subject_to_verb,2,15,0.030818079940231603,165,5354,0.02790346907993967,37,1326,0.027007299270072994,37,1370
subject_to_verb,2,16,0.1426970489353754,764,5354,0.13574660633484162,180,1326,0.13065693430656936,179,1370
subject_to_verb,2,17,0.01905117669032499,102,5354,0.023378582202111614,31,1326,0.021897810218978103,30,1370
subject_to_verb,2,18,0.009712364587224505,52,5354,0.006033182503770739,8,1326,0.008759124087591242,12,1370
subject_to_verb,2,19,0.026895778856929398,144,5354,0.021870286576168928,29,1326,0.026277372262773723,36,1370
subject_to_verb,2,20,0.041837878221890175,224,5354,0.038461538461538464,51,1326,0.035036496350364967,48,1370
subject_to_verb,2,21,0.028576765035487485,153,5354,0.021116138763197588,28,1326,0.031386861313868614,43,1370
subject_to_verb,2,22,0.016249533059394843,87,5354,0.015082956259426848,20,1326,0.014598540145985401,20,1370
subject_to_verb,2,23,0.08311542771759432,445,5354,0.08521870286576169,113,1326,0.09854014598540146,135,1370
subject_to_verb,2,24,0.21292491595069107,1140,5354,0.2028657616892911,269,1326,0.20437956204379562,280,1370
subject_to_verb,2,25,0.09450877848337691,506,5354,0.08974358974358974,119,1326,0.10583941605839416,145,1370
subject_to_verb,2,26,0.461524094135226,2471,5354,0.44720965309200605,593,1326,0.48394160583941603,663,1370
subject_to_verb,2,27,0.14998132237579379,803,5354,0.15309200603318251,203,1326,0.17518248175182483,240,1370
subject_to_verb,3,0,0.009338812103100485,50,5354,0.005279034690799397,7,1326,0.014598540145985401,20,1370
subject_to_verb,3,1,0.016249533059394843,87,5354,0.024132730015082957,32,1326,0.016788321167883213,23,1370
subject_to_verb,3,2,0.0033619723571161747,18,5354,0.006787330316742082,9,1326,0.0036496350364963502,5,1370
subject_to_verb,3,3,0.11374673141576391,609,5354,0.1138763197586727,151,1326,0.1145985401459854,157,1370
subject_to_verb,3,4,0.042024654463952184,225,5354,0.033182503770739065,44,1326,0.05328467153284672,73,1370
subject_to_verb,3,5,0.0046694060515502425,25,5354,0.006787330316742082,9,1326,0.008029197080291971,11,1370
subject_to_verb,3,6,0.08722450504295853,467,5354,0.11312217194570136,150,1326,0.09562043795620438,131,1370
subject_to_verb,3,7,0.096002988419873,514,5354,0.09879336349924585,131,1326,0.11240875912408758,154,1370
subject_to_verb,3,8,0.0033619723571161747,18,5354,0.0007541478129713424,1,1326,0.0051094890510948905,7,1370
subject_to_verb,3,9,0.011766903249906611,63,5354,0.00904977375565611,12,1326,0.010948905109489052,15,1370
subject_to_verb,3,10,0.008218154650728428,44,5354,0.00904977375565611,12,1326,0.0072992700729927005,10,1370
subject_to_verb,3,11,0.0029884198729921555,16,5354,0.0030165912518853697,4,1326,0.0036496350364963502,5,1370
subject_to_verb,3,12,0.009338812103100485,50,5354,0.01282051282051282,17,1326,0.008759124087591242,12,1370
subject_to_verb,3,13,0.009152035861038476,49,5354,0.00980392156862745,13,1326,0.008759124087591242,12,1370
subject_to_verb,3,14,0.03679491968621591,197,5354,0.03770739064856712,50,1326,0.03576642335766423,49,1370
subject_to_verb,3,15,0.2558834516249533,1370,5354,0.23906485671191555,317,1326,0.25328467153284673,347,1370
subject_to_verb,3,16,0.03287261860291371,176,5354,0.038461538461538464,51,1326,0.03795620437956204,52,1370
subject_to_verb,3,17,0.18192005976839745,974,5354,0.15912518853695323,211,1326,0.17445255474452553,239,1370
subject_to_verb,3,18,0.015875980575270825,85,5354,0.015082956259426848,20,1326,0.017518248175182483,24,1370
subject_to_verb,3,19,0.024280911468061262,130,5354,0.023378582202111614,31,1326,0.026277372262773723,36,1370
subject_to_verb,3,20,0.2022786701531565,1083,5354,0.18627450980392157,247,1326,0.18248175182481752,250,1370
subject_to_verb,3,21,0.5046694060515502,2702,5354,0.48642533936651583,645,1326,0.5109489051094891,700,1370
subject_to_verb,3,22,0.4519985057900635,2420,5354,0.47285067873303166,627,1326,0.46058394160583943,631,1370
subject_to_verb,3,23,0.06200971236458722,332,5354,0.07164404223227752,95,1326,0.05474452554744526,75,1370
subject_to_verb,3,24,0.057713858797161004,309,5354,0.06334841628959276,84,1326,0.07664233576642336,105,1370
subject_to_verb,3,25,0.10926410160627568,585,5354,0.11463046757164404,152,1326,0.12773722627737227,175,1370
subject_to_verb,3,26,0.12607396339185656,675,5354,0.1282051282051282,170,1326,0.13503649635036497,185,1370
subject_to_verb,3,27,0.23365707881957415,1251,5354,0.2149321266968326,285,1326,0.2569343065693431,352,1370
subject_to_verb,4,0,0.024841240194247292,133,5354,0.024886877828054297,33,1326,0.027737226277372264,38,1370
subject_to_verb,4,1,0.02670900261486739,143,5354,0.023378582202111614,31,1326,0.022627737226277374,31,1370
subject_to_verb,4,2,0.2831527829660067,1516,5354,0.2571644042232277,341,1326,0.28102189781021897,385,1370
subject_to_verb,4,3,0.012327231976092642,66,5354,0.01282051282051282,17,1326,0.012408759124087591,17,1370
subject_to_verb,4,4,0.041837878221890175,224,5354,0.03695324283559578,49,1326,0.04598540145985401,63,1370
subject_to_verb,4,5,0.027829660067239446,149,5354,0.027149321266968326,36,1326,0.021897810218978103,30,1370
subject_to_verb,4,6,0.019237952932387,103,5354,0.021870286576168928,29,1326,0.01824817518248175,25,1370
subject_to_verb,4,7,0.015128875607022786,81,5354,0.012066365007541479,16,1326,0.013868613138686132,19,1370
subject_to_verb,4,8,0.018864400448262982,101,5354,0.020361990950226245,27,1326,0.015328467153284672,21,1370
subject_to_verb,4,9,0.023907358983937244,128,5354,0.03092006033182504,41,1326,0.02335766423357664,32,1370
subject_to_verb,4,10,0.011580127007844603,62,5354,0.013574660633484163,18,1326,0.010218978102189781,14,1370
subject_to_verb,4,11,0.023160254015689205,124,5354,0.02865761689291101,38,1326,0.022627737226277374,31,1370
subject_to_verb,4,12,0.03361972357116175,180,5354,0.03770739064856712,50,1326,0.032846715328467155,45,1370
subject_to_verb,4,13,0.015315651849084797,82,5354,0.01583710407239819,21,1326,0.012408759124087591,17,1370
subject_to_verb,4,14,0.02670900261486739,143,5354,0.026395173453996983,35,1326,0.032846715328467155,45,1370
subject_to_verb,4,15,0.03791557713858797,203,5354,0.033182503770739065,44,1326,0.041605839416058395,57,1370
subject_to_verb,4,16,0.016436309301456856,88,5354,0.01583710407239819,21,1326,0.016788321167883213,23,1370
subject_to_verb,4,17,0.033806499813223756,181,5354,0.03167420814479638,42,1326,0.035036496350364967,48,1370
subject_to_verb,4,18,0.06854688083675757,367,5354,0.07239819004524888,96,1326,0.07956204379562044,109,1370
subject_to_verb,4,19,0.08367575644378035,448,5354,0.07315233785822021,97,1326,0.07591240875912408,104,1370
subject_to_verb,4,20,0.0326858423608517,175,5354,0.04072398190045249,54,1326,0.04452554744525548,61,1370
subject_to_verb,4,21,0.028950317519611506,155,5354,0.042232277526395176,56,1326,0.029927007299270073,41,1370
subject_to_verb,4,22,0.018304071722076952,98,5354,0.020361990950226245,27,1326,0.017518248175182483,24,1370
subject_to_verb,4,23,0.008404930892790437,45,5354,0.012066365007541479,16,1326,0.010948905109489052,15,1370
subject_to_verb,4,24,0.3940978707508405,2110,5354,0.37858220211161386,502,1326,0.40145985401459855,550,1370
subject_to_verb,4,25,0.27381397086290626,1466,5354,0.26244343891402716,348,1326,0.3051094890510949,418,1370
subject_to_verb,4,26,0.020918939110945087,112,5354,0.026395173453996983,35,1326,0.01897810218978102,26,1370
subject_to_verb,4,27,0.013447889428464699,72,5354,0.01583710407239819,21,1326,0.017518248175182483,24,1370
subject_to_verb,5,0,0.036421367202091895,195,5354,0.030165912518853696,40,1326,0.029927007299270073,41,1370
subject_to_verb,5,1,0.01326111318640269,71,5354,0.011312217194570135,15,1326,0.010218978102189781,14,1370
subject_to_verb,5,2,0.03791557713858797,203,5354,0.03770739064856712,50,1326,0.043065693430656936,59,1370
subject_to_verb,5,3,0.0672394471423235,360,5354,0.06862745098039216,91,1326,0.06861313868613139,94,1370
subject_to_verb,5,4,0.017556966753828913,94,5354,0.01583710407239819,21,1326,0.013868613138686132,19,1370
subject_to_verb,5,5,0.024094135225999253,129,5354,0.01885369532428356,25,1326,0.021167883211678833,29,1370
subject_to_verb,5,6,0.010085917071348524,54,5354,0.006787330316742082,9,1326,0.00948905109489051,13,1370
subject_to_verb,5,7,0.029137093761673515,156,5354,0.021870286576168928,29,1326,0.025547445255474453,35,1370
subject_to_verb,5,8,0.03903623459096003,209,5354,0.04675716440422323,62,1326,0.03722627737226277,51,1370
subject_to_verb,5,9,0.02633545013074337,141,5354,0.024886877828054297,33,1326,0.02408759124087591,33,1370
subject_to_verb,5,10,0.055285767650354874,296,5354,0.05203619909502263,69,1326,0.051094890510948905,70,1370
subject_to_verb,5,11,0.1942472917444901,1040,5354,0.19155354449472098,254,1326,0.18467153284671534,253,1370
subject_to_verb,5,12,0.0635039223010833,340,5354,0.06485671191553545,86,1326,0.06277372262773723,86,1370
subject_to_verb,5,13,0.0711617482256257,381,5354,0.07164404223227752,95,1326,0.07153284671532846,98,1370
subject_to_verb,5,14,0.04221143070601419,226,5354,0.042986425339366516,57,1326,0.03795620437956204,52,1370
subject_to_verb,5,15,0.15334329473290997,821,5354,0.14705882352941177,195,1326,0.16277372262773723,223,1370
subject_to_verb,5,16,0.05584609637654091,299,5354,0.06485671191553545,86,1326,0.05693430656934306,78,1370
subject_to_verb,5,17,0.1963018304071722,1051,5354,0.20889894419306185,277,1326,0.2029197080291971,278,1370
subject_to_verb,5,18,0.44060515502428094,2359,5354,0.4291101055806938,569,1326,0.4656934306569343,638,1370
subject_to_verb,5,19,0.34889802017183413,1868,5354,0.3476621417797888,461,1326,0.36715328467153285,503,1370
subject_to_verb,5,20,0.04594695554725439,246,5354,0.04751131221719457,63,1326,0.040875912408759124,56,1370
subject_to_verb,5,21,0.056406425102726934,302,5354,0.05128205128205128,68,1326,0.05693430656934306,78,1370
subject_to_verb,5,22,0.044265969368696305,237,5354,0.04524886877828054,60,1326,0.03941605839416058,54,1370
subject_to_verb,5,23,0.08442286141202839,452,5354,0.08823529411764706,117,1326,0.08686131386861314,119,1370
subject_to_verb,5,24,0.06257004109077326,335,5354,0.05731523378582202,76,1326,0.05547445255474453,76,1370
subject_to_verb,5,25,0.04090399701158013,219,5354,0.05128205128205128,68,1326,0.051824817518248176,71,1370
subject_to_verb,5,26,0.08685095255883452,465,5354,0.09049773755656108,120,1326,0.0854014598540146,117,1370
subject_to_verb,5,27,0.04893537542024654,262,5354,0.05203619909502263,69,1326,0.052554744525547446,72,1370
subject_to_verb,6,0,0.03959656331714606,212,5354,0.042986425339366516,57,1326,0.043795620437956206,60,1370
subject_to_verb,6,1,0.04594695554725439,246,5354,0.05052790346907994,67,1326,0.04890510948905109,67,1370
subject_to_verb,6,2,0.04015689204333209,215,5354,0.042232277526395176,56,1326,0.041605839416058395,57,1370
subject_to_verb,6,3,0.01905117669032499,102,5354,0.021116138763197588,28,1326,0.026277372262773723,36,1370
subject_to_verb,6,4,0.04893537542024654,262,5354,0.05505279034690799,73,1326,0.052554744525547446,72,1370
subject_to_verb,6,5,0.22245050429585356,1191,5354,0.21644042232277527,287,1326,0.24087591240875914,330,1370
subject_to_verb,6,6,0.009712364587224505,52,5354,0.012066365007541479,16,1326,0.010218978102189781,14,1370
subject_to_verb,6,7,0.21834142697048936,1169,5354,0.22021116138763197,292,1326,0.21824817518248174,299,1370
subject_to_verb,6,8,0.024094135225999253,129,5354,0.023378582202111614,31,1326,0.02335766423357664,32,1370
subject_to_verb,6,9,0.12364587224505043,662,5354,0.10407239819004525,138,1326,0.1416058394160584,194,1370
subject_to_verb,6,10,0.0423982069480762,227,5354,0.042986425339366516,57,1326,0.04744525547445255,65,1370
subject_to_verb,6,11,0.01998505790063504,107,5354,0.016591251885369532,22,1326,0.01897810218978102,26,1370
subject_to_verb,6,12,0.02129249159506911,114,5354,0.020361990950226245,27,1326,0.01970802919708029,27,1370
subject_to_verb,6,13,0.03305939484497572,177,5354,0.033182503770739065,44,1326,0.043065693430656936,59,1370
subject_to_verb,6,14,0.042771759432200226,229,5354,0.02790346907993967,37,1326,0.04890510948905109,67,1370
subject_to_verb,6,15,0.06088905491221517,326,5354,0.06334841628959276,84,1326,0.06204379562043796,85,1370
subject_to_verb,6,16,0.17258124766529698,924,5354,0.16440422322775264,218,1326,0.1686131386861314,231,1370
subject_to_verb,6,17,0.02054538662682107,110,5354,0.01282051282051282,17,1326,0.016788321167883213,23,1370
subject_to_verb,6,18,0.055285767650354874,296,5354,0.049773755656108594,66,1326,0.05620437956204379,77,1370
subject_to_verb,6,19,0.0595816212177811,319,5354,0.05052790346907994,67,1326,0.0708029197080292,97,1370
subject_to_verb,6,20,0.030631303698169594,164,5354,0.027149321266968326,36,1326,0.032116788321167884,44,1370
subject_to_verb,6,21,0.0827418752334703,443,5354,0.07993966817496229,106,1326,0.09197080291970802,126,1370
subject_to_verb,6,22,0.2459843107956668,1317,5354,0.23076923076923078,306,1326,0.25328467153284673,347,1370
subject_to_verb,6,23,0.1133731789316399,607,5354,0.11990950226244344,159,1326,0.1364963503649635,187,1370
subject_to_verb,6,24,0.04781471796787449,256,5354,0.043740573152337855,58,1326,0.05620437956204379,77,1370
subject_to_verb,6,25,0.048188270451998506,258,5354,0.04072398190045249,54,1326,0.051094890510948905,70,1370
subject_to_verb,6,26,0.048561822936122524,260,5354,0.05279034690799397,70,1326,0.05401459854014599,74,1370
subject_to_verb,6,27,0.05341800522973478,286,5354,0.05429864253393665,72,1326,0.06423357664233577,88,1370
subject_to_verb,7,0,0.05677997758685095,304,5354,0.06033182503770739,80,1326,0.06350364963503649,87,1370
subject_to_verb,7,1,0.03324617108703773,178,5354,0.01885369532428356,25,1326,0.031386861313868614,43,1370
subject_to_verb,7,2,0.1843481509152036,987,5354,0.17194570135746606,228,1326,0.1978102189781022,271,1370
subject_to_verb,7,3,0.04109077325364214,220,5354,0.0444947209653092,59,1326,0.042335766423357665,58,1370
subject_to_verb,7,4,0.05117669032499066,274,5354,0.05731523378582202,76,1326,0.051824817518248176,71,1370
subject_to_verb,7,5,0.26671647366454987,1428,5354,0.2458521870286576,326,1326,0.2751824817518248,377,1370
subject_to_verb,7,6,0.4983190138214419,2668,5354,0.475867269984917,631,1326,0.4985401459854015,683,1370
subject_to_verb,7,7,0.07153530070974971,383,5354,0.07315233785822021,97,1326,0.07664233576642336,105,1370
subject_to_verb,7,8,0.055098991408292865,295,5354,0.05505279034690799,73,1326,0.06277372262773723,86,1370
subject_to_verb,7,9,0.06331714605902129,339,5354,0.053544494720965306,71,1326,0.07007299270072993,96,1370
subject_to_verb,7,10,0.007097497198356369,38,5354,0.003770739064856712,5,1326,0.006569343065693431,9,1370
subject_to_verb,7,11,0.07284273440418379,390,5354,0.08069381598793364,107,1326,0.07226277372262774,99,1370
subject_to_verb,7,12,0.38139708629062385,2042,5354,0.3665158371040724,486,1326,0.3795620437956204,520,1370
subject_to_verb,7,13,0.13970862906238327,748,5354,0.11840120663650075,157,1326,0.14744525547445256,202,1370
subject_to_verb,7,14,0.02726933134105342,146,5354,0.024886877828054297,33,1326,0.025547445255474453,35,1370
subject_to_verb,7,15,0.0326858423608517,175,5354,0.026395173453996983,35,1326,0.032846715328467155,45,1370
subject_to_verb,7,16,0.32405677997758686,1735,5354,0.2986425339366516,396,1326,0.3284671532846715,450,1370
subject_to_verb,7,17,0.016436309301456856,88,5354,0.012066365007541479,16,1326,0.017518248175182483,24,1370
subject_to_verb,7,18,0.053978333955920804,289,5354,0.0392156862745098,52,1326,0.060583941605839416,83,1370
subject_to_verb,7,19,0.01251400821815465,67,5354,0.00904977375565611,12,1326,0.015328467153284672,21,1370
subject_to_verb,7,20,0.05061636159880463,271,5354,0.04751131221719457,63,1326,0.05401459854014599,74,1370
subject_to_verb,7,21,0.14475158759805754,775,5354,0.12066365007541478,160,1326,0.14890510948905109,204,1370
subject_to_verb,7,22,0.05659320134478894,303,5354,0.05429864253393665,72,1326,0.06788321167883211,93,1370
subject_to_verb,7,23,0.016623085543518865,89,5354,0.012066365007541479,16,1326,0.016788321167883213,23,1370
subject_to_verb,7,24,0.017370190511766904,93,5354,0.017345399698340876,23,1326,0.013868613138686132,19,1370
subject_to_verb,7,25,0.02577512140455734,138,5354,0.027149321266968326,36,1326,0.034306569343065696,47,1370
subject_to_verb,7,26,0.02670900261486739,143,5354,0.026395173453996983,35,1326,0.026277372262773723,36,1370
subject_to_verb,7,27,0.05267090026148674,282,5354,0.04675716440422323,62,1326,0.059124087591240874,81,1370
subject_to_verb,8,0,0.023907358983937244,128,5354,0.01809954751131222,24,1326,0.027737226277372264,38,1370
subject_to_verb,8,1,0.023907358983937244,128,5354,0.017345399698340876,23,1326,0.01897810218978102,26,1370
subject_to_verb,8,2,0.01905117669032499,102,5354,0.013574660633484163,18,1326,0.020437956204379562,28,1370
subject_to_verb,8,3,0.016249533059394843,87,5354,0.011312217194570135,15,1326,0.01824817518248175,25,1370
subject_to_verb,8,4,0.017556966753828913,94,5354,0.00980392156862745,13,1326,0.016788321167883213,23,1370
subject_to_verb,8,5,0.03828912962271199,205,5354,0.03544494720965309,47,1326,0.034306569343065696,47,1370
subject_to_verb,8,6,0.10310048561822936,552,5354,0.0942684766214178,125,1326,0.11167883211678832,153,1370
subject_to_verb,8,7,0.021479267837131118,115,5354,0.015082956259426848,20,1326,0.02335766423357664,32,1370
subject_to_verb,8,8,0.02596189764661935,139,5354,0.027149321266968326,36,1326,0.03722627737226277,51,1370
subject_to_verb,8,9,0.022413149047441166,120,5354,0.0196078431372549,26,1326,0.021897810218978103,30,1370
subject_to_verb,8,10,0.03716847217033993,199,5354,0.04072398190045249,54,1326,0.04452554744525548,61,1370
subject_to_verb,8,11,0.042958535674262235,230,5354,0.05052790346907994,67,1326,0.04817518248175182,66,1370
subject_to_verb,8,12,0.08218154650728428,440,5354,0.07013574660633484,93,1326,0.09562043795620438,131,1370
subject_to_verb,8,13,0.04557340306313037,244,5354,0.0444947209653092,59,1326,0.051094890510948905,70,1370
subject_to_verb,8,14,0.061636159880463205,330,5354,0.06033182503770739,80,1326,0.07737226277372262,106,1370
subject_to_verb,8,15,0.13205080313784087,707,5354,0.11764705882352941,156,1326,0.14452554744525548,198,1370
subject_to_verb,8,16,0.07321628688830781,392,5354,0.07013574660633484,93,1326,0.08175182481751825,112,1370
subject_to_verb,8,17,0.01905117669032499,102,5354,0.015082956259426848,20,1326,0.021897810218978103,30,1370
subject_to_verb,8,18,0.027456107583115428,147,5354,0.03092006033182504,41,1326,0.032846715328467155,45,1370
subject_to_verb,8,19,0.036608143444153904,196,5354,0.03695324283559578,49,1326,0.041605839416058395,57,1370
subject_to_verb,8,20,0.01905117669032499,102,5354,0.01885369532428356,25,1326,0.027737226277372264,38,1370
subject_to_verb,8,21,0.021105715353007096,113,5354,0.0196078431372549,26,1326,0.021167883211678833,29,1370
subject_to_verb,8,22,0.016436309301456856,88,5354,0.01282051282051282,17,1326,0.01970802919708029,27,1370
subject_to_verb,8,23,0.015875980575270825,85,5354,0.013574660633484163,18,1326,0.01897810218978102,26,1370
subject_to_verb,8,24,0.022226372805379157,119,5354,0.020361990950226245,27,1326,0.02335766423357664,32,1370
subject_to_verb,8,25,0.014755323122898767,79,5354,0.011312217194570135,15,1326,0.013138686131386862,18,1370
subject_to_verb,8,26,0.014568546880836758,78,5354,0.011312217194570135,15,1326,0.015328467153284672,21,1370
subject_to_verb,8,27,0.018304071722076952,98,5354,0.011312217194570135,15,1326,0.021167883211678833,29,1370
subject_to_verb,9,0,0.13989540530444527,749,5354,0.12669683257918551,168,1326,0.1364963503649635,187,1370
subject_to_verb,9,1,0.045760179305192376,245,5354,0.042986425339366516,57,1326,0.04525547445255475,62,1370
subject_to_verb,9,2,0.023720582741875232,127,5354,0.020361990950226245,27,1326,0.024817518248175182,34,1370
subject_to_verb,9,3,0.022413149047441166,120,5354,0.0196078431372549,26,1326,0.022627737226277374,31,1370
subject_to_verb,9,4,0.01961150541651102,105,5354,0.01809954751131222,24,1326,0.02335766423357664,32,1370
subject_to_verb,9,5,0.09787075084049308,524,5354,0.09049773755656108,120,1326,0.10948905109489052,150,1370
subject_to_verb,9,6,0.09675009338812103,518,5354,0.09200603318250378,122,1326,0.10145985401459855,139,1370
subject_to_verb,9,7,0.038475905864774,206,5354,0.027149321266968326,36,1326,0.03722627737226277,51,1370
subject_to_verb,9,8,0.172954800149421,926,5354,0.15761689291101055,209,1326,0.16569343065693432,227,1370
subject_to_verb,9,9,0.017183414269704895,92,5354,0.013574660633484163,18,1326,0.01970802919708029,27,1370
subject_to_verb,9,10,0.013821441912588718,74,5354,0.00904977375565611,12,1326,0.01167883211678832,16,1370
subject_to_verb,9,11,0.14101606275681733,755,5354,0.1244343891402715,165,1326,0.1416058394160584,194,1370
subject_to_verb,9,12,0.09899140829286515,530,5354,0.09879336349924585,131,1326,0.09854014598540146,135,1370
subject_to_verb,9,13,0.12345909600298842,661,5354,0.10558069381598793,140,1326,0.13503649635036497,185,1370
subject_to_verb,9,14,0.03884945834889802,208,5354,0.03167420814479638,42,1326,0.03941605839416058,54,1370
subject_to_verb,9,15,0.037728800896525964,202,5354,0.038461538461538464,51,1326,0.0364963503649635,50,1370
subject_to_verb,9,16,0.12345909600298842,661,5354,0.11236802413273002,149,1326,0.12189781021897811,167,1370
subject_to_verb,9,17,0.04015689204333209,215,5354,0.033182503770739065,44,1326,0.043795620437956206,60,1370
subject_to_verb,9,18,0.028763541277549497,154,5354,0.021116138763197588,28,1326,0.034306569343065696,47,1370
subject_to_verb,9,19,0.024654463952185283,132,5354,0.01885369532428356,25,1326,0.02846715328467153,39,1370
subject_to_verb,9,20,0.029697422487859546,159,5354,0.01885369532428356,25,1326,0.031386861313868614,43,1370
subject_to_verb,9,21,0.15222263728053792,815,5354,0.14856711915535445,197,1326,0.15328467153284672,210,1370
subject_to_verb,9,22,0.021666044079193127,116,5354,0.01583710407239819,21,1326,0.02335766423357664,32,1370
subject_to_verb,9,23,0.07340306313036982,393,5354,0.058069381598793365,77,1326,0.07956204379562044,109,1370
subject_to_verb,9,24,0.0326858423608517,175,5354,0.021870286576168928,29,1326,0.0364963503649635,50,1370
subject_to_verb,9,25,0.03361972357116175,180,5354,0.032428355957767725,43,1326,0.033576642335766425,46,1370
subject_to_verb,9,26,0.023907358983937244,128,5354,0.020361990950226245,27,1326,0.027737226277372264,38,1370
subject_to_verb,9,27,0.08498319013821441,455,5354,0.08069381598793364,107,1326,0.09708029197080292,133,1370
subject_to_verb,10,0,0.01961150541651102,105,5354,0.012066365007541479,16,1326,0.024817518248175182,34,1370
subject_to_verb,10,1,0.07788569293985804,417,5354,0.08069381598793364,107,1326,0.07956204379562044,109,1370
subject_to_verb,10,2,0.0480014942099365,257,5354,0.043740573152337855,58,1326,0.051824817518248176,71,1370
subject_to_verb,10,3,0.029323870003735524,157,5354,0.021116138763197588,28,1326,0.032116788321167884,44,1370
subject_to_verb,10,4,0.017370190511766904,93,5354,0.01282051282051282,17,1326,0.020437956204379562,28,1370
subject_to_verb,10,5,0.024654463952185283,132,5354,0.023378582202111614,31,1326,0.030656934306569343,42,1370
subject_to_verb,10,6,0.048561822936122524,260,5354,0.04675716440422323,62,1326,0.05328467153284672,73,1370
subject_to_verb,10,7,0.03287261860291371,176,5354,0.029411764705882353,39,1326,0.049635036496350364,68,1370
subject_to_verb,10,8,0.10160627568173328,544,5354,0.10935143288084465,145,1326,0.11751824817518249,161,1370
subject_to_verb,10,9,0.0713485244676877,382,5354,0.06033182503770739,80,1326,0.08321167883211679,114,1370
subject_to_verb,10,10,0.016062756817332834,86,5354,0.00904977375565611,12,1326,0.01970802919708029,27,1370
subject_to_verb,10,11,0.08946581994770265,479,5354,0.08446455505279035,112,1326,0.10802919708029197,148,1370
subject_to_verb,10,12,0.05136346656705267,275,5354,0.04675716440422323,62,1326,0.061313868613138686,84,1370
subject_to_verb,10,13,0.25102726933134106,1344,5354,0.23001508295625941,305,1326,0.2635036496350365,361,1370
subject_to_verb,10,14,0.04874859917818453,261,5354,0.04600301659125189,61,1326,0.049635036496350364,68,1370
subject_to_verb,10,15,0.10272693313410534,550,5354,0.09728506787330317,129,1326,0.09854014598540146,135,1370
subject_to_verb,10,16,0.0692939858050056,371,5354,0.07088989441930618,94,1326,0.08686131386861314,119,1370
subject_to_verb,10,17,0.02614867388868136,140,5354,0.027149321266968326,36,1326,0.032116788321167884,44,1370
subject_to_verb,10,18,0.03156518490847964,169,5354,0.03092006033182504,41,1326,0.033576642335766425,46,1370
subject_to_verb,10,19,0.0326858423608517,175,5354,0.024132730015082957,32,1326,0.03795620437956204,52,1370
subject_to_verb,10,20,0.027082555098991407,145,5354,0.021870286576168928,29,1326,0.03576642335766423,49,1370
subject_to_verb,10,21,0.016249533059394843,87,5354,0.016591251885369532,22,1326,0.01897810218978102,26,1370
subject_to_verb,10,22,0.028950317519611506,155,5354,0.024886877828054297,33,1326,0.029927007299270073,41,1370
subject_to_verb,10,23,0.03193873739260366,171,5354,0.030165912518853696,40,1326,0.04452554744525548,61,1370
subject_to_verb,10,24,0.2329099738513261,1247,5354,0.21644042232277527,287,1326,0.25401459854014596,348,1370
subject_to_verb,10,25,0.096189764661935,515,5354,0.09803921568627451,130,1326,0.1072992700729927,147,1370
subject_to_verb,10,26,0.030818079940231603,165,5354,0.027149321266968326,36,1326,0.034306569343065696,47,1370
subject_to_verb,10,27,0.03586103847590587,192,5354,0.03469079939668175,46,1326,0.03868613138686131,53,1370
subject_to_verb,11,0,0.01849084796413896,99,5354,0.013574660633484163,18,1326,0.021167883211678833,29,1370
subject_to_verb,11,1,0.010646245797534554,57,5354,0.004524886877828055,6,1326,0.00948905109489051,13,1370
subject_to_verb,11,2,0.015315651849084797,82,5354,0.008295625942684766,11,1326,0.015328467153284672,21,1370
subject_to_verb,11,3,0.04370564064251027,234,5354,0.043740573152337855,58,1326,0.05693430656934306,78,1370
subject_to_verb,11,4,0.01251400821815465,67,5354,0.007541478129713424,10,1326,0.016058394160583942,22,1370
subject_to_verb,11,5,0.012327231976092642,66,5354,0.008295625942684766,11,1326,0.016058394160583942,22,1370
subject_to_verb,11,6,0.12327231976092641,660,5354,0.10935143288084465,145,1326,0.13211678832116788,181,1370
subject_to_verb,11,7,0.07620470676129996,408,5354,0.06184012066365008,82,1326,0.0854014598540146,117,1370
subject_to_verb,11,8,0.017930519237952934,96,5354,0.00980392156862745,13,1326,0.01970802919708029,27,1370
subject_to_verb,11,9,0.01942472917444901,104,5354,0.014328808446455505,19,1326,0.021897810218978103,30,1370
subject_to_verb,11,10,0.012327231976092642,66,5354,0.00980392156862745,13,1326,0.01824817518248175,25,1370
subject_to_verb,11,11,0.022039596563317145,118,5354,0.01809954751131222,24,1326,0.030656934306569343,42,1370
subject_to_verb,11,12,0.01905117669032499,102,5354,0.011312217194570135,15,1326,0.02846715328467153,39,1370
subject_to_verb,11,13,0.022973477773627196,123,5354,0.017345399698340876,23,1326,0.031386861313868614,43,1370
subject_to_verb,11,14,0.03903623459096003,209,5354,0.03695324283559578,49,1326,0.0364963503649635,50,1370
subject_to_verb,11,15,0.1426970489353754,764,5354,0.12669683257918551,168,1326,0.15182481751824817,208,1370
subject_to_verb,11,16,0.06443780351139335,345,5354,0.06033182503770739,80,1326,0.06934306569343066,95,1370
subject_to_verb,11,17,0.17967874486365334,962,5354,0.15309200603318251,203,1326,0.18832116788321168,258,1370
subject_to_verb,11,18,0.09170713485244678,491,5354,0.10784313725490197,143,1326,0.10948905109489052,150,1370
subject_to_verb,11,19,0.015502428091146806,83,5354,0.011312217194570135,15,1326,0.021897810218978103,30,1370
subject_to_verb,11,20,0.04015689204333209,215,5354,0.03770739064856712,50,1326,0.04817518248175182,66,1370
subject_to_verb,11,21,0.07004109077325364,375,5354,0.0784313725490196,104,1326,0.0781021897810219,107,1370
subject_to_verb,11,22,0.0250280164363093,134,5354,0.021870286576168928,29,1326,0.033576642335766425,46,1370
subject_to_verb,11,23,0.01961150541651102,105,5354,0.016591251885369532,22,1326,0.027737226277372264,38,1370
subject_to_verb,11,24,0.042958535674262235,230,5354,0.03619909502262444,48,1326,0.043795620437956206,60,1370
subject_to_verb,11,25,0.05229734777736272,280,5354,0.05128205128205128,68,1326,0.060583941605839416,83,1370
subject_to_verb,11,26,0.047254389241688455,253,5354,0.03544494720965309,47,1326,0.04744525547445255,65,1370
subject_to_verb,11,27,0.01905117669032499,102,5354,0.016591251885369532,22,1326,0.020437956204379562,28,1370
subject_to_verb,12,0,0.23347030257751214,1250,5354,0.22021116138763197,292,1326,0.2518248175182482,345,1370
subject_to_verb,12,1,0.04632050803137841,248,5354,0.032428355957767725,43,1326,0.041605839416058395,57,1370
subject_to_verb,12,2,0.018117295480014943,97,5354,0.010558069381598794,14,1326,0.020437956204379562,28,1370
subject_to_verb,12,3,0.03866268210683601,207,5354,0.04072398190045249,54,1326,0.042335766423357665,58,1370
subject_to_verb,12,4,0.028576765035487485,153,5354,0.02262443438914027,30,1326,0.031386861313868614,43,1370
subject_to_verb,12,5,0.13896152409413523,744,5354,0.1229260935143288,163,1326,0.15328467153284672,210,1370
subject_to_verb,12,6,0.027642883825177437,148,5354,0.017345399698340876,23,1326,0.032116788321167884,44,1370
subject_to_verb,12,7,0.018117295480014943,97,5354,0.007541478129713424,10,1326,0.01824817518248175,25,1370
subject_to_verb,12,8,0.01774374299589092,95,5354,0.00904977375565611,12,1326,0.01897810218978102,26,1370
subject_to_verb,12,9,0.07209562943593575,386,5354,0.058823529411764705,78,1326,0.08029197080291971,110,1370
subject_to_verb,12,10,0.023907358983937244,128,5354,0.01885369532428356,25,1326,0.02335766423357664,32,1370
subject_to_verb,12,11,0.023160254015689205,124,5354,0.01885369532428356,25,1326,0.02335766423357664,32,1370
subject_to_verb,12,12,0.01774374299589092,95,5354,0.011312217194570135,15,1326,0.021167883211678833,29,1370
subject_to_verb,12,13,0.028389988793425476,152,5354,0.021870286576168928,29,1326,0.034306569343065696,47,1370
subject_to_verb,12,14,0.21236458722450505,1137,5354,0.222473604826546,295,1326,0.21386861313868613,293,1370
subject_to_verb,12,15,0.027642883825177437,148,5354,0.02865761689291101,38,1326,0.031386861313868614,43,1370
subject_to_verb,12,16,0.028389988793425476,152,5354,0.01809954751131222,24,1326,0.029197080291970802,40,1370
subject_to_verb,12,17,0.01867762420620097,100,5354,0.0196078431372549,26,1326,0.01824817518248175,25,1370
subject_to_verb,12,18,0.037542024654463955,201,5354,0.029411764705882353,39,1326,0.043795620437956206,60,1370
subject_to_verb,12,19,0.021105715353007096,113,5354,0.015082956259426848,20,1326,0.02335766423357664,32,1370
subject_to_verb,12,20,0.12756817332835263,683,5354,0.1033182503770739,137,1326,0.12262773722627737,168,1370
subject_to_verb,12,21,0.07340306313036982,393,5354,0.08220211161387632,109,1326,0.08321167883211679,114,1370
subject_to_verb,12,22,0.019237952932387,103,5354,0.011312217194570135,15,1326,0.02408759124087591,33,1370
subject_to_verb,12,23,0.01979828165857303,106,5354,0.010558069381598794,14,1326,0.021167883211678833,29,1370
subject_to_verb,12,24,0.06257004109077326,335,5354,0.04751131221719457,63,1326,0.06350364963503649,87,1370
subject_to_verb,12,25,0.024094135225999253,129,5354,0.01885369532428356,25,1326,0.024817518248175182,34,1370
subject_to_verb,12,26,0.04333208815838625,232,5354,0.03167420814479638,42,1326,0.04817518248175182,66,1370
subject_to_verb,12,27,0.016623085543518865,89,5354,0.007541478129713424,10,1326,0.01897810218978102,26,1370
subject_to_verb,13,0,0.16903249906611878,905,5354,0.1689291101055807,224,1326,0.2,274,1370
subject_to_verb,13,1,0.07975345536047815,427,5354,0.07088989441930618,94,1326,0.06715328467153285,92,1370
subject_to_verb,13,2,0.057527082555098995,308,5354,0.05580693815987934,74,1326,0.06204379562043796,85,1370
subject_to_verb,13,3,0.022786701531565184,122,5354,0.01282051282051282,17,1326,0.031386861313868614,43,1370
subject_to_verb,13,4,0.02540156892043332,136,5354,0.01583710407239819,21,1326,0.025547445255474453,35,1370
subject_to_verb,13,5,0.03100485618229361,166,5354,0.023378582202111614,31,1326,0.0364963503649635,50,1370
subject_to_verb,13,6,0.016062756817332834,86,5354,0.005279034690799397,7,1326,0.016058394160583942,22,1370
subject_to_verb,13,7,0.02521479267837131,135,5354,0.020361990950226245,27,1326,0.029197080291970802,40,1370
subject_to_verb,13,8,0.028203212551363467,151,5354,0.021870286576168928,29,1326,0.0364963503649635,50,1370
subject_to_verb,13,9,0.03231228987672768,173,5354,0.03469079939668175,46,1326,0.04598540145985401,63,1370
subject_to_verb,13,10,0.02577512140455734,138,5354,0.0196078431372549,26,1326,0.029927007299270073,41,1370
subject_to_verb,13,11,0.0345536047814718,185,5354,0.029411764705882353,39,1326,0.0364963503649635,50,1370
subject_to_verb,13,12,0.06593201344788943,353,5354,0.06033182503770739,80,1326,0.06861313868613139,94,1370
subject_to_verb,13,13,0.014942099364960777,80,5354,0.012066365007541479,16,1326,0.015328467153284672,21,1370
subject_to_verb,13,14,0.027456107583115428,147,5354,0.021870286576168928,29,1326,0.032846715328467155,45,1370
subject_to_verb,13,15,0.06611878968995144,354,5354,0.058069381598793365,77,1326,0.08102189781021898,111,1370
subject_to_verb,13,16,0.04650728427344042,249,5354,0.042232277526395176,56,1326,0.05766423357664233,79,1370
subject_to_verb,13,17,0.02596189764661935,139,5354,0.017345399698340876,23,1326,0.029197080291970802,40,1370
subject_to_verb,13,18,0.03287261860291371,176,5354,0.033936651583710405,45,1326,0.03722627737226277,51,1370
subject_to_verb,13,19,0.03978333955920807,213,5354,0.030165912518853696,40,1326,0.043795620437956206,60,1370
subject_to_verb,13,20,0.08815838625326858,472,5354,0.0693815987933635,92,1326,0.08175182481751825,112,1370
subject_to_verb,13,21,0.04482629809488233,240,5354,0.03469079939668175,46,1326,0.05328467153284672,73,1370
subject_to_verb,13,22,0.038475905864774,206,5354,0.02790346907993967,37,1326,0.035036496350364967,48,1370
subject_to_verb,13,23,0.02558834516249533,137,5354,0.013574660633484163,18,1326,0.027737226277372264,38,1370
subject_to_verb,13,24,0.029137093761673515,156,5354,0.01809954751131222,24,1326,0.032846715328467155,45,1370
subject_to_verb,13,25,0.14363093014568548,769,5354,0.1425339366515837,189,1326,0.14233576642335766,195,1370
subject_to_verb,13,26,0.029510646245797533,158,5354,0.024132730015082957,32,1326,0.0364963503649635,50,1370
subject_to_verb,13,27,0.023160254015689205,124,5354,0.016591251885369532,22,1326,0.029927007299270073,41,1370
subject_to_verb,14,0,0.06107583115427718,327,5354,0.05203619909502263,69,1326,0.07737226277372262,106,1370
subject_to_verb,14,1,0.05808741128128502,311,5354,0.04524886877828054,60,1326,0.06715328467153285,92,1370
subject_to_verb,14,2,0.07172207695181174,384,5354,0.06561085972850679,87,1326,0.07664233576642336,105,1370
subject_to_verb,14,3,0.04146432573776616,222,5354,0.03092006033182504,41,1326,0.04890510948905109,67,1370
subject_to_verb,14,4,0.0595816212177811,319,5354,0.049019607843137254,65,1326,0.07007299270072993,96,1370
subject_to_verb,14,5,0.048188270451998506,258,5354,0.033182503770739065,44,1326,0.05620437956204379,77,1370
subject_to_verb,14,6,0.4138961524094135,2216,5354,0.3951734539969834,524,1326,0.4401459854014598,603,1370
subject_to_verb,14,7,0.014942099364960777,80,5354,0.006787330316742082,9,1326,0.020437956204379562,28,1370
subject_to_verb,14,8,0.017183414269704895,92,5354,0.007541478129713424,10,1326,0.020437956204379562,28,1370
subject_to_verb,14,9,0.04090399701158013,219,5354,0.030165912518853696,40,1326,0.043795620437956206,60,1370
subject_to_verb,14,10,0.016249533059394843,87,5354,0.007541478129713424,10,1326,0.017518248175182483,24,1370
subject_to_verb,14,11,0.02540156892043332,136,5354,0.01809954751131222,24,1326,0.024817518248175182,34,1370
subject_to_verb,14,12,0.017930519237952934,96,5354,0.007541478129713424,10,1326,0.01970802919708029,27,1370
subject_to_verb,14,13,0.015689204333208816,84,5354,0.005279034690799397,7,1326,0.016788321167883213,23,1370
subject_to_verb,14,14,0.024094135225999253,129,5354,0.00980392156862745,13,1326,0.02408759124087591,33,1370
subject_to_verb,14,15,0.04912215166230855,263,5354,0.033182503770739065,44,1326,0.058394160583941604,80,1370
subject_to_verb,14,16,0.01905117669032499,102,5354,0.012066365007541479,16,1326,0.025547445255474453,35,1370
subject_to_verb,14,17,0.047441165483750464,254,5354,0.03996983408748114,53,1326,0.04890510948905109,67,1370
subject_to_verb,14,18,0.024094135225999253,129,5354,0.01282051282051282,17,1326,0.02335766423357664,32,1370
subject_to_verb,14,19,0.029137093761673515,156,5354,0.024886877828054297,33,1326,0.030656934306569343,42,1370
subject_to_verb,14,20,0.03436682853940979,184,5354,0.029411764705882353,39,1326,0.04598540145985401,63,1370
subject_to_verb,14,21,0.016623085543518865,89,5354,0.011312217194570135,15,1326,0.01897810218978102,26,1370
subject_to_verb,14,22,0.02129249159506911,114,5354,0.00980392156862745,13,1326,0.02335766423357664,32,1370
subject_to_verb,14,23,0.08909226746357864,477,5354,0.0889894419306184,118,1326,0.09562043795620438,131,1370
subject_to_verb,14,24,0.02129249159506911,114,5354,0.01282051282051282,17,1326,0.02408759124087591,33,1370
subject_to_verb,14,25,0.06443780351139335,345,5354,0.05656108597285068,75,1326,0.06861313868613139,94,1370
subject_to_verb,14,26,0.07994023160254016,428,5354,0.07390648567119155,98,1326,0.08686131386861314,119,1370
subject_to_verb,14,27,0.016249533059394843,87,5354,0.012066365007541479,16,1326,0.016788321167883213,23,1370
subject_to_verb,15,0,0.012327231976092642,66,5354,0.005279034690799397,7,1326,0.013868613138686132,19,1370
subject_to_verb,15,1,0.014942099364960777,80,5354,0.006033182503770739,8,1326,0.016058394160583942,22,1370
subject_to_verb,15,2,0.01774374299589092,95,5354,0.006787330316742082,9,1326,0.01824817518248175,25,1370
subject_to_verb,15,3,0.01307433694434068,70,5354,0.006033182503770739,8,1326,0.016788321167883213,23,1370
subject_to_verb,15,4,0.014942099364960777,80,5354,0.006787330316742082,9,1326,0.020437956204379562,28,1370
subject_to_verb,15,5,0.07004109077325364,375,5354,0.08295625942684766,110,1326,0.07153284671532846,98,1370
subject_to_verb,15,6,0.021105715353007096,113,5354,0.01583710407239819,21,1326,0.022627737226277374,31,1370
subject_to_verb,15,7,0.019237952932387,103,5354,0.006787330316742082,9,1326,0.021167883211678833,29,1370
subject_to_verb,15,8,0.06387747478520732,342,5354,0.07013574660633484,93,1326,0.07445255474452554,102,1370
subject_to_verb,15,9,0.030257751214045572,162,5354,0.03167420814479638,42,1326,0.0364963503649635,50,1370
subject_to_verb,15,10,0.015128875607022786,81,5354,0.008295625942684766,11,1326,0.01824817518248175,25,1370
subject_to_verb,15,11,0.016623085543518865,89,5354,0.014328808446455505,19,1326,0.016788321167883213,23,1370
subject_to_verb,15,12,0.016436309301456856,88,5354,0.011312217194570135,15,1326,0.027007299270072994,37,1370
subject_to_verb,15,13,0.024654463952185283,132,5354,0.020361990950226245,27,1326,0.03868613138686131,53,1370
subject_to_verb,15,14,0.013821441912588718,74,5354,0.006787330316742082,9,1326,0.013868613138686132,19,1370
subject_to_verb,15,15,0.02073216286888308,111,5354,0.011312217194570135,15,1326,0.021897810218978103,30,1370
subject_to_verb,15,16,0.05995517370190512,321,5354,0.04524886877828054,60,1326,0.072992700729927,100,1370
subject_to_verb,15,17,0.015689204333208816,84,5354,0.006787330316742082,9,1326,0.014598540145985401,20,1370
subject_to_verb,15,18,0.016436309301456856,88,5354,0.006787330316742082,9,1326,0.015328467153284672,21,1370
subject_to_verb,15,19,0.014008218154650729,75,5354,0.006033182503770739,8,1326,0.015328467153284672,21,1370
subject_to_verb,15,20,0.015315651849084797,82,5354,0.005279034690799397,7,1326,0.015328467153284672,21,1370
subject_to_verb,15,21,0.25121404557340304,1345,5354,0.23076923076923078,306,1326,0.24452554744525548,335,1370
subject_to_verb,15,22,0.030631303698169594,164,5354,0.026395173453996983,35,1326,0.032116788321167884,44,1370
subject_to_verb,15,23,0.11281285020545387,604,5354,0.09577677224736049,127,1326,0.12335766423357664,169,1370
subject_to_verb,15,24,0.03100485618229361,166,5354,0.0196078431372549,26,1326,0.032846715328467155,45,1370
subject_to_verb,15,25,0.028576765035487485,153,5354,0.012066365007541479,16,1326,0.027737226277372264,38,1370
subject_to_verb,15,26,0.020171834142697048,108,5354,0.021870286576168928,29,1326,0.027007299270072994,37,1370
subject_to_verb,15,27,0.07097497198356369,380,5354,0.06259426847662142,83,1326,0.07664233576642336,105,1370
subject_to_verb,16,0,0.023347030257751214,125,5354,0.01282051282051282,17,1326,0.021897810218978103,30,1370
subject_to_verb,16,1,0.03548748599178184,190,5354,0.024132730015082957,32,1326,0.04452554744525548,61,1370
subject_to_verb,16,2,0.020358610384759057,109,5354,0.012066365007541479,16,1326,0.01897810218978102,26,1370
subject_to_verb,16,3,0.016809861785580874,90,5354,0.007541478129713424,10,1326,0.015328467153284672,21,1370
subject_to_verb,16,4,0.018117295480014943,97,5354,0.011312217194570135,15,1326,0.01824817518248175,25,1370
subject_to_verb,16,5,0.01905117669032499,102,5354,0.012066365007541479,16,1326,0.01824817518248175,25,1370
subject_to_verb,16,6,0.07508404930892791,402,5354,0.07013574660633484,93,1326,0.06350364963503649,87,1370
subject_to_verb,16,7,0.13765409039970117,737,5354,0.13122171945701358,174,1326,0.1437956204379562,197,1370
subject_to_verb,16,8,0.020358610384759057,109,5354,0.01885369532428356,25,1326,0.020437956204379562,28,1370
subject_to_verb,16,9,0.024094135225999253,129,5354,0.015082956259426848,20,1326,0.025547445255474453,35,1370
subject_to_verb,16,10,0.03978333955920807,213,5354,0.032428355957767725,43,1326,0.04525547445255475,62,1370
subject_to_verb,16,11,0.032499066118789686,174,5354,0.015082956259426848,20,1326,0.03795620437956204,52,1370
subject_to_verb,16,12,0.17781098244303326,952,5354,0.17647058823529413,234,1326,0.16131386861313868,221,1370
subject_to_verb,16,13,0.3423608516996638,1833,5354,0.3212669683257919,426,1326,0.34890510948905107,478,1370
subject_to_verb,16,14,0.0691072095629436,370,5354,0.05279034690799397,70,1326,0.07153284671532846,98,1370
subject_to_verb,16,15,0.08778483376914456,470,5354,0.08069381598793364,107,1326,0.08978102189781022,123,1370
subject_to_verb,16,16,0.03100485618229361,166,5354,0.03092006033182504,41,1326,0.034306569343065696,47,1370
subject_to_verb,16,17,0.1326111318640269,710,5354,0.12518853695324283,166,1326,0.13284671532846715,182,1370
subject_to_verb,16,18,0.015875980575270825,85,5354,0.012066365007541479,16,1326,0.021897810218978103,30,1370
subject_to_verb,16,19,0.01905117669032499,102,5354,0.01583710407239819,21,1326,0.02335766423357664,32,1370
subject_to_verb,16,20,0.05323122898767277,285,5354,0.049773755656108594,66,1326,0.058394160583941604,80,1370
subject_to_verb,16,21,0.03698169592827792,198,5354,0.04147812971342383,55,1326,0.04744525547445255,65,1370
subject_to_verb,16,22,0.021479267837131118,115,5354,0.01885369532428356,25,1326,0.027737226277372264,38,1370
subject_to_verb,16,23,0.055285767650354874,296,5354,0.04600301659125189,61,1326,0.06496350364963503,89,1370
subject_to_verb,16,24,0.02652222637280538,142,5354,0.017345399698340876,23,1326,0.02846715328467153,39,1370
subject_to_verb,16,25,0.028016436309301458,150,5354,0.02865761689291101,38,1326,0.031386861313868614,43,1370
subject_to_verb,16,26,0.09843107956667912,527,5354,0.09728506787330317,129,1326,0.11167883211678832,153,1370
subject_to_verb,16,27,0.03343294732909974,179,5354,0.026395173453996983,35,1326,0.030656934306569343,42,1370
subject_to_verb,17,0,0.015875980575270825,85,5354,0.008295625942684766,11,1326,0.017518248175182483,24,1370
subject_to_verb,17,1,0.060515502428091145,324,5354,0.0444947209653092,59,1326,0.05547445255474453,76,1370
subject_to_verb,17,2,0.10347403810235338,554,5354,0.11689291101055807,155,1326,0.1145985401459854,157,1370
subject_to_verb,17,3,0.0922674635786328,494,5354,0.09502262443438914,126,1326,0.10583941605839416,145,1370
subject_to_verb,17,4,0.1327979081060889,711,5354,0.13499245852187028,179,1326,0.1562043795620438,214,1370
subject_to_verb,17,5,0.033993276055285765,182,5354,0.024886877828054297,33,1326,0.035036496350364967,48,1370
subject_to_verb,17,6,0.01979828165857303,106,5354,0.015082956259426848,20,1326,0.020437956204379562,28,1370
subject_to_verb,17,7,0.20526709002614868,1099,5354,0.19532428355957768,259,1326,0.20583941605839415,282,1370
subject_to_verb,17,8,0.22245050429585356,1191,5354,0.20060331825037708,266,1326,0.22773722627737225,312,1370
subject_to_verb,17,9,0.0250280164363093,134,5354,0.024132730015082957,32,1326,0.025547445255474453,35,1370
subject_to_verb,17,10,0.053978333955920804,289,5354,0.0444947209653092,59,1326,0.06423357664233577,88,1370
subject_to_verb,17,11,0.29361225252147927,1572,5354,0.2549019607843137,338,1326,0.31313868613138685,429,1370
subject_to_verb,17,12,0.024841240194247292,133,5354,0.015082956259426848,20,1326,0.029197080291970802,40,1370
subject_to_verb,17,13,0.10590212924915951,567,5354,0.0942684766214178,125,1326,0.12116788321167883,166,1370
subject_to_verb,17,14,0.018864400448262982,101,5354,0.008295625942684766,11,1326,0.020437956204379562,28,1370
subject_to_verb,17,15,0.0788195741501681,422,5354,0.06711915535444947,89,1326,0.07664233576642336,105,1370
subject_to_verb,17,16,0.015875980575270825,85,5354,0.008295625942684766,11,1326,0.016788321167883213,23,1370
subject_to_verb,17,17,0.024654463952185283,132,5354,0.014328808446455505,19,1326,0.027007299270072994,37,1370
subject_to_verb,17,18,0.04501307433694434,241,5354,0.033182503770739065,44,1326,0.051094890510948905,70,1370
subject_to_verb,17,19,0.01942472917444901,104,5354,0.00904977375565611,12,1326,0.027007299270072994,37,1370
subject_to_verb,17,20,0.033993276055285765,182,5354,0.021870286576168928,29,1326,0.031386861313868614,43,1370
subject_to_verb,17,21,0.02726933134105342,146,5354,0.0196078431372549,26,1326,0.029197080291970802,40,1370
subject_to_verb,17,22,0.020171834142697048,108,5354,0.010558069381598794,14,1326,0.017518248175182483,24,1370
subject_to_verb,17,23,0.016249533059394843,87,5354,0.00904977375565611,12,1326,0.01970802919708029,27,1370
subject_to_verb,17,24,0.01979828165857303,106,5354,0.00904977375565611,12,1326,0.02335766423357664,32,1370
subject_to_verb,17,25,0.028203212551363467,151,5354,0.016591251885369532,22,1326,0.02408759124087591,33,1370
subject_to_verb,17,26,0.015875980575270825,85,5354,0.006787330316742082,9,1326,0.016058394160583942,22,1370
subject_to_verb,17,27,0.027642883825177437,148,5354,0.013574660633484163,18,1326,0.03576642335766423,49,1370
subject_to_verb,18,0,0.12196488606649235,653,5354,0.11312217194570136,150,1326,0.13284671532846715,182,1370
subject_to_verb,18,1,0.017370190511766904,93,5354,0.01282051282051282,17,1326,0.021167883211678833,29,1370
subject_to_verb,18,2,0.03175196115054165,170,5354,0.024132730015082957,32,1326,0.040145985401459854,55,1370
subject_to_verb,18,3,0.03100485618229361,166,5354,0.0196078431372549,26,1326,0.032846715328467155,45,1370
subject_to_verb,18,4,0.0730295106462458,391,5354,0.058823529411764705,78,1326,0.06861313868613139,94,1370
subject_to_verb,18,5,0.016809861785580874,90,5354,0.01282051282051282,17,1326,0.014598540145985401,20,1370
subject_to_verb,18,6,0.06275681733283527,336,5354,0.049773755656108594,66,1326,0.06642335766423357,91,1370
subject_to_verb,18,7,0.3615988046320508,1936,5354,0.3514328808446455,466,1326,0.37664233576642336,516,1370
subject_to_verb,18,8,0.015689204333208816,84,5354,0.017345399698340876,23,1326,0.01970802919708029,27,1370
subject_to_verb,18,9,0.14120283899887934,756,5354,0.14177978883861236,188,1326,0.1591240875912409,218,1370
subject_to_verb,18,10,0.0250280164363093,134,5354,0.01282051282051282,17,1326,0.02335766423357664,32,1370
subject_to_verb,18,11,0.013821441912588718,74,5354,0.003770739064856712,5,1326,0.012408759124087591,17,1370
subject_to_verb,18,12,0.029884198729921554,160,5354,0.01885369532428356,25,1326,0.029197080291970802,40,1370
subject_to_verb,18,13,0.05285767650354875,283,5354,0.03619909502262444,48,1326,0.061313868613138686,84,1370
subject_to_verb,18,14,0.017930519237952934,96,5354,0.008295625942684766,11,1326,0.01897810218978102,26,1370
subject_to_verb,18,15,0.030444527456107585,163,5354,0.020361990950226245,27,1326,0.03576642335766423,49,1370
subject_to_verb,18,16,0.015689204333208816,84,5354,0.005279034690799397,7,1326,0.016788321167883213,23,1370
subject_to_verb,18,17,0.11206574523720583,600,5354,0.09728506787330317,129,1326,0.12700729927007298,174,1370
subject_to_verb,18,18,0.029884198729921554,160,5354,0.017345399698340876,23,1326,0.035036496350364967,48,1370
subject_to_verb,18,19,0.016996638027642882,91,5354,0.008295625942684766,11,1326,0.021167883211678833,29,1370
subject_to_verb,18,20,0.1557713858797161,834,5354,0.15233785822021115,202,1326,0.1562043795620438,214,1370
subject_to_verb,18,21,0.22562570041090774,1208,5354,0.21644042232277527,287,1326,0.22262773722627738,305,1370
subject_to_verb,18,22,0.03810235338064998,204,5354,0.024132730015082957,32,1326,0.043795620437956206,60,1370
subject_to_verb,18,23,0.020358610384759057,109,5354,0.00980392156862745,13,1326,0.021897810218978103,30,1370
subject_to_verb,18,24,0.01942472917444901,104,5354,0.008295625942684766,11,1326,0.01970802919708029,27,1370
subject_to_verb,18,25,0.2596189764661935,1390,5354,0.2594268476621418,344,1326,0.2832116788321168,388,1370
subject_to_verb,18,26,0.017183414269704895,92,5354,0.011312217194570135,15,1326,0.020437956204379562,28,1370
subject_to_verb,18,27,0.040530444527456105,217,5354,0.033936651583710405,45,1326,0.04817518248175182,66,1370
subject_to_verb,19,0,0.2170339932760553,1162,5354,0.2119155354449472,281,1326,0.2291970802919708,314,1370
subject_to_verb,19,1,0.020171834142697048,108,5354,0.006787330316742082,9,1326,0.021167883211678833,29,1370
subject_to_verb,19,2,0.014755323122898767,79,5354,0.012066365007541479,16,1326,0.021167883211678833,29,1370
subject_to_verb,19,3,0.021479267837131118,115,5354,0.00904977375565611,12,1326,0.027007299270072994,37,1370
subject_to_verb,19,4,0.024094135225999253,129,5354,0.015082956259426848,20,1326,0.029197080291970802,40,1370
subject_to_verb,19,5,0.10646245797534554,570,5354,0.09879336349924585,131,1326,0.10291970802919707,141,1370
subject_to_verb,19,6,0.02633545013074337,141,5354,0.01809954751131222,24,1326,0.024817518248175182,34,1370
subject_to_verb,19,7,0.021479267837131118,115,5354,0.016591251885369532,22,1326,0.029927007299270073,41,1370
subject_to_verb,19,8,0.03193873739260366,171,5354,0.032428355957767725,43,1326,0.032846715328467155,45,1370
subject_to_verb,19,9,0.03716847217033993,199,5354,0.0392156862745098,52,1326,0.04817518248175182,66,1370
subject_to_verb,19,10,0.023347030257751214,125,5354,0.027149321266968326,36,1326,0.032846715328467155,45,1370
subject_to_verb,19,11,0.16230855435188643,869,5354,0.16817496229260936,223,1326,0.1686131386861314,231,1370
subject_to_verb,19,12,0.061449383638401196,329,5354,0.06334841628959276,84,1326,0.0781021897810219,107,1370
subject_to_verb,19,13,0.028389988793425476,152,5354,0.024132730015082957,32,1326,0.02846715328467153,39,1370
subject_to_verb,19,14,0.07078819574150168,379,5354,0.05656108597285068,75,1326,0.072992700729927,100,1370
subject_to_verb,19,15,0.22637280537915577,1212,5354,0.20588235294117646,273,1326,0.24379562043795622,334,1370
subject_to_verb,19,16,0.05453866268210684,292,5354,0.04147812971342383,55,1326,0.05474452554744526,75,1370
subject_to_verb,19,17,0.10534180052297348,564,5354,0.09502262443438914,126,1326,0.11313868613138686,155,1370
subject_to_verb,19,18,0.016809861785580874,90,5354,0.005279034690799397,7,1326,0.017518248175182483,24,1370
subject_to_verb,19,19,0.017370190511766904,93,5354,0.007541478129713424,10,1326,0.02335766423357664,32,1370
subject_to_verb,19,20,0.016249533059394843,87,5354,0.006033182503770739,8,1326,0.01897810218978102,26,1370
subject_to_verb,19,21,0.024654463952185283,132,5354,0.01885369532428356,25,1326,0.030656934306569343,42,1370
subject_to_verb,19,22,0.022413149047441166,120,5354,0.012066365007541479,16,1326,0.020437956204379562,28,1370
subject_to_verb,19,23,0.07060141949943967,378,5354,0.07541478129713423,100,1326,0.07372262773722628,101,1370
subject_to_verb,19,24,0.02521479267837131,135,5354,0.01885369532428356,25,1326,0.027737226277372264,38,1370
subject_to_verb,19,25,0.02633545013074337,141,5354,0.020361990950226245,27,1326,0.024817518248175182,34,1370
subject_to_verb,19,26,0.02558834516249533,137,5354,0.024132730015082957,32,1326,0.032116788321167884,44,1370
subject_to_verb,19,27,0.02633545013074337,141,5354,0.02865761689291101,38,1326,0.032846715328467155,45,1370
subject_to_verb,20,0,0.02129249159506911,114,5354,0.01885369532428356,25,1326,0.025547445255474453,35,1370
subject_to_verb,20,1,0.07153530070974971,383,5354,0.07918552036199095,105,1326,0.08905109489051095,122,1370
subject_to_verb,20,2,0.268957788569294,1440,5354,0.2865761689291101,380,1326,0.29781021897810217,408,1370
subject_to_verb,20,3,0.02446768771012327,131,5354,0.024132730015082957,32,1326,0.02846715328467153,39,1370
subject_to_verb,20,4,0.24112812850205453,1291,5354,0.23378582202111614,310,1326,0.24817518248175183,340,1370
subject_to_verb,20,5,0.06462457975345536,346,5354,0.053544494720965306,71,1326,0.07591240875912408,104,1370
subject_to_verb,20,6,0.024094135225999253,129,5354,0.017345399698340876,23,1326,0.027737226277372264,38,1370
subject_to_verb,20,7,0.10235338064998133,548,5354,0.10256410256410256,136,1326,0.09562043795620438,131,1370
subject_to_verb,20,8,0.059021292491595066,316,5354,0.0444947209653092,59,1326,0.06423357664233577,88,1370
subject_to_verb,20,9,0.3477773627194621,1862,5354,0.32654600301659126,433,1326,0.35036496350364965,480,1370
subject_to_verb,20,10,0.027082555098991407,145,5354,0.0196078431372549,26,1326,0.029927007299270073,41,1370
subject_to_verb,20,11,0.016436309301456856,88,5354,0.00980392156862745,13,1326,0.01897810218978102,26,1370
subject_to_verb,20,12,0.03698169592827792,198,5354,0.023378582202111614,31,1326,0.03868613138686131,53,1370
subject_to_verb,20,13,0.25644378035113935,1373,5354,0.2616892911010558,347,1326,0.2781021897810219,381,1370
subject_to_verb,20,14,0.03343294732909974,179,5354,0.026395173453996983,35,1326,0.03941605839416058,54,1370
subject_to_verb,20,15,0.017370190511766904,93,5354,0.00980392156862745,13,1326,0.01897810218978102,26,1370
subject_to_verb,20,16,0.02670900261486739,143,5354,0.02262443438914027,30,1326,0.027007299270072994,37,1370
subject_to_verb,20,17,0.05939484497571909,318,5354,0.05128205128205128,68,1326,0.059124087591240874,81,1370
subject_to_verb,20,18,0.3614120283899888,1935,5354,0.3815987933634992,506,1326,0.3700729927007299,507,1370
subject_to_verb,20,19,0.040343668285394096,216,5354,0.03092006033182504,41,1326,0.043065693430656936,59,1370
subject_to_verb,20,20,0.030818079940231603,165,5354,0.024886877828054297,33,1326,0.03868613138686131,53,1370
subject_to_verb,20,21,0.028016436309301458,150,5354,0.01809954751131222,24,1326,0.029197080291970802,40,1370
subject_to_verb,20,22,0.13130369816959284,703,5354,0.11764705882352941,156,1326,0.15036496350364964,206,1370
subject_to_verb,20,23,0.0345536047814718,185,5354,0.033182503770739065,44,1326,0.04598540145985401,63,1370
subject_to_verb,20,24,0.01326111318640269,71,5354,0.003770739064856712,5,1326,0.01167883211678832,16,1370
subject_to_verb,20,25,0.044265969368696305,237,5354,0.03770739064856712,50,1326,0.03576642335766423,49,1370
subject_to_verb,20,26,0.01774374299589092,95,5354,0.008295625942684766,11,1326,0.01970802919708029,27,1370
subject_to_verb,20,27,0.02633545013074337,141,5354,0.015082956259426848,20,1326,0.027737226277372264,38,1370
subject_to_verb,21,0,0.23010833022039598,1232,5354,0.21342383107088989,283,1326,0.24963503649635035,342,1370
subject_to_verb,21,1,0.016062756817332834,86,5354,0.00980392156862745,13,1326,0.020437956204379562,28,1370
subject_to_verb,21,2,0.022226372805379157,119,5354,0.01282051282051282,17,1326,0.02408759124087591,33,1370
subject_to_verb,21,3,0.01867762420620097,100,5354,0.007541478129713424,10,1326,0.024817518248175182,34,1370
subject_to_verb,21,4,0.027082555098991407,145,5354,0.0196078431372549,26,1326,0.029927007299270073,41,1370
subject_to_verb,21,5,0.06462457975345536,346,5354,0.049773755656108594,66,1326,0.07883211678832117,108,1370
subject_to_verb,21,6,0.06443780351139335,345,5354,0.06862745098039216,91,1326,0.07226277372262774,99,1370
subject_to_verb,21,7,0.032499066118789686,174,5354,0.024132730015082957,32,1326,0.041605839416058395,57,1370
subject_to_verb,21,8,0.020918939110945087,112,5354,0.010558069381598794,14,1326,0.01824817518248175,25,1370
subject_to_verb,21,9,0.03679491968621591,197,5354,0.03469079939668175,46,1326,0.043795620437956206,60,1370
subject_to_verb,21,10,0.0480014942099365,257,5354,0.043740573152337855,58,1326,0.051824817518248176,71,1370
subject_to_verb,21,11,0.02614867388868136,140,5354,0.021870286576168928,29,1326,0.02846715328467153,39,1370
subject_to_verb,21,12,0.022039596563317145,118,5354,0.01885369532428356,25,1326,0.025547445255474453,35,1370
subject_to_verb,21,13,0.3287261860291371,1760,5354,0.3220211161387632,427,1326,0.327007299270073,448,1370
subject_to_verb,21,14,0.04669406051550243,250,5354,0.03695324283559578,49,1326,0.05693430656934306,78,1370
subject_to_verb,21,15,0.015875980575270825,85,5354,0.010558069381598794,14,1326,0.017518248175182483,24,1370
subject_to_verb,21,16,0.023160254015689205,124,5354,0.021116138763197588,28,1326,0.02846715328467153,39,1370
subject_to_verb,21,17,0.09320134478894285,499,5354,0.08521870286576169,113,1326,0.0905109489051095,124,1370
subject_to_verb,21,18,0.07265595816212178,389,5354,0.05731523378582202,76,1326,0.07883211678832117,108,1370
subject_to_verb,21,19,0.12401942472917445,664,5354,0.10708898944193061,142,1326,0.1335766423357664,183,1370
subject_to_verb,21,20,0.03361972357116175,180,5354,0.03996983408748114,53,1326,0.04452554744525548,61,1370
subject_to_verb,21,21,0.21778109824430333,1166,5354,0.1907993966817496,253,1326,0.22262773722627738,305,1370
subject_to_verb,21,22,0.03997011580127008,214,5354,0.024886877828054297,33,1326,0.04890510948905109,67,1370
subject_to_verb,21,23,0.1382144191258872,740,5354,0.11312217194570136,150,1326,0.14890510948905109,204,1370
subject_to_verb,21,24,0.03231228987672768,173,5354,0.021116138763197588,28,1326,0.03576642335766423,49,1370
subject_to_verb,21,25,0.04781471796787449,256,5354,0.030165912518853696,40,1326,0.059854014598540145,82,1370
subject_to_verb,21,26,0.053978333955920804,289,5354,0.04072398190045249,54,1326,0.06204379562043796,85,1370
subject_to_verb,21,27,0.021479267837131118,115,5354,0.01282051282051282,17,1326,0.026277372262773723,36,1370
subject_to_verb,22,0,0.04482629809488233,240,5354,0.033936651583710405,45,1326,0.05693430656934306,78,1370
subject_to_verb,22,1,0.19872992155397834,1064,5354,0.17647058823529413,234,1326,0.20875912408759123,286,1370
subject_to_verb,22,2,0.03231228987672768,173,5354,0.024132730015082957,32,1326,0.043065693430656936,59,1370
subject_to_verb,22,3,0.10590212924915951,567,5354,0.09954751131221719,132,1326,0.11824817518248175,162,1370
subject_to_verb,22,4,0.05323122898767277,285,5354,0.04072398190045249,54,1326,0.06350364963503649,87,1370
subject_to_verb,22,5,0.048375046694060515,259,5354,0.03619909502262444,48,1326,0.05620437956204379,77,1370
subject_to_verb,22,6,0.059021292491595066,316,5354,0.04600301659125189,61,1326,0.07007299270072993,96,1370
subject_to_verb,22,7,0.2926783713111692,1567,5354,0.2812971342383107,373,1326,0.3197080291970803,438,1370
subject_to_verb,22,8,0.030818079940231603,165,5354,0.015082956259426848,20,1326,0.03795620437956204,52,1370
subject_to_verb,22,9,0.10515502428091147,563,5354,0.09276018099547512,123,1326,0.11532846715328467,158,1370
subject_to_verb,22,10,0.10851699663802765,581,5354,0.08748114630467571,116,1326,0.12335766423357664,169,1370
subject_to_verb,22,11,0.12215166230855436,654,5354,0.09653092006033183,128,1326,0.1416058394160584,194,1370
subject_to_verb,22,12,0.07564437803511394,405,5354,0.06259426847662142,83,1326,0.08905109489051095,122,1370
subject_to_verb,22,13,0.020918939110945087,112,5354,0.01282051282051282,17,1326,0.025547445255474453,35,1370
subject_to_verb,22,14,0.016623085543518865,89,5354,0.006033182503770739,8,1326,0.01897810218978102,26,1370
subject_to_verb,22,15,0.022226372805379157,119,5354,0.011312217194570135,15,1326,0.029927007299270073,41,1370
subject_to_verb,22,16,0.018864400448262982,101,5354,0.010558069381598794,14,1326,0.024817518248175182,34,1370
subject_to_verb,22,17,0.03100485618229361,166,5354,0.01809954751131222,24,1326,0.042335766423357665,58,1370
subject_to_verb,22,18,0.03810235338064998,204,5354,0.02865761689291101,38,1326,0.043795620437956206,60,1370
subject_to_verb,22,19,0.018864400448262982,101,5354,0.00980392156862745,13,1326,0.021167883211678833,29,1370
subject_to_verb,22,20,0.017370190511766904,93,5354,0.004524886877828055,6,1326,0.014598540145985401,20,1370
subject_to_verb,22,21,0.37299215539783337,1997,5354,0.3491704374057315,463,1326,0.3970802919708029,544,1370
subject_to_verb,22,22,0.04632050803137841,248,5354,0.038461538461538464,51,1326,0.04890510948905109,67,1370
subject_to_verb,22,23,0.05042958535674262,270,5354,0.03695324283559578,49,1326,0.05474452554744526,75,1370
subject_to_verb,22,24,0.07377661561449383,395,5354,0.06787330316742081,90,1326,0.08905109489051095,122,1370
subject_to_verb,22,25,0.2523347030257751,1351,5354,0.2383107088989442,316,1326,0.28613138686131384,392,1370
subject_to_verb,22,26,0.01774374299589092,95,5354,0.00904977375565611,12,1326,0.021897810218978103,30,1370
subject_to_verb,22,27,0.11766903249906611,630,5354,0.10407239819004525,138,1326,0.12408759124087591,170,1370
subject_to_verb,23,0,0.04407919312663429,236,5354,0.033936651583710405,45,1326,0.05547445255474453,76,1370
subject_to_verb,23,1,0.04893537542024654,262,5354,0.043740573152337855,58,1326,0.05328467153284672,73,1370
subject_to_verb,23,2,0.04930892790437057,264,5354,0.03619909502262444,48,1326,0.059854014598540145,82,1370
subject_to_verb,23,3,0.015315651849084797,82,5354,0.008295625942684766,11,1326,0.02335766423357664,32,1370
subject_to_verb,23,4,0.012327231976092642,66,5354,0.0030165912518853697,4,1326,0.013138686131386862,18,1370
subject_to_verb,23,5,0.04109077325364214,220,5354,0.02865761689291101,38,1326,0.05328467153284672,73,1370
subject_to_verb,23,6,0.02073216286888308,111,5354,0.012066365007541479,16,1326,0.02335766423357664,32,1370
subject_to_verb,23,7,0.01961150541651102,105,5354,0.016591251885369532,22,1326,0.02846715328467153,39,1370
subject_to_verb,23,8,0.050989914082928654,273,5354,0.058069381598793365,77,1326,0.060583941605839416,83,1370
subject_to_verb,23,9,0.035113933507657825,188,5354,0.027149321266968326,36,1326,0.040875912408759124,56,1370
subject_to_verb,23,10,0.02596189764661935,139,5354,0.013574660633484163,18,1326,0.029927007299270073,41,1370
subject_to_verb,23,11,0.04688083675756444,251,5354,0.0392156862745098,52,1326,0.05474452554744526,75,1370
subject_to_verb,23,12,0.05547254389241688,297,5354,0.04675716440422323,62,1326,0.06423357664233577,88,1370
subject_to_verb,23,13,0.07807246918192005,418,5354,0.06636500754147813,88,1326,0.08832116788321168,121,1370
subject_to_verb,23,14,0.03137840866641763,168,5354,0.023378582202111614,31,1326,0.040875912408759124,56,1370
subject_to_verb,23,15,0.269704893537542,1444,5354,0.2564102564102564,340,1326,0.2905109489051095,398,1370
subject_to_verb,23,16,0.10366081434441539,555,5354,0.10030165912518854,133,1326,0.11970802919708029,164,1370
subject_to_verb,23,17,0.0519237952932387,278,5354,0.03770739064856712,50,1326,0.061313868613138686,84,1370
subject_to_verb,23,18,0.018864400448262982,101,5354,0.006033182503770739,8,1326,0.025547445255474453,35,1370
subject_to_verb,23,19,0.09488233096750093,508,5354,0.08823529411764706,117,1326,0.10510948905109489,144,1370
subject_to_verb,23,20,0.056406425102726934,302,5354,0.04675716440422323,62,1326,0.06350364963503649,87,1370
subject_to_verb,23,21,0.014008218154650729,75,5354,0.00904977375565611,12,1326,0.016788321167883213,23,1370
subject_to_verb,23,22,0.022413149047441166,120,5354,0.0196078431372549,26,1326,0.031386861313868614,43,1370
subject_to_verb,23,23,0.11001120657452372,589,5354,0.09653092006033183,128,1326,0.12116788321167883,166,1370
subject_to_verb,23,24,0.030631303698169594,164,5354,0.03092006033182504,41,1326,0.034306569343065696,47,1370
subject_to_verb,23,25,0.1709002614867389,915,5354,0.17119155354449472,227,1326,0.18759124087591242,257,1370
subject_to_verb,23,26,0.08853193873739261,474,5354,0.08974358974358974,119,1326,0.11532846715328467,158,1370
subject_to_verb,23,27,0.03474038102353381,186,5354,0.03695324283559578,49,1326,0.03868613138686131,53,1370
subject_to_verb,24,0,0.03884945834889802,208,5354,0.03544494720965309,47,1326,0.043065693430656936,59,1370
subject_to_verb,24,1,0.030631303698169594,164,5354,0.030165912518853696,40,1326,0.029927007299270073,41,1370
subject_to_verb,24,2,0.11617482256257004,622,5354,0.11085972850678733,147,1326,0.12554744525547445,172,1370
subject_to_verb,24,3,0.03361972357116175,180,5354,0.032428355957767725,43,1326,0.033576642335766425,46,1370
subject_to_verb,24,4,0.038475905864774,206,5354,0.03695324283559578,49,1326,0.03868613138686131,53,1370
subject_to_verb,24,5,0.061822936122525214,331,5354,0.06108597285067873,81,1326,0.0781021897810219,107,1370
subject_to_verb,24,6,0.03716847217033993,199,5354,0.03695324283559578,49,1326,0.043065693430656936,59,1370
subject_to_verb,24,7,0.016249533059394843,87,5354,0.006787330316742082,9,1326,0.01824817518248175,25,1370
subject_to_verb,24,8,0.015502428091146806,83,5354,0.007541478129713424,10,1326,0.022627737226277374,31,1370
subject_to_verb,24,9,0.015875980575270825,85,5354,0.007541478129713424,10,1326,0.01970802919708029,27,1370
subject_to_verb,24,10,0.01326111318640269,71,5354,0.006033182503770739,8,1326,0.016058394160583942,22,1370
subject_to_verb,24,11,0.045760179305192376,245,5354,0.042986425339366516,57,1326,0.051094890510948905,70,1370
subject_to_verb,24,12,0.024654463952185283,132,5354,0.0196078431372549,26,1326,0.027737226277372264,38,1370
subject_to_verb,24,13,0.01998505790063504,107,5354,0.00980392156862745,13,1326,0.021897810218978103,30,1370
subject_to_verb,24,14,0.04632050803137841,248,5354,0.03695324283559578,49,1326,0.04890510948905109,67,1370
subject_to_verb,24,15,0.04333208815838625,232,5354,0.03092006033182504,41,1326,0.049635036496350364,68,1370
subject_to_verb,24,16,0.040343668285394096,216,5354,0.033936651583710405,45,1326,0.051824817518248176,71,1370
subject_to_verb,24,17,0.03716847217033993,199,5354,0.03469079939668175,46,1326,0.04525547445255475,62,1370
subject_to_verb,24,18,0.1191632424355622,638,5354,0.12518853695324283,166,1326,0.11970802919708029,164,1370
subject_to_verb,24,19,0.03305939484497572,177,5354,0.024886877828054297,33,1326,0.043795620437956206,60,1370
subject_to_verb,24,20,0.06107583115427718,327,5354,0.05203619909502263,69,1326,0.06934306569343066,95,1370
subject_to_verb,24,21,0.03193873739260366,171,5354,0.021116138763197588,28,1326,0.033576642335766425,46,1370
subject_to_verb,24,22,0.033993276055285765,182,5354,0.023378582202111614,31,1326,0.040875912408759124,56,1370
subject_to_verb,24,23,0.013447889428464699,72,5354,0.004524886877828055,6,1326,0.013868613138686132,19,1370
subject_to_verb,24,24,0.049682480388494585,266,5354,0.03695324283559578,49,1326,0.059854014598540145,82,1370
subject_to_verb,24,25,0.01961150541651102,105,5354,0.00980392156862745,13,1326,0.022627737226277374,31,1370
subject_to_verb,24,26,0.02596189764661935,139,5354,0.017345399698340876,23,1326,0.0364963503649635,50,1370
subject_to_verb,24,27,0.09320134478894285,499,5354,0.08069381598793364,107,1326,0.10510948905109489,144,1370
subject_to_verb,25,0,0.03436682853940979,184,5354,0.027149321266968326,36,1326,0.040145985401459854,55,1370
subject_to_verb,25,1,0.09469555472543892,507,5354,0.08823529411764706,117,1326,0.11094890510948906,152,1370
subject_to_verb,25,2,0.05267090026148674,282,5354,0.05052790346907994,67,1326,0.06788321167883211,93,1370
subject_to_verb,25,3,0.041837878221890175,224,5354,0.0392156862745098,52,1326,0.04744525547445255,65,1370
subject_to_verb,25,4,0.24561075831154278,1315,5354,0.22926093514328807,304,1326,0.2605839416058394,357,1370
subject_to_verb,25,5,0.053604781471796786,287,5354,0.053544494720965306,71,1326,0.07007299270072993,96,1370
subject_to_verb,25,6,0.05846096376540904,313,5354,0.05429864253393665,72,1326,0.07226277372262774,99,1370
subject_to_verb,25,7,0.02540156892043332,136,5354,0.013574660633484163,18,1326,0.030656934306569343,42,1370
subject_to_verb,25,8,0.02633545013074337,141,5354,0.0196078431372549,26,1326,0.031386861313868614,43,1370
subject_to_verb,25,9,0.027456107583115428,147,5354,0.0196078431372549,26,1326,0.029927007299270073,41,1370
subject_to_verb,25,10,0.02540156892043332,136,5354,0.017345399698340876,23,1326,0.035036496350364967,48,1370
subject_to_verb,25,11,0.028016436309301458,150,5354,0.021116138763197588,28,1326,0.033576642335766425,46,1370
subject_to_verb,25,12,0.030070974971983563,161,5354,0.021116138763197588,28,1326,0.035036496350364967,48,1370
subject_to_verb,25,13,0.021105715353007096,113,5354,0.015082956259426848,20,1326,0.029197080291970802,40,1370
subject_to_verb,25,14,0.035300709749719834,189,5354,0.032428355957767725,43,1326,0.0364963503649635,50,1370
subject_to_verb,25,15,0.021479267837131118,115,5354,0.006787330316742082,9,1326,0.021167883211678833,29,1370
subject_to_verb,25,16,0.029697422487859546,159,5354,0.030165912518853696,40,1326,0.034306569343065696,47,1370
subject_to_verb,25,17,0.0999252895031752,535,5354,0.09653092006033183,128,1326,0.11240875912408758,154,1370
subject_to_verb,25,18,0.0691072095629436,370,5354,0.07088989441930618,94,1326,0.09124087591240876,125,1370
subject_to_verb,25,19,0.033806499813223756,181,5354,0.033182503770739065,44,1326,0.03722627737226277,51,1370
subject_to_verb,25,20,0.17258124766529698,924,5354,0.17647058823529413,234,1326,0.18832116788321168,258,1370
subject_to_verb,25,21,0.12420620097123646,665,5354,0.1033182503770739,137,1326,0.14014598540145987,192,1370
subject_to_verb,25,22,0.03156518490847964,169,5354,0.020361990950226245,27,1326,0.040875912408759124,56,1370
subject_to_verb,25,23,0.02073216286888308,111,5354,0.016591251885369532,22,1326,0.025547445255474453,35,1370
subject_to_verb,25,24,0.01849084796413896,99,5354,0.01282051282051282,17,1326,0.025547445255474453,35,1370
subject_to_verb,25,25,0.03604781471796788,193,5354,0.024132730015082957,32,1326,0.04452554744525548,61,1370
subject_to_verb,25,26,0.048188270451998506,258,5354,0.03695324283559578,49,1326,0.05547445255474453,76,1370
subject_to_verb,25,27,0.06313036981695928,338,5354,0.06033182503770739,80,1326,0.07956204379562044,109,1370
subject_to_verb,26,0,0.017183414269704895,92,5354,0.007541478129713424,10,1326,0.020437956204379562,28,1370
subject_to_verb,26,1,0.02054538662682107,110,5354,0.013574660633484163,18,1326,0.029927007299270073,41,1370
subject_to_verb,26,2,0.02446768771012327,131,5354,0.01885369532428356,25,1326,0.032116788321167884,44,1370
subject_to_verb,26,3,0.023347030257751214,125,5354,0.01583710407239819,21,1326,0.029197080291970802,40,1370
subject_to_verb,26,4,0.01905117669032499,102,5354,0.01583710407239819,21,1326,0.024817518248175182,34,1370
subject_to_verb,26,5,0.029137093761673515,156,5354,0.0196078431372549,26,1326,0.0364963503649635,50,1370
subject_to_verb,26,6,0.020918939110945087,112,5354,0.01282051282051282,17,1326,0.027737226277372264,38,1370
subject_to_verb,26,7,0.029137093761673515,156,5354,0.021870286576168928,29,1326,0.02846715328467153,39,1370
subject_to_verb,26,8,0.017556966753828913,94,5354,0.01282051282051282,17,1326,0.01897810218978102,26,1370
subject_to_verb,26,9,0.04463952185282032,239,5354,0.032428355957767725,43,1326,0.051094890510948905,70,1370
subject_to_verb,26,10,0.010646245797534554,57,5354,0.0030165912518853697,4,1326,0.010948905109489052,15,1370
subject_to_verb,26,11,0.011580127007844603,62,5354,0.004524886877828055,6,1326,0.014598540145985401,20,1370
subject_to_verb,26,12,0.009152035861038476,49,5354,0.005279034690799397,7,1326,0.01167883211678832,16,1370
subject_to_verb,26,13,0.03137840866641763,168,5354,0.021870286576168928,29,1326,0.033576642335766425,46,1370
subject_to_verb,26,14,0.04912215166230855,263,5354,0.03770739064856712,50,1326,0.04890510948905109,67,1370
subject_to_verb,26,15,0.028389988793425476,152,5354,0.021116138763197588,28,1326,0.03576642335766423,49,1370
subject_to_verb,26,16,0.02652222637280538,142,5354,0.021870286576168928,29,1326,0.032116788321167884,44,1370
subject_to_verb,26,17,0.01942472917444901,104,5354,0.012066365007541479,16,1326,0.02408759124087591,33,1370
subject_to_verb,26,18,0.023720582741875232,127,5354,0.016591251885369532,22,1326,0.030656934306569343,42,1370
subject_to_verb,26,19,0.018864400448262982,101,5354,0.010558069381598794,14,1326,0.025547445255474453,35,1370
subject_to_verb,26,20,0.017556966753828913,94,5354,0.008295625942684766,11,1326,0.017518248175182483,24,1370
subject_to_verb,26,21,0.021105715353007096,113,5354,0.014328808446455505,19,1326,0.02846715328467153,39,1370
subject_to_verb,26,22,0.2771759432200224,1484,5354,0.26998491704374056,358,1326,0.28175182481751826,386,1370
subject_to_verb,26,23,0.05117669032499066,274,5354,0.04147812971342383,55,1326,0.05401459854014599,74,1370
subject_to_verb,26,24,0.036608143444153904,196,5354,0.029411764705882353,39,1326,0.040145985401459854,55,1370
subject_to_verb,26,25,0.016436309301456856,88,5354,0.007541478129713424,10,1326,0.016788321167883213,23,1370
subject_to_verb,26,26,0.11524094135226,617,5354,0.11689291101055807,155,1326,0.12554744525547445,172,1370
subject_to_verb,26,27,0.01270078446021666,68,5354,0.006033182503770739,8,1326,0.013868613138686132,19,1370
subject_to_verb,27,0,0.07209562943593575,386,5354,0.0641025641025641,85,1326,0.08759124087591241,120,1370
subject_to_verb,27,1,0.016809861785580874,90,5354,0.00904977375565611,12,1326,0.024817518248175182,34,1370
subject_to_verb,27,2,0.03716847217033993,199,5354,0.02790346907993967,37,1326,0.04452554744525548,61,1370
subject_to_verb,27,3,0.016623085543518865,89,5354,0.011312217194570135,15,1326,0.020437956204379562,28,1370
subject_to_verb,27,4,0.017556966753828913,94,5354,0.00980392156862745,13,1326,0.02408759124087591,33,1370
subject_to_verb,27,5,0.016436309301456856,88,5354,0.00980392156862745,13,1326,0.021167883211678833,29,1370
subject_to_verb,27,6,0.03361972357116175,180,5354,0.024886877828054297,33,1326,0.043065693430656936,59,1370
subject_to_verb,27,7,0.2669032499066119,1429,5354,0.26244343891402716,348,1326,0.2905109489051095,398,1370
subject_to_verb,27,8,0.14736645498692566,789,5354,0.14102564102564102,187,1326,0.16423357664233576,225,1370
subject_to_verb,27,9,0.15446395218528203,827,5354,0.1583710407239819,210,1326,0.1781021897810219,244,1370
subject_to_verb,27,10,0.1903249906611879,1019,5354,0.17496229260935142,232,1326,0.20364963503649636,279,1370
subject_to_verb,27,11,0.15054165110197984,806,5354,0.14705882352941177,195,1326,0.17007299270072992,233,1370
subject_to_verb,27,12,0.22543892416884573,1207,5354,0.2119155354449472,281,1326,0.24817518248175183,340,1370
subject_to_verb,27,13,0.18360104594695556,983,5354,0.17496229260935142,232,1326,0.20802919708029197,285,1370
subject_to_verb,27,14,0.020358610384759057,109,5354,0.007541478129713424,10,1326,0.027737226277372264,38,1370
subject_to_verb,27,15,0.018117295480014943,97,5354,0.008295625942684766,11,1326,0.021897810218978103,30,1370
subject_to_verb,27,16,0.027082555098991407,145,5354,0.0196078431372549,26,1326,0.030656934306569343,42,1370
subject_to_verb,27,17,0.019237952932387,103,5354,0.008295625942684766,11,1326,0.021897810218978103,30,1370
subject_to_verb,27,18,0.016996638027642882,91,5354,0.00904977375565611,12,1326,0.020437956204379562,28,1370
subject_to_verb,27,19,0.03212551363466567,172,5354,0.02262443438914027,30,1326,0.04671532846715328,64,1370
subject_to_verb,27,20,0.02054538662682107,110,5354,0.01282051282051282,17,1326,0.030656934306569343,42,1370
subject_to_verb,27,21,0.018304071722076952,98,5354,0.011312217194570135,15,1326,0.02846715328467153,39,1370
subject_to_verb,27,22,0.01961150541651102,105,5354,0.010558069381598794,14,1326,0.01824817518248175,25,1370
subject_to_verb,27,23,0.023907358983937244,128,5354,0.01583710407239819,21,1326,0.031386861313868614,43,1370
subject_to_verb,27,24,0.018864400448262982,101,5354,0.00904977375565611,12,1326,0.021167883211678833,29,1370
subject_to_verb,27,25,0.09058647740007471,485,5354,0.07918552036199095,105,1326,0.11240875912408758,154,1370
subject_to_verb,27,26,0.048188270451998506,258,5354,0.0392156862745098,52,1326,0.05547445255474453,76,1370
subject_to_verb,27,27,0.016249533059394843,87,5354,0.006033182503770739,8,1326,0.020437956204379562,28,1370
object_adj_to_noun,0,0,0.1405579399141631,131,932,0.1810344827586207,42,232,0.12719298245614036,29,228
object_adj_to_noun,0,1,0.003218884120171674,3,932,0.004310344827586207,1,232,0.0043859649122807015,1,228
object_adj_to_noun,0,2,0.3444206008583691,321,932,0.3275862068965517,76,232,0.32456140350877194,74,228
object_adj_to_noun,0,3,0.2317596566523605,216,932,0.22844827586206898,53,232,0.19298245614035087,44,228
object_adj_to_noun,0,4,0.003218884120171674,3,932,0.008620689655172414,2,232,0.0,0,228
object_adj_to_noun,0,5,0.003218884120171674,3,932,0.004310344827586207,1,232,0.0,0,228
object_adj_to_noun,0,6,0.00536480686695279,5,932,0.004310344827586207,1,232,0.013157894736842105,3,228
object_adj_to_noun,0,7,0.00536480686695279,5,932,0.008620689655172414,2,232,0.017543859649122806,4,228
object_adj_to_noun,0,8,0.02682403433476395,25,932,0.03879310344827586,9,232,0.021929824561403508,5,228
object_adj_to_noun,0,9,0.0,0,932,0.0,0,232,0.0,0,228
object_adj_to_noun,0,10,0.18669527896995708,174,932,0.16810344827586207,39,232,0.17982456140350878,41,228
object_adj_to_noun,0,11,0.001072961373390558,1,932,0.0,0,232,0.0,0,228
object_adj_to_noun,0,12,0.001072961373390558,1,932,0.004310344827586207,1,232,0.0,0,228
object_adj_to_noun,0,13,0.002145922746781116,2,932,0.0,0,232,0.0,0,228
object_adj_to_noun,0,14,0.05042918454935622,47,932,0.02586206896551724,6,232,0.05263157894736842,12,228
object_adj_to_noun,0,15,0.0944206008583691,88,932,0.09051724137931035,21,232,0.08333333333333333,19,228
object_adj_to_noun,0,16,0.018240343347639486,17,932,0.008620689655172414,2,232,0.017543859649122806,4,228
object_adj_to_noun,0,17,0.004291845493562232,4,932,0.004310344827586207,1,232,0.0,0,228
object_adj_to_noun,0,18,0.06974248927038626,65,932,0.07327586206896551,17,232,0.09210526315789473,21,228
object_adj_to_noun,0,19,0.37875536480686695,353,932,0.3879310344827586,90,232,0.38596491228070173,88,228
object_adj_to_noun,0,20,0.07832618025751073,73,932,0.09913793103448276,23,232,0.08333333333333333,19,228
object_adj_to_noun,0,21,0.5493562231759657,512,932,0.6120689655172413,142,232,0.543859649122807,124,228
object_adj_to_noun,0,22,0.003218884120171674,3,932,0.004310344827586207,1,232,0.0,0,228
object_adj_to_noun,0,23,0.006437768240343348,6,932,0.008620689655172414,2,232,0.013157894736842105,3,228
object_adj_to_noun,0,24,0.008583690987124463,8,932,0.008620689655172414,2,232,0.008771929824561403,2,228
object_adj_to_noun,0,25,0.0,0,932,0.0,0,232,0.0,0,228
object_adj_to_noun,0,26,0.0075107296137339056,7,932,0.008620689655172414,2,232,0.013157894736842105,3,228
object_adj_to_noun,0,27,0.0,0,932,0.0,0,232,0.0,0,228
object_adj_to_noun,1,0,0.0,0,932,0.0,0,232,0.0,0,228
object_adj_to_noun,1,1,0.0890557939914163,83,932,0.10344827586206896,24,232,0.08771929824561403,20,228
object_adj_to_noun,1,2,0.05042918454935622,47,932,0.04310344827586207,10,232,0.04824561403508772,11,228
object_adj_to_noun,1,3,0.009656652360515022,9,932,0.008620689655172414,2,232,0.017543859649122806,4,228
object_adj_to_noun,1,4,0.0,0,932,0.0,0,232,0.0,0,228
object_adj_to_noun,1,5,0.0,0,932,0.0,0,232,0.0,0,228
object_adj_to_noun,1,6,0.0075107296137339056,7,932,0.021551724137931036,5,232,0.008771929824561403,2,228
object_adj_to_noun,1,7,0.36373390557939916,339,932,0.3620689655172414,84,232,0.32456140350877194,74,228
object_adj_to_noun,1,8,0.7553648068669528,704,932,0.8017241379310345,186,232,0.7324561403508771,167,228
object_adj_to_noun,1,9,0.043991416309012876,41,932,0.03017241379310345,7,232,0.04824561403508772,11,228
object_adj_to_noun,1,10,0.2886266094420601,269,932,0.33620689655172414,78,232,0.2894736842105263,66,228
object_adj_to_noun,1,11,0.0407725321888412,38,932,0.04310344827586207,10,232,0.04824561403508772,11,228
object_adj_to_noun,1,12,0.00536480686695279,5,932,0.004310344827586207,1,232,0.008771929824561403,2,228
object_adj_to_noun,1,13,0.7510729613733905,700,932,0.7931034482758621,184,232,0.7324561403508771,167,228
object_adj_to_noun,1,14,0.004291845493562232,4,932,0.004310344827586207,1,232,0.013157894736842105,3,228
object_adj_to_noun,1,15,0.0075107296137339056,7,932,0.004310344827586207,1,232,0.013157894736842105,3,228
object_adj_to_noun,1,16,0.0075107296137339056,7,932,0.0,0,232,0.0043859649122807015,1,228
object_adj_to_noun,1,17,0.001072961373390558,1,932,0.0,0,232,0.0,0,228
object_adj_to_noun,1,18,0.0075107296137339056,7,932,0.01293103448275862,3,232,0.0043859649122807015,1,228
object_adj_to_noun,1,19,0.13304721030042918,124,932,0.14224137931034483,33,232,0.11842105263157894,27,228
object_adj_to_noun,1,20,0.006437768240343348,6,932,0.01293103448275862,3,232,0.0,0,228
object_adj_to_noun,1,21,0.03111587982832618,29,932,0.017241379310344827,4,232,0.03508771929824561,8,228
object_adj_to_noun,1,22,0.15879828326180256,148,932,0.13793103448275862,32,232,0.16228070175438597,37,228
object_adj_to_noun,1,23,0.032188841201716736,30,932,0.034482758620689655,8,232,0.04824561403508772,11,228
object_adj_to_noun,1,24,0.04721030042918455,44,932,0.06896551724137931,16,232,0.039473684210526314,9,228
object_adj_to_noun,1,25,0.6931330472103004,646,932,0.7112068965517241,165,232,0.6798245614035088,155,228
object_adj_to_noun,1,26,0.028969957081545063,27,932,0.017241379310344827,4,232,0.021929824561403508,5,228
object_adj_to_noun,1,27,0.16738197424892703,156,932,0.13793103448275862,32,232,0.14473684210526316,33,228
object_adj_to_noun,2,0,0.0,0,932,0.0,0,232,0.0,0,228
object_adj_to_noun,2,1,0.006437768240343348,6,932,0.004310344827586207,1,232,0.008771929824561403,2,228
object_adj_to_noun,2,2,0.002145922746781116,2,932,0.0,0,232,0.0,0,228
object_adj_to_noun,2,3,0.00536480686695279,5,932,0.0,0,232,0.0,0,228
object_adj_to_noun,2,4,0.001072961373390558,1,932,0.0,0,232,0.0043859649122807015,1,228
object_adj_to_noun,2,5,0.004291845493562232,4,932,0.008620689655172414,2,232,0.013157894736842105,3,228
object_adj_to_noun,2,6,0.3369098712446352,314,932,0.39655172413793105,92,232,0.32456140350877194,74,228
object_adj_to_noun,2,7,0.002145922746781116,2,932,0.0,0,232,0.0,0,228
object_adj_to_noun,2,8,0.03969957081545064,37,932,0.04741379310344827,11,232,0.02631578947368421,6,228
object_adj_to_noun,2,9,0.01072961373390558,10,932,0.004310344827586207,1,232,0.0,0,228
object_adj_to_noun,2,10,0.003218884120171674,3,932,0.004310344827586207,1,232,0.0,0,228
object_adj_to_noun,2,11,0.001072961373390558,1,932,0.0,0,232,0.0,0,228
object_adj_to_noun,2,12,0.001072961373390558,1,932,0.0,0,232,0.0,0,228
object_adj_to_noun,2,13,0.001072961373390558,1,932,0.0,0,232,0.008771929824561403,2,228
object_adj_to_noun,2,14,0.03969957081545064,37,932,0.03879310344827586,9,232,0.03508771929824561,8,228
object_adj_to_noun,2,15,0.1405579399141631,131,932,0.11637931034482758,27,232,0.08333333333333333,19,228
object_adj_to_noun,2,16,0.3605150214592275,336,932,0.33620689655172414,78,232,0.32894736842105265,75,228
object_adj_to_noun,2,17,0.0075107296137339056,7,932,0.01293103448275862,3,232,0.0,0,228
object_adj_to_noun,2,18,0.00536480686695279,5,932,0.004310344827586207,1,232,0.008771929824561403,2,228
object_adj_to_noun,2,19,0.05793991416309013,54,932,0.034482758620689655,8,232,0.03508771929824561,8,228
object_adj_to_noun,2,20,0.148068669527897,138,932,0.11637931034482758,27,232,0.17105263157894737,39,228
object_adj_to_noun,2,21,0.032188841201716736,30,932,0.06465517241379311,15,232,0.043859649122807015,10,228
object_adj_to_noun,2,22,0.004291845493562232,4,932,0.008620689655172414,2,232,0.013157894736842105,3,228
object_adj_to_noun,2,23,0.04721030042918455,44,932,0.01293103448275862,3,232,0.043859649122807015,10,228
object_adj_to_noun,2,24,0.14163090128755365,132,932,0.11206896551724138,26,232,0.14473684210526316,33,228
object_adj_to_noun,2,25,0.030042918454935622,28,932,0.05172413793103448,12,232,0.008771929824561403,2,228
object_adj_to_noun,2,26,0.7575107296137339,706,932,0.8060344827586207,187,232,0.7368421052631579,168,228
object_adj_to_noun,2,27,0.15343347639484978,143,932,0.11637931034482758,27,232,0.14035087719298245,32,228
object_adj_to_noun,3,0,0.004291845493562232,4,932,0.008620689655172414,2,232,0.017543859649122806,4,228
object_adj_to_noun,3,1,0.023605150214592276,22,932,0.021551724137931036,5,232,0.02631578947368421,6,228
object_adj_to_noun,3,2,0.001072961373390558,1,932,0.0,0,232,0.0043859649122807015,1,228
object_adj_to_noun,3,3,0.12124463519313304,113,932,0.10344827586206896,24,232,0.17105263157894737,39,228
object_adj_to_noun,3,4,0.027896995708154508,26,932,0.04310344827586207,10,232,0.008771929824561403,2,228
object_adj_to_noun,3,5,0.018240343347639486,17,932,0.021551724137931036,5,232,0.021929824561403508,5,228
object_adj_to_noun,3,6,0.009656652360515022,9,932,0.0,0,232,0.0043859649122807015,1,228
object_adj_to_noun,3,7,0.0,0,932,0.0,0,232,0.0043859649122807015,1,228
object_adj_to_noun,3,8,0.004291845493562232,4,932,0.01293103448275862,3,232,0.0043859649122807015,1,228
object_adj_to_noun,3,9,0.0203862660944206,19,932,0.021551724137931036,5,232,0.017543859649122806,4,228
object_adj_to_noun,3,10,0.00536480686695279,5,932,0.004310344827586207,1,232,0.013157894736842105,3,228
object_adj_to_noun,3,11,0.001072961373390558,1,932,0.0,0,232,0.0,0,228
object_adj_to_noun,3,12,0.02467811158798283,23,932,0.01293103448275862,3,232,0.03508771929824561,8,228
object_adj_to_noun,3,13,0.05042918454935622,47,932,0.04310344827586207,10,232,0.05263157894736842,12,228
object_adj_to_noun,3,14,0.36587982832618027,341,932,0.375,87,232,0.35964912280701755,82,228
object_adj_to_noun,3,15,0.6362660944206009,593,932,0.6508620689655172,151,232,0.6929824561403509,158,228
object_adj_to_noun,3,16,0.02575107296137339,24,932,0.017241379310344827,4,232,0.008771929824561403,2,228
object_adj_to_noun,3,17,0.15343347639484978,143,932,0.2025862068965517,47,232,0.14473684210526316,33,228
object_adj_to_noun,3,18,0.0407725321888412,38,932,0.02586206896551724,6,232,0.043859649122807015,10,228
object_adj_to_noun,3,19,0.028969957081545063,27,932,0.034482758620689655,8,232,0.03508771929824561,8,228
object_adj_to_noun,3,20,0.19313304721030042,180,932,0.1939655172413793,45,232,0.19298245614035087,44,228
object_adj_to_noun,3,21,0.26824034334763946,250,932,0.25,58,232,0.2543859649122807,58,228
object_adj_to_noun,3,22,0.259656652360515,242,932,0.23706896551724138,55,232,0.2675438596491228,61,228
object_adj_to_noun,3,23,0.47854077253218885,446,932,0.4956896551724138,115,232,0.4605263157894737,105,228
object_adj_to_noun,3,24,0.006437768240343348,6,932,0.004310344827586207,1,232,0.017543859649122806,4,228
object_adj_to_noun,3,25,0.08476394849785408,79,932,0.09051724137931035,21,232,0.09210526315789473,21,228
object_adj_to_noun,3,26,0.08690987124463519,81,932,0.11206896551724138,26,232,0.07017543859649122,16,228
object_adj_to_noun,3,27,0.8830472103004292,823,932,0.9094827586206896,211,232,0.881578947368421,201,228
object_adj_to_noun,4,0,0.10085836909871244,94,932,0.09913793103448276,23,232,0.13157894736842105,30,228
object_adj_to_noun,4,1,0.29721030042918456,277,932,0.3448275862068966,80,232,0.3333333333333333,76,228
object_adj_to_noun,4,2,0.1984978540772532,185,932,0.21982758620689655,51,232,0.21052631578947367,48,228
object_adj_to_noun,4,3,0.045064377682403435,42,932,0.04741379310344827,11,232,0.07017543859649122,16,228
object_adj_to_noun,4,4,0.09012875536480687,84,932,0.10775862068965517,25,232,0.10087719298245613,23,228
object_adj_to_noun,4,5,0.12124463519313304,113,932,0.15517241379310345,36,232,0.14473684210526316,33,228
object_adj_to_noun,4,6,0.02575107296137339,24,932,0.02586206896551724,6,232,0.02631578947368421,6,228
object_adj_to_noun,4,7,0.02575107296137339,24,932,0.034482758620689655,8,232,0.03508771929824561,8,228
object_adj_to_noun,4,8,0.03648068669527897,34,932,0.04310344827586207,10,232,0.04824561403508772,11,228
object_adj_to_noun,4,9,0.04291845493562232,40,932,0.04310344827586207,10,232,0.043859649122807015,10,228
object_adj_to_noun,4,10,0.04184549356223176,39,932,0.0603448275862069,14,232,0.04824561403508772,11,228
object_adj_to_noun,4,11,0.02682403433476395,25,932,0.034482758620689655,8,232,0.039473684210526314,9,228
object_adj_to_noun,4,12,0.05257510729613734,49,932,0.0603448275862069,14,232,0.05701754385964912,13,228
object_adj_to_noun,4,13,0.033261802575107295,31,932,0.03879310344827586,9,232,0.03070175438596491,7,228
object_adj_to_noun,4,14,0.05472103004291846,51,932,0.04741379310344827,11,232,0.04824561403508772,11,228
object_adj_to_noun,4,15,0.16630901287553648,155,932,0.15086206896551724,35,232,0.18421052631578946,42,228
object_adj_to_noun,4,16,0.05686695278969957,53,932,0.05172413793103448,12,232,0.06578947368421052,15,228
object_adj_to_noun,4,17,0.13948497854077252,130,932,0.1896551724137931,44,232,0.13157894736842105,30,228
object_adj_to_noun,4,18,0.032188841201716736,30,932,0.03879310344827586,9,232,0.03508771929824561,8,228
object_adj_to_noun,4,19,0.1759656652360515,164,932,0.15948275862068967,37,232,0.21052631578947367,48,228
object_adj_to_noun,4,20,0.027896995708154508,26,932,0.034482758620689655,8,232,0.043859649122807015,10,228
object_adj_to_noun,4,21,0.09871244635193133,92,932,0.1206896551724138,28,232,0.07894736842105263,18,228
object_adj_to_noun,4,22,0.21781115879828325,203,932,0.21982758620689655,51,232,0.20614035087719298,47,228
object_adj_to_noun,4,23,0.022532188841201718,21,932,0.008620689655172414,2,232,0.021929824561403508,5,228
object_adj_to_noun,4,24,0.4581545064377682,427,932,0.46120689655172414,107,232,0.47368421052631576,108,228
object_adj_to_noun,4,25,0.6341201716738197,591,932,0.6810344827586207,158,232,0.6491228070175439,148,228
object_adj_to_noun,4,26,0.1072961373390558,100,932,0.10344827586206896,24,232,0.10964912280701754,25,228
object_adj_to_noun,4,27,0.3143776824034335,293,932,0.30603448275862066,71,232,0.25,57,228
object_adj_to_noun,5,0,0.10515021459227468,98,932,0.07758620689655173,18,232,0.11403508771929824,26,228
object_adj_to_noun,5,1,0.003218884120171674,3,932,0.0,0,232,0.0,0,228
object_adj_to_noun,5,2,0.01072961373390558,10,932,0.017241379310344827,4,232,0.008771929824561403,2,228
object_adj_to_noun,5,3,0.003218884120171674,3,932,0.004310344827586207,1,232,0.0043859649122807015,1,228
object_adj_to_noun,5,4,0.016094420600858368,15,932,0.008620689655172414,2,232,0.008771929824561403,2,228
object_adj_to_noun,5,5,0.08690987124463519,81,932,0.09482758620689655,22,232,0.10526315789473684,24,228
object_adj_to_noun,5,6,0.03862660944206009,36,932,0.034482758620689655,8,232,0.03070175438596491,7,228
object_adj_to_noun,5,7,0.02145922746781116,20,932,0.017241379310344827,4,232,0.008771929824561403,2,228
object_adj_to_noun,5,8,0.048283261802575105,45,932,0.034482758620689655,8,232,0.017543859649122806,4,228
object_adj_to_noun,5,9,0.02467811158798283,23,932,0.02586206896551724,6,232,0.02631578947368421,6,228
object_adj_to_noun,5,10,0.26180257510729615,244,932,0.2025862068965517,47,232,0.2631578947368421,60,228
object_adj_to_noun,5,11,0.157725321888412,147,932,0.14655172413793102,34,232,0.14035087719298245,32,228
object_adj_to_noun,5,12,0.22424892703862662,209,932,0.19827586206896552,46,232,0.25,57,228
object_adj_to_noun,5,13,0.05150214592274678,48,932,0.03879310344827586,9,232,0.04824561403508772,11,228
object_adj_to_noun,5,14,0.006437768240343348,6,932,0.01293103448275862,3,232,0.0,0,228
object_adj_to_noun,5,15,0.24034334763948498,224,932,0.1939655172413793,45,232,0.2236842105263158,51,228
object_adj_to_noun,5,16,0.06223175965665236,58,932,0.04741379310344827,11,232,0.05263157894736842,12,228
object_adj_to_noun,5,17,0.30042918454935624,280,932,0.25862068965517243,60,232,0.33771929824561403,77,228
object_adj_to_noun,5,18,0.7371244635193133,687,932,0.7758620689655172,180,232,0.7149122807017544,163,228
object_adj_to_noun,5,19,0.5579399141630901,520,932,0.49137931034482757,114,232,0.5745614035087719,131,228
object_adj_to_noun,5,20,0.03648068669527897,34,932,0.06465517241379311,15,232,0.05263157894736842,12,228
object_adj_to_noun,5,21,0.11373390557939914,106,932,0.125,29,232,0.16228070175438597,37,228
object_adj_to_noun,5,22,0.002145922746781116,2,932,0.004310344827586207,1,232,0.0,0,228
object_adj_to_noun,5,23,0.07939914163090128,74,932,0.07758620689655173,18,232,0.10087719298245613,23,228
object_adj_to_noun,5,24,0.06545064377682404,61,932,0.0603448275862069,14,232,0.08771929824561403,20,228
object_adj_to_noun,5,25,0.001072961373390558,1,932,0.0,0,232,0.0,0,228
object_adj_to_noun,5,26,0.06437768240343347,60,932,0.03879310344827586,9,232,0.05701754385964912,13,228
object_adj_to_noun,5,27,0.016094420600858368,15,932,0.017241379310344827,4,232,0.013157894736842105,3,228
object_adj_to_noun,6,0,0.003218884120171674,3,932,0.008620689655172414,2,232,0.0,0,228
object_adj_to_noun,6,1,0.004291845493562232,4,932,0.004310344827586207,1,232,0.0043859649122807015,1,228
object_adj_to_noun,6,2,0.006437768240343348,6,932,0.008620689655172414,2,232,0.008771929824561403,2,228
object_adj_to_noun,6,3,0.003218884120171674,3,932,0.004310344827586207,1,232,0.0,0,228
object_adj_to_noun,6,4,0.004291845493562232,4,932,0.004310344827586207,1,232,0.0,0,228
object_adj_to_noun,6,5,0.003218884120171674,3,932,0.0,0,232,0.0,0,228
object_adj_to_noun,6,6,0.003218884120171674,3,932,0.004310344827586207,1,232,0.0,0,228
object_adj_to_noun,6,7,0.18776824034334763,175,932,0.1336206896551724,31,232,0.15789473684210525,36,228
object_adj_to_noun,6,8,0.004291845493562232,4,932,0.004310344827586207,1,232,0.0,0,228
object_adj_to_noun,6,9,0.44527896995708155,415,932,0.4267241379310345,99,232,0.4649122807017544,106,228
object_adj_to_noun,6,10,0.03648068669527897,34,932,0.04741379310344827,11,232,0.043859649122807015,10,228
object_adj_to_noun,6,11,0.11051502145922747,103,932,0.09051724137931035,21,232,0.14912280701754385,34,228
object_adj_to_noun,6,12,0.012875536480686695,12,932,0.004310344827586207,1,232,0.0043859649122807015,1,228
object_adj_to_noun,6,13,0.02467811158798283,23,932,0.008620689655172414,2,232,0.017543859649122806,4,228
object_adj_to_noun,6,14,0.22532188841201717,210,932,0.14224137931034483,33,232,0.21929824561403508,50,228
object_adj_to_noun,6,15,0.003218884120171674,3,932,0.0,0,232,0.0043859649122807015,1,228
object_adj_to_noun,6,16,0.3959227467811159,369,932,0.33189655172413796,77,232,0.37280701754385964,85,228
object_adj_to_noun,6,17,0.01072961373390558,10,932,0.017241379310344827,4,232,0.013157894736842105,3,228
object_adj_to_noun,6,18,0.09763948497854077,91,932,0.0603448275862069,14,232,0.09210526315789473,21,228
object_adj_to_noun,6,19,0.018240343347639486,17,932,0.004310344827586207,1,232,0.013157894736842105,3,228
object_adj_to_noun,6,20,0.001072961373390558,1,932,0.0,0,232,0.0,0,228
object_adj_to_noun,6,21,0.01072961373390558,10,932,0.004310344827586207,1,232,0.0043859649122807015,1,228
object_adj_to_noun,6,22,0.361587982832618,337,932,0.3146551724137931,73,232,0.3508771929824561,80,228
object_adj_to_noun,6,23,0.1351931330472103,126,932,0.14655172413793102,34,232,0.12719298245614036,29,228
object_adj_to_noun,6,24,0.012875536480686695,12,932,0.021551724137931036,5,232,0.0,0,228
object_adj_to_noun,6,25,0.023605150214592276,22,932,0.021551724137931036,5,232,0.021929824561403508,5,228
object_adj_to_noun,6,26,0.009656652360515022,9,932,0.004310344827586207,1,232,0.0043859649122807015,1,228
object_adj_to_noun,6,27,0.002145922746781116,2,932,0.0,0,232,0.0,0,228
object_adj_to_noun,7,0,0.019313304721030045,18,932,0.017241379310344827,4,232,0.021929824561403508,5,228
object_adj_to_noun,7,1,0.05150214592274678,48,932,0.04310344827586207,10,232,0.04824561403508772,11,228
object_adj_to_noun,7,2,0.24248927038626608,226,932,0.2413793103448276,56,232,0.24561403508771928,56,228
object_adj_to_noun,7,3,0.002145922746781116,2,932,0.004310344827586207,1,232,0.0,0,228
object_adj_to_noun,7,4,0.004291845493562232,4,932,0.01293103448275862,3,232,0.0,0,228
object_adj_to_noun,7,5,0.40772532188841204,380,932,0.43103448275862066,100,232,0.3815789473684211,87,228
object_adj_to_noun,7,6,0.5547210300429185,517,932,0.5172413793103449,120,232,0.5482456140350878,125,228
object_adj_to_noun,7,7,0.08261802575107297,77,932,0.09482758620689655,22,232,0.06140350877192982,14,228
object_adj_to_noun,7,8,0.18669527896995708,174,932,0.15948275862068967,37,232,0.18421052631578946,42,228
object_adj_to_noun,7,9,0.6738197424892703,628,932,0.7025862068965517,163,232,0.7149122807017544,163,228
object_adj_to_noun,7,10,0.016094420600858368,15,932,0.017241379310344827,4,232,0.013157894736842105,3,228
object_adj_to_noun,7,11,0.04184549356223176,39,932,0.034482758620689655,8,232,0.07017543859649122,16,228
object_adj_to_noun,7,12,0.11587982832618025,108,932,0.06896551724137931,16,232,0.14473684210526316,33,228
object_adj_to_noun,7,13,0.13626609442060086,127,932,0.1336206896551724,31,232,0.14035087719298245,32,228
object_adj_to_noun,7,14,0.07939914163090128,74,932,0.06465517241379311,15,232,0.07017543859649122,16,228
object_adj_to_noun,7,15,0.04935622317596566,46,932,0.03879310344827586,9,232,0.04824561403508772,11,228
object_adj_to_noun,7,16,0.07832618025751073,73,932,0.08189655172413793,19,232,0.09210526315789473,21,228
object_adj_to_noun,7,17,0.03111587982832618,29,932,0.03017241379310345,7,232,0.039473684210526314,9,228
object_adj_to_noun,7,18,0.3283261802575107,306,932,0.28879310344827586,67,232,0.31140350877192985,71,228
object_adj_to_noun,7,19,0.009656652360515022,9,932,0.0,0,232,0.0,0,228
object_adj_to_noun,7,20,0.019313304721030045,18,932,0.004310344827586207,1,232,0.021929824561403508,5,228
object_adj_to_noun,7,21,0.2296137339055794,214,932,0.19827586206896552,46,232,0.2236842105263158,51,228
object_adj_to_noun,7,22,0.028969957081545063,27,932,0.04741379310344827,11,232,0.03508771929824561,8,228
object_adj_to_noun,7,23,0.06759656652360516,63,932,0.034482758620689655,8,232,0.06140350877192982,14,228
object_adj_to_noun,7,24,0.006437768240343348,6,932,0.008620689655172414,2,232,0.0043859649122807015,1,228
object_adj_to_noun,7,25,0.046137339055793994,43,932,0.04310344827586207,10,232,0.03070175438596491,7,228
object_adj_to_noun,7,26,0.08369098712446352,78,932,0.07327586206896551,17,232,0.10964912280701754,25,228
object_adj_to_noun,7,27,0.03862660944206009,36,932,0.017241379310344827,4,232,0.04824561403508772,11,228
object_adj_to_noun,8,0,0.09656652360515021,90,932,0.04741379310344827,11,232,0.08333333333333333,19,228
object_adj_to_noun,8,1,0.008583690987124463,8,932,0.004310344827586207,1,232,0.0,0,228
object_adj_to_noun,8,2,0.033261802575107295,31,932,0.034482758620689655,8,232,0.043859649122807015,10,228
object_adj_to_noun,8,3,0.008583690987124463,8,932,0.01293103448275862,3,232,0.021929824561403508,5,228
object_adj_to_noun,8,4,0.016094420600858368,15,932,0.017241379310344827,4,232,0.0043859649122807015,1,228
object_adj_to_noun,8,5,0.14377682403433475,134,932,0.10775862068965517,25,232,0.15789473684210525,36,228
object_adj_to_noun,8,6,0.14914163090128754,139,932,0.07327586206896551,17,232,0.12719298245614036,29,228
object_adj_to_noun,8,7,0.09334763948497854,87,932,0.08620689655172414,20,232,0.06578947368421052,15,228
object_adj_to_noun,8,8,0.10300429184549356,96,932,0.08189655172413793,19,232,0.06578947368421052,15,228
object_adj_to_noun,8,9,0.032188841201716736,30,932,0.021551724137931036,5,232,0.021929824561403508,5,228
object_adj_to_noun,8,10,0.06974248927038626,65,932,0.04310344827586207,10,232,0.07456140350877193,17,228
object_adj_to_noun,8,11,0.14914163090128754,139,932,0.14224137931034483,33,232,0.19298245614035087,44,228
object_adj_to_noun,8,12,0.5622317596566524,524,932,0.5646551724137931,131,232,0.5964912280701754,136,228
object_adj_to_noun,8,13,0.1148068669527897,107,932,0.09913793103448276,23,232,0.12719298245614036,29,228
object_adj_to_noun,8,14,0.004291845493562232,4,932,0.004310344827586207,1,232,0.0043859649122807015,1,228
object_adj_to_noun,8,15,0.08690987124463519,81,932,0.08189655172413793,19,232,0.10964912280701754,25,228
object_adj_to_noun,8,16,0.012875536480686695,12,932,0.008620689655172414,2,232,0.013157894736842105,3,228
object_adj_to_noun,8,17,0.004291845493562232,4,932,0.0,0,232,0.0,0,228
object_adj_to_noun,8,18,0.003218884120171674,3,932,0.004310344827586207,1,232,0.0,0,228
object_adj_to_noun,8,19,0.003218884120171674,3,932,0.004310344827586207,1,232,0.0,0,228
object_adj_to_noun,8,20,0.00536480686695279,5,932,0.008620689655172414,2,232,0.0,0,228
object_adj_to_noun,8,21,0.004291845493562232,4,932,0.0,0,232,0.0,0,228
object_adj_to_noun,8,22,0.017167381974248927,16,932,0.0,0,232,0.021929824561403508,5,228
object_adj_to_noun,8,23,0.0203862660944206,19,932,0.021551724137931036,5,232,0.02631578947368421,6,228
object_adj_to_noun,8,24,0.008583690987124463,8,932,0.0,0,232,0.013157894736842105,3,228
object_adj_to_noun,8,25,0.00536480686695279,5,932,0.004310344827586207,1,232,0.008771929824561403,2,228
object_adj_to_noun,8,26,0.019313304721030045,18,932,0.017241379310344827,4,232,0.017543859649122806,4,228
object_adj_to_noun,8,27,0.008583690987124463,8,932,0.0,0,232,0.013157894736842105,3,228
object_adj_to_noun,9,0,0.060085836909871244,56,932,0.06465517241379311,15,232,0.06140350877192982,14,228
object_adj_to_noun,9,1,0.0203862660944206,19,932,0.021551724137931036,5,232,0.017543859649122806,4,228
object_adj_to_noun,9,2,0.028969957081545063,27,932,0.03017241379310345,7,232,0.04824561403508772,11,228
object_adj_to_noun,9,3,0.004291845493562232,4,932,0.0,0,232,0.0,0,228
object_adj_to_noun,9,4,0.07296137339055794,68,932,0.05603448275862069,13,232,0.09210526315789473,21,228
object_adj_to_noun,9,5,0.13948497854077252,130,932,0.125,29,232,0.14035087719298245,32,228
object_adj_to_noun,9,6,0.3583690987124464,334,932,0.3275862068965517,76,232,0.3684210526315789,84,228
object_adj_to_noun,9,7,0.059012875536480686,55,932,0.05172413793103448,12,232,0.07456140350877193,17,228
object_adj_to_noun,9,8,0.2296137339055794,214,932,0.2413793103448276,56,232,0.2807017543859649,64,228
object_adj_to_noun,9,9,0.05793991416309013,54,932,0.03879310344827586,9,232,0.06140350877192982,14,228
object_adj_to_noun,9,10,0.017167381974248927,16,932,0.01293103448275862,3,232,0.0043859649122807015,1,228
object_adj_to_noun,9,11,0.16416309012875535,153,932,0.15948275862068967,37,232,0.13157894736842105,30,228
object_adj_to_noun,9,12,0.032188841201716736,30,932,0.03879310344827586,9,232,0.02631578947368421,6,228
object_adj_to_noun,9,13,0.17167381974248927,160,932,0.1853448275862069,43,232,0.16228070175438597,37,228
object_adj_to_noun,9,14,0.15021459227467812,140,932,0.09913793103448276,23,232,0.12280701754385964,28,228
object_adj_to_noun,9,15,0.02467811158798283,23,932,0.04310344827586207,10,232,0.03070175438596491,7,228
object_adj_to_noun,9,16,0.09549356223175966,89,932,0.11206896551724138,26,232,0.11842105263157894,27,228
object_adj_to_noun,9,17,0.0536480686695279,50,932,0.04741379310344827,11,232,0.05701754385964912,13,228
object_adj_to_noun,9,18,0.018240343347639486,17,932,0.01293103448275862,3,232,0.021929824561403508,5,228
object_adj_to_noun,9,19,0.0075107296137339056,7,932,0.01293103448275862,3,232,0.008771929824561403,2,228
object_adj_to_noun,9,20,0.045064377682403435,42,932,0.04310344827586207,10,232,0.03070175438596491,7,228
object_adj_to_noun,9,21,0.11373390557939914,106,932,0.10775862068965517,25,232,0.12280701754385964,28,228
object_adj_to_noun,9,22,0.017167381974248927,16,932,0.02586206896551724,6,232,0.0043859649122807015,1,228
object_adj_to_noun,9,23,0.18669527896995708,174,932,0.1206896551724138,28,232,0.15350877192982457,35,228
object_adj_to_noun,9,24,0.03540772532188841,33,932,0.03017241379310345,7,232,0.008771929824561403,2,228
object_adj_to_noun,9,25,0.28969957081545067,270,932,0.2629310344827586,61,232,0.30701754385964913,70,228
object_adj_to_noun,9,26,0.04184549356223176,39,932,0.04741379310344827,11,232,0.05701754385964912,13,228
object_adj_to_noun,9,27,0.16738197424892703,156,932,0.1810344827586207,42,232,0.19298245614035087,44,228
object_adj_to_noun,10,0,0.008583690987124463,8,932,0.0,0,232,0.013157894736842105,3,228
object_adj_to_noun,10,1,0.07939914163090128,74,932,0.05172413793103448,12,232,0.08333333333333333,19,228
object_adj_to_noun,10,2,0.017167381974248927,16,932,0.017241379310344827,4,232,0.02631578947368421,6,228
object_adj_to_noun,10,3,0.013948497854077254,13,932,0.0,0,232,0.0043859649122807015,1,228
object_adj_to_noun,10,4,0.003218884120171674,3,932,0.0,0,232,0.0,0,228
object_adj_to_noun,10,5,0.003218884120171674,3,932,0.0,0,232,0.0,0,228
object_adj_to_noun,10,6,0.12875536480686695,120,932,0.09913793103448276,23,232,0.12719298245614036,29,228
object_adj_to_noun,10,7,0.027896995708154508,26,932,0.03017241379310345,7,232,0.03508771929824561,8,228
object_adj_to_noun,10,8,0.016094420600858368,15,932,0.017241379310344827,4,232,0.021929824561403508,5,228
object_adj_to_noun,10,9,0.09334763948497854,87,932,0.09482758620689655,22,232,0.10526315789473684,24,228
object_adj_to_noun,10,10,0.003218884120171674,3,932,0.004310344827586207,1,232,0.0,0,228
object_adj_to_noun,10,11,0.09120171673819742,85,932,0.10775862068965517,25,232,0.10964912280701754,25,228
object_adj_to_noun,10,12,0.03540772532188841,33,932,0.017241379310344827,4,232,0.021929824561403508,5,228
object_adj_to_noun,10,13,0.13841201716738197,129,932,0.13793103448275862,32,232,0.17982456140350878,41,228
object_adj_to_noun,10,14,0.06759656652360516,63,932,0.04741379310344827,11,232,0.09210526315789473,21,228
object_adj_to_noun,10,15,0.15879828326180256,148,932,0.14655172413793102,34,232,0.17105263157894737,39,228
object_adj_to_noun,10,16,0.03862660944206009,36,932,0.03879310344827586,9,232,0.039473684210526314,9,228
object_adj_to_noun,10,17,0.003218884120171674,3,932,0.0,0,232,0.0,0,228
object_adj_to_noun,10,18,0.009656652360515022,9,932,0.008620689655172414,2,232,0.013157894736842105,3,228
object_adj_to_noun,10,19,0.09656652360515021,90,932,0.08620689655172414,20,232,0.07456140350877193,17,228
object_adj_to_noun,10,20,0.022532188841201718,21,932,0.03879310344827586,9,232,0.013157894736842105,3,228
object_adj_to_noun,10,21,0.09871244635193133,92,932,0.08189655172413793,19,232,0.10087719298245613,23,228
object_adj_to_noun,10,22,0.00536480686695279,5,932,0.004310344827586207,1,232,0.008771929824561403,2,228
object_adj_to_noun,10,23,0.09549356223175966,89,932,0.09913793103448276,23,232,0.07456140350877193,17,228
object_adj_to_noun,10,24,0.5643776824034334,526,932,0.5603448275862069,130,232,0.5701754385964912,130,228
object_adj_to_noun,10,25,0.26502145922746784,247,932,0.2974137931034483,69,232,0.23684210526315788,54,228
object_adj_to_noun,10,26,0.003218884120171674,3,932,0.0,0,232,0.0043859649122807015,1,228
object_adj_to_noun,10,27,0.002145922746781116,2,932,0.004310344827586207,1,232,0.0,0,228
object_adj_to_noun,11,0,0.02575107296137339,24,932,0.01293103448275862,3,232,0.043859649122807015,10,228
object_adj_to_noun,11,1,0.0075107296137339056,7,932,0.004310344827586207,1,232,0.0,0,228
object_adj_to_noun,11,2,0.004291845493562232,4,932,0.0,0,232,0.0043859649122807015,1,228
object_adj_to_noun,11,3,0.06759656652360516,63,932,0.017241379310344827,4,232,0.07456140350877193,17,228
object_adj_to_noun,11,4,0.004291845493562232,4,932,0.0,0,232,0.0,0,228
object_adj_to_noun,11,5,0.00536480686695279,5,932,0.008620689655172414,2,232,0.0,0,228
object_adj_to_noun,11,6,0.17703862660944206,165,932,0.15517241379310345,36,232,0.19298245614035087,44,228
object_adj_to_noun,11,7,0.10193133047210301,95,932,0.09482758620689655,22,232,0.09210526315789473,21,228
object_adj_to_noun,11,8,0.018240343347639486,17,932,0.008620689655172414,2,232,0.0043859649122807015,1,228
object_adj_to_noun,11,9,0.028969957081545063,27,932,0.008620689655172414,2,232,0.017543859649122806,4,228
object_adj_to_noun,11,10,0.006437768240343348,6,932,0.004310344827586207,1,232,0.013157894736842105,3,228
object_adj_to_noun,11,11,0.009656652360515022,9,932,0.0,0,232,0.008771929824561403,2,228
object_adj_to_noun,11,12,0.016094420600858368,15,932,0.008620689655172414,2,232,0.021929824561403508,5,228
object_adj_to_noun,11,13,0.02575107296137339,24,932,0.01293103448275862,3,232,0.039473684210526314,9,228
object_adj_to_noun,11,14,0.17060085836909872,159,932,0.125,29,232,0.16228070175438597,37,228
object_adj_to_noun,11,15,0.0890557939914163,83,932,0.07758620689655173,18,232,0.09649122807017543,22,228
object_adj_to_noun,11,16,0.17274678111587982,161,932,0.15517241379310345,36,232,0.16228070175438597,37,228
object_adj_to_noun,11,17,0.6266094420600858,584,932,0.6508620689655172,151,232,0.6666666666666666,152,228
object_adj_to_noun,11,18,0.09549356223175966,89,932,0.10344827586206896,24,232,0.07894736842105263,18,228
object_adj_to_noun,11,19,0.009656652360515022,9,932,0.004310344827586207,1,232,0.0,0,228
object_adj_to_noun,11,20,0.07939914163090128,74,932,0.04741379310344827,11,232,0.07456140350877193,17,228
object_adj_to_noun,11,21,0.03540772532188841,33,932,0.04741379310344827,11,232,0.03070175438596491,7,228
object_adj_to_noun,11,22,0.018240343347639486,17,932,0.008620689655172414,2,232,0.017543859649122806,4,228
object_adj_to_noun,11,23,0.0407725321888412,38,932,0.04310344827586207,10,232,0.06578947368421052,15,228
object_adj_to_noun,11,24,0.08261802575107297,77,932,0.07758620689655173,18,232,0.08771929824561403,20,228
object_adj_to_noun,11,25,0.07832618025751073,73,932,0.06896551724137931,16,232,0.08333333333333333,19,228
object_adj_to_noun,11,26,0.2532188841201717,236,932,0.22413793103448276,52,232,0.2412280701754386,55,228
object_adj_to_noun,11,27,0.055793991416309016,52,932,0.04310344827586207,10,232,0.05701754385964912,13,228
object_adj_to_noun,12,0,0.388412017167382,362,932,0.46120689655172414,107,232,0.4166666666666667,95,228
object_adj_to_noun,12,1,0.11158798283261803,104,932,0.09482758620689655,22,232,0.10087719298245613,23,228
object_adj_to_noun,12,2,0.004291845493562232,4,932,0.0,0,232,0.0,0,228
object_adj_to_noun,12,3,0.00536480686695279,5,932,0.01293103448275862,3,232,0.0043859649122807015,1,228
object_adj_to_noun,12,4,0.023605150214592276,22,932,0.017241379310344827,4,232,0.008771929824561403,2,228
object_adj_to_noun,12,5,0.03648068669527897,34,932,0.03879310344827586,9,232,0.02631578947368421,6,228
object_adj_to_noun,12,6,0.012875536480686695,12,932,0.0,0,232,0.013157894736842105,3,228
object_adj_to_noun,12,7,0.009656652360515022,9,932,0.0,0,232,0.0043859649122807015,1,228
object_adj_to_noun,12,8,0.06223175965665236,58,932,0.034482758620689655,8,232,0.021929824561403508,5,228
object_adj_to_noun,12,9,0.2017167381974249,188,932,0.25862068965517243,60,232,0.2324561403508772,53,228
object_adj_to_noun,12,10,0.01072961373390558,10,932,0.01293103448275862,3,232,0.013157894736842105,3,228
object_adj_to_noun,12,11,0.0075107296137339056,7,932,0.004310344827586207,1,232,0.0043859649122807015,1,228
object_adj_to_noun,12,12,0.019313304721030045,18,932,0.004310344827586207,1,232,0.008771929824561403,2,228
object_adj_to_noun,12,13,0.019313304721030045,18,932,0.021551724137931036,5,232,0.021929824561403508,5,228
object_adj_to_noun,12,14,0.033261802575107295,31,932,0.02586206896551724,6,232,0.03508771929824561,8,228
object_adj_to_noun,12,15,0.022532188841201718,21,932,0.021551724137931036,5,232,0.02631578947368421,6,228
object_adj_to_noun,12,16,0.023605150214592276,22,932,0.017241379310344827,4,232,0.017543859649122806,4,228
object_adj_to_noun,12,17,0.01072961373390558,10,932,0.004310344827586207,1,232,0.0043859649122807015,1,228
object_adj_to_noun,12,18,0.0203862660944206,19,932,0.008620689655172414,2,232,0.013157894736842105,3,228
object_adj_to_noun,12,19,0.015021459227467811,14,932,0.008620689655172414,2,232,0.008771929824561403,2,228
object_adj_to_noun,12,20,0.07296137339055794,68,932,0.06896551724137931,16,232,0.06578947368421052,15,228
object_adj_to_noun,12,21,0.08047210300429185,75,932,0.125,29,232,0.07456140350877193,17,228
object_adj_to_noun,12,22,0.03648068669527897,34,932,0.021551724137931036,5,232,0.03070175438596491,7,228
object_adj_to_noun,12,23,0.009656652360515022,9,932,0.017241379310344827,4,232,0.017543859649122806,4,228
object_adj_to_noun,12,24,0.34227467811158796,319,932,0.3275862068965517,76,232,0.32894736842105265,75,228
object_adj_to_noun,12,25,0.08047210300429185,75,932,0.04741379310344827,11,232,0.09649122807017543,22,228
object_adj_to_noun,12,26,0.03111587982832618,29,932,0.034482758620689655,8,232,0.03070175438596491,7,228
object_adj_to_noun,12,27,0.011802575107296138,11,932,0.008620689655172414,2,232,0.0043859649122807015,1,228
object_adj_to_noun,13,0,0.08476394849785408,79,932,0.04741379310344827,11,232,0.05701754385964912,13,228
object_adj_to_noun,13,1,0.011802575107296138,11,932,0.008620689655172414,2,232,0.0,0,228
object_adj_to_noun,13,2,0.043991416309012876,41,932,0.05603448275862069,13,232,0.07456140350877193,17,228
object_adj_to_noun,13,3,0.03969957081545064,37,932,0.03017241379310345,7,232,0.03070175438596491,7,228
object_adj_to_noun,13,4,0.046137339055793994,43,932,0.02586206896551724,6,232,0.03070175438596491,7,228
object_adj_to_noun,13,5,0.09763948497854077,91,932,0.04310344827586207,10,232,0.07017543859649122,16,228
object_adj_to_noun,13,6,0.004291845493562232,4,932,0.0,0,232,0.0043859649122807015,1,228
object_adj_to_noun,13,7,0.02467811158798283,23,932,0.04741379310344827,11,232,0.021929824561403508,5,228
object_adj_to_noun,13,8,0.001072961373390558,1,932,0.0,0,232,0.0,0,228
object_adj_to_noun,13,9,0.003218884120171674,3,932,0.0,0,232,0.013157894736842105,3,228
object_adj_to_noun,13,10,0.0203862660944206,19,932,0.004310344827586207,1,232,0.021929824561403508,5,228
object_adj_to_noun,13,11,0.09549356223175966,89,932,0.07327586206896551,17,232,0.10964912280701754,25,228
object_adj_to_noun,13,12,0.18240343347639484,170,932,0.1939655172413793,45,232,0.17543859649122806,40,228
object_adj_to_noun,13,13,0.00536480686695279,5,932,0.004310344827586207,1,232,0.013157894736842105,3,228
object_adj_to_noun,13,14,0.05257510729613734,49,932,0.034482758620689655,8,232,0.03508771929824561,8,228
object_adj_to_noun,13,15,0.018240343347639486,17,932,0.004310344827586207,1,232,0.021929824561403508,5,228
object_adj_to_noun,13,16,0.17167381974248927,160,932,0.15517241379310345,36,232,0.17543859649122806,40,228
object_adj_to_noun,13,17,0.055793991416309016,52,932,0.034482758620689655,8,232,0.02631578947368421,6,228
object_adj_to_noun,13,18,0.05042918454935622,47,932,0.04310344827586207,10,232,0.04824561403508772,11,228
object_adj_to_noun,13,19,0.01072961373390558,10,932,0.008620689655172414,2,232,0.008771929824561403,2,228
object_adj_to_noun,13,20,0.034334763948497854,32,932,0.02586206896551724,6,232,0.043859649122807015,10,228
object_adj_to_noun,13,21,0.02145922746781116,20,932,0.01293103448275862,3,232,0.013157894736842105,3,228
object_adj_to_noun,13,22,0.07510729613733906,70,932,0.06465517241379311,15,232,0.07017543859649122,16,228
object_adj_to_noun,13,23,0.019313304721030045,18,932,0.01293103448275862,3,232,0.02631578947368421,6,228
object_adj_to_noun,13,24,0.08690987124463519,81,932,0.06465517241379311,15,232,0.07017543859649122,16,228
object_adj_to_noun,13,25,0.47746781115879827,445,932,0.41379310344827586,96,232,0.49122807017543857,112,228
object_adj_to_noun,13,26,0.034334763948497854,32,932,0.021551724137931036,5,232,0.02631578947368421,6,228
object_adj_to_noun,13,27,0.10085836909871244,94,932,0.05172413793103448,12,232,0.08771929824561403,20,228
object_adj_to_noun,14,0,0.06759656652360516,63,932,0.06465517241379311,15,232,0.07017543859649122,16,228
object_adj_to_noun,14,1,0.1072961373390558,100,932,0.09913793103448276,23,232,0.12280701754385964,28,228
object_adj_to_noun,14,2,0.08047210300429185,75,932,0.08189655172413793,19,232,0.07894736842105263,18,228
object_adj_to_noun,14,3,0.0536480686695279,50,932,0.03879310344827586,9,232,0.04824561403508772,11,228
object_adj_to_noun,14,4,0.07081545064377683,66,932,0.05603448275862069,13,232,0.07017543859649122,16,228
object_adj_to_noun,14,5,0.0407725321888412,38,932,0.03017241379310345,7,232,0.03508771929824561,8,228
object_adj_to_noun,14,6,0.7371244635193133,687,932,0.7931034482758621,184,232,0.7105263157894737,162,228
object_adj_to_noun,14,7,0.012875536480686695,12,932,0.01293103448275862,3,232,0.017543859649122806,4,228
object_adj_to_noun,14,8,0.017167381974248927,16,932,0.01293103448275862,3,232,0.03070175438596491,7,228
object_adj_to_noun,14,9,0.05257510729613734,49,932,0.04310344827586207,10,232,0.06140350877192982,14,228
object_adj_to_noun,14,10,0.019313304721030045,18,932,0.004310344827586207,1,232,0.013157894736842105,3,228
object_adj_to_noun,14,11,0.2929184549356223,273,932,0.2801724137931034,65,232,0.2982456140350877,68,228
object_adj_to_noun,14,12,0.045064377682403435,42,932,0.034482758620689655,8,232,0.039473684210526314,9,228
object_adj_to_noun,14,13,0.009656652360515022,9,932,0.008620689655172414,2,232,0.013157894736842105,3,228
object_adj_to_noun,14,14,0.034334763948497854,32,932,0.04310344827586207,10,232,0.03070175438596491,7,228
object_adj_to_noun,14,15,0.09871244635193133,92,932,0.05603448275862069,13,232,0.09649122807017543,22,228
object_adj_to_noun,14,16,0.0203862660944206,19,932,0.0,0,232,0.013157894736842105,3,228
object_adj_to_noun,14,17,0.019313304721030045,18,932,0.03879310344827586,9,232,0.021929824561403508,5,228
object_adj_to_noun,14,18,0.016094420600858368,15,932,0.0,0,232,0.017543859649122806,4,228
object_adj_to_noun,14,19,0.013948497854077254,13,932,0.008620689655172414,2,232,0.017543859649122806,4,228
object_adj_to_noun,14,20,0.0203862660944206,19,932,0.01293103448275862,3,232,0.013157894736842105,3,228
object_adj_to_noun,14,21,0.004291845493562232,4,932,0.0,0,232,0.0,0,228
object_adj_to_noun,14,22,0.023605150214592276,22,932,0.01293103448275862,3,232,0.039473684210526314,9,228
object_adj_to_noun,14,23,0.15128755364806867,141,932,0.1206896551724138,28,232,0.10526315789473684,24,228
object_adj_to_noun,14,24,0.028969957081545063,27,932,0.021551724137931036,5,232,0.013157894736842105,3,228
object_adj_to_noun,14,25,0.05793991416309013,54,932,0.05172413793103448,12,232,0.07017543859649122,16,228
object_adj_to_noun,14,26,0.030042918454935622,28,932,0.04310344827586207,10,232,0.021929824561403508,5,228
object_adj_to_noun,14,27,0.043991416309012876,41,932,0.03017241379310345,7,232,0.02631578947368421,6,228
object_adj_to_noun,15,0,0.003218884120171674,3,932,0.004310344827586207,1,232,0.0,0,228
object_adj_to_noun,15,1,0.013948497854077254,13,932,0.017241379310344827,4,232,0.03508771929824561,8,228
object_adj_to_noun,15,2,0.008583690987124463,8,932,0.01293103448275862,3,232,0.0043859649122807015,1,228
object_adj_to_noun,15,3,0.006437768240343348,6,932,0.0,0,232,0.0043859649122807015,1,228
object_adj_to_noun,15,4,0.009656652360515022,9,932,0.0,0,232,0.0043859649122807015,1,228
object_adj_to_noun,15,5,0.027896995708154508,26,932,0.04310344827586207,10,232,0.02631578947368421,6,228
object_adj_to_noun,15,6,0.15021459227467812,140,932,0.14224137931034483,33,232,0.17982456140350878,41,228
object_adj_to_noun,15,7,0.019313304721030045,18,932,0.008620689655172414,2,232,0.013157894736842105,3,228
object_adj_to_noun,15,8,0.05042918454935622,47,932,0.05603448275862069,13,232,0.05701754385964912,13,228
object_adj_to_noun,15,9,0.01072961373390558,10,932,0.017241379310344827,4,232,0.021929824561403508,5,228
object_adj_to_noun,15,10,0.00536480686695279,5,932,0.004310344827586207,1,232,0.0043859649122807015,1,228
object_adj_to_noun,15,11,0.006437768240343348,6,932,0.004310344827586207,1,232,0.013157894736842105,3,228
object_adj_to_noun,15,12,0.002145922746781116,2,932,0.008620689655172414,2,232,0.0,0,228
object_adj_to_noun,15,13,0.08583690987124463,80,932,0.0603448275862069,14,232,0.05263157894736842,12,228
object_adj_to_noun,15,14,0.01072961373390558,10,932,0.004310344827586207,1,232,0.013157894736842105,3,228
object_adj_to_noun,15,15,0.017167381974248927,16,932,0.01293103448275862,3,232,0.02631578947368421,6,228
object_adj_to_noun,15,16,0.030042918454935622,28,932,0.02586206896551724,6,232,0.039473684210526314,9,228
object_adj_to_noun,15,17,0.00536480686695279,5,932,0.0,0,232,0.0043859649122807015,1,228
object_adj_to_noun,15,18,0.011802575107296138,11,932,0.004310344827586207,1,232,0.017543859649122806,4,228
object_adj_to_noun,15,19,0.004291845493562232,4,932,0.0,0,232,0.0043859649122807015,1,228
object_adj_to_noun,15,20,0.0075107296137339056,7,932,0.004310344827586207,1,232,0.008771929824561403,2,228
object_adj_to_noun,15,21,0.20708154506437768,193,932,0.1724137931034483,40,232,0.21052631578947367,48,228
object_adj_to_noun,15,22,0.0815450643776824,76,932,0.07758620689655173,18,232,0.06578947368421052,15,228
object_adj_to_noun,15,23,0.3701716738197425,345,932,0.4051724137931034,94,232,0.3684210526315789,84,228
object_adj_to_noun,15,24,0.03111587982832618,29,932,0.03017241379310345,7,232,0.05701754385964912,13,228
object_adj_to_noun,15,25,0.02575107296137339,24,932,0.01293103448275862,3,232,0.013157894736842105,3,228
object_adj_to_noun,15,26,0.002145922746781116,2,932,0.004310344827586207,1,232,0.0,0,228
object_adj_to_noun,15,27,0.15343347639484978,143,932,0.12931034482758622,30,232,0.18859649122807018,43,228
object_adj_to_noun,16,0,0.01072961373390558,10,932,0.004310344827586207,1,232,0.02631578947368421,6,228
object_adj_to_noun,16,1,0.04935622317596566,46,932,0.03879310344827586,9,232,0.03070175438596491,7,228
object_adj_to_noun,16,2,0.030042918454935622,28,932,0.03017241379310345,7,232,0.03070175438596491,7,228
object_adj_to_noun,16,3,0.006437768240343348,6,932,0.004310344827586207,1,232,0.0043859649122807015,1,228
object_adj_to_noun,16,4,0.03969957081545064,37,932,0.021551724137931036,5,232,0.03070175438596491,7,228
object_adj_to_noun,16,5,0.017167381974248927,16,932,0.017241379310344827,4,232,0.03508771929824561,8,228
object_adj_to_noun,16,6,0.0407725321888412,38,932,0.03879310344827586,9,232,0.039473684210526314,9,228
object_adj_to_noun,16,7,0.18025751072961374,168,932,0.15086206896551724,35,232,0.15789473684210525,36,228
object_adj_to_noun,16,8,0.004291845493562232,4,932,0.0,0,232,0.0043859649122807015,1,228
object_adj_to_noun,16,9,0.006437768240343348,6,932,0.004310344827586207,1,232,0.013157894736842105,3,228
object_adj_to_noun,16,10,0.03648068669527897,34,932,0.02586206896551724,6,232,0.021929824561403508,5,228
object_adj_to_noun,16,11,0.04184549356223176,39,932,0.034482758620689655,8,232,0.05263157894736842,12,228
object_adj_to_noun,16,12,0.09334763948497854,87,932,0.05603448275862069,13,232,0.09210526315789473,21,228
object_adj_to_noun,16,13,0.6727467811158798,627,932,0.7112068965517241,165,232,0.6359649122807017,145,228
object_adj_to_noun,16,14,0.10622317596566523,99,932,0.09051724137931035,21,232,0.10526315789473684,24,228
object_adj_to_noun,16,15,0.04291845493562232,40,932,0.04310344827586207,10,232,0.02631578947368421,6,228
object_adj_to_noun,16,16,0.07618025751072961,71,932,0.07327586206896551,17,232,0.07894736842105263,18,228
object_adj_to_noun,16,17,0.05472103004291846,51,932,0.04310344827586207,10,232,0.05701754385964912,13,228
object_adj_to_noun,16,18,0.04184549356223176,39,932,0.04741379310344827,11,232,0.04824561403508772,11,228
object_adj_to_noun,16,19,0.055793991416309016,52,932,0.05603448275862069,13,232,0.043859649122807015,10,228
object_adj_to_noun,16,20,0.41630901287553645,388,932,0.3706896551724138,86,232,0.42543859649122806,97,228
object_adj_to_noun,16,21,0.002145922746781116,2,932,0.0,0,232,0.0,0,228
object_adj_to_noun,16,22,0.00536480686695279,5,932,0.004310344827586207,1,232,0.0043859649122807015,1,228
object_adj_to_noun,16,23,0.09763948497854077,91,932,0.07327586206896551,17,232,0.07456140350877193,17,228
object_adj_to_noun,16,24,0.004291845493562232,4,932,0.0,0,232,0.008771929824561403,2,228
object_adj_to_noun,16,25,0.003218884120171674,3,932,0.004310344827586207,1,232,0.0,0,228
object_adj_to_noun,16,26,0.09978540772532189,93,932,0.08620689655172414,20,232,0.10526315789473684,24,228
object_adj_to_noun,16,27,0.023605150214592276,22,932,0.017241379310344827,4,232,0.008771929824561403,2,228
object_adj_to_noun,17,0,0.015021459227467811,14,932,0.008620689655172414,2,232,0.0043859649122807015,1,228
object_adj_to_noun,17,1,0.194206008583691,181,932,0.1939655172413793,45,232,0.20614035087719298,47,228
object_adj_to_noun,17,2,0.14914163090128754,139,932,0.16379310344827586,38,232,0.11403508771929824,26,228
object_adj_to_noun,17,3,0.2703862660944206,252,932,0.27586206896551724,64,232,0.27631578947368424,63,228
object_adj_to_noun,17,4,0.11158798283261803,104,932,0.08620689655172414,20,232,0.10964912280701754,25,228
object_adj_to_noun,17,5,0.1072961373390558,100,932,0.1206896551724138,28,232,0.17543859649122806,40,228
object_adj_to_noun,17,6,0.008583690987124463,8,932,0.0,0,232,0.0043859649122807015,1,228
object_adj_to_noun,17,7,0.555793991416309,518,932,0.5301724137931034,123,232,0.5350877192982456,122,228
object_adj_to_noun,17,8,0.630901287553648,588,932,0.6594827586206896,153,232,0.6096491228070176,139,228
object_adj_to_noun,17,9,0.043991416309012876,41,932,0.04310344827586207,10,232,0.02631578947368421,6,228
object_adj_to_noun,17,10,0.05150214592274678,48,932,0.03879310344827586,9,232,0.05263157894736842,12,228
object_adj_to_noun,17,11,0.3487124463519313,325,932,0.3017241379310345,70,232,0.3157894736842105,72,228
object_adj_to_noun,17,12,0.02467811158798283,23,932,0.017241379310344827,4,232,0.021929824561403508,5,228
object_adj_to_noun,17,13,0.1834763948497854,171,932,0.17672413793103448,41,232,0.20175438596491227,46,228
object_adj_to_noun,17,14,0.023605150214592276,22,932,0.017241379310344827,4,232,0.008771929824561403,2,228
object_adj_to_noun,17,15,0.05472103004291846,51,932,0.034482758620689655,8,232,0.03508771929824561,8,228
object_adj_to_noun,17,16,0.013948497854077254,13,932,0.004310344827586207,1,232,0.013157894736842105,3,228
object_adj_to_noun,17,17,0.02575107296137339,24,932,0.017241379310344827,4,232,0.021929824561403508,5,228
object_adj_to_noun,17,18,0.05257510729613734,49,932,0.034482758620689655,8,232,0.03070175438596491,7,228
object_adj_to_noun,17,19,0.04184549356223176,39,932,0.034482758620689655,8,232,0.039473684210526314,9,228
object_adj_to_noun,17,20,0.02467811158798283,23,932,0.01293103448275862,3,232,0.021929824561403508,5,228
object_adj_to_noun,17,21,0.022532188841201718,21,932,0.021551724137931036,5,232,0.017543859649122806,4,228
object_adj_to_noun,17,22,0.012875536480686695,12,932,0.01293103448275862,3,232,0.021929824561403508,5,228
object_adj_to_noun,17,23,0.09120171673819742,85,932,0.09482758620689655,22,232,0.09210526315789473,21,228
object_adj_to_noun,17,24,0.017167381974248927,16,932,0.01293103448275862,3,232,0.017543859649122806,4,228
object_adj_to_noun,17,25,0.012875536480686695,12,932,0.0,0,232,0.008771929824561403,2,228
object_adj_to_noun,17,26,0.01072961373390558,10,932,0.004310344827586207,1,232,0.0,0,228
object_adj_to_noun,17,27,0.07188841201716738,67,932,0.07327586206896551,17,232,0.08771929824561403,20,228
object_adj_to_noun,18,0,0.1459227467811159,136,932,0.15948275862068967,37,232,0.19298245614035087,44,228
object_adj_to_noun,18,1,0.003218884120171674,3,932,0.0,0,232,0.0043859649122807015,1,228
object_adj_to_noun,18,2,0.016094420600858368,15,932,0.0,0,232,0.013157894736842105,3,228
object_adj_to_noun,18,3,0.013948497854077254,13,932,0.0,0,232,0.008771929824561403,2,228
object_adj_to_noun,18,4,0.13948497854077252,130,932,0.10775862068965517,25,232,0.12280701754385964,28,228
object_adj_to_noun,18,5,0.009656652360515022,9,932,0.0,0,232,0.013157894736842105,3,228
object_adj_to_noun,18,6,0.14163090128755365,132,932,0.125,29,232,0.14912280701754385,34,228
object_adj_to_noun,18,7,0.6351931330472103,592,932,0.646551724137931,150,232,0.631578947368421,144,228
object_adj_to_noun,18,8,0.004291845493562232,4,932,0.004310344827586207,1,232,0.0,0,228
object_adj_to_noun,18,9,0.05042918454935622,47,932,0.06465517241379311,15,232,0.05263157894736842,12,228
object_adj_to_noun,18,10,0.02575107296137339,24,932,0.01293103448275862,3,232,0.02631578947368421,6,228
object_adj_to_noun,18,11,0.004291845493562232,4,932,0.004310344827586207,1,232,0.0043859649122807015,1,228
object_adj_to_noun,18,12,0.006437768240343348,6,932,0.0,0,232,0.0043859649122807015,1,228
object_adj_to_noun,18,13,0.033261802575107295,31,932,0.01293103448275862,3,232,0.03070175438596491,7,228
object_adj_to_noun,18,14,0.05150214592274678,48,932,0.021551724137931036,5,232,0.05263157894736842,12,228
object_adj_to_noun,18,15,0.05686695278969957,53,932,0.05172413793103448,12,232,0.05701754385964912,13,228
object_adj_to_noun,18,16,0.02575107296137339,24,932,0.017241379310344827,4,232,0.021929824561403508,5,228
object_adj_to_noun,18,17,0.08476394849785408,79,932,0.09051724137931035,21,232,0.10087719298245613,23,228
object_adj_to_noun,18,18,0.043991416309012876,41,932,0.03879310344827586,9,232,0.05263157894736842,12,228
object_adj_to_noun,18,19,0.017167381974248927,16,932,0.004310344827586207,1,232,0.013157894736842105,3,228
object_adj_to_noun,18,20,0.06759656652360516,63,932,0.06896551724137931,16,232,0.07456140350877193,17,228
object_adj_to_noun,18,21,0.2811158798283262,262,932,0.2543103448275862,59,232,0.31140350877192985,71,228
object_adj_to_noun,18,22,0.011802575107296138,11,932,0.0,0,232,0.008771929824561403,2,228
object_adj_to_noun,18,23,0.011802575107296138,11,932,0.004310344827586207,1,232,0.017543859649122806,4,228
object_adj_to_noun,18,24,0.004291845493562232,4,932,0.0,0,232,0.008771929824561403,2,228
object_adj_to_noun,18,25,0.44206008583690987,412,932,0.5,116,232,0.45614035087719296,104,228
object_adj_to_noun,18,26,0.022532188841201718,21,932,0.008620689655172414,2,232,0.03508771929824561,8,228
object_adj_to_noun,18,27,0.06652360515021459,62,932,0.05603448275862069,13,232,0.08333333333333333,19,228
object_adj_to_noun,19,0,0.5890557939914163,549,932,0.5775862068965517,134,232,0.5394736842105263,123,228
object_adj_to_noun,19,1,0.015021459227467811,14,932,0.004310344827586207,1,232,0.0043859649122807015,1,228
object_adj_to_noun,19,2,0.00536480686695279,5,932,0.0,0,232,0.0,0,228
object_adj_to_noun,19,3,0.02467811158798283,23,932,0.004310344827586207,1,232,0.017543859649122806,4,228
object_adj_to_noun,19,4,0.02575107296137339,24,932,0.021551724137931036,5,232,0.021929824561403508,5,228
object_adj_to_noun,19,5,0.043991416309012876,41,932,0.034482758620689655,8,232,0.03508771929824561,8,228
object_adj_to_noun,19,6,0.10193133047210301,95,932,0.1206896551724138,28,232,0.10964912280701754,25,228
object_adj_to_noun,19,7,0.00536480686695279,5,932,0.0,0,232,0.0,0,228
object_adj_to_noun,19,8,0.00536480686695279,5,932,0.004310344827586207,1,232,0.013157894736842105,3,228
object_adj_to_noun,19,9,0.004291845493562232,4,932,0.0,0,232,0.0043859649122807015,1,228
object_adj_to_noun,19,10,0.002145922746781116,2,932,0.0,0,232,0.0,0,228
object_adj_to_noun,19,11,0.23283261802575106,217,932,0.21120689655172414,49,232,0.2894736842105263,66,228
object_adj_to_noun,19,12,0.03111587982832618,29,932,0.021551724137931036,5,232,0.017543859649122806,4,228
object_adj_to_noun,19,13,0.0075107296137339056,7,932,0.004310344827586207,1,232,0.017543859649122806,4,228
object_adj_to_noun,19,14,0.032188841201716736,30,932,0.008620689655172414,2,232,0.021929824561403508,5,228
object_adj_to_noun,19,15,0.3648068669527897,340,932,0.39655172413793105,92,232,0.37719298245614036,86,228
object_adj_to_noun,19,16,0.060085836909871244,56,932,0.04741379310344827,11,232,0.05263157894736842,12,228
object_adj_to_noun,19,17,0.19527896995708155,182,932,0.17672413793103448,41,232,0.21929824561403508,50,228
object_adj_to_noun,19,18,0.0203862660944206,19,932,0.017241379310344827,4,232,0.021929824561403508,5,228
object_adj_to_noun,19,19,0.02467811158798283,23,932,0.008620689655172414,2,232,0.021929824561403508,5,228
object_adj_to_noun,19,20,0.023605150214592276,22,932,0.021551724137931036,5,232,0.039473684210526314,9,228
object_adj_to_noun,19,21,0.02145922746781116,20,932,0.008620689655172414,2,232,0.017543859649122806,4,228
object_adj_to_noun,19,22,0.04721030042918455,44,932,0.05172413793103448,12,232,0.07456140350877193,17,228
object_adj_to_noun,19,23,0.04935622317596566,46,932,0.034482758620689655,8,232,0.039473684210526314,9,228
object_adj_to_noun,19,24,0.022532188841201718,21,932,0.017241379310344827,4,232,0.03070175438596491,7,228
object_adj_to_noun,19,25,0.033261802575107295,31,932,0.034482758620689655,8,232,0.03508771929824561,8,228
object_adj_to_noun,19,26,0.033261802575107295,31,932,0.021551724137931036,5,232,0.04824561403508772,11,228
object_adj_to_noun,19,27,0.012875536480686695,12,932,0.008620689655172414,2,232,0.008771929824561403,2,228
object_adj_to_noun,20,0,0.008583690987124463,8,932,0.004310344827586207,1,232,0.013157894736842105,3,228
object_adj_to_noun,20,1,0.09549356223175966,89,932,0.06465517241379311,15,232,0.07456140350877193,17,228
object_adj_to_noun,20,2,0.5214592274678111,486,932,0.5732758620689655,133,232,0.4824561403508772,110,228
object_adj_to_noun,20,3,0.006437768240343348,6,932,0.004310344827586207,1,232,0.0,0,228
object_adj_to_noun,20,4,0.18669527896995708,174,932,0.17672413793103448,41,232,0.17105263157894737,39,228
object_adj_to_noun,20,5,0.3948497854077253,368,932,0.3620689655172414,84,232,0.40350877192982454,92,228
object_adj_to_noun,20,6,0.017167381974248927,16,932,0.008620689655172414,2,232,0.0,0,228
object_adj_to_noun,20,7,0.07188841201716738,67,932,0.06896551724137931,16,232,0.07894736842105263,18,228
object_adj_to_noun,20,8,0.10085836909871244,94,932,0.07758620689655173,18,232,0.10964912280701754,25,228
object_adj_to_noun,20,9,0.6727467811158798,627,932,0.6896551724137931,160,232,0.618421052631579,141,228
object_adj_to_noun,20,10,0.02575107296137339,24,932,0.021551724137931036,5,232,0.017543859649122806,4,228
object_adj_to_noun,20,11,0.02682403433476395,25,932,0.01293103448275862,3,232,0.039473684210526314,9,228
object_adj_to_noun,20,12,0.055793991416309016,52,932,0.034482758620689655,8,232,0.05701754385964912,13,228
object_adj_to_noun,20,13,0.6158798283261803,574,932,0.5775862068965517,134,232,0.6271929824561403,143,228
object_adj_to_noun,20,14,0.07081545064377683,66,932,0.04741379310344827,11,232,0.05701754385964912,13,228
object_adj_to_noun,20,15,0.028969957081545063,27,932,0.03879310344827586,9,232,0.02631578947368421,6,228
object_adj_to_noun,20,16,0.13626609442060086,127,932,0.10344827586206896,24,232,0.14912280701754385,34,228
object_adj_to_noun,20,17,0.37660944206008584,351,932,0.3448275862068966,80,232,0.3815789473684211,87,228
object_adj_to_noun,20,18,0.18776824034334763,175,932,0.1810344827586207,42,232,0.2236842105263158,51,228
object_adj_to_noun,20,19,0.06545064377682404,61,932,0.0603448275862069,14,232,0.08333333333333333,19,228
object_adj_to_noun,20,20,0.009656652360515022,9,932,0.004310344827586207,1,232,0.013157894736842105,3,228
object_adj_to_noun,20,21,0.09012875536480687,84,932,0.08189655172413793,19,232,0.12719298245614036,29,228
object_adj_to_noun,20,22,0.5042918454935622,470,932,0.5603448275862069,130,232,0.4956140350877193,113,228
object_adj_to_noun,20,23,0.03540772532188841,33,932,0.017241379310344827,4,232,0.043859649122807015,10,228
object_adj_to_noun,20,24,0.012875536480686695,12,932,0.0,0,232,0.013157894736842105,3,228
object_adj_to_noun,20,25,0.028969957081545063,27,932,0.034482758620689655,8,232,0.03508771929824561,8,228
object_adj_to_noun,20,26,0.02145922746781116,20,932,0.02586206896551724,6,232,0.03070175438596491,7,228
object_adj_to_noun,20,27,0.059012875536480686,55,932,0.05603448275862069,13,232,0.07456140350877193,17,228
object_adj_to_noun,21,0,0.2607296137339056,243,932,0.28448275862068967,66,232,0.2675438596491228,61,228
object_adj_to_noun,21,1,0.018240343347639486,17,932,0.03017241379310345,7,232,0.021929824561403508,5,228
object_adj_to_noun,21,2,0.02575107296137339,24,932,0.017241379310344827,4,232,0.021929824561403508,5,228
object_adj_to_noun,21,3,0.033261802575107295,31,932,0.02586206896551724,6,232,0.03070175438596491,7,228
object_adj_to_noun,21,4,0.14914163090128754,139,932,0.1206896551724138,28,232,0.15350877192982457,35,228
object_adj_to_noun,21,5,0.1405579399141631,131,932,0.12931034482758622,30,232,0.15350877192982457,35,228
object_adj_to_noun,21,6,0.055793991416309016,52,932,0.05603448275862069,13,232,0.06578947368421052,15,228
object_adj_to_noun,21,7,0.0203862660944206,19,932,0.008620689655172414,2,232,0.03070175438596491,7,228
object_adj_to_noun,21,8,0.0203862660944206,19,932,0.008620689655172414,2,232,0.008771929824561403,2,228
object_adj_to_noun,21,9,0.003218884120171674,3,932,0.004310344827586207,1,232,0.0,0,228
object_adj_to_noun,21,10,0.003218884120171674,3,932,0.0,0,232,0.0043859649122807015,1,228
object_adj_to_noun,21,11,0.004291845493562232,4,932,0.0,0,232,0.0043859649122807015,1,228
object_adj_to_noun,21,12,0.003218884120171674,3,932,0.0,0,232,0.0043859649122807015,1,228
object_adj_to_noun,21,13,0.0890557939914163,83,932,0.06465517241379311,15,232,0.09210526315789473,21,228
object_adj_to_noun,21,14,0.06866952789699571,64,932,0.0603448275862069,14,232,0.06578947368421052,15,228
object_adj_to_noun,21,15,0.00536480686695279,5,932,0.004310344827586207,1,232,0.0043859649122807015,1,228
object_adj_to_noun,21,16,0.008583690987124463,8,932,0.008620689655172414,2,232,0.0,0,228
object_adj_to_noun,21,17,0.1684549356223176,157,932,0.15948275862068967,37,232,0.16228070175438597,37,228
object_adj_to_noun,21,18,0.21995708154506438,205,932,0.1939655172413793,45,232,0.2324561403508772,53,228
object_adj_to_noun,21,19,0.26180257510729615,244,932,0.29310344827586204,68,232,0.2149122807017544,49,228
object_adj_to_noun,21,20,0.002145922746781116,2,932,0.008620689655172414,2,232,0.0,0,228
object_adj_to_noun,21,21,0.4721030042918455,440,932,0.4525862068965517,105,232,0.5219298245614035,119,228
object_adj_to_noun,21,22,0.0407725321888412,38,932,0.04310344827586207,10,232,0.043859649122807015,10,228
object_adj_to_noun,21,23,0.194206008583691,181,932,0.2025862068965517,47,232,0.20175438596491227,46,228
object_adj_to_noun,21,24,0.0740343347639485,69,932,0.05172413793103448,12,232,0.06140350877192982,14,228
object_adj_to_noun,21,25,0.07188841201716738,67,932,0.0603448275862069,14,232,0.07017543859649122,16,228
object_adj_to_noun,21,26,0.03648068669527897,34,932,0.04310344827586207,10,232,0.03508771929824561,8,228
object_adj_to_noun,21,27,0.04721030042918455,44,932,0.021551724137931036,5,232,0.03070175438596491,7,228
object_adj_to_noun,22,0,0.055793991416309016,52,932,0.05603448275862069,13,232,0.04824561403508772,11,228
object_adj_to_noun,22,1,0.3562231759656652,332,932,0.3706896551724138,86,232,0.40350877192982454,92,228
object_adj_to_noun,22,2,0.03862660944206009,36,932,0.034482758620689655,8,232,0.03508771929824561,8,228
object_adj_to_noun,22,3,0.11802575107296137,110,932,0.12931034482758622,30,232,0.12719298245614036,29,228
object_adj_to_noun,22,4,0.0740343347639485,69,932,0.07327586206896551,17,232,0.07456140350877193,17,228
object_adj_to_noun,22,5,0.0407725321888412,38,932,0.05172413793103448,12,232,0.05263157894736842,12,228
object_adj_to_noun,22,6,0.02575107296137339,24,932,0.017241379310344827,4,232,0.03070175438596491,7,228
object_adj_to_noun,22,7,0.48497854077253216,452,932,0.43103448275862066,100,232,0.5043859649122807,115,228
object_adj_to_noun,22,8,0.0407725321888412,38,932,0.021551724137931036,5,232,0.021929824561403508,5,228
object_adj_to_noun,22,9,0.048283261802575105,45,932,0.021551724137931036,5,232,0.06140350877192982,14,228
object_adj_to_noun,22,10,0.03755364806866953,35,932,0.04310344827586207,10,232,0.03508771929824561,8,228
object_adj_to_noun,22,11,0.03969957081545064,37,932,0.03017241379310345,7,232,0.05263157894736842,12,228
object_adj_to_noun,22,12,0.1351931330472103,126,932,0.09482758620689655,22,232,0.17543859649122806,40,228
object_adj_to_noun,22,13,0.03111587982832618,29,932,0.021551724137931036,5,232,0.05701754385964912,13,228
object_adj_to_noun,22,14,0.030042918454935622,28,932,0.021551724137931036,5,232,0.021929824561403508,5,228
object_adj_to_noun,22,15,0.04935622317596566,46,932,0.034482758620689655,8,232,0.039473684210526314,9,228
object_adj_to_noun,22,16,0.032188841201716736,30,932,0.02586206896551724,6,232,0.021929824561403508,5,228
object_adj_to_noun,22,17,0.046137339055793994,43,932,0.05603448275862069,13,232,0.06140350877192982,14,228
object_adj_to_noun,22,18,0.08583690987124463,80,932,0.09482758620689655,22,232,0.12280701754385964,28,228
object_adj_to_noun,22,19,0.023605150214592276,22,932,0.01293103448275862,3,232,0.021929824561403508,5,228
object_adj_to_noun,22,20,0.016094420600858368,15,932,0.008620689655172414,2,232,0.021929824561403508,5,228
object_adj_to_noun,22,21,0.4742489270386266,442,932,0.46551724137931033,108,232,0.5,114,228
object_adj_to_noun,22,22,0.04721030042918455,44,932,0.05172413793103448,12,232,0.07894736842105263,18,228
object_adj_to_noun,22,23,0.15343347639484978,143,932,0.11637931034482758,27,232,0.18859649122807018,43,228
object_adj_to_noun,22,24,0.3218884120171674,300,932,0.2413793103448276,56,232,0.35526315789473684,81,228
object_adj_to_noun,22,25,0.43776824034334766,408,932,0.4267241379310345,99,232,0.4605263157894737,105,228
object_adj_to_noun,22,26,0.05793991416309013,54,932,0.034482758620689655,8,232,0.05701754385964912,13,228
object_adj_to_noun,22,27,0.8959227467811158,835,932,0.9008620689655172,209,232,0.8859649122807017,202,228
object_adj_to_noun,23,0,0.14377682403433475,134,932,0.1206896551724138,28,232,0.16666666666666666,38,228
object_adj_to_noun,23,1,0.1255364806866953,117,932,0.1206896551724138,28,232,0.14035087719298245,32,228
object_adj_to_noun,23,2,0.07188841201716738,67,932,0.08189655172413793,19,232,0.09210526315789473,21,228
object_adj_to_noun,23,3,0.02467811158798283,23,932,0.01293103448275862,3,232,0.05701754385964912,13,228
object_adj_to_noun,23,4,0.0075107296137339056,7,932,0.008620689655172414,2,232,0.0,0,228
object_adj_to_noun,23,5,0.10407725321888411,97,932,0.11637931034482758,27,232,0.11842105263157894,27,228
object_adj_to_noun,23,6,0.055793991416309016,52,932,0.021551724137931036,5,232,0.07017543859649122,16,228
object_adj_to_noun,23,7,0.0075107296137339056,7,932,0.004310344827586207,1,232,0.017543859649122806,4,228
object_adj_to_noun,23,8,0.059012875536480686,55,932,0.07758620689655173,18,232,0.05701754385964912,13,228
object_adj_to_noun,23,9,0.009656652360515022,9,932,0.004310344827586207,1,232,0.017543859649122806,4,228
object_adj_to_noun,23,10,0.009656652360515022,9,932,0.004310344827586207,1,232,0.008771929824561403,2,228
object_adj_to_noun,23,11,0.08798283261802575,82,932,0.09051724137931035,21,232,0.08771929824561403,20,228
object_adj_to_noun,23,12,0.04184549356223176,39,932,0.034482758620689655,8,232,0.05701754385964912,13,228
object_adj_to_noun,23,13,0.15236051502145923,142,932,0.13793103448275862,32,232,0.17982456140350878,41,228
object_adj_to_noun,23,14,0.31008583690987124,289,932,0.33620689655172414,78,232,0.35964912280701755,82,228
object_adj_to_noun,23,15,0.10407725321888411,97,932,0.10775862068965517,25,232,0.12719298245614036,29,228
object_adj_to_noun,23,16,0.02467811158798283,23,932,0.017241379310344827,4,232,0.02631578947368421,6,228
object_adj_to_noun,23,17,0.07081545064377683,66,932,0.0603448275862069,14,232,0.08333333333333333,19,228
object_adj_to_noun,23,18,0.10515021459227468,98,932,0.09482758620689655,22,232,0.12280701754385964,28,228
object_adj_to_noun,23,19,0.0611587982832618,57,932,0.05603448275862069,13,232,0.039473684210526314,9,228
object_adj_to_noun,23,20,0.045064377682403435,42,932,0.05172413793103448,12,232,0.03508771929824561,8,228
object_adj_to_noun,23,21,0.003218884120171674,3,932,0.0,0,232,0.0,0,228
object_adj_to_noun,23,22,0.07510729613733906,70,932,0.05172413793103448,12,232,0.06140350877192982,14,228
object_adj_to_noun,23,23,0.009656652360515022,9,932,0.01293103448275862,3,232,0.0,0,228
object_adj_to_noun,23,24,0.003218884120171674,3,932,0.004310344827586207,1,232,0.0,0,228
object_adj_to_noun,23,25,0.12017167381974249,112,932,0.10344827586206896,24,232,0.10526315789473684,24,228
object_adj_to_noun,23,26,0.11587982832618025,108,932,0.09913793103448276,23,232,0.08771929824561403,20,228
object_adj_to_noun,23,27,0.0075107296137339056,7,932,0.0,0,232,0.0,0,228
object_adj_to_noun,24,0,0.0536480686695279,50,932,0.04310344827586207,10,232,0.10964912280701754,25,228
object_adj_to_noun,24,1,0.004291845493562232,4,932,0.004310344827586207,1,232,0.0043859649122807015,1,228
object_adj_to_noun,24,2,0.10515021459227468,98,932,0.08620689655172414,20,232,0.09649122807017543,22,228
object_adj_to_noun,24,3,0.004291845493562232,4,932,0.004310344827586207,1,232,0.0,0,228
object_adj_to_noun,24,4,0.015021459227467811,14,932,0.01293103448275862,3,232,0.013157894736842105,3,228
object_adj_to_noun,24,5,0.04291845493562232,40,932,0.017241379310344827,4,232,0.021929824561403508,5,228
object_adj_to_noun,24,6,0.004291845493562232,4,932,0.004310344827586207,1,232,0.0,0,228
object_adj_to_noun,24,7,0.008583690987124463,8,932,0.0,0,232,0.0043859649122807015,1,228
object_adj_to_noun,24,8,0.00536480686695279,5,932,0.0,0,232,0.0,0,228
object_adj_to_noun,24,9,0.0075107296137339056,7,932,0.0,0,232,0.008771929824561403,2,228
object_adj_to_noun,24,10,0.004291845493562232,4,932,0.0,0,232,0.0,0,228
object_adj_to_noun,24,11,0.03111587982832618,29,932,0.02586206896551724,6,232,0.04824561403508772,11,228
object_adj_to_noun,24,12,0.00536480686695279,5,932,0.004310344827586207,1,232,0.0,0,228
object_adj_to_noun,24,13,0.018240343347639486,17,932,0.01293103448275862,3,232,0.017543859649122806,4,228
object_adj_to_noun,24,14,0.055793991416309016,52,932,0.05172413793103448,12,232,0.07017543859649122,16,228
object_adj_to_noun,24,15,0.022532188841201718,21,932,0.01293103448275862,3,232,0.03070175438596491,7,228
object_adj_to_noun,24,16,0.05257510729613734,49,932,0.034482758620689655,8,232,0.05701754385964912,13,228
object_adj_to_noun,24,17,0.05686695278969957,53,932,0.03879310344827586,9,232,0.06140350877192982,14,228
object_adj_to_noun,24,18,0.2349785407725322,219,932,0.17672413793103448,41,232,0.22807017543859648,52,228
object_adj_to_noun,24,19,0.028969957081545063,27,932,0.02586206896551724,6,232,0.04824561403508772,11,228
object_adj_to_noun,24,20,0.043991416309012876,41,932,0.03017241379310345,7,232,0.06140350877192982,14,228
object_adj_to_noun,24,21,0.03969957081545064,37,932,0.04741379310344827,11,232,0.06140350877192982,14,228
object_adj_to_noun,24,22,0.033261802575107295,31,932,0.02586206896551724,6,232,0.05701754385964912,13,228
object_adj_to_noun,24,23,0.004291845493562232,4,932,0.0,0,232,0.008771929824561403,2,228
object_adj_to_noun,24,24,0.09763948497854077,91,932,0.09913793103448276,23,232,0.10964912280701754,25,228
object_adj_to_noun,24,25,0.032188841201716736,30,932,0.017241379310344827,4,232,0.05263157894736842,12,228
object_adj_to_noun,24,26,0.045064377682403435,42,932,0.034482758620689655,8,232,0.07894736842105263,18,228
object_adj_to_noun,24,27,0.21888412017167383,204,932,0.25862068965517243,60,232,0.27631578947368424,63,228
object_adj_to_noun,25,0,0.05150214592274678,48,932,0.02586206896551724,6,232,0.05263157894736842,12,228
object_adj_to_noun,25,1,0.06330472103004292,59,932,0.05172413793103448,12,232,0.05263157894736842,12,228
object_adj_to_noun,25,2,0.03540772532188841,33,932,0.03017241379310345,7,232,0.02631578947368421,6,228
object_adj_to_noun,25,3,0.009656652360515022,9,932,0.008620689655172414,2,232,0.008771929824561403,2,228
object_adj_to_noun,25,4,0.4967811158798283,463,932,0.5258620689655172,122,232,0.4298245614035088,98,228
object_adj_to_noun,25,5,0.04184549356223176,39,932,0.02586206896551724,6,232,0.043859649122807015,10,228
object_adj_to_noun,25,6,0.032188841201716736,30,932,0.03017241379310345,7,232,0.0043859649122807015,1,228
object_adj_to_noun,25,7,0.0203862660944206,19,932,0.017241379310344827,4,232,0.021929824561403508,5,228
object_adj_to_noun,25,8,0.022532188841201718,21,932,0.03017241379310345,7,232,0.017543859649122806,4,228
object_adj_to_noun,25,9,0.018240343347639486,17,932,0.03017241379310345,7,232,0.008771929824561403,2,228
object_adj_to_noun,25,10,0.023605150214592276,22,932,0.017241379310344827,4,232,0.03508771929824561,8,228
object_adj_to_noun,25,11,0.032188841201716736,30,932,0.017241379310344827,4,232,0.021929824561403508,5,228
object_adj_to_noun,25,12,0.008583690987124463,8,932,0.01293103448275862,3,232,0.021929824561403508,5,228
object_adj_to_noun,25,13,0.0203862660944206,19,932,0.021551724137931036,5,232,0.02631578947368421,6,228
object_adj_to_noun,25,14,0.003218884120171674,3,932,0.008620689655172414,2,232,0.0,0,228
object_adj_to_noun,25,15,0.006437768240343348,6,932,0.004310344827586207,1,232,0.0043859649122807015,1,228
object_adj_to_noun,25,16,0.003218884120171674,3,932,0.0,0,232,0.0,0,228
object_adj_to_noun,25,17,0.11373390557939914,106,932,0.10775862068965517,25,232,0.14912280701754385,34,228
object_adj_to_noun,25,18,0.06223175965665236,58,932,0.05603448275862069,13,232,0.043859649122807015,10,228
object_adj_to_noun,25,19,0.002145922746781116,2,932,0.004310344827586207,1,232,0.0,0,228
object_adj_to_noun,25,20,0.41952789699570814,391,932,0.46551724137931033,108,232,0.42105263157894735,96,228
object_adj_to_noun,25,21,0.07188841201716738,67,932,0.04741379310344827,11,232,0.08333333333333333,19,228
object_adj_to_noun,25,22,0.17489270386266095,163,932,0.1206896551724138,28,232,0.17543859649122806,40,228
object_adj_to_noun,25,23,0.03111587982832618,29,932,0.03879310344827586,9,232,0.039473684210526314,9,228
object_adj_to_noun,25,24,0.023605150214592276,22,932,0.03017241379310345,7,232,0.03070175438596491,7,228
object_adj_to_noun,25,25,0.04721030042918455,44,932,0.04310344827586207,10,232,0.07456140350877193,17,228
object_adj_to_noun,25,26,0.12017167381974249,112,932,0.1206896551724138,28,232,0.14473684210526316,33,228
object_adj_to_noun,25,27,0.06545064377682404,61,932,0.08189655172413793,19,232,0.06140350877192982,14,228
object_adj_to_noun,26,0,0.012875536480686695,12,932,0.017241379310344827,4,232,0.021929824561403508,5,228
object_adj_to_noun,26,1,0.012875536480686695,12,932,0.02586206896551724,6,232,0.0,0,228
object_adj_to_noun,26,2,0.009656652360515022,9,932,0.01293103448275862,3,232,0.008771929824561403,2,228
object_adj_to_noun,26,3,0.011802575107296138,11,932,0.008620689655172414,2,232,0.0043859649122807015,1,228
object_adj_to_noun,26,4,0.00536480686695279,5,932,0.01293103448275862,3,232,0.0,0,228
object_adj_to_noun,26,5,0.004291845493562232,4,932,0.0,0,232,0.0,0,228
object_adj_to_noun,26,6,0.0075107296137339056,7,932,0.008620689655172414,2,232,0.008771929824561403,2,228
object_adj_to_noun,26,7,0.013948497854077254,13,932,0.017241379310344827,4,232,0.013157894736842105,3,228
object_adj_to_noun,26,8,0.004291845493562232,4,932,0.008620689655172414,2,232,0.0043859649122807015,1,228
object_adj_to_noun,26,9,0.013948497854077254,13,932,0.004310344827586207,1,232,0.008771929824561403,2,228
object_adj_to_noun,26,10,0.003218884120171674,3,932,0.0,0,232,0.0,0,228
object_adj_to_noun,26,11,0.004291845493562232,4,932,0.004310344827586207,1,232,0.0,0,228
object_adj_to_noun,26,12,0.003218884120171674,3,932,0.0,0,232,0.0,0,228
object_adj_to_noun,26,13,0.008583690987124463,8,932,0.004310344827586207,1,232,0.0043859649122807015,1,228
object_adj_to_noun,26,14,0.02682403433476395,25,932,0.017241379310344827,4,232,0.04824561403508772,11,228
object_adj_to_noun,26,15,0.018240343347639486,17,932,0.01293103448275862,3,232,0.017543859649122806,4,228
object_adj_to_noun,26,16,0.017167381974248927,16,932,0.021551724137931036,5,232,0.021929824561403508,5,228
object_adj_to_noun,26,17,0.0075107296137339056,7,932,0.008620689655172414,2,232,0.0,0,228
object_adj_to_noun,26,18,0.01072961373390558,10,932,0.004310344827586207,1,232,0.0,0,228
object_adj_to_noun,26,19,0.008583690987124463,8,932,0.008620689655172414,2,232,0.0043859649122807015,1,228
object_adj_to_noun,26,20,0.013948497854077254,13,932,0.01293103448275862,3,232,0.017543859649122806,4,228
object_adj_to_noun,26,21,0.03969957081545064,37,932,0.017241379310344827,4,232,0.06578947368421052,15,228
object_adj_to_noun,26,22,0.7081545064377682,660,932,0.771551724137931,179,232,0.6798245614035088,155,228
object_adj_to_noun,26,23,0.08476394849785408,79,932,0.06465517241379311,15,232,0.08771929824561403,20,228
object_adj_to_noun,26,24,0.03755364806866953,35,932,0.03879310344827586,9,232,0.05263157894736842,12,228
object_adj_to_noun,26,25,0.016094420600858368,15,932,0.008620689655172414,2,232,0.03070175438596491,7,228
object_adj_to_noun,26,26,0.2017167381974249,188,932,0.15086206896551724,35,232,0.20175438596491227,46,228
object_adj_to_noun,26,27,0.00536480686695279,5,932,0.004310344827586207,1,232,0.0,0,228
object_adj_to_noun,27,0,0.1148068669527897,107,932,0.09913793103448276,23,232,0.14473684210526316,33,228
object_adj_to_noun,27,1,0.008583690987124463,8,932,0.004310344827586207,1,232,0.008771929824561403,2,228
object_adj_to_noun,27,2,0.034334763948497854,32,932,0.034482758620689655,8,232,0.03508771929824561,8,228
object_adj_to_noun,27,3,0.0075107296137339056,7,932,0.004310344827586207,1,232,0.013157894736842105,3,228
object_adj_to_noun,27,4,0.01072961373390558,10,932,0.01293103448275862,3,232,0.017543859649122806,4,228
object_adj_to_noun,27,5,0.013948497854077254,13,932,0.008620689655172414,2,232,0.02631578947368421,6,228
object_adj_to_noun,27,6,0.009656652360515022,9,932,0.01293103448275862,3,232,0.02631578947368421,6,228
object_adj_to_noun,27,7,0.22532188841201717,210,932,0.17672413793103448,41,232,0.23684210526315788,54,228
object_adj_to_noun,27,8,0.148068669527897,138,932,0.15517241379310345,36,232,0.15350877192982457,35,228
object_adj_to_noun,27,9,0.296137339055794,276,932,0.28879310344827586,67,232,0.3026315789473684,69,228
object_adj_to_noun,27,10,0.2821888412017167,263,932,0.33620689655172414,78,232,0.24561403508771928,56,228
object_adj_to_noun,27,11,0.27253218884120173,254,932,0.2672413793103448,62,232,0.25,57,228
object_adj_to_noun,27,12,0.3562231759656652,332,932,0.3620689655172414,84,232,0.35964912280701755,82,228
object_adj_to_noun,27,13,0.2821888412017167,263,932,0.28879310344827586,67,232,0.2631578947368421,60,228
object_adj_to_noun,27,14,0.009656652360515022,9,932,0.004310344827586207,1,232,0.0043859649122807015,1,228
object_adj_to_noun,27,15,0.012875536480686695,12,932,0.008620689655172414,2,232,0.0043859649122807015,1,228
object_adj_to_noun,27,16,0.015021459227467811,14,932,0.021551724137931036,5,232,0.017543859649122806,4,228
object_adj_to_noun,27,17,0.00536480686695279,5,932,0.01293103448275862,3,232,0.013157894736842105,3,228
object_adj_to_noun,27,18,0.0075107296137339056,7,932,0.01293103448275862,3,232,0.0043859649122807015,1,228
object_adj_to_noun,27,19,0.017167381974248927,16,932,0.008620689655172414,2,232,0.02631578947368421,6,228
object_adj_to_noun,27,20,0.008583690987124463,8,932,0.017241379310344827,4,232,0.0,0,228
object_adj_to_noun,27,21,0.006437768240343348,6,932,0.0,0,232,0.0043859649122807015,1,228
object_adj_to_noun,27,22,0.01072961373390558,10,932,0.0,0,232,0.0,0,228
object_adj_to_noun,27,23,0.015021459227467811,14,932,0.004310344827586207,1,232,0.008771929824561403,2,228
object_adj_to_noun,27,24,0.017167381974248927,16,932,0.017241379310344827,4,232,0.0043859649122807015,1,228
object_adj_to_noun,27,25,0.08047210300429185,75,932,0.05172413793103448,12,232,0.10964912280701754,25,228
object_adj_to_noun,27,26,0.09120171673819742,85,932,0.06896551724137931,16,232,0.07894736842105263,18,228
object_adj_to_noun,27,27,0.00536480686695279,5,932,0.0,0,232,0.0043859649122807015,1,228
subject_adj_to_noun,0,0,0.29292929292929293,174,594,0.2662337662337662,41,154,0.2709677419354839,42,155
subject_adj_to_noun,0,1,0.02356902356902357,14,594,0.012987012987012988,2,154,0.0,0,155
subject_adj_to_noun,0,2,0.49326599326599324,293,594,0.5909090909090909,91,154,0.4774193548387097,74,155
subject_adj_to_noun,0,3,0.2777777777777778,165,594,0.2922077922077922,45,154,0.3161290322580645,49,155
subject_adj_to_noun,0,4,0.010101010101010102,6,594,0.0,0,154,0.012903225806451613,2,155
subject_adj_to_noun,0,5,0.011784511784511785,7,594,0.012987012987012988,2,154,0.01935483870967742,3,155
subject_adj_to_noun,0,6,0.006734006734006734,4,594,0.006493506493506494,1,154,0.01935483870967742,3,155
subject_adj_to_noun,0,7,0.011784511784511785,7,594,0.006493506493506494,1,154,0.01935483870967742,3,155
subject_adj_to_noun,0,8,0.03367003367003367,20,594,0.07792207792207792,12,154,0.07741935483870968,12,155
subject_adj_to_noun,0,9,0.003367003367003367,2,594,0.006493506493506494,1,154,0.0064516129032258064,1,155
subject_adj_to_noun,0,10,0.29292929292929293,174,594,0.35064935064935066,54,154,0.3225806451612903,50,155
subject_adj_to_noun,0,11,0.0,0,594,0.0,0,154,0.0064516129032258064,1,155
subject_adj_to_noun,0,12,0.008417508417508417,5,594,0.006493506493506494,1,154,0.012903225806451613,2,155
subject_adj_to_noun,0,13,0.005050505050505051,3,594,0.0,0,154,0.0064516129032258064,1,155
subject_adj_to_noun,0,14,0.06565656565656566,39,594,0.09740259740259741,15,154,0.07741935483870968,12,155
subject_adj_to_noun,0,15,0.18013468013468015,107,594,0.2012987012987013,31,154,0.16774193548387098,26,155
subject_adj_to_noun,0,16,0.04882154882154882,29,594,0.032467532467532464,5,154,0.05161290322580645,8,155
subject_adj_to_noun,0,17,0.011784511784511785,7,594,0.025974025974025976,4,154,0.012903225806451613,2,155
subject_adj_to_noun,0,18,0.08922558922558922,53,594,0.1038961038961039,16,154,0.10967741935483871,17,155
subject_adj_to_noun,0,19,0.3787878787878788,225,594,0.33766233766233766,52,154,0.4258064516129032,66,155
subject_adj_to_noun,0,20,0.1414141414141414,84,594,0.18831168831168832,29,154,0.14838709677419354,23,155
subject_adj_to_noun,0,21,0.6026936026936027,358,594,0.6818181818181818,105,154,0.5870967741935483,91,155
subject_adj_to_noun,0,22,0.008417508417508417,5,594,0.012987012987012988,2,154,0.0064516129032258064,1,155
subject_adj_to_noun,0,23,0.011784511784511785,7,594,0.012987012987012988,2,154,0.0,0,155
subject_adj_to_noun,0,24,0.008417508417508417,5,594,0.006493506493506494,1,154,0.0064516129032258064,1,155
subject_adj_to_noun,0,25,0.0,0,594,0.0,0,154,0.012903225806451613,2,155
subject_adj_to_noun,0,26,0.010101010101010102,6,594,0.006493506493506494,1,154,0.0,0,155
subject_adj_to_noun,0,27,0.0016835016835016834,1,594,0.0,0,154,0.0,0,155
subject_adj_to_noun,1,0,0.04208754208754209,25,594,0.045454545454545456,7,154,0.04516129032258064,7,155
subject_adj_to_noun,1,1,0.03535353535353535,21,594,0.045454545454545456,7,154,0.04516129032258064,7,155
subject_adj_to_noun,1,2,0.2138047138047138,127,594,0.2597402597402597,40,154,0.2129032258064516,33,155
subject_adj_to_noun,1,3,0.08417508417508418,50,594,0.1038961038961039,16,154,0.07096774193548387,11,155
subject_adj_to_noun,1,4,0.058922558922558925,35,594,0.06493506493506493,10,154,0.03870967741935484,6,155
subject_adj_to_noun,1,5,0.08417508417508418,50,594,0.1038961038961039,16,154,0.06451612903225806,10,155
subject_adj_to_noun,1,6,0.0,0,594,0.0,0,154,0.0064516129032258064,1,155
subject_adj_to_noun,1,7,0.3501683501683502,208,594,0.37662337662337664,58,154,0.3096774193548387,48,155
subject_adj_to_noun,1,8,0.7474747474747475,444,594,0.8116883116883117,125,154,0.7161290322580646,111,155
subject_adj_to_noun,1,9,0.013468013468013467,8,594,0.025974025974025976,4,154,0.025806451612903226,4,155
subject_adj_to_noun,1,10,0.26430976430976433,157,594,0.3116883116883117,48,154,0.2838709677419355,44,155
subject_adj_to_noun,1,11,0.09427609427609428,56,594,0.1038961038961039,16,154,0.0967741935483871,15,155
subject_adj_to_noun,1,12,0.005050505050505051,3,594,0.006493506493506494,1,154,0.01935483870967742,3,155
subject_adj_to_noun,1,13,0.7272727272727273,432,594,0.8051948051948052,124,154,0.7096774193548387,110,155
subject_adj_to_noun,1,14,0.008417508417508417,5,594,0.006493506493506494,1,154,0.012903225806451613,2,155
subject_adj_to_noun,1,15,0.010101010101010102,6,594,0.006493506493506494,1,154,0.025806451612903226,4,155
subject_adj_to_noun,1,16,0.010101010101010102,6,594,0.006493506493506494,1,154,0.0,0,155
subject_adj_to_noun,1,17,0.008417508417508417,5,594,0.006493506493506494,1,154,0.0,0,155
subject_adj_to_noun,1,18,0.010101010101010102,6,594,0.012987012987012988,2,154,0.025806451612903226,4,155
subject_adj_to_noun,1,19,0.17003367003367004,101,594,0.17532467532467533,27,154,0.14193548387096774,22,155
subject_adj_to_noun,1,20,0.08417508417508418,50,594,0.1038961038961039,16,154,0.07741935483870968,12,155
subject_adj_to_noun,1,21,0.020202020202020204,12,594,0.012987012987012988,2,154,0.0064516129032258064,1,155
subject_adj_to_noun,1,22,0.13804713804713806,82,594,0.13636363636363635,21,154,0.12258064516129032,19,155
subject_adj_to_noun,1,23,0.1111111111111111,66,594,0.12337662337662338,19,154,0.12258064516129032,19,155
subject_adj_to_noun,1,24,0.13131313131313133,78,594,0.14285714285714285,22,154,0.1032258064516129,16,155
subject_adj_to_noun,1,25,0.5909090909090909,351,594,0.538961038961039,83,154,0.5548387096774193,86,155
subject_adj_to_noun,1,26,0.02356902356902357,14,594,0.006493506493506494,1,154,0.012903225806451613,2,155
subject_adj_to_noun,1,27,0.12962962962962962,77,594,0.12987012987012986,20,154,0.13548387096774195,21,155
subject_adj_to_noun,2,0,0.0,0,594,0.0,0,154,0.0,0,155
subject_adj_to_noun,2,1,0.003367003367003367,2,594,0.01948051948051948,3,154,0.025806451612903226,4,155
subject_adj_to_noun,2,2,0.005050505050505051,3,594,0.006493506493506494,1,154,0.01935483870967742,3,155
subject_adj_to_noun,2,3,0.0016835016835016834,1,594,0.006493506493506494,1,154,0.01935483870967742,3,155
subject_adj_to_noun,2,4,0.0,0,594,0.0,0,154,0.0,0,155
subject_adj_to_noun,2,5,0.006734006734006734,4,594,0.012987012987012988,2,154,0.01935483870967742,3,155
subject_adj_to_noun,2,6,0.3148148148148148,187,594,0.33116883116883117,51,154,0.3161290322580645,49,155
subject_adj_to_noun,2,7,0.008417508417508417,5,594,0.006493506493506494,1,154,0.0064516129032258064,1,155
subject_adj_to_noun,2,8,0.045454545454545456,27,594,0.1038961038961039,16,154,0.05806451612903226,9,155
subject_adj_to_noun,2,9,0.016835016835016835,10,594,0.006493506493506494,1,154,0.012903225806451613,2,155
subject_adj_to_noun,2,10,0.010101010101010102,6,594,0.01948051948051948,3,154,0.0064516129032258064,1,155
subject_adj_to_noun,2,11,0.003367003367003367,2,594,0.0,0,154,0.0064516129032258064,1,155
subject_adj_to_noun,2,12,0.008417508417508417,5,594,0.0,0,154,0.0064516129032258064,1,155
subject_adj_to_noun,2,13,0.003367003367003367,2,594,0.006493506493506494,1,154,0.0,0,155
subject_adj_to_noun,2,14,0.021885521885521887,13,594,0.0,0,154,0.025806451612903226,4,155
subject_adj_to_noun,2,15,0.13804713804713806,82,594,0.18181818181818182,28,154,0.13548387096774195,21,155
subject_adj_to_noun,2,16,0.3265993265993266,194,594,0.3246753246753247,50,154,0.38064516129032255,59,155
subject_adj_to_noun,2,17,0.008417508417508417,5,594,0.0,0,154,0.0,0,155
subject_adj_to_noun,2,18,0.005050505050505051,3,594,0.006493506493506494,1,154,0.0,0,155
subject_adj_to_noun,2,19,0.06228956228956229,37,594,0.05194805194805195,8,154,0.07741935483870968,12,155
subject_adj_to_noun,2,20,0.15993265993265993,95,594,0.15584415584415584,24,154,0.09032258064516129,14,155
subject_adj_to_noun,2,21,0.04208754208754209,25,594,0.025974025974025976,4,154,0.03870967741935484,6,155
subject_adj_to_noun,2,22,0.003367003367003367,2,594,0.0,0,154,0.01935483870967742,3,155
subject_adj_to_noun,2,23,0.08754208754208755,52,594,0.09090909090909091,14,154,0.07741935483870968,12,155
subject_adj_to_noun,2,24,0.1734006734006734,103,594,0.08441558441558442,13,154,0.15483870967741936,24,155
subject_adj_to_noun,2,25,0.02356902356902357,14,594,0.045454545454545456,7,154,0.04516129032258064,7,155
subject_adj_to_noun,2,26,0.7474747474747475,444,594,0.8181818181818182,126,154,0.7161290322580646,111,155
subject_adj_to_noun,2,27,0.265993265993266,158,594,0.34415584415584416,53,154,0.23870967741935484,37,155
subject_adj_to_noun,3,0,0.010101010101010102,6,594,0.03896103896103896,6,154,0.01935483870967742,3,155
subject_adj_to_noun,3,1,0.026936026936026935,16,594,0.012987012987012988,2,154,0.05161290322580645,8,155
subject_adj_to_noun,3,2,0.006734006734006734,4,594,0.006493506493506494,1,154,0.012903225806451613,2,155
subject_adj_to_noun,3,3,0.12962962962962962,77,594,0.09740259740259741,15,154,0.16774193548387098,26,155
subject_adj_to_noun,3,4,0.030303030303030304,18,594,0.032467532467532464,5,154,0.06451612903225806,10,155
subject_adj_to_noun,3,5,0.02356902356902357,14,594,0.032467532467532464,5,154,0.012903225806451613,2,155
subject_adj_to_noun,3,6,0.008417508417508417,5,594,0.012987012987012988,2,154,0.0064516129032258064,1,155
subject_adj_to_noun,3,7,0.05723905723905724,34,594,0.06493506493506493,10,154,0.03870967741935484,6,155
subject_adj_to_noun,3,8,0.0016835016835016834,1,594,0.0,0,154,0.0,0,155
subject_adj_to_noun,3,9,0.07407407407407407,44,594,0.05844155844155844,9,154,0.04516129032258064,7,155
subject_adj_to_noun,3,10,0.006734006734006734,4,594,0.006493506493506494,1,154,0.01935483870967742,3,155
subject_adj_to_noun,3,11,0.0016835016835016834,1,594,0.0,0,154,0.0,0,155
subject_adj_to_noun,3,12,0.07744107744107744,46,594,0.09740259740259741,15,154,0.07096774193548387,11,155
subject_adj_to_noun,3,13,0.08249158249158249,49,594,0.09090909090909091,14,154,0.09032258064516129,14,155
subject_adj_to_noun,3,14,0.4292929292929293,255,594,0.38961038961038963,60,154,0.4129032258064516,64,155
subject_adj_to_noun,3,15,0.622895622895623,370,594,0.6753246753246753,104,154,0.6129032258064516,95,155
subject_adj_to_noun,3,16,0.020202020202020204,12,594,0.006493506493506494,1,154,0.012903225806451613,2,155
subject_adj_to_noun,3,17,0.18855218855218855,112,594,0.19480519480519481,30,154,0.14838709677419354,23,155
subject_adj_to_noun,3,18,0.013468013468013467,8,594,0.01948051948051948,3,154,0.012903225806451613,2,155
subject_adj_to_noun,3,19,0.06228956228956229,37,594,0.09740259740259741,15,154,0.03225806451612903,5,155
subject_adj_to_noun,3,20,0.24242424242424243,144,594,0.12987012987012986,20,154,0.1935483870967742,30,155
subject_adj_to_noun,3,21,0.18013468013468015,107,594,0.08441558441558442,13,154,0.1935483870967742,30,155
subject_adj_to_noun,3,22,0.30808080808080807,183,594,0.2662337662337662,41,154,0.2967741935483871,46,155
subject_adj_to_noun,3,23,0.5521885521885522,328,594,0.6103896103896104,94,154,0.5161290322580645,80,155
subject_adj_to_noun,3,24,0.08080808080808081,48,594,0.07792207792207792,12,154,0.05806451612903226,9,155
subject_adj_to_noun,3,25,0.14646464646464646,87,594,0.14285714285714285,22,154,0.14193548387096774,22,155
subject_adj_to_noun,3,26,0.12962962962962962,77,594,0.13636363636363635,21,154,0.0967741935483871,15,155
subject_adj_to_noun,3,27,0.867003367003367,515,594,0.8506493506493507,131,154,0.832258064516129,129,155
subject_adj_to_noun,4,0,0.07744107744107744,46,594,0.07142857142857142,11,154,0.09032258064516129,14,155
subject_adj_to_noun,4,1,0.2255892255892256,134,594,0.18181818181818182,28,154,0.2903225806451613,45,155
subject_adj_to_noun,4,2,0.12289562289562289,73,594,0.08441558441558442,13,154,0.16129032258064516,25,155
subject_adj_to_noun,4,3,0.025252525252525252,15,594,0.01948051948051948,3,154,0.012903225806451613,2,155
subject_adj_to_noun,4,4,0.08585858585858586,51,594,0.032467532467532464,5,154,0.08387096774193549,13,155
subject_adj_to_noun,4,5,0.08585858585858586,51,594,0.1038961038961039,16,154,0.09032258064516129,14,155
subject_adj_to_noun,4,6,0.003367003367003367,2,594,0.006493506493506494,1,154,0.0,0,155
subject_adj_to_noun,4,7,0.011784511784511785,7,594,0.006493506493506494,1,154,0.0,0,155
subject_adj_to_noun,4,8,0.013468013468013467,8,594,0.006493506493506494,1,154,0.012903225806451613,2,155
subject_adj_to_noun,4,9,0.018518518518518517,11,594,0.012987012987012988,2,154,0.0064516129032258064,1,155
subject_adj_to_noun,4,10,0.005050505050505051,3,594,0.0,0,154,0.012903225806451613,2,155
subject_adj_to_noun,4,11,0.015151515151515152,9,594,0.006493506493506494,1,154,0.0,0,155
subject_adj_to_noun,4,12,0.02861952861952862,17,594,0.01948051948051948,3,154,0.025806451612903226,4,155
subject_adj_to_noun,4,13,0.006734006734006734,4,594,0.006493506493506494,1,154,0.0064516129032258064,1,155
subject_adj_to_noun,4,14,0.08080808080808081,48,594,0.032467532467532464,5,154,0.09032258064516129,14,155
subject_adj_to_noun,4,15,0.10774410774410774,64,594,0.09740259740259741,15,154,0.12258064516129032,19,155
subject_adj_to_noun,4,16,0.010101010101010102,6,594,0.0,0,154,0.0,0,155
subject_adj_to_noun,4,17,0.08754208754208755,52,594,0.07142857142857142,11,154,0.07741935483870968,12,155
subject_adj_to_noun,4,18,0.04377104377104377,26,594,0.03896103896103896,6,154,0.04516129032258064,7,155
subject_adj_to_noun,4,19,0.050505050505050504,30,594,0.045454545454545456,7,154,0.05806451612903226,9,155
subject_adj_to_noun,4,20,0.011784511784511785,7,594,0.025974025974025976,4,154,0.0064516129032258064,1,155
subject_adj_to_noun,4,21,0.050505050505050504,30,594,0.07792207792207792,12,154,0.12903225806451613,20,155
subject_adj_to_noun,4,22,0.19865319865319866,118,594,0.23376623376623376,36,154,0.2967741935483871,46,155
subject_adj_to_noun,4,23,0.010101010101010102,6,594,0.006493506493506494,1,154,0.0064516129032258064,1,155
subject_adj_to_noun,4,24,0.4612794612794613,274,594,0.43506493506493504,67,154,0.4129032258064516,64,155
subject_adj_to_noun,4,25,0.5740740740740741,341,594,0.6428571428571429,99,154,0.632258064516129,98,155
subject_adj_to_noun,4,26,0.1111111111111111,66,594,0.07792207792207792,12,154,0.14838709677419354,23,155
subject_adj_to_noun,4,27,0.23232323232323232,138,594,0.2012987012987013,31,154,0.2709677419354839,42,155
subject_adj_to_noun,5,0,0.13131313131313133,78,594,0.14935064935064934,23,154,0.09032258064516129,14,155
subject_adj_to_noun,5,1,0.015151515151515152,9,594,0.025974025974025976,4,154,0.012903225806451613,2,155
subject_adj_to_noun,5,2,0.020202020202020204,12,594,0.012987012987012988,2,154,0.01935483870967742,3,155
subject_adj_to_noun,5,3,0.03367003367003367,20,594,0.03896103896103896,6,154,0.03870967741935484,6,155
subject_adj_to_noun,5,4,0.03872053872053872,23,594,0.025974025974025976,4,154,0.01935483870967742,3,155
subject_adj_to_noun,5,5,0.037037037037037035,22,594,0.045454545454545456,7,154,0.03225806451612903,5,155
subject_adj_to_noun,5,6,0.011784511784511785,7,594,0.012987012987012988,2,154,0.0064516129032258064,1,155
subject_adj_to_noun,5,7,0.015151515151515152,9,594,0.012987012987012988,2,154,0.012903225806451613,2,155
subject_adj_to_noun,5,8,0.04040404040404041,24,594,0.05844155844155844,9,154,0.04516129032258064,7,155
subject_adj_to_noun,5,9,0.025252525252525252,15,594,0.03896103896103896,6,154,0.03225806451612903,5,155
subject_adj_to_noun,5,10,0.2222222222222222,132,594,0.24025974025974026,37,154,0.2064516129032258,32,155
subject_adj_to_noun,5,11,0.12457912457912458,74,594,0.09090909090909091,14,154,0.11612903225806452,18,155
subject_adj_to_noun,5,12,0.20707070707070707,123,594,0.24025974025974026,37,154,0.18064516129032257,28,155
subject_adj_to_noun,5,13,0.058922558922558925,35,594,0.05194805194805195,8,154,0.04516129032258064,7,155
subject_adj_to_noun,5,14,0.03367003367003367,20,594,0.012987012987012988,2,154,0.03870967741935484,6,155
subject_adj_to_noun,5,15,0.21885521885521886,130,594,0.2792207792207792,43,154,0.21935483870967742,34,155
subject_adj_to_noun,5,16,0.058922558922558925,35,594,0.045454545454545456,7,154,0.0967741935483871,15,155
subject_adj_to_noun,5,17,0.2255892255892256,134,594,0.2597402597402597,40,154,0.24516129032258063,38,155
subject_adj_to_noun,5,18,0.7306397306397306,434,594,0.7922077922077922,122,154,0.6903225806451613,107,155
subject_adj_to_noun,5,19,0.531986531986532,316,594,0.5714285714285714,88,154,0.4774193548387097,74,155
subject_adj_to_noun,5,20,0.037037037037037035,22,594,0.05194805194805195,8,154,0.07741935483870968,12,155
subject_adj_to_noun,5,21,0.08585858585858586,51,594,0.11688311688311688,18,154,0.10967741935483871,17,155
subject_adj_to_noun,5,22,0.045454545454545456,27,594,0.032467532467532464,5,154,0.05161290322580645,8,155
subject_adj_to_noun,5,23,0.11784511784511785,70,594,0.19480519480519481,30,154,0.14838709677419354,23,155
subject_adj_to_noun,5,24,0.0707070707070707,42,594,0.09090909090909091,14,154,0.07741935483870968,12,155
subject_adj_to_noun,5,25,0.018518518518518517,11,594,0.032467532467532464,5,154,0.03225806451612903,5,155
subject_adj_to_noun,5,26,0.1026936026936027,61,594,0.09090909090909091,14,154,0.0967741935483871,15,155
subject_adj_to_noun,5,27,0.04208754208754209,25,594,0.05194805194805195,8,154,0.025806451612903226,4,155
subject_adj_to_noun,6,0,0.020202020202020204,12,594,0.01948051948051948,3,154,0.01935483870967742,3,155
subject_adj_to_noun,6,1,0.020202020202020204,12,594,0.025974025974025976,4,154,0.01935483870967742,3,155
subject_adj_to_noun,6,2,0.026936026936026935,16,594,0.032467532467532464,5,154,0.03225806451612903,5,155
subject_adj_to_noun,6,3,0.005050505050505051,3,594,0.006493506493506494,1,154,0.0,0,155
subject_adj_to_noun,6,4,0.02356902356902357,14,594,0.032467532467532464,5,154,0.01935483870967742,3,155
subject_adj_to_noun,6,5,0.011784511784511785,7,594,0.01948051948051948,3,154,0.0,0,155
subject_adj_to_noun,6,6,0.006734006734006734,4,594,0.012987012987012988,2,154,0.012903225806451613,2,155
subject_adj_to_noun,6,7,0.18013468013468015,107,594,0.12337662337662338,19,154,0.15483870967741936,24,155
subject_adj_to_noun,6,8,0.003367003367003367,2,594,0.006493506493506494,1,154,0.0,0,155
subject_adj_to_noun,6,9,0.3956228956228956,235,594,0.42207792207792205,65,154,0.3935483870967742,61,155
subject_adj_to_noun,6,10,0.04040404040404041,24,594,0.07142857142857142,11,154,0.08387096774193549,13,155
subject_adj_to_noun,6,11,0.12962962962962962,77,594,0.13636363636363635,21,154,0.14838709677419354,23,155
subject_adj_to_noun,6,12,0.005050505050505051,3,594,0.006493506493506494,1,154,0.01935483870967742,3,155
subject_adj_to_noun,6,13,0.02861952861952862,17,594,0.032467532467532464,5,154,0.0,0,155
subject_adj_to_noun,6,14,0.2996632996632997,178,594,0.33116883116883117,51,154,0.27741935483870966,43,155
subject_adj_to_noun,6,15,0.03535353535353535,21,594,0.032467532467532464,5,154,0.03225806451612903,5,155
subject_adj_to_noun,6,16,0.3265993265993266,194,594,0.4155844155844156,64,154,0.36774193548387096,57,155
subject_adj_to_noun,6,17,0.005050505050505051,3,594,0.0,0,154,0.01935483870967742,3,155
subject_adj_to_noun,6,18,0.08922558922558922,53,594,0.09740259740259741,15,154,0.1032258064516129,16,155
subject_adj_to_noun,6,19,0.02861952861952862,17,594,0.05844155844155844,9,154,0.04516129032258064,7,155
subject_adj_to_noun,6,20,0.016835016835016835,10,594,0.01948051948051948,3,154,0.0064516129032258064,1,155
subject_adj_to_noun,6,21,0.04377104377104377,26,594,0.032467532467532464,5,154,0.05161290322580645,8,155
subject_adj_to_noun,6,22,0.2777777777777778,165,594,0.33116883116883117,51,154,0.2967741935483871,46,155
subject_adj_to_noun,6,23,0.14646464646464646,87,594,0.17532467532467533,27,154,0.12903225806451613,20,155
subject_adj_to_noun,6,24,0.04208754208754209,25,594,0.05844155844155844,9,154,0.05806451612903226,9,155
subject_adj_to_noun,6,25,0.03535353535353535,21,594,0.03896103896103896,6,154,0.03870967741935484,6,155
subject_adj_to_noun,6,26,0.037037037037037035,22,594,0.045454545454545456,7,154,0.03225806451612903,5,155
subject_adj_to_noun,6,27,0.02356902356902357,14,594,0.01948051948051948,3,154,0.03225806451612903,5,155
subject_adj_to_noun,7,0,0.018518518518518517,11,594,0.012987012987012988,2,154,0.05161290322580645,8,155
subject_adj_to_noun,7,1,0.021885521885521887,13,594,0.01948051948051948,3,154,0.04516129032258064,7,155
subject_adj_to_noun,7,2,0.22053872053872053,131,594,0.22727272727272727,35,154,0.25806451612903225,40,155
subject_adj_to_noun,7,3,0.006734006734006734,4,594,0.012987012987012988,2,154,0.012903225806451613,2,155
subject_adj_to_noun,7,4,0.016835016835016835,10,594,0.025974025974025976,4,154,0.025806451612903226,4,155
subject_adj_to_noun,7,5,0.3888888888888889,231,594,0.5,77,154,0.36774193548387096,57,155
subject_adj_to_noun,7,6,0.5488215488215489,326,594,0.538961038961039,83,154,0.5612903225806452,87,155
subject_adj_to_noun,7,7,0.058922558922558925,35,594,0.1038961038961039,16,154,0.06451612903225806,10,155
subject_adj_to_noun,7,8,0.14814814814814814,88,594,0.16233766233766234,25,154,0.17419354838709677,27,155
subject_adj_to_noun,7,9,0.6296296296296297,374,594,0.6623376623376623,102,154,0.6709677419354839,104,155
subject_adj_to_noun,7,10,0.013468013468013467,8,594,0.012987012987012988,2,154,0.03225806451612903,5,155
subject_adj_to_noun,7,11,0.06565656565656566,39,594,0.045454545454545456,7,154,0.04516129032258064,7,155
subject_adj_to_noun,7,12,0.13636363636363635,81,594,0.14935064935064934,23,154,0.13548387096774195,21,155
subject_adj_to_noun,7,13,0.12121212121212122,72,594,0.14935064935064934,23,154,0.13548387096774195,21,155
subject_adj_to_noun,7,14,0.06228956228956229,37,594,0.05844155844155844,9,154,0.05806451612903226,9,155
subject_adj_to_noun,7,15,0.03198653198653199,19,594,0.03896103896103896,6,154,0.05161290322580645,8,155
subject_adj_to_noun,7,16,0.05723905723905724,34,594,0.03896103896103896,6,154,0.03225806451612903,5,155
subject_adj_to_noun,7,17,0.018518518518518517,11,594,0.01948051948051948,3,154,0.012903225806451613,2,155
subject_adj_to_noun,7,18,0.24915824915824916,148,594,0.3961038961038961,61,154,0.3161290322580645,49,155
subject_adj_to_noun,7,19,0.006734006734006734,4,594,0.006493506493506494,1,154,0.0064516129032258064,1,155
subject_adj_to_noun,7,20,0.02356902356902357,14,594,0.025974025974025976,4,154,0.025806451612903226,4,155
subject_adj_to_noun,7,21,0.23232323232323232,138,594,0.2662337662337662,41,154,0.21935483870967742,34,155
subject_adj_to_noun,7,22,0.04882154882154882,29,594,0.032467532467532464,5,154,0.025806451612903226,4,155
subject_adj_to_noun,7,23,0.0723905723905724,43,594,0.07792207792207792,12,154,0.0967741935483871,15,155
subject_adj_to_noun,7,24,0.010101010101010102,6,594,0.012987012987012988,2,154,0.0064516129032258064,1,155
subject_adj_to_noun,7,25,0.050505050505050504,30,594,0.07142857142857142,11,154,0.06451612903225806,10,155
subject_adj_to_noun,7,26,0.06228956228956229,37,594,0.07792207792207792,12,154,0.06451612903225806,10,155
subject_adj_to_noun,7,27,0.04713804713804714,28,594,0.07142857142857142,11,154,0.04516129032258064,7,155
subject_adj_to_noun,8,0,0.08754208754208755,52,594,0.12987012987012986,20,154,0.0967741935483871,15,155
subject_adj_to_noun,8,1,0.016835016835016835,10,594,0.012987012987012988,2,154,0.01935483870967742,3,155
subject_adj_to_noun,8,2,0.030303030303030304,18,594,0.03896103896103896,6,154,0.05806451612903226,9,155
subject_adj_to_noun,8,3,0.006734006734006734,4,594,0.01948051948051948,3,154,0.012903225806451613,2,155
subject_adj_to_noun,8,4,0.016835016835016835,10,594,0.025974025974025976,4,154,0.01935483870967742,3,155
subject_adj_to_noun,8,5,0.12962962962962962,77,594,0.12987012987012986,20,154,0.0967741935483871,15,155
subject_adj_to_noun,8,6,0.12794612794612795,76,594,0.14935064935064934,23,154,0.12903225806451613,20,155
subject_adj_to_noun,8,7,0.06734006734006734,40,594,0.07792207792207792,12,154,0.08387096774193549,13,155
subject_adj_to_noun,8,8,0.11952861952861953,71,594,0.12987012987012986,20,154,0.2064516129032258,32,155
subject_adj_to_noun,8,9,0.018518518518518517,11,594,0.025974025974025976,4,154,0.03225806451612903,5,155
subject_adj_to_noun,8,10,0.05723905723905724,34,594,0.06493506493506493,10,154,0.06451612903225806,10,155
subject_adj_to_noun,8,11,0.10606060606060606,63,594,0.14285714285714285,22,154,0.14193548387096774,22,155
subject_adj_to_noun,8,12,0.43434343434343436,258,594,0.512987012987013,79,154,0.4645161290322581,72,155
subject_adj_to_noun,8,13,0.06397306397306397,38,594,0.09740259740259741,15,154,0.10967741935483871,17,155
subject_adj_to_noun,8,14,0.008417508417508417,5,594,0.012987012987012988,2,154,0.0064516129032258064,1,155
subject_adj_to_noun,8,15,0.06397306397306397,38,594,0.09740259740259741,15,154,0.08387096774193549,13,155
subject_adj_to_noun,8,16,0.015151515151515152,9,594,0.032467532467532464,5,154,0.01935483870967742,3,155
subject_adj_to_noun,8,17,0.005050505050505051,3,594,0.01948051948051948,3,154,0.0064516129032258064,1,155
subject_adj_to_noun,8,18,0.008417508417508417,5,594,0.025974025974025976,4,154,0.0064516129032258064,1,155
subject_adj_to_noun,8,19,0.008417508417508417,5,594,0.01948051948051948,3,154,0.0064516129032258064,1,155
subject_adj_to_noun,8,20,0.006734006734006734,4,594,0.012987012987012988,2,154,0.0064516129032258064,1,155
subject_adj_to_noun,8,21,0.006734006734006734,4,594,0.01948051948051948,3,154,0.01935483870967742,3,155
subject_adj_to_noun,8,22,0.010101010101010102,6,594,0.01948051948051948,3,154,0.025806451612903226,4,155
subject_adj_to_noun,8,23,0.010101010101010102,6,594,0.006493506493506494,1,154,0.01935483870967742,3,155
subject_adj_to_noun,8,24,0.010101010101010102,6,594,0.01948051948051948,3,154,0.012903225806451613,2,155
subject_adj_to_noun,8,25,0.006734006734006734,4,594,0.01948051948051948,3,154,0.01935483870967742,3,155
subject_adj_to_noun,8,26,0.010101010101010102,6,594,0.01948051948051948,3,154,0.04516129032258064,7,155
subject_adj_to_noun,8,27,0.008417508417508417,5,594,0.01948051948051948,3,154,0.025806451612903226,4,155
subject_adj_to_noun,9,0,0.0707070707070707,42,594,0.03896103896103896,6,154,0.04516129032258064,7,155
subject_adj_to_noun,9,1,0.018518518518518517,11,594,0.01948051948051948,3,154,0.03870967741935484,6,155
subject_adj_to_noun,9,2,0.02356902356902357,14,594,0.025974025974025976,4,154,0.03870967741935484,6,155
subject_adj_to_noun,9,3,0.008417508417508417,5,594,0.01948051948051948,3,154,0.012903225806451613,2,155
subject_adj_to_noun,9,4,0.0723905723905724,43,594,0.11038961038961038,17,154,0.10967741935483871,17,155
subject_adj_to_noun,9,5,0.10606060606060606,63,594,0.12987012987012986,20,154,0.12258064516129032,19,155
subject_adj_to_noun,9,6,0.24915824915824916,148,594,0.2922077922077922,45,154,0.24516129032258063,38,155
subject_adj_to_noun,9,7,0.025252525252525252,15,594,0.07142857142857142,11,154,0.025806451612903226,4,155
subject_adj_to_noun,9,8,0.2239057239057239,133,594,0.16233766233766234,25,154,0.23870967741935484,37,155
subject_adj_to_noun,9,9,0.09932659932659933,59,594,0.11688311688311688,18,154,0.1032258064516129,16,155
subject_adj_to_noun,9,10,0.010101010101010102,6,594,0.006493506493506494,1,154,0.01935483870967742,3,155
subject_adj_to_noun,9,11,0.10942760942760943,65,594,0.17532467532467533,27,154,0.1032258064516129,16,155
subject_adj_to_noun,9,12,0.025252525252525252,15,594,0.012987012987012988,2,154,0.03225806451612903,5,155
subject_adj_to_noun,9,13,0.13468013468013468,80,594,0.14285714285714285,22,154,0.16774193548387098,26,155
subject_adj_to_noun,9,14,0.10774410774410774,64,594,0.13636363636363635,21,154,0.14838709677419354,23,155
subject_adj_to_noun,9,15,0.04040404040404041,24,594,0.07142857142857142,11,154,0.07096774193548387,11,155
subject_adj_to_noun,9,16,0.12457912457912458,74,594,0.2012987012987013,31,154,0.12258064516129032,19,155
subject_adj_to_noun,9,17,0.03872053872053872,23,594,0.032467532467532464,5,154,0.025806451612903226,4,155
subject_adj_to_noun,9,18,0.011784511784511785,7,594,0.01948051948051948,3,154,0.03225806451612903,5,155
subject_adj_to_noun,9,19,0.005050505050505051,3,594,0.01948051948051948,3,154,0.012903225806451613,2,155
subject_adj_to_noun,9,20,0.037037037037037035,22,594,0.045454545454545456,7,154,0.04516129032258064,7,155
subject_adj_to_noun,9,21,0.13973063973063973,83,594,0.1038961038961039,16,154,0.12903225806451613,20,155
subject_adj_to_noun,9,22,0.006734006734006734,4,594,0.01948051948051948,3,154,0.0064516129032258064,1,155
subject_adj_to_noun,9,23,0.17676767676767677,105,594,0.21428571428571427,33,154,0.17419354838709677,27,155
subject_adj_to_noun,9,24,0.04882154882154882,29,594,0.025974025974025976,4,154,0.07096774193548387,11,155
subject_adj_to_noun,9,25,0.2760942760942761,164,594,0.2727272727272727,42,154,0.1935483870967742,30,155
subject_adj_to_noun,9,26,0.026936026936026935,16,594,0.05194805194805195,8,154,0.025806451612903226,4,155
subject_adj_to_noun,9,27,0.12794612794612795,76,594,0.18181818181818182,28,154,0.15483870967741936,24,155
subject_adj_to_noun,10,0,0.006734006734006734,4,594,0.006493506493506494,1,154,0.0064516129032258064,1,155
subject_adj_to_noun,10,1,0.06060606060606061,36,594,0.1038961038961039,16,154,0.06451612903225806,10,155
subject_adj_to_noun,10,2,0.010101010101010102,6,594,0.0,0,154,0.025806451612903226,4,155
subject_adj_to_noun,10,3,0.015151515151515152,9,594,0.03896103896103896,6,154,0.012903225806451613,2,155
subject_adj_to_noun,10,4,0.0016835016835016834,1,594,0.0,0,154,0.0064516129032258064,1,155
subject_adj_to_noun,10,5,0.006734006734006734,4,594,0.025974025974025976,4,154,0.012903225806451613,2,155
subject_adj_to_noun,10,6,0.09427609427609428,56,594,0.14935064935064934,23,154,0.07741935483870968,12,155
subject_adj_to_noun,10,7,0.030303030303030304,18,594,0.025974025974025976,4,154,0.03225806451612903,5,155
subject_adj_to_noun,10,8,0.010101010101010102,6,594,0.0,0,154,0.0064516129032258064,1,155
subject_adj_to_noun,10,9,0.06060606060606061,36,594,0.05844155844155844,9,154,0.05806451612903226,9,155
subject_adj_to_noun,10,10,0.005050505050505051,3,594,0.01948051948051948,3,154,0.012903225806451613,2,155
subject_adj_to_noun,10,11,0.09427609427609428,56,594,0.12337662337662338,19,154,0.0967741935483871,15,155
subject_adj_to_noun,10,12,0.015151515151515152,9,594,0.01948051948051948,3,154,0.01935483870967742,3,155
subject_adj_to_noun,10,13,0.09932659932659933,59,594,0.12337662337662338,19,154,0.09032258064516129,14,155
subject_adj_to_noun,10,14,0.06565656565656566,39,594,0.1038961038961039,16,154,0.08387096774193549,13,155
subject_adj_to_noun,10,15,0.13973063973063973,83,594,0.16233766233766234,25,154,0.15483870967741936,24,155
subject_adj_to_noun,10,16,0.03535353535353535,21,594,0.025974025974025976,4,154,0.01935483870967742,3,155
subject_adj_to_noun,10,17,0.0016835016835016834,1,594,0.0,0,154,0.0064516129032258064,1,155
subject_adj_to_noun,10,18,0.010101010101010102,6,594,0.012987012987012988,2,154,0.01935483870967742,3,155
subject_adj_to_noun,10,19,0.06060606060606061,36,594,0.08441558441558442,13,154,0.04516129032258064,7,155
subject_adj_to_noun,10,20,0.018518518518518517,11,594,0.025974025974025976,4,154,0.05161290322580645,8,155
subject_adj_to_noun,10,21,0.045454545454545456,27,594,0.06493506493506493,10,154,0.05806451612903226,9,155
subject_adj_to_noun,10,22,0.011784511784511785,7,594,0.025974025974025976,4,154,0.0064516129032258064,1,155
subject_adj_to_noun,10,23,0.10437710437710437,62,594,0.14935064935064934,23,154,0.18064516129032257,28,155
subject_adj_to_noun,10,24,0.4696969696969697,279,594,0.5,77,154,0.5548387096774193,86,155
subject_adj_to_noun,10,25,0.2542087542087542,151,594,0.3051948051948052,47,154,0.3225806451612903,50,155
subject_adj_to_noun,10,26,0.0016835016835016834,1,594,0.0,0,154,0.0,0,155
subject_adj_to_noun,10,27,0.010101010101010102,6,594,0.01948051948051948,3,154,0.01935483870967742,3,155
subject_adj_to_noun,11,0,0.013468013468013467,8,594,0.03896103896103896,6,154,0.025806451612903226,4,155
subject_adj_to_noun,11,1,0.006734006734006734,4,594,0.006493506493506494,1,154,0.012903225806451613,2,155
subject_adj_to_noun,11,2,0.008417508417508417,5,594,0.006493506493506494,1,154,0.01935483870967742,3,155
subject_adj_to_noun,11,3,0.06060606060606061,36,594,0.05194805194805195,8,154,0.03225806451612903,5,155
subject_adj_to_noun,11,4,0.010101010101010102,6,594,0.006493506493506494,1,154,0.0064516129032258064,1,155
subject_adj_to_noun,11,5,0.008417508417508417,5,594,0.012987012987012988,2,154,0.0,0,155
subject_adj_to_noun,11,6,0.11784511784511785,70,594,0.16883116883116883,26,154,0.12903225806451613,20,155
subject_adj_to_noun,11,7,0.0707070707070707,42,594,0.1038961038961039,16,154,0.12258064516129032,19,155
subject_adj_to_noun,11,8,0.013468013468013467,8,594,0.012987012987012988,2,154,0.03225806451612903,5,155
subject_adj_to_noun,11,9,0.02356902356902357,14,594,0.045454545454545456,7,154,0.03870967741935484,6,155
subject_adj_to_noun,11,10,0.010101010101010102,6,594,0.006493506493506494,1,154,0.012903225806451613,2,155
subject_adj_to_noun,11,11,0.015151515151515152,9,594,0.012987012987012988,2,154,0.025806451612903226,4,155
subject_adj_to_noun,11,12,0.008417508417508417,5,594,0.025974025974025976,4,154,0.03870967741935484,6,155
subject_adj_to_noun,11,13,0.02356902356902357,14,594,0.03896103896103896,6,154,0.04516129032258064,7,155
subject_adj_to_noun,11,14,0.12457912457912458,74,594,0.16883116883116883,26,154,0.16129032258064516,25,155
subject_adj_to_noun,11,15,0.07912457912457913,47,594,0.03896103896103896,6,154,0.09032258064516129,14,155
subject_adj_to_noun,11,16,0.1750841750841751,104,594,0.22077922077922077,34,154,0.2064516129032258,32,155
subject_adj_to_noun,11,17,0.5824915824915825,346,594,0.6818181818181818,105,154,0.5741935483870968,89,155
subject_adj_to_noun,11,18,0.12121212121212122,72,594,0.07142857142857142,11,154,0.10967741935483871,17,155
subject_adj_to_noun,11,19,0.008417508417508417,5,594,0.012987012987012988,2,154,0.0,0,155
subject_adj_to_noun,11,20,0.037037037037037035,22,594,0.03896103896103896,6,154,0.03870967741935484,6,155
subject_adj_to_noun,11,21,0.04040404040404041,24,594,0.012987012987012988,2,154,0.01935483870967742,3,155
subject_adj_to_noun,11,22,0.010101010101010102,6,594,0.025974025974025976,4,154,0.025806451612903226,4,155
subject_adj_to_noun,11,23,0.04040404040404041,24,594,0.06493506493506493,10,154,0.05806451612903226,9,155
subject_adj_to_noun,11,24,0.06902356902356903,41,594,0.11688311688311688,18,154,0.10967741935483871,17,155
subject_adj_to_noun,11,25,0.09595959595959595,57,594,0.09090909090909091,14,154,0.07096774193548387,11,155
subject_adj_to_noun,11,26,0.21717171717171718,129,594,0.2662337662337662,41,154,0.2645161290322581,41,155
subject_adj_to_noun,11,27,0.05387205387205387,32,594,0.06493506493506493,10,154,0.06451612903225806,10,155
subject_adj_to_noun,12,0,0.42592592592592593,253,594,0.45454545454545453,70,154,0.3870967741935484,60,155
subject_adj_to_noun,12,1,0.09259259259259259,55,594,0.14285714285714285,22,154,0.14193548387096774,22,155
subject_adj_to_noun,12,2,0.008417508417508417,5,594,0.012987012987012988,2,154,0.0064516129032258064,1,155
subject_adj_to_noun,12,3,0.013468013468013467,8,594,0.006493506493506494,1,154,0.0064516129032258064,1,155
subject_adj_to_noun,12,4,0.02356902356902357,14,594,0.006493506493506494,1,154,0.01935483870967742,3,155
subject_adj_to_noun,12,5,0.026936026936026935,16,594,0.01948051948051948,3,154,0.01935483870967742,3,155
subject_adj_to_noun,12,6,0.003367003367003367,2,594,0.006493506493506494,1,154,0.0,0,155
subject_adj_to_noun,12,7,0.006734006734006734,4,594,0.006493506493506494,1,154,0.01935483870967742,3,155
subject_adj_to_noun,12,8,0.045454545454545456,27,594,0.03896103896103896,6,154,0.04516129032258064,7,155
subject_adj_to_noun,12,9,0.234006734006734,139,594,0.24675324675324675,38,154,0.24516129032258063,38,155
subject_adj_to_noun,12,10,0.016835016835016835,10,594,0.006493506493506494,1,154,0.0064516129032258064,1,155
subject_adj_to_noun,12,11,0.011784511784511785,7,594,0.0,0,154,0.0,0,155
subject_adj_to_noun,12,12,0.020202020202020204,12,594,0.006493506493506494,1,154,0.012903225806451613,2,155
subject_adj_to_noun,12,13,0.013468013468013467,8,594,0.006493506493506494,1,154,0.01935483870967742,3,155
subject_adj_to_noun,12,14,0.037037037037037035,22,594,0.025974025974025976,4,154,0.0064516129032258064,1,155
subject_adj_to_noun,12,15,0.015151515151515152,9,594,0.01948051948051948,3,154,0.01935483870967742,3,155
subject_adj_to_noun,12,16,0.015151515151515152,9,594,0.012987012987012988,2,154,0.03225806451612903,5,155
subject_adj_to_noun,12,17,0.010101010101010102,6,594,0.01948051948051948,3,154,0.0064516129032258064,1,155
subject_adj_to_noun,12,18,0.016835016835016835,10,594,0.0,0,154,0.01935483870967742,3,155
subject_adj_to_noun,12,19,0.008417508417508417,5,594,0.0,0,154,0.0,0,155
subject_adj_to_noun,12,20,0.0707070707070707,42,594,0.12987012987012986,20,154,0.04516129032258064,7,155
subject_adj_to_noun,12,21,0.16666666666666666,99,594,0.07142857142857142,11,154,0.12258064516129032,19,155
subject_adj_to_noun,12,22,0.030303030303030304,18,594,0.032467532467532464,5,154,0.05161290322580645,8,155
subject_adj_to_noun,12,23,0.015151515151515152,9,594,0.025974025974025976,4,154,0.03225806451612903,5,155
subject_adj_to_noun,12,24,0.2878787878787879,171,594,0.35064935064935066,54,154,0.3225806451612903,50,155
subject_adj_to_noun,12,25,0.06902356902356903,41,594,0.11038961038961038,17,154,0.1032258064516129,16,155
subject_adj_to_noun,12,26,0.04208754208754209,25,594,0.032467532467532464,5,154,0.04516129032258064,7,155
subject_adj_to_noun,12,27,0.016835016835016835,10,594,0.01948051948051948,3,154,0.01935483870967742,3,155
subject_adj_to_noun,13,0,0.05723905723905724,34,594,0.05194805194805195,8,154,0.05806451612903226,9,155
subject_adj_to_noun,13,1,0.010101010101010102,6,594,0.0,0,154,0.0,0,155
subject_adj_to_noun,13,2,0.058922558922558925,35,594,0.07792207792207792,12,154,0.06451612903225806,10,155
subject_adj_to_noun,13,3,0.025252525252525252,15,594,0.01948051948051948,3,154,0.012903225806451613,2,155
subject_adj_to_noun,13,4,0.04208754208754209,25,594,0.0,0,154,0.04516129032258064,7,155
subject_adj_to_noun,13,5,0.06902356902356903,41,594,0.07792207792207792,12,154,0.07741935483870968,12,155
subject_adj_to_noun,13,6,0.003367003367003367,2,594,0.012987012987012988,2,154,0.0,0,155
subject_adj_to_noun,13,7,0.025252525252525252,15,594,0.025974025974025976,4,154,0.01935483870967742,3,155
subject_adj_to_noun,13,8,0.005050505050505051,3,594,0.0,0,154,0.0,0,155
subject_adj_to_noun,13,9,0.026936026936026935,16,594,0.012987012987012988,2,154,0.01935483870967742,3,155
subject_adj_to_noun,13,10,0.03198653198653199,19,594,0.01948051948051948,3,154,0.025806451612903226,4,155
subject_adj_to_noun,13,11,0.06397306397306397,38,594,0.08441558441558442,13,154,0.09032258064516129,14,155
subject_adj_to_noun,13,12,0.19023569023569023,113,594,0.17532467532467533,27,154,0.2129032258064516,33,155
subject_adj_to_noun,13,13,0.005050505050505051,3,594,0.006493506493506494,1,154,0.01935483870967742,3,155
subject_adj_to_noun,13,14,0.03367003367003367,20,594,0.012987012987012988,2,154,0.012903225806451613,2,155
subject_adj_to_noun,13,15,0.016835016835016835,10,594,0.012987012987012988,2,154,0.012903225806451613,2,155
subject_adj_to_noun,13,16,0.18181818181818182,108,594,0.12337662337662338,19,154,0.16774193548387098,26,155
subject_adj_to_noun,13,17,0.03367003367003367,20,594,0.05194805194805195,8,154,0.03225806451612903,5,155
subject_adj_to_noun,13,18,0.0707070707070707,42,594,0.05194805194805195,8,154,0.04516129032258064,7,155
subject_adj_to_noun,13,19,0.015151515151515152,9,594,0.006493506493506494,1,154,0.0,0,155
subject_adj_to_noun,13,20,0.030303030303030304,18,594,0.012987012987012988,2,154,0.01935483870967742,3,155
subject_adj_to_noun,13,21,0.013468013468013467,8,594,0.012987012987012988,2,154,0.0064516129032258064,1,155
subject_adj_to_noun,13,22,0.05387205387205387,32,594,0.07792207792207792,12,154,0.05161290322580645,8,155
subject_adj_to_noun,13,23,0.011784511784511785,7,594,0.0,0,154,0.0064516129032258064,1,155
subject_adj_to_noun,13,24,0.08417508417508418,50,594,0.08441558441558442,13,154,0.12258064516129032,19,155
subject_adj_to_noun,13,25,0.4057239057239057,241,594,0.43506493506493504,67,154,0.4129032258064516,64,155
subject_adj_to_noun,13,26,0.026936026936026935,16,594,0.032467532467532464,5,154,0.07096774193548387,11,155
subject_adj_to_noun,13,27,0.06228956228956229,37,594,0.05844155844155844,9,154,0.07741935483870968,12,155
subject_adj_to_noun,14,0,0.05387205387205387,32,594,0.06493506493506493,10,154,0.05806451612903226,9,155
subject_adj_to_noun,14,1,0.10437710437710437,62,594,0.09090909090909091,14,154,0.14838709677419354,23,155
subject_adj_to_noun,14,2,0.10606060606060606,63,594,0.03896103896103896,6,154,0.10967741935483871,17,155
subject_adj_to_noun,14,3,0.03198653198653199,19,594,0.01948051948051948,3,154,0.04516129032258064,7,155
subject_adj_to_noun,14,4,0.037037037037037035,22,594,0.05194805194805195,8,154,0.04516129032258064,7,155
subject_adj_to_noun,14,5,0.02861952861952862,17,594,0.01948051948051948,3,154,0.03225806451612903,5,155
subject_adj_to_noun,14,6,0.7289562289562289,433,594,0.7727272727272727,119,154,0.6967741935483871,108,155
subject_adj_to_noun,14,7,0.005050505050505051,3,594,0.012987012987012988,2,154,0.012903225806451613,2,155
subject_adj_to_noun,14,8,0.013468013468013467,8,594,0.012987012987012988,2,154,0.025806451612903226,4,155
subject_adj_to_noun,14,9,0.026936026936026935,16,594,0.032467532467532464,5,154,0.05161290322580645,8,155
subject_adj_to_noun,14,10,0.016835016835016835,10,594,0.0,0,154,0.01935483870967742,3,155
subject_adj_to_noun,14,11,0.21885521885521886,130,594,0.2597402597402597,40,154,0.25806451612903225,40,155
subject_adj_to_noun,14,12,0.04040404040404041,24,594,0.025974025974025976,4,154,0.05806451612903226,9,155
subject_adj_to_noun,14,13,0.010101010101010102,6,594,0.012987012987012988,2,154,0.01935483870967742,3,155
subject_adj_to_noun,14,14,0.04377104377104377,26,594,0.025974025974025976,4,154,0.03225806451612903,5,155
subject_adj_to_noun,14,15,0.08754208754208755,52,594,0.06493506493506493,10,154,0.07741935483870968,12,155
subject_adj_to_noun,14,16,0.026936026936026935,16,594,0.01948051948051948,3,154,0.025806451612903226,4,155
subject_adj_to_noun,14,17,0.013468013468013467,8,594,0.0,0,154,0.0064516129032258064,1,155
subject_adj_to_noun,14,18,0.015151515151515152,9,594,0.012987012987012988,2,154,0.01935483870967742,3,155
subject_adj_to_noun,14,19,0.010101010101010102,6,594,0.0,0,154,0.01935483870967742,3,155
subject_adj_to_noun,14,20,0.015151515151515152,9,594,0.01948051948051948,3,154,0.04516129032258064,7,155
subject_adj_to_noun,14,21,0.003367003367003367,2,594,0.012987012987012988,2,154,0.0064516129032258064,1,155
subject_adj_to_noun,14,22,0.018518518518518517,11,594,0.032467532467532464,5,154,0.01935483870967742,3,155
subject_adj_to_noun,14,23,0.13804713804713806,82,594,0.12337662337662338,19,154,0.11612903225806452,18,155
subject_adj_to_noun,14,24,0.030303030303030304,18,594,0.025974025974025976,4,154,0.0,0,155
subject_adj_to_noun,14,25,0.06902356902356903,41,594,0.09090909090909091,14,154,0.05161290322580645,8,155
subject_adj_to_noun,14,26,0.05723905723905724,34,594,0.03896103896103896,6,154,0.04516129032258064,7,155
subject_adj_to_noun,14,27,0.04713804713804714,28,594,0.012987012987012988,2,154,0.05806451612903226,9,155
subject_adj_to_noun,15,0,0.005050505050505051,3,594,0.006493506493506494,1,154,0.012903225806451613,2,155
subject_adj_to_noun,15,1,0.013468013468013467,8,594,0.01948051948051948,3,154,0.025806451612903226,4,155
subject_adj_to_noun,15,2,0.008417508417508417,5,594,0.006493506493506494,1,154,0.0,0,155
subject_adj_to_noun,15,3,0.005050505050505051,3,594,0.006493506493506494,1,154,0.0064516129032258064,1,155
subject_adj_to_noun,15,4,0.003367003367003367,2,594,0.0,0,154,0.012903225806451613,2,155
subject_adj_to_noun,15,5,0.07575757575757576,45,594,0.032467532467532464,5,154,0.05161290322580645,8,155
subject_adj_to_noun,15,6,0.09932659932659933,59,594,0.11038961038961038,17,154,0.17419354838709677,27,155
subject_adj_to_noun,15,7,0.020202020202020204,12,594,0.006493506493506494,1,154,0.03870967741935484,6,155
subject_adj_to_noun,15,8,0.0723905723905724,43,594,0.05194805194805195,8,154,0.05806451612903226,9,155
subject_adj_to_noun,15,9,0.021885521885521887,13,594,0.01948051948051948,3,154,0.025806451612903226,4,155
subject_adj_to_noun,15,10,0.006734006734006734,4,594,0.0,0,154,0.0,0,155
subject_adj_to_noun,15,11,0.008417508417508417,5,594,0.006493506493506494,1,154,0.01935483870967742,3,155
subject_adj_to_noun,15,12,0.008417508417508417,5,594,0.0,0,154,0.0064516129032258064,1,155
subject_adj_to_noun,15,13,0.0723905723905724,43,594,0.11688311688311688,18,154,0.06451612903225806,10,155
subject_adj_to_noun,15,14,0.013468013468013467,8,594,0.006493506493506494,1,154,0.01935483870967742,3,155
subject_adj_to_noun,15,15,0.008417508417508417,5,594,0.006493506493506494,1,154,0.012903225806451613,2,155
subject_adj_to_noun,15,16,0.015151515151515152,9,594,0.006493506493506494,1,154,0.0064516129032258064,1,155
subject_adj_to_noun,15,17,0.005050505050505051,3,594,0.0,0,154,0.0,0,155
subject_adj_to_noun,15,18,0.005050505050505051,3,594,0.0,0,154,0.012903225806451613,2,155
subject_adj_to_noun,15,19,0.003367003367003367,2,594,0.006493506493506494,1,154,0.0,0,155
subject_adj_to_noun,15,20,0.006734006734006734,4,594,0.006493506493506494,1,154,0.0064516129032258064,1,155
subject_adj_to_noun,15,21,0.2760942760942761,164,594,0.22077922077922077,34,154,0.22580645161290322,35,155
subject_adj_to_noun,15,22,0.09595959595959595,57,594,0.07142857142857142,11,154,0.09032258064516129,14,155
subject_adj_to_noun,15,23,0.40404040404040403,240,594,0.38311688311688313,59,154,0.36774193548387096,57,155
subject_adj_to_noun,15,24,0.021885521885521887,13,594,0.025974025974025976,4,154,0.03225806451612903,5,155
subject_adj_to_noun,15,25,0.010101010101010102,6,594,0.006493506493506494,1,154,0.0,0,155
subject_adj_to_noun,15,26,0.0016835016835016834,1,594,0.0,0,154,0.0064516129032258064,1,155
subject_adj_to_noun,15,27,0.14646464646464646,87,594,0.14935064935064934,23,154,0.17419354838709677,27,155
subject_adj_to_noun,16,0,0.010101010101010102,6,594,0.006493506493506494,1,154,0.01935483870967742,3,155
subject_adj_to_noun,16,1,0.04882154882154882,29,594,0.045454545454545456,7,154,0.06451612903225806,10,155
subject_adj_to_noun,16,2,0.018518518518518517,11,594,0.012987012987012988,2,154,0.03870967741935484,6,155
subject_adj_to_noun,16,3,0.010101010101010102,6,594,0.0,0,154,0.0064516129032258064,1,155
subject_adj_to_noun,16,4,0.05555555555555555,33,594,0.045454545454545456,7,154,0.03225806451612903,5,155
subject_adj_to_noun,16,5,0.018518518518518517,11,594,0.006493506493506494,1,154,0.03225806451612903,5,155
subject_adj_to_noun,16,6,0.04208754208754209,25,594,0.03896103896103896,6,154,0.03225806451612903,5,155
subject_adj_to_noun,16,7,0.2255892255892256,134,594,0.16883116883116883,26,154,0.25806451612903225,40,155
subject_adj_to_noun,16,8,0.010101010101010102,6,594,0.025974025974025976,4,154,0.0064516129032258064,1,155
subject_adj_to_noun,16,9,0.008417508417508417,5,594,0.01948051948051948,3,154,0.0064516129032258064,1,155
subject_adj_to_noun,16,10,0.011784511784511785,7,594,0.01948051948051948,3,154,0.012903225806451613,2,155
subject_adj_to_noun,16,11,0.013468013468013467,8,594,0.012987012987012988,2,154,0.0,0,155
subject_adj_to_noun,16,12,0.1127946127946128,67,594,0.05844155844155844,9,154,0.0967741935483871,15,155
subject_adj_to_noun,16,13,0.6666666666666666,396,594,0.7077922077922078,109,154,0.6967741935483871,108,155
subject_adj_to_noun,16,14,0.12962962962962962,77,594,0.1038961038961039,16,154,0.13548387096774195,21,155
subject_adj_to_noun,16,15,0.050505050505050504,30,594,0.045454545454545456,7,154,0.03225806451612903,5,155
subject_adj_to_noun,16,16,0.0707070707070707,42,594,0.07792207792207792,12,154,0.09032258064516129,14,155
subject_adj_to_noun,16,17,0.07912457912457913,47,594,0.05844155844155844,9,154,0.06451612903225806,10,155
subject_adj_to_noun,16,18,0.03198653198653199,19,594,0.01948051948051948,3,154,0.04516129032258064,7,155
subject_adj_to_noun,16,19,0.06397306397306397,38,594,0.025974025974025976,4,154,0.0967741935483871,15,155
subject_adj_to_noun,16,20,0.30976430976430974,184,594,0.37012987012987014,57,154,0.38064516129032255,59,155
subject_adj_to_noun,16,21,0.011784511784511785,7,594,0.01948051948051948,3,154,0.0064516129032258064,1,155
subject_adj_to_noun,16,22,0.008417508417508417,5,594,0.01948051948051948,3,154,0.01935483870967742,3,155
subject_adj_to_noun,16,23,0.10606060606060606,63,594,0.12337662337662338,19,154,0.15483870967741936,24,155
subject_adj_to_noun,16,24,0.011784511784511785,7,594,0.01948051948051948,3,154,0.0,0,155
subject_adj_to_noun,16,25,0.013468013468013467,8,594,0.01948051948051948,3,154,0.012903225806451613,2,155
subject_adj_to_noun,16,26,0.08754208754208755,52,594,0.08441558441558442,13,154,0.08387096774193549,13,155
subject_adj_to_noun,16,27,0.021885521885521887,13,594,0.006493506493506494,1,154,0.012903225806451613,2,155
subject_adj_to_noun,17,0,0.015151515151515152,9,594,0.01948051948051948,3,154,0.012903225806451613,2,155
subject_adj_to_noun,17,1,0.21548821548821548,128,594,0.18831168831168832,29,154,0.2645161290322581,41,155
subject_adj_to_noun,17,2,0.21043771043771045,125,594,0.13636363636363635,21,154,0.23225806451612904,36,155
subject_adj_to_noun,17,3,0.25925925925925924,154,594,0.3051948051948052,47,154,0.2903225806451613,45,155
subject_adj_to_noun,17,4,0.13804713804713806,82,594,0.14285714285714285,22,154,0.13548387096774195,21,155
subject_adj_to_noun,17,5,0.12962962962962962,77,594,0.08441558441558442,13,154,0.12903225806451613,20,155
subject_adj_to_noun,17,6,0.008417508417508417,5,594,0.012987012987012988,2,154,0.0,0,155
subject_adj_to_noun,17,7,0.5353535353535354,318,594,0.5,77,154,0.5096774193548387,79,155
subject_adj_to_noun,17,8,0.6094276094276094,362,594,0.7012987012987013,108,154,0.6387096774193548,99,155
subject_adj_to_noun,17,9,0.05387205387205387,32,594,0.032467532467532464,5,154,0.025806451612903226,4,155
subject_adj_to_noun,17,10,0.030303030303030304,18,594,0.03896103896103896,6,154,0.05806451612903226,9,155
subject_adj_to_noun,17,11,0.3653198653198653,217,594,0.3961038961038961,61,154,0.4258064516129032,66,155
subject_adj_to_noun,17,12,0.008417508417508417,5,594,0.012987012987012988,2,154,0.0064516129032258064,1,155
subject_adj_to_noun,17,13,0.16835016835016836,100,594,0.14935064935064934,23,154,0.14193548387096774,22,155
subject_adj_to_noun,17,14,0.010101010101010102,6,594,0.01948051948051948,3,154,0.012903225806451613,2,155
subject_adj_to_noun,17,15,0.03367003367003367,20,594,0.03896103896103896,6,154,0.03225806451612903,5,155
subject_adj_to_noun,17,16,0.013468013468013467,8,594,0.012987012987012988,2,154,0.01935483870967742,3,155
subject_adj_to_noun,17,17,0.02356902356902357,14,594,0.01948051948051948,3,154,0.025806451612903226,4,155
subject_adj_to_noun,17,18,0.03367003367003367,20,594,0.03896103896103896,6,154,0.03870967741935484,6,155
subject_adj_to_noun,17,19,0.018518518518518517,11,594,0.01948051948051948,3,154,0.03225806451612903,5,155
subject_adj_to_noun,17,20,0.003367003367003367,2,594,0.006493506493506494,1,154,0.0064516129032258064,1,155
subject_adj_to_noun,17,21,0.02356902356902357,14,594,0.025974025974025976,4,154,0.025806451612903226,4,155
subject_adj_to_noun,17,22,0.018518518518518517,11,594,0.006493506493506494,1,154,0.012903225806451613,2,155
subject_adj_to_noun,17,23,0.06902356902356903,41,594,0.07142857142857142,11,154,0.08387096774193549,13,155
subject_adj_to_noun,17,24,0.02356902356902357,14,594,0.025974025974025976,4,154,0.025806451612903226,4,155
subject_adj_to_noun,17,25,0.006734006734006734,4,594,0.012987012987012988,2,154,0.0064516129032258064,1,155
subject_adj_to_noun,17,26,0.010101010101010102,6,594,0.012987012987012988,2,154,0.025806451612903226,4,155
subject_adj_to_noun,17,27,0.07912457912457913,47,594,0.045454545454545456,7,154,0.1032258064516129,16,155
subject_adj_to_noun,18,0,0.1750841750841751,104,594,0.16883116883116883,26,154,0.16774193548387098,26,155
subject_adj_to_noun,18,1,0.006734006734006734,4,594,0.01948051948051948,3,154,0.0064516129032258064,1,155
subject_adj_to_noun,18,2,0.008417508417508417,5,594,0.006493506493506494,1,154,0.012903225806451613,2,155
subject_adj_to_noun,18,3,0.02356902356902357,14,594,0.032467532467532464,5,154,0.025806451612903226,4,155
subject_adj_to_noun,18,4,0.1414141414141414,84,594,0.16233766233766234,25,154,0.1870967741935484,29,155
subject_adj_to_noun,18,5,0.016835016835016835,10,594,0.012987012987012988,2,154,0.0064516129032258064,1,155
subject_adj_to_noun,18,6,0.1717171717171717,102,594,0.11688311688311688,18,154,0.2129032258064516,33,155
subject_adj_to_noun,18,7,0.6430976430976431,382,594,0.6883116883116883,106,154,0.6193548387096774,96,155
subject_adj_to_noun,18,8,0.005050505050505051,3,594,0.0,0,154,0.0,0,155
subject_adj_to_noun,18,9,0.050505050505050504,30,594,0.032467532467532464,5,154,0.07096774193548387,11,155
subject_adj_to_noun,18,10,0.010101010101010102,6,594,0.012987012987012988,2,154,0.01935483870967742,3,155
subject_adj_to_noun,18,11,0.005050505050505051,3,594,0.0,0,154,0.0,0,155
subject_adj_to_noun,18,12,0.006734006734006734,4,594,0.006493506493506494,1,154,0.0064516129032258064,1,155
subject_adj_to_noun,18,13,0.013468013468013467,8,594,0.012987012987012988,2,154,0.0,0,155
subject_adj_to_noun,18,14,0.037037037037037035,22,594,0.07792207792207792,12,154,0.03870967741935484,6,155
subject_adj_to_noun,18,15,0.04208754208754209,25,594,0.05844155844155844,9,154,0.05161290322580645,8,155
subject_adj_to_noun,18,16,0.021885521885521887,13,594,0.012987012987012988,2,154,0.03225806451612903,5,155
subject_adj_to_noun,18,17,0.10101010101010101,60,594,0.09090909090909091,14,154,0.11612903225806452,18,155
subject_adj_to_noun,18,18,0.03367003367003367,20,594,0.032467532467532464,5,154,0.05161290322580645,8,155
subject_adj_to_noun,18,19,0.005050505050505051,3,594,0.01948051948051948,3,154,0.012903225806451613,2,155
subject_adj_to_noun,18,20,0.05555555555555555,33,594,0.032467532467532464,5,154,0.06451612903225806,10,155
subject_adj_to_noun,18,21,0.2946127946127946,175,594,0.33116883116883117,51,154,0.3096774193548387,48,155
subject_adj_to_noun,18,22,0.005050505050505051,3,594,0.012987012987012988,2,154,0.0,0,155
subject_adj_to_noun,18,23,0.013468013468013467,8,594,0.012987012987012988,2,154,0.0064516129032258064,1,155
subject_adj_to_noun,18,24,0.008417508417508417,5,594,0.01948051948051948,3,154,0.01935483870967742,3,155
subject_adj_to_noun,18,25,0.4494949494949495,267,594,0.5194805194805194,80,154,0.47096774193548385,73,155
subject_adj_to_noun,18,26,0.016835016835016835,10,594,0.01948051948051948,3,154,0.01935483870967742,3,155
subject_adj_to_noun,18,27,0.0723905723905724,43,594,0.06493506493506493,10,154,0.12903225806451613,20,155
subject_adj_to_noun,19,0,0.5606060606060606,333,594,0.6233766233766234,96,154,0.5096774193548387,79,155
subject_adj_to_noun,19,1,0.008417508417508417,5,594,0.006493506493506494,1,154,0.0064516129032258064,1,155
subject_adj_to_noun,19,2,0.006734006734006734,4,594,0.012987012987012988,2,154,0.025806451612903226,4,155
subject_adj_to_noun,19,3,0.018518518518518517,11,594,0.01948051948051948,3,154,0.01935483870967742,3,155
subject_adj_to_noun,19,4,0.02861952861952862,17,594,0.01948051948051948,3,154,0.03870967741935484,6,155
subject_adj_to_noun,19,5,0.02356902356902357,14,594,0.032467532467532464,5,154,0.03225806451612903,5,155
subject_adj_to_noun,19,6,0.12457912457912458,74,594,0.13636363636363635,21,154,0.17419354838709677,27,155
subject_adj_to_noun,19,7,0.013468013468013467,8,594,0.025974025974025976,4,154,0.012903225806451613,2,155
subject_adj_to_noun,19,8,0.010101010101010102,6,594,0.01948051948051948,3,154,0.0064516129032258064,1,155
subject_adj_to_noun,19,9,0.006734006734006734,4,594,0.0,0,154,0.0064516129032258064,1,155
subject_adj_to_noun,19,10,0.008417508417508417,5,594,0.006493506493506494,1,154,0.0064516129032258064,1,155
subject_adj_to_noun,19,11,0.29124579124579125,173,594,0.33116883116883117,51,154,0.32903225806451614,51,155
subject_adj_to_noun,19,12,0.04208754208754209,25,594,0.032467532467532464,5,154,0.03870967741935484,6,155
subject_adj_to_noun,19,13,0.013468013468013467,8,594,0.032467532467532464,5,154,0.01935483870967742,3,155
subject_adj_to_noun,19,14,0.03198653198653199,19,594,0.012987012987012988,2,154,0.03225806451612903,5,155
subject_adj_to_noun,19,15,0.3468013468013468,206,594,0.3246753246753247,50,154,0.38064516129032255,59,155
subject_adj_to_noun,19,16,0.08922558922558922,53,594,0.06493506493506493,10,154,0.07096774193548387,11,155
subject_adj_to_noun,19,17,0.20202020202020202,120,594,0.24675324675324675,38,154,0.25806451612903225,40,155
subject_adj_to_noun,19,18,0.011784511784511785,7,594,0.012987012987012988,2,154,0.012903225806451613,2,155
subject_adj_to_noun,19,19,0.020202020202020204,12,594,0.025974025974025976,4,154,0.03870967741935484,6,155
subject_adj_to_noun,19,20,0.020202020202020204,12,594,0.07142857142857142,11,154,0.03870967741935484,6,155
subject_adj_to_noun,19,21,0.016835016835016835,10,594,0.012987012987012988,2,154,0.025806451612903226,4,155
subject_adj_to_noun,19,22,0.06228956228956229,37,594,0.06493506493506493,10,154,0.08387096774193549,13,155
subject_adj_to_noun,19,23,0.04882154882154882,29,594,0.01948051948051948,3,154,0.05806451612903226,9,155
subject_adj_to_noun,19,24,0.020202020202020204,12,594,0.01948051948051948,3,154,0.01935483870967742,3,155
subject_adj_to_noun,19,25,0.037037037037037035,22,594,0.032467532467532464,5,154,0.025806451612903226,4,155
subject_adj_to_noun,19,26,0.02861952861952862,17,594,0.03896103896103896,6,154,0.05161290322580645,8,155
subject_adj_to_noun,19,27,0.016835016835016835,10,594,0.01948051948051948,3,154,0.012903225806451613,2,155
subject_adj_to_noun,20,0,0.03198653198653199,19,594,0.025974025974025976,4,154,0.025806451612903226,4,155
subject_adj_to_noun,20,1,0.16161616161616163,96,594,0.16883116883116883,26,154,0.24516129032258063,38,155
subject_adj_to_noun,20,2,0.5824915824915825,346,594,0.5584415584415584,86,154,0.5419354838709678,84,155
subject_adj_to_noun,20,3,0.010101010101010102,6,594,0.006493506493506494,1,154,0.025806451612903226,4,155
subject_adj_to_noun,20,4,0.132996632996633,79,594,0.15584415584415584,24,154,0.14838709677419354,23,155
subject_adj_to_noun,20,5,0.3720538720538721,221,594,0.4090909090909091,63,154,0.4258064516129032,66,155
subject_adj_to_noun,20,6,0.03367003367003367,20,594,0.03896103896103896,6,154,0.025806451612903226,4,155
subject_adj_to_noun,20,7,0.03872053872053872,23,594,0.045454545454545456,7,154,0.08387096774193549,13,155
subject_adj_to_noun,20,8,0.1026936026936027,61,594,0.13636363636363635,21,154,0.13548387096774195,21,155
subject_adj_to_noun,20,9,0.6717171717171717,399,594,0.6623376623376623,102,154,0.6516129032258065,101,155
subject_adj_to_noun,20,10,0.025252525252525252,15,594,0.025974025974025976,4,154,0.03225806451612903,5,155
subject_adj_to_noun,20,11,0.010101010101010102,6,594,0.01948051948051948,3,154,0.05161290322580645,8,155
subject_adj_to_noun,20,12,0.03367003367003367,20,594,0.012987012987012988,2,154,0.03870967741935484,6,155
subject_adj_to_noun,20,13,0.5505050505050505,327,594,0.5909090909090909,91,154,0.5612903225806452,87,155
subject_adj_to_noun,20,14,0.06397306397306397,38,594,0.07142857142857142,11,154,0.09032258064516129,14,155
subject_adj_to_noun,20,15,0.026936026936026935,16,594,0.025974025974025976,4,154,0.05806451612903226,9,155
subject_adj_to_noun,20,16,0.09932659932659933,59,594,0.14935064935064934,23,154,0.14193548387096774,22,155
subject_adj_to_noun,20,17,0.3383838383838384,201,594,0.35714285714285715,55,154,0.4064516129032258,63,155
subject_adj_to_noun,20,18,0.11616161616161616,69,594,0.05844155844155844,9,154,0.12903225806451613,20,155
subject_adj_to_noun,20,19,0.05218855218855219,31,594,0.07142857142857142,11,154,0.0967741935483871,15,155
subject_adj_to_noun,20,20,0.020202020202020204,12,594,0.025974025974025976,4,154,0.04516129032258064,7,155
subject_adj_to_noun,20,21,0.08080808080808081,48,594,0.1038961038961039,16,154,0.15483870967741936,24,155
subject_adj_to_noun,20,22,0.5151515151515151,306,594,0.512987012987013,79,154,0.5290322580645161,82,155
subject_adj_to_noun,20,23,0.026936026936026935,16,594,0.01948051948051948,3,154,0.06451612903225806,10,155
subject_adj_to_noun,20,24,0.008417508417508417,5,594,0.006493506493506494,1,154,0.01935483870967742,3,155
subject_adj_to_noun,20,25,0.020202020202020204,12,594,0.012987012987012988,2,154,0.025806451612903226,4,155
subject_adj_to_noun,20,26,0.013468013468013467,8,594,0.006493506493506494,1,154,0.012903225806451613,2,155
subject_adj_to_noun,20,27,0.05387205387205387,32,594,0.06493506493506493,10,154,0.05806451612903226,9,155
subject_adj_to_noun,21,0,0.2676767676767677,159,594,0.2532467532467532,39,154,0.22580645161290322,35,155
subject_adj_to_noun,21,1,0.021885521885521887,13,594,0.032467532467532464,5,154,0.01935483870967742,3,155
subject_adj_to_noun,21,2,0.020202020202020204,12,594,0.012987012987012988,2,154,0.01935483870967742,3,155
subject_adj_to_noun,21,3,0.020202020202020204,12,594,0.025974025974025976,4,154,0.01935483870967742,3,155
subject_adj_to_noun,21,4,0.13131313131313133,78,594,0.12987012987012986,20,154,0.12258064516129032,19,155
subject_adj_to_noun,21,5,0.13804713804713806,82,594,0.15584415584415584,24,154,0.14193548387096774,22,155
subject_adj_to_noun,21,6,0.06397306397306397,38,594,0.05844155844155844,9,154,0.06451612903225806,10,155
subject_adj_to_noun,21,7,0.005050505050505051,3,594,0.0,0,154,0.0064516129032258064,1,155
subject_adj_to_noun,21,8,0.02356902356902357,14,594,0.032467532467532464,5,154,0.012903225806451613,2,155
subject_adj_to_noun,21,9,0.015151515151515152,9,594,0.025974025974025976,4,154,0.012903225806451613,2,155
subject_adj_to_noun,21,10,0.005050505050505051,3,594,0.006493506493506494,1,154,0.0,0,155
subject_adj_to_noun,21,11,0.011784511784511785,7,594,0.012987012987012988,2,154,0.0064516129032258064,1,155
subject_adj_to_noun,21,12,0.008417508417508417,5,594,0.012987012987012988,2,154,0.012903225806451613,2,155
subject_adj_to_noun,21,13,0.08249158249158249,49,594,0.1038961038961039,16,154,0.0967741935483871,15,155
subject_adj_to_noun,21,14,0.04882154882154882,29,594,0.09090909090909091,14,154,0.06451612903225806,10,155
subject_adj_to_noun,21,15,0.006734006734006734,4,594,0.012987012987012988,2,154,0.01935483870967742,3,155
subject_adj_to_noun,21,16,0.013468013468013467,8,594,0.025974025974025976,4,154,0.012903225806451613,2,155
subject_adj_to_noun,21,17,0.13131313131313133,78,594,0.18181818181818182,28,154,0.15483870967741936,24,155
subject_adj_to_noun,21,18,0.26936026936026936,160,594,0.3051948051948052,47,154,0.23225806451612904,36,155
subject_adj_to_noun,21,19,0.2255892255892256,134,594,0.2597402597402597,40,154,0.2967741935483871,46,155
subject_adj_to_noun,21,20,0.03872053872053872,23,594,0.025974025974025976,4,154,0.03225806451612903,5,155
subject_adj_to_noun,21,21,0.4006734006734007,238,594,0.43506493506493504,67,154,0.3548387096774194,55,155
subject_adj_to_noun,21,22,0.04040404040404041,24,594,0.03896103896103896,6,154,0.05161290322580645,8,155
subject_adj_to_noun,21,23,0.1717171717171717,102,594,0.18181818181818182,28,154,0.1935483870967742,30,155
subject_adj_to_noun,21,24,0.04882154882154882,29,594,0.08441558441558442,13,154,0.07741935483870968,12,155
subject_adj_to_noun,21,25,0.0723905723905724,43,594,0.06493506493506493,10,154,0.0967741935483871,15,155
subject_adj_to_noun,21,26,0.026936026936026935,16,594,0.012987012987012988,2,154,0.03870967741935484,6,155
subject_adj_to_noun,21,27,0.03198653198653199,19,594,0.025974025974025976,4,154,0.05161290322580645,8,155
subject_adj_to_noun,22,0,0.045454545454545456,27,594,0.05194805194805195,8,154,0.04516129032258064,7,155
subject_adj_to_noun,22,1,0.34175084175084175,203,594,0.35064935064935066,54,154,0.3548387096774194,55,155
subject_adj_to_noun,22,2,0.02356902356902357,14,594,0.03896103896103896,6,154,0.012903225806451613,2,155
subject_adj_to_noun,22,3,0.13468013468013468,80,594,0.17532467532467533,27,154,0.14193548387096774,22,155
subject_adj_to_noun,22,4,0.06902356902356903,41,594,0.09090909090909091,14,154,0.07741935483870968,12,155
subject_adj_to_noun,22,5,0.03535353535353535,21,594,0.03896103896103896,6,154,0.03870967741935484,6,155
subject_adj_to_noun,22,6,0.020202020202020204,12,594,0.03896103896103896,6,154,0.03870967741935484,6,155
subject_adj_to_noun,22,7,0.5067340067340067,301,594,0.4090909090909091,63,154,0.5548387096774193,86,155
subject_adj_to_noun,22,8,0.02861952861952862,17,594,0.032467532467532464,5,154,0.03225806451612903,5,155
subject_adj_to_noun,22,9,0.04208754208754209,25,594,0.06493506493506493,10,154,0.05161290322580645,8,155
subject_adj_to_noun,22,10,0.03367003367003367,20,594,0.05194805194805195,8,154,0.03225806451612903,5,155
subject_adj_to_noun,22,11,0.03535353535353535,21,594,0.05194805194805195,8,154,0.03870967741935484,6,155
subject_adj_to_noun,22,12,0.1632996632996633,97,594,0.14935064935064934,23,154,0.18064516129032257,28,155
subject_adj_to_noun,22,13,0.037037037037037035,22,594,0.07142857142857142,11,154,0.06451612903225806,10,155
subject_adj_to_noun,22,14,0.037037037037037035,22,594,0.01948051948051948,3,154,0.0,0,155
subject_adj_to_noun,22,15,0.03535353535353535,21,594,0.03896103896103896,6,154,0.05806451612903226,9,155
subject_adj_to_noun,22,16,0.018518518518518517,11,594,0.03896103896103896,6,154,0.03225806451612903,5,155
subject_adj_to_noun,22,17,0.04208754208754209,25,594,0.03896103896103896,6,154,0.07096774193548387,11,155
subject_adj_to_noun,22,18,0.07744107744107744,46,594,0.07142857142857142,11,154,0.09032258064516129,14,155
subject_adj_to_noun,22,19,0.025252525252525252,15,594,0.01948051948051948,3,154,0.025806451612903226,4,155
subject_adj_to_noun,22,20,0.008417508417508417,5,594,0.0,0,154,0.0,0,155
subject_adj_to_noun,22,21,0.45286195286195285,269,594,0.44805194805194803,69,154,0.4774193548387097,74,155
subject_adj_to_noun,22,22,0.03198653198653199,19,594,0.05844155844155844,9,154,0.03225806451612903,5,155
subject_adj_to_noun,22,23,0.12794612794612795,76,594,0.14935064935064934,23,154,0.2064516129032258,32,155
subject_adj_to_noun,22,24,0.30976430976430974,184,594,0.38961038961038963,60,154,0.2967741935483871,46,155
subject_adj_to_noun,22,25,0.5218855218855218,310,594,0.551948051948052,85,154,0.4967741935483871,77,155
subject_adj_to_noun,22,26,0.04882154882154882,29,594,0.08441558441558442,13,154,0.07741935483870968,12,155
subject_adj_to_noun,22,27,0.8720538720538721,518,594,0.8766233766233766,135,154,0.8709677419354839,135,155
subject_adj_to_noun,23,0,0.10606060606060606,63,594,0.08441558441558442,13,154,0.1032258064516129,16,155
subject_adj_to_noun,23,1,0.09427609427609428,56,594,0.1038961038961039,16,154,0.1032258064516129,16,155
subject_adj_to_noun,23,2,0.05555555555555555,33,594,0.07792207792207792,12,154,0.07741935483870968,12,155
subject_adj_to_noun,23,3,0.021885521885521887,13,594,0.032467532467532464,5,154,0.025806451612903226,4,155
subject_adj_to_noun,23,4,0.011784511784511785,7,594,0.01948051948051948,3,154,0.012903225806451613,2,155
subject_adj_to_noun,23,5,0.132996632996633,79,594,0.12337662337662338,19,154,0.12258064516129032,19,155
subject_adj_to_noun,23,6,0.06902356902356903,41,594,0.08441558441558442,13,154,0.05806451612903226,9,155
subject_adj_to_noun,23,7,0.015151515151515152,9,594,0.006493506493506494,1,154,0.012903225806451613,2,155
subject_adj_to_noun,23,8,0.05723905723905724,34,594,0.08441558441558442,13,154,0.05806451612903226,9,155
subject_adj_to_noun,23,9,0.011784511784511785,7,594,0.01948051948051948,3,154,0.012903225806451613,2,155
subject_adj_to_noun,23,10,0.008417508417508417,5,594,0.032467532467532464,5,154,0.012903225806451613,2,155
subject_adj_to_noun,23,11,0.08922558922558922,53,594,0.12987012987012986,20,154,0.08387096774193549,13,155
subject_adj_to_noun,23,12,0.03198653198653199,19,594,0.032467532467532464,5,154,0.03225806451612903,5,155
subject_adj_to_noun,23,13,0.15993265993265993,95,594,0.12337662337662338,19,154,0.17419354838709677,27,155
subject_adj_to_noun,23,14,0.2895622895622896,172,594,0.2792207792207792,43,154,0.24516129032258063,38,155
subject_adj_to_noun,23,15,0.09932659932659933,59,594,0.11038961038961038,17,154,0.07741935483870968,12,155
subject_adj_to_noun,23,16,0.02356902356902357,14,594,0.05194805194805195,8,154,0.025806451612903226,4,155
subject_adj_to_noun,23,17,0.050505050505050504,30,594,0.05844155844155844,9,154,0.07741935483870968,12,155
subject_adj_to_noun,23,18,0.08249158249158249,49,594,0.11038961038961038,17,154,0.03870967741935484,6,155
subject_adj_to_noun,23,19,0.04882154882154882,29,594,0.045454545454545456,7,154,0.08387096774193549,13,155
subject_adj_to_noun,23,20,0.07744107744107744,46,594,0.09090909090909091,14,154,0.06451612903225806,10,155
subject_adj_to_noun,23,21,0.008417508417508417,5,594,0.006493506493506494,1,154,0.0064516129032258064,1,155
subject_adj_to_noun,23,22,0.04882154882154882,29,594,0.06493506493506493,10,154,0.05806451612903226,9,155
subject_adj_to_noun,23,23,0.006734006734006734,4,594,0.006493506493506494,1,154,0.012903225806451613,2,155
subject_adj_to_noun,23,24,0.011784511784511785,7,594,0.025974025974025976,4,154,0.01935483870967742,3,155
subject_adj_to_noun,23,25,0.16498316498316498,98,594,0.17532467532467533,27,154,0.16774193548387098,26,155
subject_adj_to_noun,23,26,0.08417508417508418,50,594,0.14285714285714285,22,154,0.07741935483870968,12,155
subject_adj_to_noun,23,27,0.011784511784511785,7,594,0.025974025974025976,4,154,0.012903225806451613,2,155
subject_adj_to_noun,24,0,0.08754208754208755,52,594,0.08441558441558442,13,154,0.0967741935483871,15,155
subject_adj_to_noun,24,1,0.010101010101010102,6,594,0.025974025974025976,4,154,0.0064516129032258064,1,155
subject_adj_to_noun,24,2,0.13973063973063973,83,594,0.16233766233766234,25,154,0.16774193548387098,26,155
subject_adj_to_noun,24,3,0.011784511784511785,7,594,0.032467532467532464,5,154,0.012903225806451613,2,155
subject_adj_to_noun,24,4,0.018518518518518517,11,594,0.025974025974025976,4,154,0.012903225806451613,2,155
subject_adj_to_noun,24,5,0.025252525252525252,15,594,0.05844155844155844,9,154,0.03225806451612903,5,155
subject_adj_to_noun,24,6,0.011784511784511785,7,594,0.025974025974025976,4,154,0.01935483870967742,3,155
subject_adj_to_noun,24,7,0.0016835016835016834,1,594,0.0,0,154,0.0,0,155
subject_adj_to_noun,24,8,0.003367003367003367,2,594,0.0,0,154,0.0,0,155
subject_adj_to_noun,24,9,0.006734006734006734,4,594,0.012987012987012988,2,154,0.0064516129032258064,1,155
subject_adj_to_noun,24,10,0.005050505050505051,3,594,0.006493506493506494,1,154,0.0,0,155
subject_adj_to_noun,24,11,0.025252525252525252,15,594,0.025974025974025976,4,154,0.01935483870967742,3,155
subject_adj_to_noun,24,12,0.003367003367003367,2,594,0.0,0,154,0.0,0,155
subject_adj_to_noun,24,13,0.015151515151515152,9,594,0.01948051948051948,3,154,0.012903225806451613,2,155
subject_adj_to_noun,24,14,0.037037037037037035,22,594,0.05194805194805195,8,154,0.03870967741935484,6,155
subject_adj_to_noun,24,15,0.02356902356902357,14,594,0.032467532467532464,5,154,0.012903225806451613,2,155
subject_adj_to_noun,24,16,0.03198653198653199,19,594,0.03896103896103896,6,154,0.01935483870967742,3,155
subject_adj_to_noun,24,17,0.030303030303030304,18,594,0.05844155844155844,9,154,0.05161290322580645,8,155
subject_adj_to_noun,24,18,0.2222222222222222,132,594,0.2857142857142857,44,154,0.2838709677419355,44,155
subject_adj_to_noun,24,19,0.020202020202020204,12,594,0.032467532467532464,5,154,0.025806451612903226,4,155
subject_adj_to_noun,24,20,0.037037037037037035,22,594,0.06493506493506493,10,154,0.03225806451612903,5,155
subject_adj_to_noun,24,21,0.025252525252525252,15,594,0.07792207792207792,12,154,0.05806451612903226,9,155
subject_adj_to_noun,24,22,0.021885521885521887,13,594,0.012987012987012988,2,154,0.025806451612903226,4,155
subject_adj_to_noun,24,23,0.006734006734006734,4,594,0.012987012987012988,2,154,0.012903225806451613,2,155
subject_adj_to_noun,24,24,0.06565656565656566,39,594,0.12337662337662338,19,154,0.12258064516129032,19,155
subject_adj_to_noun,24,25,0.025252525252525252,15,594,0.03896103896103896,6,154,0.03225806451612903,5,155
subject_adj_to_noun,24,26,0.026936026936026935,16,594,0.05194805194805195,8,154,0.05161290322580645,8,155
subject_adj_to_noun,24,27,0.23063973063973064,137,594,0.24675324675324675,38,154,0.25161290322580643,39,155
subject_adj_to_noun,25,0,0.04208754208754209,25,594,0.032467532467532464,5,154,0.05806451612903226,9,155
subject_adj_to_noun,25,1,0.04208754208754209,25,594,0.07792207792207792,12,154,0.05806451612903226,9,155
subject_adj_to_noun,25,2,0.026936026936026935,16,594,0.045454545454545456,7,154,0.03225806451612903,5,155
subject_adj_to_noun,25,3,0.013468013468013467,8,594,0.032467532467532464,5,154,0.0064516129032258064,1,155
subject_adj_to_noun,25,4,0.5824915824915825,346,594,0.6298701298701299,97,154,0.5290322580645161,82,155
subject_adj_to_noun,25,5,0.02861952861952862,17,594,0.05844155844155844,9,154,0.03870967741935484,6,155
subject_adj_to_noun,25,6,0.020202020202020204,12,594,0.025974025974025976,4,154,0.012903225806451613,2,155
subject_adj_to_noun,25,7,0.013468013468013467,8,594,0.01948051948051948,3,154,0.025806451612903226,4,155
subject_adj_to_noun,25,8,0.021885521885521887,13,594,0.05844155844155844,9,154,0.0,0,155
subject_adj_to_noun,25,9,0.015151515151515152,9,594,0.032467532467532464,5,154,0.012903225806451613,2,155
subject_adj_to_noun,25,10,0.018518518518518517,11,594,0.032467532467532464,5,154,0.01935483870967742,3,155
subject_adj_to_noun,25,11,0.015151515151515152,9,594,0.01948051948051948,3,154,0.025806451612903226,4,155
subject_adj_to_noun,25,12,0.010101010101010102,6,594,0.025974025974025976,4,154,0.0064516129032258064,1,155
subject_adj_to_noun,25,13,0.006734006734006734,4,594,0.025974025974025976,4,154,0.025806451612903226,4,155
subject_adj_to_noun,25,14,0.013468013468013467,8,594,0.01948051948051948,3,154,0.01935483870967742,3,155
subject_adj_to_noun,25,15,0.005050505050505051,3,594,0.012987012987012988,2,154,0.0064516129032258064,1,155
subject_adj_to_noun,25,16,0.010101010101010102,6,594,0.01948051948051948,3,154,0.0064516129032258064,1,155
subject_adj_to_noun,25,17,0.10437710437710437,62,594,0.11688311688311688,18,154,0.16129032258064516,25,155
subject_adj_to_noun,25,18,0.045454545454545456,27,594,0.06493506493506493,10,154,0.04516129032258064,7,155
subject_adj_to_noun,25,19,0.013468013468013467,8,594,0.01948051948051948,3,154,0.012903225806451613,2,155
subject_adj_to_noun,25,20,0.4882154882154882,290,594,0.551948051948052,85,154,0.4967741935483871,77,155
subject_adj_to_noun,25,21,0.05218855218855219,31,594,0.045454545454545456,7,154,0.05161290322580645,8,155
subject_adj_to_noun,25,22,0.09090909090909091,54,594,0.1038961038961039,16,154,0.08387096774193549,13,155
subject_adj_to_noun,25,23,0.021885521885521887,13,594,0.045454545454545456,7,154,0.012903225806451613,2,155
subject_adj_to_noun,25,24,0.02356902356902357,14,594,0.012987012987012988,2,154,0.03225806451612903,5,155
subject_adj_to_noun,25,25,0.05723905723905724,34,594,0.07142857142857142,11,154,0.06451612903225806,10,155
subject_adj_to_noun,25,26,0.09090909090909091,54,594,0.09740259740259741,15,154,0.14838709677419354,23,155
subject_adj_to_noun,25,27,0.045454545454545456,27,594,0.032467532467532464,5,154,0.05161290322580645,8,155
subject_adj_to_noun,26,0,0.011784511784511785,7,594,0.025974025974025976,4,154,0.025806451612903226,4,155
subject_adj_to_noun,26,1,0.005050505050505051,3,594,0.032467532467532464,5,154,0.01935483870967742,3,155
subject_adj_to_noun,26,2,0.008417508417508417,5,594,0.01948051948051948,3,154,0.0,0,155
subject_adj_to_noun,26,3,0.005050505050505051,3,594,0.012987012987012988,2,154,0.0,0,155
subject_adj_to_noun,26,4,0.008417508417508417,5,594,0.01948051948051948,3,154,0.01935483870967742,3,155
subject_adj_to_noun,26,5,0.008417508417508417,5,594,0.006493506493506494,1,154,0.0,0,155
subject_adj_to_noun,26,6,0.008417508417508417,5,594,0.006493506493506494,1,154,0.0064516129032258064,1,155
subject_adj_to_noun,26,7,0.010101010101010102,6,594,0.025974025974025976,4,154,0.012903225806451613,2,155
subject_adj_to_noun,26,8,0.006734006734006734,4,594,0.0,0,154,0.0064516129032258064,1,155
subject_adj_to_noun,26,9,0.008417508417508417,5,594,0.012987012987012988,2,154,0.0064516129032258064,1,155
subject_adj_to_noun,26,10,0.0016835016835016834,1,594,0.0,0,154,0.0,0,155
subject_adj_to_noun,26,11,0.003367003367003367,2,594,0.0,0,154,0.0,0,155
subject_adj_to_noun,26,12,0.0016835016835016834,1,594,0.0,0,154,0.0,0,155
subject_adj_to_noun,26,13,0.003367003367003367,2,594,0.012987012987012988,2,154,0.0064516129032258064,1,155
subject_adj_to_noun,26,14,0.021885521885521887,13,594,0.025974025974025976,4,154,0.03870967741935484,6,155
subject_adj_to_noun,26,15,0.020202020202020204,12,594,0.01948051948051948,3,154,0.01935483870967742,3,155
subject_adj_to_noun,26,16,0.011784511784511785,7,594,0.012987012987012988,2,154,0.04516129032258064,7,155
subject_adj_to_noun,26,17,0.003367003367003367,2,594,0.012987012987012988,2,154,0.0,0,155
subject_adj_to_noun,26,18,0.006734006734006734,4,594,0.025974025974025976,4,154,0.01935483870967742,3,155
subject_adj_to_noun,26,19,0.008417508417508417,5,594,0.025974025974025976,4,154,0.0064516129032258064,1,155
subject_adj_to_noun,26,20,0.011784511784511785,7,594,0.0,0,154,0.025806451612903226,4,155
subject_adj_to_noun,26,21,0.03198653198653199,19,594,0.03896103896103896,6,154,0.05806451612903226,9,155
subject_adj_to_noun,26,22,0.7037037037037037,418,594,0.7662337662337663,118,154,0.6580645161290323,102,155
subject_adj_to_noun,26,23,0.04882154882154882,29,594,0.05844155844155844,9,154,0.05161290322580645,8,155
subject_adj_to_noun,26,24,0.030303030303030304,18,594,0.032467532467532464,5,154,0.025806451612903226,4,155
subject_adj_to_noun,26,25,0.008417508417508417,5,594,0.01948051948051948,3,154,0.0064516129032258064,1,155
subject_adj_to_noun,26,26,0.1531986531986532,91,594,0.17532467532467533,27,154,0.1935483870967742,30,155
subject_adj_to_noun,26,27,0.003367003367003367,2,594,0.006493506493506494,1,154,0.0,0,155
subject_adj_to_noun,27,0,0.08585858585858586,51,594,0.06493506493506493,10,154,0.11612903225806452,18,155
subject_adj_to_noun,27,1,0.010101010101010102,6,594,0.012987012987012988,2,154,0.0,0,155
subject_adj_to_noun,27,2,0.037037037037037035,22,594,0.025974025974025976,4,154,0.03870967741935484,6,155
subject_adj_to_noun,27,3,0.008417508417508417,5,594,0.01948051948051948,3,154,0.012903225806451613,2,155
subject_adj_to_noun,27,4,0.016835016835016835,10,594,0.01948051948051948,3,154,0.0,0,155
subject_adj_to_noun,27,5,0.005050505050505051,3,594,0.006493506493506494,1,154,0.012903225806451613,2,155
subject_adj_to_noun,27,6,0.013468013468013467,8,594,0.025974025974025976,4,154,0.0064516129032258064,1,155
subject_adj_to_noun,27,7,0.30303030303030304,180,594,0.3961038961038961,61,154,0.3161290322580645,49,155
subject_adj_to_noun,27,8,0.2609427609427609,155,594,0.2857142857142857,44,154,0.21935483870967742,34,155
subject_adj_to_noun,27,9,0.3787878787878788,225,594,0.4025974025974026,62,154,0.36129032258064514,56,155
subject_adj_to_noun,27,10,0.35185185185185186,209,594,0.38961038961038963,60,154,0.36129032258064514,56,155
subject_adj_to_noun,27,11,0.2946127946127946,175,594,0.3051948051948052,47,154,0.33548387096774196,52,155
subject_adj_to_noun,27,12,0.42424242424242425,252,594,0.474025974025974,73,154,0.3870967741935484,60,155
subject_adj_to_noun,27,13,0.3434343434343434,204,594,0.3116883116883117,48,154,0.3225806451612903,50,155
subject_adj_to_noun,27,14,0.015151515151515152,9,594,0.012987012987012988,2,154,0.0064516129032258064,1,155
subject_adj_to_noun,27,15,0.010101010101010102,6,594,0.006493506493506494,1,154,0.0064516129032258064,1,155
subject_adj_to_noun,27,16,0.016835016835016835,10,594,0.032467532467532464,5,154,0.025806451612903226,4,155
subject_adj_to_noun,27,17,0.008417508417508417,5,594,0.032467532467532464,5,154,0.01935483870967742,3,155
subject_adj_to_noun,27,18,0.010101010101010102,6,594,0.012987012987012988,2,154,0.0064516129032258064,1,155
subject_adj_to_noun,27,19,0.018518518518518517,11,594,0.03896103896103896,6,154,0.01935483870967742,3,155
subject_adj_to_noun,27,20,0.008417508417508417,5,594,0.012987012987012988,2,154,0.012903225806451613,2,155
subject_adj_to_noun,27,21,0.013468013468013467,8,594,0.012987012987012988,2,154,0.0,0,155
subject_adj_to_noun,27,22,0.005050505050505051,3,594,0.012987012987012988,2,154,0.0,0,155
subject_adj_to_noun,27,23,0.005050505050505051,3,594,0.006493506493506494,1,154,0.012903225806451613,2,155
subject_adj_to_noun,27,24,0.016835016835016835,10,594,0.03896103896103896,6,154,0.012903225806451613,2,155
subject_adj_to_noun,27,25,0.05387205387205387,32,594,0.03896103896103896,6,154,0.04516129032258064,7,155
subject_adj_to_noun,27,26,0.06060606060606061,36,594,0.09090909090909091,14,154,0.14193548387096774,22,155
subject_adj_to_noun,27,27,0.005050505050505051,3,594,0.006493506493506494,1,154,0.0064516129032258064,1,155
object_det_to_noun,0,0,0.10051107325383304,177,1761,0.09898477157360407,39,394,0.08944954128440367,39,436
object_det_to_noun,0,1,0.0,0,1761,0.0,0,394,0.0,0,436
object_det_to_noun,0,2,0.059057353776263484,104,1761,0.048223350253807105,19,394,0.052752293577981654,23,436
object_det_to_noun,0,3,0.060193072118114706,106,1761,0.05583756345177665,22,394,0.04357798165137615,19,436
object_det_to_noun,0,4,0.0017035775127768314,3,1761,0.0,0,394,0.0,0,436
object_det_to_noun,0,5,0.0,0,1761,0.0,0,394,0.0,0,436
object_det_to_noun,0,6,0.0,0,1761,0.0,0,394,0.0,0,436
object_det_to_noun,0,7,0.0,0,1761,0.0,0,394,0.0,0,436
object_det_to_noun,0,8,0.002271436683702442,4,1761,0.0025380710659898475,1,394,0.0,0,436
object_det_to_noun,0,9,0.0028392958546280523,5,1761,0.005076142131979695,2,394,0.006880733944954129,3,436
object_det_to_noun,0,10,0.04599659284497445,81,1761,0.048223350253807105,19,394,0.034403669724770644,15,436
object_det_to_noun,0,11,0.0005678591709256105,1,1761,0.0,0,394,0.0,0,436
object_det_to_noun,0,12,0.0,0,1761,0.0,0,394,0.0,0,436
object_det_to_noun,0,13,0.0017035775127768314,3,1761,0.005076142131979695,2,394,0.0022935779816513763,1,436
object_det_to_noun,0,14,0.014196479273140262,25,1761,0.007614213197969543,3,394,0.016055045871559634,7,436
object_det_to_noun,0,15,0.030096536059057353,53,1761,0.025380710659898477,10,394,0.01834862385321101,8,436
object_det_to_noun,0,16,0.0028392958546280523,5,1761,0.005076142131979695,2,394,0.0045871559633027525,2,436
object_det_to_noun,0,17,0.002271436683702442,4,1761,0.005076142131979695,2,394,0.0,0,436
object_det_to_noun,0,18,0.013628620102214651,24,1761,0.01015228426395939,4,394,0.016055045871559634,7,436
object_det_to_noun,0,19,0.34469051675184553,607,1761,0.33248730964467005,131,394,0.3669724770642202,160,436
object_det_to_noun,0,20,0.01249290176036343,22,1761,0.005076142131979695,2,394,0.011467889908256881,5,436
object_det_to_noun,0,21,0.47189097103918226,831,1761,0.43908629441624364,173,394,0.45871559633027525,200,436
object_det_to_noun,0,22,0.0017035775127768314,3,1761,0.0025380710659898475,1,394,0.0,0,436
object_det_to_noun,0,23,0.0,0,1761,0.0,0,394,0.0,0,436
object_det_to_noun,0,24,0.0,0,1761,0.0,0,394,0.0,0,436
object_det_to_noun,0,25,0.0005678591709256105,1,1761,0.0,0,394,0.0,0,436
object_det_to_noun,0,26,0.0,0,1761,0.0,0,394,0.0,0,436
object_det_to_noun,0,27,0.0,0,1761,0.0,0,394,0.0,0,436
object_det_to_noun,1,0,0.003975014196479273,7,1761,0.0025380710659898475,1,394,0.0022935779816513763,1,436
object_det_to_noun,1,1,0.08745031232254401,154,1761,0.09137055837563451,36,394,0.08486238532110092,37,436
object_det_to_noun,1,2,0.10448608745031232,184,1761,0.09898477157360407,39,394,0.10779816513761468,47,436
object_det_to_noun,1,3,0.003975014196479273,7,1761,0.0025380710659898475,1,394,0.0022935779816513763,1,436
object_det_to_noun,1,4,0.0034071550255536627,6,1761,0.0025380710659898475,1,394,0.0022935779816513763,1,436
object_det_to_noun,1,5,0.004542873367404884,8,1761,0.0025380710659898475,1,394,0.0022935779816513763,1,436
object_det_to_noun,1,6,0.0034071550255536627,6,1761,0.005076142131979695,2,394,0.0045871559633027525,2,436
object_det_to_noun,1,7,0.27030096536059056,476,1761,0.22588832487309646,89,394,0.23853211009174313,104,436
object_det_to_noun,1,8,0.5905735377626349,1040,1761,0.5609137055837563,221,394,0.5688073394495413,248,436
object_det_to_noun,1,9,0.07836456558773425,138,1761,0.10406091370558376,41,394,0.07110091743119266,31,436
object_det_to_noun,1,10,0.48779102782509937,859,1761,0.4593908629441624,181,394,0.4518348623853211,197,436
object_det_to_noun,1,11,0.030096536059057353,53,1761,0.027918781725888325,11,394,0.02522935779816514,11,436
object_det_to_noun,1,12,0.0,0,1761,0.0,0,394,0.0,0,436
object_det_to_noun,1,13,0.5621805792163543,990,1761,0.5177664974619289,204,394,0.5252293577981652,229,436
object_det_to_noun,1,14,0.0,0,1761,0.0,0,394,0.0,0,436
object_det_to_noun,1,15,0.0,0,1761,0.0,0,394,0.0022935779816513763,1,436
object_det_to_noun,1,16,0.0,0,1761,0.0,0,394,0.0022935779816513763,1,436
object_det_to_noun,1,17,0.0,0,1761,0.0,0,394,0.0022935779816513763,1,436
object_det_to_noun,1,18,0.003975014196479273,7,1761,0.0025380710659898475,1,394,0.006880733944954129,3,436
object_det_to_noun,1,19,0.0005678591709256105,1,1761,0.0,0,394,0.0022935779816513763,1,436
object_det_to_noun,1,20,0.003975014196479273,7,1761,0.0025380710659898475,1,394,0.0022935779816513763,1,436
object_det_to_noun,1,21,0.007950028392958546,14,1761,0.01015228426395939,4,394,0.01834862385321101,8,436
object_det_to_noun,1,22,0.14991482112436116,264,1761,0.14720812182741116,58,394,0.14678899082568808,64,436
object_det_to_noun,1,23,0.004542873367404884,8,1761,0.0025380710659898475,1,394,0.0022935779816513763,1,436
object_det_to_noun,1,24,0.006246450880181715,11,1761,0.005076142131979695,2,394,0.009174311926605505,4,436
object_det_to_noun,1,25,0.4542873367404884,800,1761,0.47715736040609136,188,394,0.44495412844036697,194,436
object_det_to_noun,1,26,0.010221465076660987,18,1761,0.007614213197969543,3,394,0.006880733944954129,3,436
object_det_to_noun,1,27,0.004542873367404884,8,1761,0.0025380710659898475,1,394,0.013761467889908258,6,436
object_det_to_noun,2,0,0.0,0,1761,0.0,0,394,0.0,0,436
object_det_to_noun,2,1,0.001135718341851221,2,1761,0.0025380710659898475,1,394,0.0,0,436
object_det_to_noun,2,2,0.0,0,1761,0.0,0,394,0.0,0,436
object_det_to_noun,2,3,0.0,0,1761,0.0,0,394,0.0,0,436
object_det_to_noun,2,4,0.0,0,1761,0.0,0,394,0.0,0,436
object_det_to_noun,2,5,0.0,0,1761,0.0,0,394,0.0,0,436
object_det_to_noun,2,6,0.4281658148779103,754,1761,0.3883248730964467,153,394,0.3876146788990826,169,436
object_det_to_noun,2,7,0.0005678591709256105,1,1761,0.0,0,394,0.0022935779816513763,1,436
object_det_to_noun,2,8,0.15616127200454288,275,1761,0.1649746192893401,65,394,0.14908256880733944,65,436
object_det_to_noun,2,9,0.0017035775127768314,3,1761,0.0,0,394,0.0,0,436
object_det_to_noun,2,10,0.0017035775127768314,3,1761,0.0025380710659898475,1,394,0.0,0,436
object_det_to_noun,2,11,0.0005678591709256105,1,1761,0.0,0,394,0.0,0,436
object_det_to_noun,2,12,0.0005678591709256105,1,1761,0.0,0,394,0.0,0,436
object_det_to_noun,2,13,0.0005678591709256105,1,1761,0.0,0,394,0.0,0,436
object_det_to_noun,2,14,0.008517887563884156,15,1761,0.015228426395939087,6,394,0.022935779816513763,10,436
object_det_to_noun,2,15,0.009085746734809767,16,1761,0.0025380710659898475,1,394,0.016055045871559634,7,436
object_det_to_noun,2,16,0.3339011925042589,588,1761,0.30710659898477155,121,394,0.2958715596330275,129,436
object_det_to_noun,2,17,0.02328222600795003,41,1761,0.027918781725888325,11,394,0.01834862385321101,8,436
object_det_to_noun,2,18,0.001135718341851221,2,1761,0.0,0,394,0.0,0,436
object_det_to_noun,2,19,0.010221465076660987,18,1761,0.01015228426395939,4,394,0.009174311926605505,4,436
object_det_to_noun,2,20,0.11811470755252697,208,1761,0.1065989847715736,42,394,0.14220183486238533,62,436
object_det_to_noun,2,21,0.008517887563884156,15,1761,0.01015228426395939,4,394,0.01834862385321101,8,436
object_det_to_noun,2,22,0.010789324247586598,19,1761,0.005076142131979695,2,394,0.01834862385321101,8,436
object_det_to_noun,2,23,0.0380465644520159,67,1761,0.025380710659898477,10,394,0.04128440366972477,18,436
object_det_to_noun,2,24,0.09142532651902328,161,1761,0.08883248730964467,35,394,0.08944954128440367,39,436
object_det_to_noun,2,25,0.004542873367404884,8,1761,0.007614213197969543,3,394,0.0045871559633027525,2,436
object_det_to_noun,2,26,0.5911413969335605,1041,1761,0.5609137055837563,221,394,0.5688073394495413,248,436
object_det_to_noun,2,27,0.04258943781942078,75,1761,0.04568527918781726,18,394,0.0389908256880734,17,436
object_det_to_noun,3,0,0.05281090289608177,93,1761,0.06598984771573604,26,394,0.05045871559633028,22,436
object_det_to_noun,3,1,0.008517887563884156,15,1761,0.012690355329949238,5,394,0.009174311926605505,4,436
object_det_to_noun,3,2,0.004542873367404884,8,1761,0.0,0,394,0.011467889908256881,5,436
object_det_to_noun,3,3,0.1306076093128904,230,1761,0.13959390862944163,55,394,0.11238532110091744,49,436
object_det_to_noun,3,4,0.002271436683702442,4,1761,0.0,0,394,0.0022935779816513763,1,436
object_det_to_noun,3,5,0.028960817717206135,51,1761,0.03299492385786802,13,394,0.02522935779816514,11,436
object_det_to_noun,3,6,0.0005678591709256105,1,1761,0.0,0,394,0.0022935779816513763,1,436
object_det_to_noun,3,7,0.0017035775127768314,3,1761,0.0025380710659898475,1,394,0.0022935779816513763,1,436
object_det_to_noun,3,8,0.002271436683702442,4,1761,0.0025380710659898475,1,394,0.0045871559633027525,2,436
object_det_to_noun,3,9,0.0017035775127768314,3,1761,0.0025380710659898475,1,394,0.0022935779816513763,1,436
object_det_to_noun,3,10,0.0,0,1761,0.0,0,394,0.0,0,436
object_det_to_noun,3,11,0.0,0,1761,0.0,0,394,0.0,0,436
object_det_to_noun,3,12,0.006246450880181715,11,1761,0.005076142131979695,2,394,0.0045871559633027525,2,436
object_det_to_noun,3,13,0.022714366837024418,40,1761,0.027918781725888325,11,394,0.01834862385321101,8,436
object_det_to_noun,3,14,0.06246450880181715,110,1761,0.0583756345177665,23,394,0.06192660550458716,27,436
object_det_to_noun,3,15,0.6751845542305508,1189,1761,0.6472081218274112,255,394,0.6605504587155964,288,436
object_det_to_noun,3,16,0.014196479273140262,25,1761,0.005076142131979695,2,394,0.011467889908256881,5,436
object_det_to_noun,3,17,0.15843270868824533,279,1761,0.1319796954314721,52,394,0.1628440366972477,71,436
object_det_to_noun,3,18,0.0056785917092561046,10,1761,0.005076142131979695,2,394,0.0022935779816513763,1,436
object_det_to_noun,3,19,0.002271436683702442,4,1761,0.005076142131979695,2,394,0.0045871559633027525,2,436
object_det_to_noun,3,20,0.010789324247586598,19,1761,0.01015228426395939,4,394,0.013761467889908258,6,436
object_det_to_noun,3,21,0.07211811470755253,127,1761,0.11928934010152284,47,394,0.0871559633027523,38,436
object_det_to_noun,3,22,0.26405451448040884,465,1761,0.2563451776649746,101,394,0.23853211009174313,104,436
object_det_to_noun,3,23,0.33560477001703576,591,1761,0.32741116751269034,129,394,0.2981651376146789,130,436
object_det_to_noun,3,24,0.001135718341851221,2,1761,0.0025380710659898475,1,394,0.0022935779816513763,1,436
object_det_to_noun,3,25,0.009085746734809767,16,1761,0.007614213197969543,3,394,0.011467889908256881,5,436
object_det_to_noun,3,26,0.47756956274843837,841,1761,0.4467005076142132,176,394,0.46788990825688076,204,436
object_det_to_noun,3,27,0.8165814877910278,1438,1761,0.8045685279187818,317,394,0.8073394495412844,352,436
object_det_to_noun,4,0,0.09596819988642817,169,1761,0.07614213197969544,30,394,0.13073394495412843,57,436
object_det_to_noun,4,1,0.1743327654741624,307,1761,0.18274111675126903,72,394,0.17660550458715596,77,436
object_det_to_noun,4,2,0.1737649063032368,306,1761,0.15228426395939088,60,394,0.20642201834862386,90,436
object_det_to_noun,4,3,0.0653038046564452,115,1761,0.050761421319796954,20,394,0.05733944954128441,25,436
object_det_to_noun,4,4,0.07893242475865986,139,1761,0.06598984771573604,26,394,0.0779816513761468,34,436
object_det_to_noun,4,5,0.04713231118682567,83,1761,0.04568527918781726,18,394,0.05963302752293578,26,436
object_det_to_noun,4,6,0.021578648495173196,38,1761,0.025380710659898477,10,394,0.020642201834862386,9,436
object_det_to_noun,4,7,0.04258943781942078,75,1761,0.04314720812182741,17,394,0.0481651376146789,21,436
object_det_to_noun,4,8,0.05735377626348666,101,1761,0.048223350253807105,19,394,0.06651376146788991,29,436
object_det_to_noun,4,9,0.055082339579784215,97,1761,0.048223350253807105,19,394,0.06422018348623854,28,436
object_det_to_noun,4,10,0.049403747870528106,87,1761,0.05583756345177665,22,394,0.05504587155963303,24,436
object_det_to_noun,4,11,0.044860874503123226,79,1761,0.04568527918781726,18,394,0.05504587155963303,24,436
object_det_to_noun,4,12,0.060193072118114706,106,1761,0.0532994923857868,21,394,0.07110091743119266,31,436
object_det_to_noun,4,13,0.043725156161272004,77,1761,0.04568527918781726,18,394,0.05045871559633028,22,436
object_det_to_noun,4,14,0.03691084611016468,65,1761,0.027918781725888325,11,394,0.034403669724770644,15,436
object_det_to_noun,4,15,0.1845542305508234,325,1761,0.19289340101522842,76,394,0.19954128440366972,87,436
object_det_to_noun,4,16,0.06814310051107325,120,1761,0.0583756345177665,23,394,0.06880733944954129,30,436
object_det_to_noun,4,17,0.06927881885292447,122,1761,0.07106598984771574,28,394,0.07339449541284404,32,436
object_det_to_noun,4,18,0.05792163543441227,102,1761,0.050761421319796954,20,394,0.06192660550458716,27,436
object_det_to_noun,4,19,0.20045428733674048,353,1761,0.22081218274111675,87,394,0.21559633027522937,94,436
object_det_to_noun,4,20,0.05224304372515616,92,1761,0.04314720812182741,17,394,0.052752293577981654,23,436
object_det_to_noun,4,21,0.14934696195343555,263,1761,0.13705583756345177,54,394,0.19036697247706422,83,436
object_det_to_noun,4,22,0.12265758091993186,216,1761,0.1319796954314721,52,394,0.12614678899082568,55,436
object_det_to_noun,4,23,0.028392958546280524,50,1761,0.017766497461928935,7,394,0.027522935779816515,12,436
object_det_to_noun,4,24,0.2714366837024418,478,1761,0.2918781725888325,115,394,0.28211009174311924,123,436
object_det_to_noun,4,25,0.8398637137989778,1479,1761,0.7893401015228426,311,394,0.8463302752293578,369,436
object_det_to_noun,4,26,0.07438955139125497,131,1761,0.06091370558375635,24,394,0.08486238532110092,37,436
object_det_to_noun,4,27,0.13912549687677456,245,1761,0.12690355329949238,50,394,0.14220183486238533,62,436
object_det_to_noun,5,0,0.12152186257808063,214,1761,0.09644670050761421,38,394,0.11926605504587157,52,436
object_det_to_noun,5,1,0.004542873367404884,8,1761,0.005076142131979695,2,394,0.009174311926605505,4,436
object_det_to_noun,5,2,0.0,0,1761,0.0,0,394,0.0,0,436
object_det_to_noun,5,3,0.005110732538330494,9,1761,0.0025380710659898475,1,394,0.0022935779816513763,1,436
object_det_to_noun,5,4,0.021578648495173196,38,1761,0.015228426395939087,6,394,0.034403669724770644,15,436
object_det_to_noun,5,5,0.059057353776263484,104,1761,0.05583756345177665,22,394,0.04128440366972477,18,436
object_det_to_noun,5,6,0.02498580352072686,44,1761,0.03299492385786802,13,394,0.02981651376146789,13,436
object_det_to_noun,5,7,0.0380465644520159,67,1761,0.015228426395939087,6,394,0.03211009174311927,14,436
object_det_to_noun,5,8,0.028960817717206135,51,1761,0.025380710659898477,10,394,0.0481651376146789,21,436
object_det_to_noun,5,9,0.0073821692220329355,13,1761,0.0025380710659898475,1,394,0.0022935779816513763,1,436
object_det_to_noun,5,10,0.17319704713231118,305,1761,0.1548223350253807,61,394,0.1811926605504587,79,436
object_det_to_noun,5,11,0.06303236797274275,111,1761,0.050761421319796954,20,394,0.06880733944954129,30,436
object_det_to_noun,5,12,0.10732538330494037,189,1761,0.07868020304568528,31,394,0.14220183486238533,62,436
object_det_to_noun,5,13,0.034071550255536626,60,1761,0.027918781725888325,11,394,0.0481651376146789,21,436
object_det_to_noun,5,14,0.0017035775127768314,3,1761,0.0,0,394,0.0022935779816513763,1,436
object_det_to_noun,5,15,0.12833617262918795,226,1761,0.13959390862944163,55,394,0.15825688073394495,69,436
object_det_to_noun,5,16,0.0380465644520159,67,1761,0.050761421319796954,20,394,0.02981651376146789,13,436
object_det_to_noun,5,17,0.16751845542305507,295,1761,0.14213197969543148,56,394,0.18807339449541285,82,436
object_det_to_noun,5,18,0.5303804656445201,934,1761,0.49746192893401014,196,394,0.5160550458715596,225,436
object_det_to_noun,5,19,0.3901192504258944,687,1761,0.37055837563451777,146,394,0.4013761467889908,175,436
object_det_to_noun,5,20,0.06871095968199886,121,1761,0.07614213197969544,30,394,0.08944954128440367,39,436
object_det_to_noun,5,21,0.09312890403180012,164,1761,0.09644670050761421,38,394,0.10091743119266056,44,436
object_det_to_noun,5,22,0.0028392958546280523,5,1761,0.0025380710659898475,1,394,0.0022935779816513763,1,436
object_det_to_noun,5,23,0.03577512776831346,63,1761,0.025380710659898477,10,394,0.052752293577981654,23,436
object_det_to_noun,5,24,0.049403747870528106,87,1761,0.0583756345177665,23,394,0.07339449541284404,32,436
object_det_to_noun,5,25,0.0017035775127768314,3,1761,0.0025380710659898475,1,394,0.0,0,436
object_det_to_noun,5,26,0.08063600227143668,142,1761,0.06345177664974619,25,394,0.07339449541284404,32,436
object_det_to_noun,5,27,0.01306076093128904,23,1761,0.01015228426395939,4,394,0.011467889908256881,5,436
object_det_to_noun,6,0,0.001135718341851221,2,1761,0.0025380710659898475,1,394,0.0022935779816513763,1,436
object_det_to_noun,6,1,0.001135718341851221,2,1761,0.0025380710659898475,1,394,0.0022935779816513763,1,436
object_det_to_noun,6,2,0.001135718341851221,2,1761,0.0025380710659898475,1,394,0.0022935779816513763,1,436
object_det_to_noun,6,3,0.0,0,1761,0.0,0,394,0.0,0,436
object_det_to_noun,6,4,0.0017035775127768314,3,1761,0.0025380710659898475,1,394,0.0022935779816513763,1,436
object_det_to_noun,6,5,0.0017035775127768314,3,1761,0.005076142131979695,2,394,0.0,0,436
object_det_to_noun,6,6,0.0,0,1761,0.0,0,394,0.0,0,436
object_det_to_noun,6,7,0.0868824531516184,153,1761,0.07614213197969544,30,394,0.10550458715596331,46,436
object_det_to_noun,6,8,0.0017035775127768314,3,1761,0.0025380710659898475,1,394,0.0,0,436
object_det_to_noun,6,9,0.2061328790459966,363,1761,0.19543147208121828,77,394,0.19036697247706422,83,436
object_det_to_noun,6,10,0.02441794434980125,43,1761,0.030456852791878174,12,394,0.022935779816513763,10,436
object_det_to_noun,6,11,0.08404315729699034,148,1761,0.09390862944162437,37,394,0.09862385321100918,43,436
object_det_to_noun,6,12,0.011357183418512209,20,1761,0.01015228426395939,4,394,0.009174311926605505,4,436
object_det_to_noun,6,13,0.04145371947756956,73,1761,0.04060913705583756,16,394,0.03669724770642202,16,436
object_det_to_noun,6,14,0.08233957978421351,145,1761,0.07360406091370558,29,394,0.08486238532110092,37,436
object_det_to_noun,6,15,0.002271436683702442,4,1761,0.0025380710659898475,1,394,0.0022935779816513763,1,436
object_det_to_noun,6,16,0.532084043157297,937,1761,0.5380710659898477,212,394,0.536697247706422,234,436
object_det_to_noun,6,17,0.014764338444065871,26,1761,0.02030456852791878,8,394,0.013761467889908258,6,436
object_det_to_noun,6,18,0.097671777399205,172,1761,0.08629441624365482,34,394,0.09403669724770643,41,436
object_det_to_noun,6,19,0.03180011357183418,56,1761,0.02284263959390863,9,394,0.02981651376146789,13,436
object_det_to_noun,6,20,0.002271436683702442,4,1761,0.005076142131979695,2,394,0.0022935779816513763,1,436
object_det_to_noun,6,21,0.004542873367404884,8,1761,0.0,0,394,0.0022935779816513763,1,436
object_det_to_noun,6,22,0.4452015900056786,784,1761,0.42385786802030456,167,394,0.4036697247706422,176,436
object_det_to_noun,6,23,0.17773992049971607,313,1761,0.1751269035532995,69,394,0.15825688073394495,69,436
object_det_to_noun,6,24,0.0056785917092561046,10,1761,0.01015228426395939,4,394,0.0045871559633027525,2,436
object_det_to_noun,6,25,0.09369676320272573,165,1761,0.09390862944162437,37,394,0.11467889908256881,50,436
object_det_to_noun,6,26,0.002271436683702442,4,1761,0.0025380710659898475,1,394,0.0022935779816513763,1,436
object_det_to_noun,6,27,0.006246450880181715,11,1761,0.0025380710659898475,1,394,0.0045871559633027525,2,436
object_det_to_noun,7,0,0.027825099375354913,49,1761,0.017766497461928935,7,394,0.03669724770642202,16,436
object_det_to_noun,7,1,0.059625212947189095,105,1761,0.03299492385786802,13,394,0.07568807339449542,33,436
object_det_to_noun,7,2,0.26973310618966495,475,1761,0.27918781725888325,110,394,0.26146788990825687,114,436
object_det_to_noun,7,3,0.001135718341851221,2,1761,0.0025380710659898475,1,394,0.0,0,436
object_det_to_noun,7,4,0.0028392958546280523,5,1761,0.0,0,394,0.0022935779816513763,1,436
object_det_to_noun,7,5,0.46678023850085176,822,1761,0.4289340101522843,169,394,0.44495412844036697,194,436
object_det_to_noun,7,6,0.09312890403180012,164,1761,0.07360406091370558,29,394,0.12385321100917432,54,436
object_det_to_noun,7,7,0.19818285065303803,349,1761,0.22081218274111675,87,394,0.1926605504587156,84,436
object_det_to_noun,7,8,0.26007950028392957,458,1761,0.233502538071066,92,394,0.2591743119266055,113,436
object_det_to_noun,7,9,0.6263486655309484,1103,1761,0.6015228426395939,237,394,0.5848623853211009,255,436
object_det_to_noun,7,10,0.01590005678591709,28,1761,0.012690355329949238,5,394,0.013761467889908258,6,436
object_det_to_noun,7,11,0.03577512776831346,63,1761,0.03299492385786802,13,394,0.04128440366972477,18,436
object_det_to_noun,7,12,0.06416808631459398,113,1761,0.07106598984771574,28,394,0.05504587155963303,24,436
object_det_to_noun,7,13,0.2118114707552527,373,1761,0.1802030456852792,71,394,0.2018348623853211,88,436
object_det_to_noun,7,14,0.02612152186257808,46,1761,0.017766497461928935,7,394,0.02981651376146789,13,436
object_det_to_noun,7,15,0.059057353776263484,104,1761,0.04060913705583756,16,394,0.052752293577981654,23,436
object_det_to_noun,7,16,0.07268597387847814,128,1761,0.06345177664974619,25,394,0.08486238532110092,37,436
object_det_to_noun,7,17,0.02385008517887564,42,1761,0.017766497461928935,7,394,0.034403669724770644,15,436
object_det_to_noun,7,18,0.4179443498012493,736,1761,0.4035532994923858,159,394,0.44495412844036697,194,436
object_det_to_noun,7,19,0.010221465076660987,18,1761,0.02030456852791878,8,394,0.0045871559633027525,2,436
object_det_to_noun,7,20,0.07438955139125497,131,1761,0.07614213197969544,30,394,0.08027522935779817,35,436
object_det_to_noun,7,21,0.2873367404883589,506,1761,0.24873096446700507,98,394,0.2408256880733945,105,436
object_det_to_noun,7,22,0.022146507666098807,39,1761,0.025380710659898477,10,394,0.01834862385321101,8,436
object_det_to_noun,7,23,0.022146507666098807,39,1761,0.02030456852791878,8,394,0.027522935779816515,12,436
object_det_to_noun,7,24,0.07382169222032936,130,1761,0.08375634517766498,33,394,0.06422018348623854,28,436
object_det_to_noun,7,25,0.030096536059057353,53,1761,0.04568527918781726,18,394,0.03669724770642202,16,436
object_det_to_noun,7,26,0.054514480408858604,96,1761,0.06852791878172589,27,394,0.08486238532110092,37,436
object_det_to_noun,7,27,0.14991482112436116,264,1761,0.1548223350253807,61,394,0.1559633027522936,68,436
object_det_to_noun,8,0,0.11527541169789893,203,1761,0.1065989847715736,42,394,0.11467889908256881,50,436
object_det_to_noun,8,1,0.0,0,1761,0.0,0,394,0.0,0,436
object_det_to_noun,8,2,0.017603634298693924,31,1761,0.012690355329949238,5,394,0.013761467889908258,6,436
object_det_to_noun,8,3,0.004542873367404884,8,1761,0.007614213197969543,3,394,0.0045871559633027525,2,436
object_det_to_noun,8,4,0.010789324247586598,19,1761,0.007614213197969543,3,394,0.0045871559633027525,2,436
object_det_to_noun,8,5,0.09312890403180012,164,1761,0.07868020304568528,31,394,0.09862385321100918,43,436
object_det_to_noun,8,6,0.14821124361158433,261,1761,0.15228426395939088,60,394,0.14220183486238533,62,436
object_det_to_noun,8,7,0.06927881885292447,122,1761,0.07614213197969544,30,394,0.0779816513761468,34,436
object_det_to_noun,8,8,0.04202157864849517,74,1761,0.0583756345177665,23,394,0.05045871559633028,22,436
object_det_to_noun,8,9,0.027825099375354913,49,1761,0.03299492385786802,13,394,0.027522935779816515,12,436
object_det_to_noun,8,10,0.1033503691084611,182,1761,0.06852791878172589,27,394,0.07110091743119266,31,436
object_det_to_noun,8,11,0.1135718341851221,200,1761,0.1116751269035533,44,394,0.11467889908256881,50,436
object_det_to_noun,8,12,0.42191936399772856,743,1761,0.4035532994923858,159,394,0.43119266055045874,188,436
object_det_to_noun,8,13,0.04826802952867689,85,1761,0.04568527918781726,18,394,0.034403669724770644,15,436
object_det_to_noun,8,14,0.0017035775127768314,3,1761,0.0,0,394,0.0022935779816513763,1,436
object_det_to_noun,8,15,0.07666098807495741,135,1761,0.02284263959390863,9,394,0.06880733944954129,30,436
object_det_to_noun,8,16,0.010221465076660987,18,1761,0.0025380710659898475,1,394,0.0045871559633027525,2,436
object_det_to_noun,8,17,0.0028392958546280523,5,1761,0.005076142131979695,2,394,0.0,0,436
object_det_to_noun,8,18,0.0017035775127768314,3,1761,0.0025380710659898475,1,394,0.0022935779816513763,1,436
object_det_to_noun,8,19,0.0073821692220329355,13,1761,0.01015228426395939,4,394,0.0022935779816513763,1,436
object_det_to_noun,8,20,0.001135718341851221,2,1761,0.0025380710659898475,1,394,0.0,0,436
object_det_to_noun,8,21,0.0028392958546280523,5,1761,0.007614213197969543,3,394,0.0022935779816513763,1,436
object_det_to_noun,8,22,0.009085746734809767,16,1761,0.02284263959390863,9,394,0.0022935779816513763,1,436
object_det_to_noun,8,23,0.02441794434980125,43,1761,0.02284263959390863,9,394,0.027522935779816515,12,436
object_det_to_noun,8,24,0.009085746734809767,16,1761,0.017766497461928935,7,394,0.0022935779816513763,1,436
object_det_to_noun,8,25,0.008517887563884156,15,1761,0.01015228426395939,4,394,0.006880733944954129,3,436
object_det_to_noun,8,26,0.015332197614991482,27,1761,0.025380710659898477,10,394,0.01834862385321101,8,436
object_det_to_noun,8,27,0.009085746734809767,16,1761,0.02030456852791878,8,394,0.0045871559633027525,2,436
object_det_to_noun,9,0,0.13174332765474162,232,1761,0.1116751269035533,44,394,0.09862385321100918,43,436
object_det_to_noun,9,1,0.03577512776831346,63,1761,0.03553299492385787,14,394,0.03211009174311927,14,436
object_det_to_noun,9,2,0.03520726859738785,62,1761,0.04060913705583756,16,394,0.04128440366972477,18,436
object_det_to_noun,9,3,0.02498580352072686,44,1761,0.03553299492385787,14,394,0.022935779816513763,10,436
object_det_to_noun,9,4,0.07950028392958547,140,1761,0.05583756345177665,22,394,0.08256880733944955,36,436
object_det_to_noun,9,5,0.19875070982396364,350,1761,0.19796954314720813,78,394,0.18577981651376146,81,436
object_det_to_noun,9,6,0.27427597955706984,483,1761,0.23096446700507614,91,394,0.26376146788990823,115,436
object_det_to_noun,9,7,0.06700738216922203,118,1761,0.07106598984771574,28,394,0.05504587155963303,24,436
object_det_to_noun,9,8,0.1465076660988075,258,1761,0.14720812182741116,58,394,0.15825688073394495,69,436
object_det_to_noun,9,9,0.0925610448608745,163,1761,0.08121827411167512,32,394,0.09403669724770643,41,436
object_det_to_noun,9,10,0.0068143100511073255,12,1761,0.02030456852791878,8,394,0.011467889908256881,5,436
object_det_to_noun,9,11,0.26519023282226006,467,1761,0.2969543147208122,117,394,0.268348623853211,117,436
object_det_to_noun,9,12,0.018171493469619535,32,1761,0.007614213197969543,3,394,0.013761467889908258,6,436
object_det_to_noun,9,13,0.20329358319136853,358,1761,0.2182741116751269,86,394,0.19495412844036697,85,436
object_det_to_noun,9,14,0.23793299261783077,419,1761,0.22842639593908629,90,394,0.25,109,436
object_det_to_noun,9,15,0.08517887563884156,150,1761,0.06598984771573604,26,394,0.08256880733944955,36,436
object_det_to_noun,9,16,0.18171493469619535,320,1761,0.18527918781725888,73,394,0.1743119266055046,76,436
object_det_to_noun,9,17,0.0919931856899489,162,1761,0.08629441624365482,34,394,0.09862385321100918,43,436
object_det_to_noun,9,18,0.028392958546280524,50,1761,0.03553299492385787,14,394,0.02522935779816514,11,436
object_det_to_noun,9,19,0.020442930153321975,36,1761,0.027918781725888325,11,394,0.022935779816513763,10,436
object_det_to_noun,9,20,0.029528676888131742,52,1761,0.01015228426395939,4,394,0.02981651376146789,13,436
object_det_to_noun,9,21,0.0925610448608745,163,1761,0.07614213197969544,30,394,0.06651376146788991,29,436
object_det_to_noun,9,22,0.015332197614991482,27,1761,0.015228426395939087,6,394,0.013761467889908258,6,436
object_det_to_noun,9,23,0.3038046564452016,535,1761,0.2614213197969543,103,394,0.27522935779816515,120,436
object_det_to_noun,9,24,0.05167518455423055,91,1761,0.06598984771573604,26,394,0.05733944954128441,25,436
object_det_to_noun,9,25,0.1368540601930721,241,1761,0.11421319796954314,45,394,0.1743119266055046,76,436
object_det_to_noun,9,26,0.06132879045996593,108,1761,0.048223350253807105,19,394,0.06422018348623854,28,436
object_det_to_noun,9,27,0.2174900624645088,383,1761,0.21573604060913706,85,394,0.19036697247706422,83,436
object_det_to_noun,10,0,0.01192504258943782,21,1761,0.012690355329949238,5,394,0.006880733944954129,3,436
object_det_to_noun,10,1,0.19875070982396364,350,1761,0.20050761421319796,79,394,0.1811926605504587,79,436
object_det_to_noun,10,2,0.009085746734809767,16,1761,0.025380710659898477,10,394,0.02981651376146789,13,436
object_det_to_noun,10,3,0.02441794434980125,43,1761,0.030456852791878174,12,394,0.016055045871559634,7,436
object_det_to_noun,10,4,0.0,0,1761,0.0,0,394,0.0,0,436
object_det_to_noun,10,5,0.0005678591709256105,1,1761,0.0,0,394,0.0,0,436
object_det_to_noun,10,6,0.16524701873935263,291,1761,0.1548223350253807,61,394,0.17660550458715596,77,436
object_det_to_noun,10,7,0.04088586030664395,72,1761,0.050761421319796954,20,394,0.0389908256880734,17,436
object_det_to_noun,10,8,0.03577512776831346,63,1761,0.030456852791878174,12,394,0.027522935779816515,12,436
object_det_to_noun,10,9,0.06814310051107325,120,1761,0.06345177664974619,25,394,0.06192660550458716,27,436
object_det_to_noun,10,10,0.003975014196479273,7,1761,0.005076142131979695,2,394,0.0,0,436
object_det_to_noun,10,11,0.21976149914821125,387,1761,0.20558375634517767,81,394,0.20642201834862386,90,436
object_det_to_noun,10,12,0.03747870528109029,66,1761,0.02284263959390863,9,394,0.020642201834862386,9,436
object_det_to_noun,10,13,0.14877910278250994,262,1761,0.1548223350253807,61,394,0.13302752293577982,58,436
object_det_to_noun,10,14,0.10051107325383304,177,1761,0.1116751269035533,44,394,0.09403669724770643,41,436
object_det_to_noun,10,15,0.282793867120954,498,1761,0.26649746192893403,105,394,0.286697247706422,125,436
object_det_to_noun,10,16,0.039182282793867124,69,1761,0.027918781725888325,11,394,0.03669724770642202,16,436
object_det_to_noun,10,17,0.0056785917092561046,10,1761,0.01015228426395939,4,394,0.0045871559633027525,2,436
object_det_to_noun,10,18,0.01192504258943782,21,1761,0.01015228426395939,4,394,0.0045871559633027525,2,436
object_det_to_noun,10,19,0.059057353776263484,104,1761,0.06598984771573604,26,394,0.07568807339449542,33,436
object_det_to_noun,10,20,0.022714366837024418,40,1761,0.025380710659898477,10,394,0.022935779816513763,10,436
object_det_to_noun,10,21,0.08517887563884156,150,1761,0.1116751269035533,44,394,0.11238532110091744,49,436
object_det_to_noun,10,22,0.002271436683702442,4,1761,0.0,0,394,0.0022935779816513763,1,436
object_det_to_noun,10,23,0.0704145371947757,124,1761,0.08121827411167512,32,394,0.07110091743119266,31,436
object_det_to_noun,10,24,0.2220329358319137,391,1761,0.19289340101522842,76,394,0.19036697247706422,83,436
object_det_to_noun,10,25,0.3492333901192504,615,1761,0.3350253807106599,132,394,0.32798165137614677,143,436
object_det_to_noun,10,26,0.002271436683702442,4,1761,0.0025380710659898475,1,394,0.0045871559633027525,2,436
object_det_to_noun,10,27,0.0028392958546280523,5,1761,0.0,0,394,0.0045871559633027525,2,436
object_det_to_noun,11,0,0.02612152186257808,46,1761,0.027918781725888325,11,394,0.034403669724770644,15,436
object_det_to_noun,11,1,0.0,0,1761,0.0,0,394,0.0,0,436
object_det_to_noun,11,2,0.017035775127768313,30,1761,0.012690355329949238,5,394,0.009174311926605505,4,436
object_det_to_noun,11,3,0.04088586030664395,72,1761,0.027918781725888325,11,394,0.022935779816513763,10,436
object_det_to_noun,11,4,0.0017035775127768314,3,1761,0.0025380710659898475,1,394,0.0,0,436
object_det_to_noun,11,5,0.005110732538330494,9,1761,0.0,0,394,0.009174311926605505,4,436
object_det_to_noun,11,6,0.29642248722316866,522,1761,0.29949238578680204,118,394,0.2798165137614679,122,436
object_det_to_noun,11,7,0.1692220329358319,298,1761,0.1598984771573604,63,394,0.1834862385321101,80,436
object_det_to_noun,11,8,0.027825099375354913,49,1761,0.02284263959390863,9,394,0.04357798165137615,19,436
object_det_to_noun,11,9,0.039182282793867124,69,1761,0.048223350253807105,19,394,0.05504587155963303,24,436
object_det_to_noun,11,10,0.0056785917092561046,10,1761,0.005076142131979695,2,394,0.009174311926605505,4,436
object_det_to_noun,11,11,0.022146507666098807,39,1761,0.030456852791878174,12,394,0.01834862385321101,8,436
object_det_to_noun,11,12,0.01590005678591709,28,1761,0.017766497461928935,7,394,0.03211009174311927,14,436
object_det_to_noun,11,13,0.03236797274275979,57,1761,0.04568527918781726,18,394,0.04128440366972477,18,436
object_det_to_noun,11,14,0.1794434980124929,316,1761,0.19289340101522842,76,394,0.21559633027522937,94,436
object_det_to_noun,11,15,0.07779670641680864,137,1761,0.0583756345177665,23,394,0.06192660550458716,27,436
object_det_to_noun,11,16,0.1686541737649063,297,1761,0.16243654822335024,64,394,0.13990825688073394,61,436
object_det_to_noun,11,17,0.47189097103918226,831,1761,0.4796954314720812,189,394,0.47706422018348627,208,436
object_det_to_noun,11,18,0.05337876206700738,94,1761,0.03807106598984772,15,394,0.05963302752293578,26,436
object_det_to_noun,11,19,0.008517887563884156,15,1761,0.0,0,394,0.016055045871559634,7,436
object_det_to_noun,11,20,0.05735377626348666,101,1761,0.0583756345177665,23,394,0.05963302752293578,26,436
object_det_to_noun,11,21,0.013628620102214651,24,1761,0.015228426395939087,6,394,0.016055045871559634,7,436
object_det_to_noun,11,22,0.04599659284497445,81,1761,0.048223350253807105,19,394,0.04128440366972477,18,436
object_det_to_noun,11,23,0.06132879045996593,108,1761,0.07614213197969544,30,394,0.08486238532110092,37,436
object_det_to_noun,11,24,0.17262918796138557,304,1761,0.15736040609137056,62,394,0.1559633027522936,68,436
object_det_to_noun,11,25,0.034071550255536626,60,1761,0.03553299492385787,14,394,0.04357798165137615,19,436
object_det_to_noun,11,26,0.1890971039182283,333,1761,0.21573604060913706,85,394,0.22706422018348624,99,436
object_det_to_noun,11,27,0.02555366269165247,45,1761,0.027918781725888325,11,394,0.02981651376146789,13,436
object_det_to_noun,12,0,0.2975582055650199,524,1761,0.28426395939086296,112,394,0.27522935779816515,120,436
object_det_to_noun,12,1,0.14253265190232822,251,1761,0.1446700507614213,57,394,0.13073394495412843,57,436
object_det_to_noun,12,2,0.007950028392958546,14,1761,0.01015228426395939,4,394,0.006880733944954129,3,436
object_det_to_noun,12,3,0.0,0,1761,0.0,0,394,0.0,0,436
object_det_to_noun,12,4,0.01590005678591709,28,1761,0.02030456852791878,8,394,0.022935779816513763,10,436
object_det_to_noun,12,5,0.06189664963089154,109,1761,0.027918781725888325,11,394,0.04357798165137615,19,436
object_det_to_noun,12,6,0.015332197614991482,27,1761,0.02030456852791878,8,394,0.013761467889908258,6,436
object_det_to_noun,12,7,0.020442930153321975,36,1761,0.02030456852791878,8,394,0.009174311926605505,4,436
object_det_to_noun,12,8,0.02498580352072686,44,1761,0.02030456852791878,8,394,0.02522935779816514,11,436
object_det_to_noun,12,9,0.19591141396933562,345,1761,0.20304568527918782,80,394,0.18577981651376146,81,436
object_det_to_noun,12,10,0.020442930153321975,36,1761,0.03299492385786802,13,394,0.034403669724770644,15,436
object_det_to_noun,12,11,0.013628620102214651,24,1761,0.02284263959390863,9,394,0.011467889908256881,5,436
object_det_to_noun,12,12,0.033503691084611015,59,1761,0.027918781725888325,11,394,0.0389908256880734,17,436
object_det_to_noun,12,13,0.039750141964792735,70,1761,0.02030456852791878,8,394,0.027522935779816515,12,436
object_det_to_noun,12,14,0.027257240204429302,48,1761,0.027918781725888325,11,394,0.016055045871559634,7,436
object_det_to_noun,12,15,0.04315729699034639,76,1761,0.04060913705583756,16,394,0.027522935779816515,12,436
object_det_to_noun,12,16,0.020442930153321975,36,1761,0.007614213197969543,3,394,0.013761467889908258,6,436
object_det_to_noun,12,17,0.03861442362294151,68,1761,0.04568527918781726,18,394,0.034403669724770644,15,436
object_det_to_noun,12,18,0.022146507666098807,39,1761,0.017766497461928935,7,394,0.01834862385321101,8,436
object_det_to_noun,12,19,0.034071550255536626,60,1761,0.027918781725888325,11,394,0.03211009174311927,14,436
object_det_to_noun,12,20,0.17206132879045996,303,1761,0.17258883248730963,68,394,0.16743119266055045,73,436
object_det_to_noun,12,21,0.0028392958546280523,5,1761,0.0,0,394,0.0022935779816513763,1,436
object_det_to_noun,12,22,0.030096536059057353,53,1761,0.017766497461928935,7,394,0.03211009174311927,14,436
object_det_to_noun,12,23,0.010221465076660987,18,1761,0.007614213197969543,3,394,0.006880733944954129,3,436
object_det_to_noun,12,24,0.2447473026689381,431,1761,0.25380710659898476,100,394,0.25,109,436
object_det_to_noun,12,25,0.031232254400908575,55,1761,0.027918781725888325,11,394,0.022935779816513763,10,436
object_det_to_noun,12,26,0.06984667802385008,123,1761,0.06852791878172589,27,394,0.0389908256880734,17,436
object_det_to_noun,12,27,0.018171493469619535,32,1761,0.012690355329949238,5,394,0.016055045871559634,7,436
object_det_to_noun,13,0,0.09085746734809767,160,1761,0.07106598984771574,28,394,0.0779816513761468,34,436
object_det_to_noun,13,1,0.018739352640545145,33,1761,0.005076142131979695,2,394,0.009174311926605505,4,436
object_det_to_noun,13,2,0.06189664963089154,109,1761,0.0583756345177665,23,394,0.06422018348623854,28,436
object_det_to_noun,13,3,0.04145371947756956,73,1761,0.04314720812182741,17,394,0.045871559633027525,20,436
object_det_to_noun,13,4,0.03634298693923907,64,1761,0.03553299492385787,14,394,0.022935779816513763,10,436
object_det_to_noun,13,5,0.08517887563884156,150,1761,0.09390862944162437,37,394,0.08486238532110092,37,436
object_det_to_noun,13,6,0.008517887563884156,15,1761,0.0025380710659898475,1,394,0.0022935779816513763,1,436
object_det_to_noun,13,7,0.021578648495173196,38,1761,0.02284263959390863,9,394,0.022935779816513763,10,436
object_det_to_noun,13,8,0.007950028392958546,14,1761,0.01015228426395939,4,394,0.006880733944954129,3,436
object_det_to_noun,13,9,0.0056785917092561046,10,1761,0.0025380710659898475,1,394,0.0022935779816513763,1,436
object_det_to_noun,13,10,0.0709823963657013,125,1761,0.07868020304568528,31,394,0.06192660550458716,27,436
object_det_to_noun,13,11,0.06587166382737081,116,1761,0.050761421319796954,20,394,0.07568807339449542,33,436
object_det_to_noun,13,12,0.16013628620102216,282,1761,0.1319796954314721,52,394,0.12844036697247707,56,436
object_det_to_noun,13,13,0.0,0,1761,0.0,0,394,0.0,0,436
object_det_to_noun,13,14,0.08461101646791595,149,1761,0.07360406091370558,29,394,0.08256880733944955,36,436
object_det_to_noun,13,15,0.044860874503123226,79,1761,0.04060913705583756,16,394,0.052752293577981654,23,436
object_det_to_noun,13,16,0.07552526973310619,133,1761,0.04314720812182741,17,394,0.05504587155963303,24,436
object_det_to_noun,13,17,0.05224304372515616,92,1761,0.050761421319796954,20,394,0.05504587155963303,24,436
object_det_to_noun,13,18,0.056218057921635436,99,1761,0.0532994923857868,21,394,0.045871559633027525,20,436
object_det_to_noun,13,19,0.017035775127768313,30,1761,0.025380710659898477,10,394,0.009174311926605505,4,436
object_det_to_noun,13,20,0.10732538330494037,189,1761,0.07614213197969544,30,394,0.09403669724770643,41,436
object_det_to_noun,13,21,0.055650198750709826,98,1761,0.04060913705583756,16,394,0.034403669724770644,15,436
object_det_to_noun,13,22,0.09426462237365134,166,1761,0.08629441624365482,34,394,0.0779816513761468,34,436
object_det_to_noun,13,23,0.020442930153321975,36,1761,0.02284263959390863,9,394,0.03669724770642202,16,436
object_det_to_noun,13,24,0.059625212947189095,105,1761,0.07360406091370558,29,394,0.05504587155963303,24,436
object_det_to_noun,13,25,0.15388983532084044,271,1761,0.15736040609137056,62,394,0.1720183486238532,75,436
object_det_to_noun,13,26,0.027257240204429302,48,1761,0.04060913705583756,16,394,0.0389908256880734,17,436
object_det_to_noun,13,27,0.05053946621237933,89,1761,0.04060913705583756,16,394,0.05045871559633028,22,436
object_det_to_noun,14,0,0.08801817149346962,155,1761,0.07868020304568528,31,394,0.0779816513761468,34,436
object_det_to_noun,14,1,0.03634298693923907,64,1761,0.027918781725888325,11,394,0.027522935779816515,12,436
object_det_to_noun,14,2,0.03861442362294151,68,1761,0.027918781725888325,11,394,0.027522935779816515,12,436
object_det_to_noun,14,3,0.034639409426462237,61,1761,0.030456852791878174,12,394,0.020642201834862386,9,436
object_det_to_noun,14,4,0.0760931289040318,134,1761,0.06852791878172589,27,394,0.06422018348623854,28,436
object_det_to_noun,14,5,0.032935831913685404,58,1761,0.03299492385786802,13,394,0.022935779816513763,10,436
object_det_to_noun,14,6,0.3424190800681431,603,1761,0.33248730964467005,131,394,0.3165137614678899,138,436
object_det_to_noun,14,7,0.014196479273140262,25,1761,0.007614213197969543,3,394,0.0045871559633027525,2,436
object_det_to_noun,14,8,0.02498580352072686,44,1761,0.007614213197969543,3,394,0.01834862385321101,8,436
object_det_to_noun,14,9,0.07495741056218058,132,1761,0.06091370558375635,24,394,0.04357798165137615,19,436
object_det_to_noun,14,10,0.01590005678591709,28,1761,0.015228426395939087,6,394,0.0045871559633027525,2,436
object_det_to_noun,14,11,0.10618966496308915,187,1761,0.11421319796954314,45,394,0.0871559633027523,38,436
object_det_to_noun,14,12,0.018171493469619535,32,1761,0.015228426395939087,6,394,0.011467889908256881,5,436
object_det_to_noun,14,13,0.01590005678591709,28,1761,0.012690355329949238,5,394,0.013761467889908258,6,436
object_det_to_noun,14,14,0.04145371947756956,73,1761,0.04568527918781726,18,394,0.02981651376146789,13,436
object_det_to_noun,14,15,0.09596819988642817,169,1761,0.08883248730964467,35,394,0.0871559633027523,38,436
object_det_to_noun,14,16,0.02328222600795003,41,1761,0.04314720812182741,17,394,0.020642201834862386,9,436
object_det_to_noun,14,17,0.020442930153321975,36,1761,0.02030456852791878,8,394,0.006880733944954129,3,436
object_det_to_noun,14,18,0.022714366837024418,40,1761,0.017766497461928935,7,394,0.02522935779816514,11,436
object_det_to_noun,14,19,0.02612152186257808,46,1761,0.025380710659898477,10,394,0.02522935779816514,11,436
object_det_to_noun,14,20,0.04258943781942078,75,1761,0.04314720812182741,17,394,0.03211009174311927,14,436
object_det_to_noun,14,21,0.01306076093128904,23,1761,0.01015228426395939,4,394,0.009174311926605505,4,436
object_det_to_noun,14,22,0.02498580352072686,44,1761,0.02030456852791878,8,394,0.027522935779816515,12,436
object_det_to_noun,14,23,0.18057921635434412,318,1761,0.1548223350253807,61,394,0.15825688073394495,69,436
object_det_to_noun,14,24,0.030664395229982964,54,1761,0.015228426395939087,6,394,0.020642201834862386,9,436
object_det_to_noun,14,25,0.1306076093128904,230,1761,0.1218274111675127,48,394,0.12385321100917432,54,436
object_det_to_noun,14,26,0.005110732538330494,9,1761,0.0025380710659898475,1,394,0.0,0,436
object_det_to_noun,14,27,0.02555366269165247,45,1761,0.017766497461928935,7,394,0.02522935779816514,11,436
object_det_to_noun,15,0,0.003975014196479273,7,1761,0.0,0,394,0.0,0,436
object_det_to_noun,15,1,0.019307211811470756,34,1761,0.012690355329949238,5,394,0.011467889908256881,5,436
object_det_to_noun,15,2,0.006246450880181715,11,1761,0.0025380710659898475,1,394,0.0045871559633027525,2,436
object_det_to_noun,15,3,0.0068143100511073255,12,1761,0.0025380710659898475,1,394,0.0,0,436
object_det_to_noun,15,4,0.009653605905735378,17,1761,0.007614213197969543,3,394,0.0,0,436
object_det_to_noun,15,5,0.013628620102214651,24,1761,0.017766497461928935,7,394,0.0045871559633027525,2,436
object_det_to_noun,15,6,0.11016467915956843,194,1761,0.116751269035533,46,394,0.11009174311926606,48,436
object_det_to_noun,15,7,0.021578648495173196,38,1761,0.017766497461928935,7,394,0.01834862385321101,8,436
object_det_to_noun,15,8,0.06757524134014764,119,1761,0.0532994923857868,21,394,0.052752293577981654,23,436
object_det_to_noun,15,9,0.06643952299829642,117,1761,0.06852791878172589,27,394,0.05963302752293578,26,436
object_det_to_noun,15,10,0.0056785917092561046,10,1761,0.007614213197969543,3,394,0.0022935779816513763,1,436
object_det_to_noun,15,11,0.0,0,1761,0.0,0,394,0.0,0,436
object_det_to_noun,15,12,0.0,0,1761,0.0025380710659898475,1,394,0.0,0,436
object_det_to_noun,15,13,0.06076093128904032,107,1761,0.048223350253807105,19,394,0.06192660550458716,27,436
object_det_to_noun,15,14,0.011357183418512209,20,1761,0.005076142131979695,2,394,0.013761467889908258,6,436
object_det_to_noun,15,15,0.02498580352072686,44,1761,0.01015228426395939,4,394,0.009174311926605505,4,436
object_det_to_noun,15,16,0.08517887563884156,150,1761,0.06598984771573604,26,394,0.07110091743119266,31,436
object_det_to_noun,15,17,0.0056785917092561046,10,1761,0.0025380710659898475,1,394,0.0045871559633027525,2,436
object_det_to_noun,15,18,0.0056785917092561046,10,1761,0.005076142131979695,2,394,0.0045871559633027525,2,436
object_det_to_noun,15,19,0.0034071550255536627,6,1761,0.0025380710659898475,1,394,0.0045871559633027525,2,436
object_det_to_noun,15,20,0.003975014196479273,7,1761,0.005076142131979695,2,394,0.0,0,436
object_det_to_noun,15,21,0.14310051107325383,252,1761,0.11928934010152284,47,394,0.1353211009174312,59,436
object_det_to_noun,15,22,0.045428733674048836,80,1761,0.048223350253807105,19,394,0.03211009174311927,14,436
object_det_to_noun,15,23,0.11584327086882454,204,1761,0.10406091370558376,41,394,0.09403669724770643,41,436
object_det_to_noun,15,24,0.055650198750709826,98,1761,0.03553299492385787,14,394,0.05045871559633028,22,436
object_det_to_noun,15,25,0.03861442362294151,68,1761,0.03807106598984772,15,394,0.03669724770642202,16,436
object_det_to_noun,15,26,0.0068143100511073255,12,1761,0.0025380710659898475,1,394,0.0045871559633027525,2,436
object_det_to_noun,15,27,0.23793299261783077,419,1761,0.24619289340101522,97,394,0.26376146788990823,115,436
object_det_to_noun,16,0,0.017603634298693924,31,1761,0.025380710659898477,10,394,0.006880733944954129,3,436
object_det_to_noun,16,1,0.1135718341851221,200,1761,0.11421319796954314,45,394,0.0963302752293578,42,436
object_det_to_noun,16,2,0.022146507666098807,39,1761,0.01015228426395939,4,394,0.027522935779816515,12,436
object_det_to_noun,16,3,0.022146507666098807,39,1761,0.012690355329949238,5,394,0.020642201834862386,9,436
object_det_to_noun,16,4,0.034071550255536626,60,1761,0.02284263959390863,9,394,0.03669724770642202,16,436
object_det_to_noun,16,5,0.02668938103350369,47,1761,0.017766497461928935,7,394,0.03211009174311927,14,436
object_det_to_noun,16,6,0.03634298693923907,64,1761,0.030456852791878174,12,394,0.03211009174311927,14,436
object_det_to_noun,16,7,0.0817717206132879,144,1761,0.07106598984771574,28,394,0.10321100917431193,45,436
object_det_to_noun,16,8,0.0034071550255536627,6,1761,0.0025380710659898475,1,394,0.013761467889908258,6,436
object_det_to_noun,16,9,0.015332197614991482,27,1761,0.015228426395939087,6,394,0.013761467889908258,6,436
object_det_to_noun,16,10,0.028960817717206135,51,1761,0.03299492385786802,13,394,0.04128440366972477,18,436
object_det_to_noun,16,11,0.07211811470755253,127,1761,0.06345177664974619,25,394,0.06880733944954129,30,436
object_det_to_noun,16,12,0.003975014196479273,7,1761,0.0025380710659898475,1,394,0.0022935779816513763,1,436
object_det_to_noun,16,13,0.29528676888131744,520,1761,0.2969543147208122,117,394,0.2706422018348624,118,436
object_det_to_noun,16,14,0.11811470755252697,208,1761,0.09390862944162437,37,394,0.13990825688073394,61,436
object_det_to_noun,16,15,0.019875070982396367,35,1761,0.02030456852791878,8,394,0.013761467889908258,6,436
object_det_to_noun,16,16,0.03520726859738785,62,1761,0.03553299492385787,14,394,0.03669724770642202,16,436
object_det_to_noun,16,17,0.05224304372515616,92,1761,0.04060913705583756,16,394,0.045871559633027525,20,436
object_det_to_noun,16,18,0.022146507666098807,39,1761,0.01015228426395939,4,394,0.02522935779816514,11,436
object_det_to_noun,16,19,0.05735377626348666,101,1761,0.050761421319796954,20,394,0.045871559633027525,20,436
object_det_to_noun,16,20,0.2220329358319137,391,1761,0.22842639593908629,90,394,0.22935779816513763,100,436
object_det_to_noun,16,21,0.0028392958546280523,5,1761,0.0,0,394,0.0,0,436
object_det_to_noun,16,22,0.005110732538330494,9,1761,0.007614213197969543,3,394,0.009174311926605505,4,436
object_det_to_noun,16,23,0.2061328790459966,363,1761,0.18527918781725888,73,394,0.22706422018348624,99,436
object_det_to_noun,16,24,0.010221465076660987,18,1761,0.012690355329949238,5,394,0.013761467889908258,6,436
object_det_to_noun,16,25,0.0073821692220329355,13,1761,0.0025380710659898475,1,394,0.0,0,436
object_det_to_noun,16,26,0.22373651334469052,394,1761,0.19796954314720813,78,394,0.2018348623853211,88,436
object_det_to_noun,16,27,0.02441794434980125,43,1761,0.01015228426395939,4,394,0.020642201834862386,9,436
object_det_to_noun,17,0,0.013628620102214651,24,1761,0.01015228426395939,4,394,0.0022935779816513763,1,436
object_det_to_noun,17,1,0.027257240204429302,48,1761,0.02030456852791878,8,394,0.011467889908256881,5,436
object_det_to_noun,17,2,0.028392958546280524,50,1761,0.02030456852791878,8,394,0.016055045871559634,7,436
object_det_to_noun,17,3,0.38671209540034074,681,1761,0.4010152284263959,158,394,0.3761467889908257,164,436
object_det_to_noun,17,4,0.17149346961953435,302,1761,0.1700507614213198,67,394,0.17889908256880735,78,436
object_det_to_noun,17,5,0.02612152186257808,46,1761,0.02284263959390863,9,394,0.020642201834862386,9,436
object_det_to_noun,17,6,0.004542873367404884,8,1761,0.0,0,394,0.0045871559633027525,2,436
object_det_to_noun,17,7,0.1260647359454855,222,1761,0.10406091370558376,41,394,0.11926605504587157,52,436
object_det_to_noun,17,8,0.262350936967632,462,1761,0.25380710659898476,100,394,0.2591743119266055,113,436
object_det_to_noun,17,9,0.02555366269165247,45,1761,0.015228426395939087,6,394,0.022935779816513763,10,436
object_det_to_noun,17,10,0.05792163543441227,102,1761,0.050761421319796954,20,394,0.045871559633027525,20,436
object_det_to_noun,17,11,0.25383304940374785,447,1761,0.233502538071066,92,394,0.21788990825688073,95,436
object_det_to_noun,17,12,0.039750141964792735,70,1761,0.050761421319796954,20,394,0.045871559633027525,20,436
object_det_to_noun,17,13,0.054514480408858604,96,1761,0.0583756345177665,23,394,0.052752293577981654,23,436
object_det_to_noun,17,14,0.028392958546280524,50,1761,0.03553299492385787,14,394,0.02522935779816514,11,436
object_det_to_noun,17,15,0.05281090289608177,93,1761,0.050761421319796954,20,394,0.05045871559633028,22,436
object_det_to_noun,17,16,0.007950028392958546,14,1761,0.0025380710659898475,1,394,0.0,0,436
object_det_to_noun,17,17,0.04599659284497445,81,1761,0.03299492385786802,13,394,0.03669724770642202,16,436
object_det_to_noun,17,18,0.06700738216922203,118,1761,0.06852791878172589,27,394,0.06422018348623854,28,436
object_det_to_noun,17,19,0.03577512776831346,63,1761,0.03299492385786802,13,394,0.020642201834862386,9,436
object_det_to_noun,17,20,0.02668938103350369,47,1761,0.017766497461928935,7,394,0.022935779816513763,10,436
object_det_to_noun,17,21,0.01306076093128904,23,1761,0.005076142131979695,2,394,0.01834862385321101,8,436
object_det_to_noun,17,22,0.011357183418512209,20,1761,0.015228426395939087,6,394,0.009174311926605505,4,436
object_det_to_noun,17,23,0.01590005678591709,28,1761,0.012690355329949238,5,394,0.027522935779816515,12,436
object_det_to_noun,17,24,0.04088586030664395,72,1761,0.050761421319796954,20,394,0.02981651376146789,13,436
object_det_to_noun,17,25,0.006246450880181715,11,1761,0.005076142131979695,2,394,0.006880733944954129,3,436
object_det_to_noun,17,26,0.010789324247586598,19,1761,0.007614213197969543,3,394,0.0045871559633027525,2,436
object_det_to_noun,17,27,0.032935831913685404,58,1761,0.030456852791878174,12,394,0.03211009174311927,14,436
object_det_to_noun,18,0,0.24304372515616127,428,1761,0.22842639593908629,90,394,0.21559633027522937,94,436
object_det_to_noun,18,1,0.0028392958546280523,5,1761,0.0025380710659898475,1,394,0.0045871559633027525,2,436
object_det_to_noun,18,2,0.0028392958546280523,5,1761,0.007614213197969543,3,394,0.0045871559633027525,2,436
object_det_to_noun,18,3,0.034071550255536626,60,1761,0.027918781725888325,11,394,0.027522935779816515,12,436
object_det_to_noun,18,4,0.18568994889267462,327,1761,0.18781725888324874,74,394,0.22018348623853212,96,436
object_det_to_noun,18,5,0.011357183418512209,20,1761,0.02030456852791878,8,394,0.009174311926605505,4,436
object_det_to_noun,18,6,0.018739352640545145,33,1761,0.0025380710659898475,1,394,0.020642201834862386,9,436
object_det_to_noun,18,7,0.4151050539466212,731,1761,0.3883248730964467,153,394,0.3853211009174312,168,436
object_det_to_noun,18,8,0.0017035775127768314,3,1761,0.0025380710659898475,1,394,0.0045871559633027525,2,436
object_det_to_noun,18,9,0.034071550255536626,60,1761,0.02030456852791878,8,394,0.022935779816513763,10,436
object_det_to_noun,18,10,0.0709823963657013,125,1761,0.0583756345177665,23,394,0.05963302752293578,26,436
object_det_to_noun,18,11,0.008517887563884156,15,1761,0.005076142131979695,2,394,0.009174311926605505,4,436
object_det_to_noun,18,12,0.022146507666098807,39,1761,0.017766497461928935,7,394,0.013761467889908258,6,436
object_det_to_noun,18,13,0.12776831345826234,225,1761,0.1065989847715736,42,394,0.12155963302752294,53,436
object_det_to_noun,18,14,0.06416808631459398,113,1761,0.0532994923857868,21,394,0.05963302752293578,26,436
object_det_to_noun,18,15,0.07893242475865986,139,1761,0.07106598984771574,28,394,0.06651376146788991,29,436
object_det_to_noun,18,16,0.02328222600795003,41,1761,0.027918781725888325,11,394,0.01834862385321101,8,436
object_det_to_noun,18,17,0.13855763770584895,244,1761,0.1218274111675127,48,394,0.11926605504587157,52,436
object_det_to_noun,18,18,0.04599659284497445,81,1761,0.04568527918781726,18,394,0.0481651376146789,21,436
object_det_to_noun,18,19,0.054514480408858604,96,1761,0.04060913705583756,16,394,0.05733944954128441,25,436
object_det_to_noun,18,20,0.07155025553662692,126,1761,0.05583756345177665,22,394,0.052752293577981654,23,436
object_det_to_noun,18,21,0.24247586598523566,427,1761,0.2182741116751269,86,394,0.26376146788990823,115,436
object_det_to_noun,18,22,0.022714366837024418,40,1761,0.012690355329949238,5,394,0.03669724770642202,16,436
object_det_to_noun,18,23,0.027825099375354913,49,1761,0.017766497461928935,7,394,0.02522935779816514,11,436
object_det_to_noun,18,24,0.011357183418512209,20,1761,0.02030456852791878,8,394,0.0045871559633027525,2,436
object_det_to_noun,18,25,0.27030096536059056,476,1761,0.23604060913705585,93,394,0.26376146788990823,115,436
object_det_to_noun,18,26,0.027825099375354913,49,1761,0.02030456852791878,8,394,0.01834862385321101,8,436
object_det_to_noun,18,27,0.16240772288472458,286,1761,0.1548223350253807,61,394,0.1720183486238532,75,436
object_det_to_noun,19,0,0.3390119250425894,597,1761,0.2512690355329949,99,394,0.3302752293577982,144,436
object_det_to_noun,19,1,0.018739352640545145,33,1761,0.015228426395939087,6,394,0.013761467889908258,6,436
object_det_to_noun,19,2,0.009085746734809767,16,1761,0.015228426395939087,6,394,0.011467889908256881,5,436
object_det_to_noun,19,3,0.029528676888131742,52,1761,0.027918781725888325,11,394,0.022935779816513763,10,436
object_det_to_noun,19,4,0.011357183418512209,20,1761,0.02030456852791878,8,394,0.02522935779816514,11,436
object_det_to_noun,19,5,0.12720045428733673,224,1761,0.11421319796954314,45,394,0.12614678899082568,55,436
object_det_to_noun,19,6,0.10732538330494037,189,1761,0.09644670050761421,38,394,0.12385321100917432,54,436
object_det_to_noun,19,7,0.0034071550255536627,6,1761,0.0025380710659898475,1,394,0.0045871559633027525,2,436
object_det_to_noun,19,8,0.001135718341851221,2,1761,0.0025380710659898475,1,394,0.006880733944954129,3,436
object_det_to_noun,19,9,0.0034071550255536627,6,1761,0.005076142131979695,2,394,0.006880733944954129,3,436
object_det_to_noun,19,10,0.0017035775127768314,3,1761,0.0025380710659898475,1,394,0.0,0,436
object_det_to_noun,19,11,0.12436115843270869,219,1761,0.16751269035532995,66,394,0.10321100917431193,45,436
object_det_to_noun,19,12,0.04088586030664395,72,1761,0.027918781725888325,11,394,0.02522935779816514,11,436
object_det_to_noun,19,13,0.014196479273140262,25,1761,0.015228426395939087,6,394,0.016055045871559634,7,436
object_det_to_noun,19,14,0.017035775127768313,30,1761,0.01015228426395939,4,394,0.009174311926605505,4,436
object_det_to_noun,19,15,0.1902328222600795,335,1761,0.19543147208121828,77,394,0.21559633027522937,94,436
object_det_to_noun,19,16,0.1419647927314026,250,1761,0.13451776649746192,53,394,0.13073394495412843,57,436
object_det_to_noun,19,17,0.16467915956842702,290,1761,0.1751269035532995,69,394,0.1834862385321101,80,436
object_det_to_noun,19,18,0.030664395229982964,54,1761,0.030456852791878174,12,394,0.03211009174311927,14,436
object_det_to_noun,19,19,0.028960817717206135,51,1761,0.030456852791878174,12,394,0.02522935779816514,11,436
object_det_to_noun,19,20,0.0817717206132879,144,1761,0.07360406091370558,29,394,0.06651376146788991,29,436
object_det_to_noun,19,21,0.0817717206132879,144,1761,0.07868020304568528,31,394,0.08486238532110092,37,436
object_det_to_noun,19,22,0.08517887563884156,150,1761,0.08883248730964467,35,394,0.11467889908256881,50,436
object_det_to_noun,19,23,0.0817717206132879,144,1761,0.08629441624365482,34,394,0.06880733944954129,30,436
object_det_to_noun,19,24,0.05281090289608177,93,1761,0.04568527918781726,18,394,0.052752293577981654,23,436
object_det_to_noun,19,25,0.07950028392958547,140,1761,0.07106598984771574,28,394,0.0871559633027523,38,436
object_det_to_noun,19,26,0.0653038046564452,115,1761,0.04314720812182741,17,394,0.07339449541284404,32,436
object_det_to_noun,19,27,0.044860874503123226,79,1761,0.04060913705583756,16,394,0.04128440366972477,18,436
object_det_to_noun,20,0,0.015332197614991482,27,1761,0.01015228426395939,4,394,0.022935779816513763,10,436
object_det_to_noun,20,1,0.028960817717206135,51,1761,0.027918781725888325,11,394,0.02981651376146789,13,436
object_det_to_noun,20,2,0.25326519023282223,446,1761,0.22842639593908629,90,394,0.2545871559633027,111,436
object_det_to_noun,20,3,0.01249290176036343,22,1761,0.0025380710659898475,1,394,0.011467889908256881,5,436
object_det_to_noun,20,4,0.10221465076660988,180,1761,0.09898477157360407,39,394,0.13302752293577982,58,436
object_det_to_noun,20,5,0.26519023282226006,467,1761,0.30710659898477155,121,394,0.28440366972477066,124,436
object_det_to_noun,20,6,0.030096536059057353,53,1761,0.04314720812182741,17,394,0.0389908256880734,17,436
object_det_to_noun,20,7,0.11811470755252697,208,1761,0.12690355329949238,50,394,0.13990825688073394,61,436
object_det_to_noun,20,8,0.09085746734809767,160,1761,0.1065989847715736,42,394,0.08944954128440367,39,436
object_det_to_noun,20,9,0.29982964224872233,528,1761,0.3248730964467005,128,394,0.3073394495412844,134,436
object_det_to_noun,20,10,0.039750141964792735,70,1761,0.025380710659898477,10,394,0.02522935779816514,11,436
object_det_to_noun,20,11,0.02441794434980125,43,1761,0.025380710659898477,10,394,0.045871559633027525,20,436
object_det_to_noun,20,12,0.05394662123793299,95,1761,0.04060913705583756,16,394,0.06422018348623854,28,436
object_det_to_noun,20,13,0.3145939806927882,554,1761,0.3299492385786802,130,394,0.3440366972477064,150,436
object_det_to_noun,20,14,0.2629187961385576,463,1761,0.2639593908629442,104,394,0.23853211009174313,104,436
object_det_to_noun,20,15,0.07325383304940375,129,1761,0.06345177664974619,25,394,0.08027522935779817,35,436
object_det_to_noun,20,16,0.2021578648495173,356,1761,0.2233502538071066,88,394,0.21559633027522937,94,436
object_det_to_noun,20,17,0.2680295286768881,472,1761,0.30710659898477155,121,394,0.30963302752293576,135,436
object_det_to_noun,20,18,0.19761499148211242,348,1761,0.19543147208121828,77,394,0.20642201834862386,90,436
object_det_to_noun,20,19,0.07211811470755253,127,1761,0.07360406091370558,29,394,0.11238532110091744,49,436
object_det_to_noun,20,20,0.02328222600795003,41,1761,0.02284263959390863,9,394,0.013761467889908258,6,436
object_det_to_noun,20,21,0.11641113003975014,205,1761,0.1218274111675127,48,394,0.13073394495412843,57,436
object_det_to_noun,20,22,0.3333333333333333,587,1761,0.3248730964467005,128,394,0.3440366972477064,150,436
object_det_to_noun,20,23,0.11186825667234526,197,1761,0.09644670050761421,38,394,0.11926605504587157,52,436
object_det_to_noun,20,24,0.032935831913685404,58,1761,0.030456852791878174,12,394,0.034403669724770644,15,436
object_det_to_noun,20,25,0.07552526973310619,133,1761,0.06852791878172589,27,394,0.0871559633027523,38,436
object_det_to_noun,20,26,0.04599659284497445,81,1761,0.027918781725888325,11,394,0.03669724770642202,16,436
object_det_to_noun,20,27,0.09937535491198182,175,1761,0.10406091370558376,41,394,0.09862385321100918,43,436
object_det_to_noun,21,0,0.26462237365133445,466,1761,0.233502538071066,92,394,0.25,109,436
object_det_to_noun,21,1,0.059057353776263484,104,1761,0.0532994923857868,21,394,0.06422018348623854,28,436
object_det_to_noun,21,2,0.07268597387847814,128,1761,0.0583756345177665,23,394,0.0779816513761468,34,436
object_det_to_noun,21,3,0.06871095968199886,121,1761,0.04060913705583756,16,394,0.08256880733944955,36,436
object_det_to_noun,21,4,0.17773992049971607,313,1761,0.18274111675126903,72,394,0.17889908256880735,78,436
object_det_to_noun,21,5,0.26007950028392957,458,1761,0.24873096446700507,98,394,0.2706422018348624,118,436
object_det_to_noun,21,6,0.13287904599659284,234,1761,0.1218274111675127,48,394,0.12844036697247707,56,436
object_det_to_noun,21,7,0.01249290176036343,22,1761,0.017766497461928935,7,394,0.01834862385321101,8,436
object_det_to_noun,21,8,0.02328222600795003,41,1761,0.02030456852791878,8,394,0.006880733944954129,3,436
object_det_to_noun,21,9,0.01306076093128904,23,1761,0.012690355329949238,5,394,0.0045871559633027525,2,436
object_det_to_noun,21,10,0.0028392958546280523,5,1761,0.0,0,394,0.0,0,436
object_det_to_noun,21,11,0.004542873367404884,8,1761,0.005076142131979695,2,394,0.0,0,436
object_det_to_noun,21,12,0.0017035775127768314,3,1761,0.0025380710659898475,1,394,0.0022935779816513763,1,436
object_det_to_noun,21,13,0.08631459398069279,152,1761,0.1116751269035533,44,394,0.09174311926605505,40,436
object_det_to_noun,21,14,0.07211811470755253,127,1761,0.06091370558375635,24,394,0.06192660550458716,27,436
object_det_to_noun,21,15,0.0005678591709256105,1,1761,0.0,0,394,0.0,0,436
object_det_to_noun,21,16,0.05224304372515616,92,1761,0.0532994923857868,21,394,0.052752293577981654,23,436
object_det_to_noun,21,17,0.12379329926178308,218,1761,0.12944162436548223,51,394,0.12385321100917432,54,436
object_det_to_noun,21,18,0.10675752413401476,188,1761,0.09137055837563451,36,394,0.11697247706422019,51,436
object_det_to_noun,21,19,0.1249290176036343,220,1761,0.116751269035533,46,394,0.1353211009174312,59,436
object_det_to_noun,21,20,0.009085746734809767,16,1761,0.007614213197969543,3,394,0.0045871559633027525,2,436
object_det_to_noun,21,21,0.2561044860874503,451,1761,0.26903553299492383,106,394,0.27293577981651373,119,436
object_det_to_noun,21,22,0.06871095968199886,121,1761,0.06598984771573604,26,394,0.05733944954128441,25,436
object_det_to_noun,21,23,0.18682566723452584,329,1761,0.1700507614213198,67,394,0.2018348623853211,88,436
object_det_to_noun,21,24,0.1141396933560477,201,1761,0.11421319796954314,45,394,0.12385321100917432,54,436
object_det_to_noun,21,25,0.12208972174900624,215,1761,0.13705583756345177,54,394,0.12844036697247707,56,436
object_det_to_noun,21,26,0.0817717206132879,144,1761,0.07360406091370558,29,394,0.06880733944954129,30,436
object_det_to_noun,21,27,0.0868824531516184,153,1761,0.09898477157360407,39,394,0.08944954128440367,39,436
object_det_to_noun,22,0,0.054514480408858604,96,1761,0.04314720812182741,17,394,0.05504587155963303,24,436
object_det_to_noun,22,1,0.16240772288472458,286,1761,0.16751269035532995,66,394,0.16055045871559634,70,436
object_det_to_noun,22,2,0.03236797274275979,57,1761,0.03807106598984772,15,394,0.02981651376146789,13,436
object_det_to_noun,22,3,0.09426462237365134,166,1761,0.08375634517766498,33,394,0.10321100917431193,45,436
object_det_to_noun,22,4,0.05337876206700738,94,1761,0.050761421319796954,20,394,0.052752293577981654,23,436
object_det_to_noun,22,5,0.03691084611016468,65,1761,0.03553299492385787,14,394,0.02522935779816514,11,436
object_det_to_noun,22,6,0.03691084611016468,65,1761,0.04060913705583756,16,394,0.022935779816513763,10,436
object_det_to_noun,22,7,0.2612152186257808,460,1761,0.26903553299492383,106,394,0.26376146788990823,115,436
object_det_to_noun,22,8,0.06473594548551959,114,1761,0.06091370558375635,24,394,0.05504587155963303,24,436
object_det_to_noun,22,9,0.15843270868824533,279,1761,0.13451776649746192,53,394,0.1444954128440367,63,436
object_det_to_noun,22,10,0.059057353776263484,104,1761,0.048223350253807105,19,394,0.05733944954128441,25,436
object_det_to_noun,22,11,0.06473594548551959,114,1761,0.06091370558375635,24,394,0.045871559633027525,20,436
object_det_to_noun,22,12,0.21578648495173197,380,1761,0.25380710659898476,100,394,0.24311926605504589,106,436
object_det_to_noun,22,13,0.06246450880181715,110,1761,0.03299492385786802,13,394,0.05504587155963303,24,436
object_det_to_noun,22,14,0.03861442362294151,68,1761,0.02284263959390863,9,394,0.034403669724770644,15,436
object_det_to_noun,22,15,0.09994321408290743,176,1761,0.08883248730964467,35,394,0.07110091743119266,31,436
object_det_to_noun,22,16,0.04145371947756956,73,1761,0.0532994923857868,21,394,0.04357798165137615,19,436
object_det_to_noun,22,17,0.10051107325383304,177,1761,0.08883248730964467,35,394,0.10550458715596331,46,436
object_det_to_noun,22,18,0.1362862010221465,240,1761,0.14213197969543148,56,394,0.13073394495412843,57,436
object_det_to_noun,22,19,0.043725156161272004,77,1761,0.025380710659898477,10,394,0.04128440366972477,18,436
object_det_to_noun,22,20,0.01590005678591709,28,1761,0.007614213197969543,3,394,0.016055045871559634,7,436
object_det_to_noun,22,21,0.22998296422487224,405,1761,0.23096446700507614,91,394,0.21100917431192662,92,436
object_det_to_noun,22,22,0.059057353776263484,104,1761,0.0532994923857868,21,394,0.05504587155963303,24,436
object_det_to_noun,22,23,0.14310051107325383,252,1761,0.12436548223350254,49,394,0.11238532110091744,49,436
object_det_to_noun,22,24,0.2123793299261783,374,1761,0.19796954314720813,78,394,0.17660550458715596,77,436
object_det_to_noun,22,25,0.24815445769449176,437,1761,0.23604060913705585,93,394,0.21559633027522937,94,436
object_det_to_noun,22,26,0.06587166382737081,116,1761,0.048223350253807105,19,394,0.0389908256880734,17,436
object_det_to_noun,22,27,0.49176604202157864,866,1761,0.5355329949238579,211,394,0.4908256880733945,214,436
object_det_to_noun,23,0,0.12095400340715502,213,1761,0.12690355329949238,50,394,0.11238532110091744,49,436
object_det_to_noun,23,1,0.1408290743895514,248,1761,0.13959390862944163,55,394,0.1444954128440367,63,436
object_det_to_noun,23,2,0.08631459398069279,152,1761,0.07868020304568528,31,394,0.10091743119266056,44,436
object_det_to_noun,23,3,0.0488358886996025,86,1761,0.030456852791878174,12,394,0.06880733944954129,30,436
object_det_to_noun,23,4,0.020442930153321975,36,1761,0.01015228426395939,4,394,0.022935779816513763,10,436
object_det_to_noun,23,5,0.12322544009085747,217,1761,0.12436548223350254,49,394,0.12155963302752294,53,436
object_det_to_noun,23,6,0.07325383304940375,129,1761,0.050761421319796954,20,394,0.07568807339449542,33,436
object_det_to_noun,23,7,0.017035775127768313,30,1761,0.017766497461928935,7,394,0.016055045871559634,7,436
object_det_to_noun,23,8,0.07155025553662692,126,1761,0.06852791878172589,27,394,0.06651376146788991,29,436
object_det_to_noun,23,9,0.014764338444065871,26,1761,0.012690355329949238,5,394,0.016055045871559634,7,436
object_det_to_noun,23,10,0.033503691084611015,59,1761,0.025380710659898477,10,394,0.016055045871559634,7,436
object_det_to_noun,23,11,0.06303236797274275,111,1761,0.0583756345177665,23,394,0.0481651376146789,21,436
object_det_to_noun,23,12,0.03236797274275979,57,1761,0.030456852791878174,12,394,0.027522935779816515,12,436
object_det_to_noun,23,13,0.11697898921067575,206,1761,0.1218274111675127,48,394,0.12614678899082568,55,436
object_det_to_noun,23,14,0.20499716070414536,361,1761,0.2182741116751269,86,394,0.21100917431192662,92,436
object_det_to_noun,23,15,0.08290743895513912,146,1761,0.08375634517766498,33,394,0.05963302752293578,26,436
object_det_to_noun,23,16,0.04258943781942078,75,1761,0.03807106598984772,15,394,0.022935779816513763,10,436
object_det_to_noun,23,17,0.06927881885292447,122,1761,0.07106598984771574,28,394,0.0871559633027523,38,436
object_det_to_noun,23,18,0.06189664963089154,109,1761,0.048223350253807105,19,394,0.052752293577981654,23,436
object_det_to_noun,23,19,0.044860874503123226,79,1761,0.04060913705583756,16,394,0.03669724770642202,16,436
object_det_to_noun,23,20,0.1686541737649063,297,1761,0.15228426395939088,60,394,0.16055045871559634,70,436
object_det_to_noun,23,21,0.0056785917092561046,10,1761,0.0,0,394,0.0045871559633027525,2,436
object_det_to_noun,23,22,0.05167518455423055,91,1761,0.06345177664974619,25,394,0.04128440366972477,18,436
object_det_to_noun,23,23,0.0073821692220329355,13,1761,0.0,0,394,0.006880733944954129,3,436
object_det_to_noun,23,24,0.014764338444065871,26,1761,0.005076142131979695,2,394,0.0045871559633027525,2,436
object_det_to_noun,23,25,0.14877910278250994,262,1761,0.13705583756345177,54,394,0.1536697247706422,67,436
object_det_to_noun,23,26,0.06700738216922203,118,1761,0.07868020304568528,31,394,0.08486238532110092,37,436
object_det_to_noun,23,27,0.01192504258943782,21,1761,0.005076142131979695,2,394,0.009174311926605505,4,436
object_det_to_noun,24,0,0.03180011357183418,56,1761,0.027918781725888325,11,394,0.0389908256880734,17,436
object_det_to_noun,24,1,0.003975014196479273,7,1761,0.0,0,394,0.0,0,436
object_det_to_noun,24,2,0.2021578648495173,356,1761,0.18527918781725888,73,394,0.19724770642201836,86,436
object_det_to_noun,24,3,0.0028392958546280523,5,1761,0.0,0,394,0.0022935779816513763,1,436
object_det_to_noun,24,4,0.0028392958546280523,5,1761,0.0,0,394,0.0045871559633027525,2,436
object_det_to_noun,24,5,0.0380465644520159,67,1761,0.048223350253807105,19,394,0.04128440366972477,18,436
object_det_to_noun,24,6,0.003975014196479273,7,1761,0.0,0,394,0.0022935779816513763,1,436
object_det_to_noun,24,7,0.003975014196479273,7,1761,0.005076142131979695,2,394,0.0022935779816513763,1,436
object_det_to_noun,24,8,0.0017035775127768314,3,1761,0.0,0,394,0.0,0,436
object_det_to_noun,24,9,0.011357183418512209,20,1761,0.015228426395939087,6,394,0.006880733944954129,3,436
object_det_to_noun,24,10,0.0017035775127768314,3,1761,0.0,0,394,0.0,0,436
object_det_to_noun,24,11,0.06473594548551959,114,1761,0.06852791878172589,27,394,0.05504587155963303,24,436
object_det_to_noun,24,12,0.010789324247586598,19,1761,0.017766497461928935,7,394,0.011467889908256881,5,436
object_det_to_noun,24,13,0.021578648495173196,38,1761,0.007614213197969543,3,394,0.013761467889908258,6,436
object_det_to_noun,24,14,0.05792163543441227,102,1761,0.0583756345177665,23,394,0.04128440366972477,18,436
object_det_to_noun,24,15,0.04088586030664395,72,1761,0.03553299492385787,14,394,0.034403669724770644,15,436
object_det_to_noun,24,16,0.05678591709256105,100,1761,0.0583756345177665,23,394,0.05963302752293578,26,436
object_det_to_noun,24,17,0.06984667802385008,123,1761,0.06852791878172589,27,394,0.05963302752293578,26,436
object_det_to_noun,24,18,0.2629187961385576,463,1761,0.24873096446700507,98,394,0.2545871559633027,111,436
object_det_to_noun,24,19,0.039750141964792735,70,1761,0.04060913705583756,16,394,0.03669724770642202,16,436
object_det_to_noun,24,20,0.05678591709256105,100,1761,0.0532994923857868,21,394,0.05504587155963303,24,436
object_det_to_noun,24,21,0.05735377626348666,101,1761,0.048223350253807105,19,394,0.05963302752293578,26,436
object_det_to_noun,24,22,0.05337876206700738,94,1761,0.0583756345177665,23,394,0.045871559633027525,20,436
object_det_to_noun,24,23,0.02441794434980125,43,1761,0.02030456852791878,8,394,0.013761467889908258,6,436
object_det_to_noun,24,24,0.13287904599659284,234,1761,0.1548223350253807,61,394,0.15137614678899083,66,436
object_det_to_noun,24,25,0.031232254400908575,55,1761,0.027918781725888325,11,394,0.02522935779816514,11,436
object_det_to_noun,24,26,0.039182282793867124,69,1761,0.03299492385786802,13,394,0.027522935779816515,12,436
object_det_to_noun,24,27,0.16070414537194777,283,1761,0.1548223350253807,61,394,0.16743119266055045,73,436
object_det_to_noun,25,0,0.07155025553662692,126,1761,0.07614213197969544,30,394,0.07110091743119266,31,436
object_det_to_noun,25,1,0.04997160704145372,88,1761,0.050761421319796954,20,394,0.052752293577981654,23,436
object_det_to_noun,25,2,0.022146507666098807,39,1761,0.01015228426395939,4,394,0.020642201834862386,9,436
object_det_to_noun,25,3,0.019307211811470756,34,1761,0.01015228426395939,4,394,0.011467889908256881,5,436
object_det_to_noun,25,4,0.32140829074389554,566,1761,0.2893401015228426,114,394,0.30045871559633025,131,436
object_det_to_noun,25,5,0.039182282793867124,69,1761,0.03807106598984772,15,394,0.034403669724770644,15,436
object_det_to_noun,25,6,0.022714366837024418,40,1761,0.02284263959390863,9,394,0.03211009174311927,14,436
object_det_to_noun,25,7,0.039182282793867124,69,1761,0.04060913705583756,16,394,0.0389908256880734,17,436
object_det_to_noun,25,8,0.04088586030664395,72,1761,0.04314720812182741,17,394,0.0389908256880734,17,436
object_det_to_noun,25,9,0.032935831913685404,58,1761,0.025380710659898477,10,394,0.02981651376146789,13,436
object_det_to_noun,25,10,0.039182282793867124,69,1761,0.04060913705583756,16,394,0.0481651376146789,21,436
object_det_to_noun,25,11,0.0488358886996025,86,1761,0.050761421319796954,20,394,0.04357798165137615,19,436
object_det_to_noun,25,12,0.022714366837024418,40,1761,0.04060913705583756,16,394,0.016055045871559634,7,436
object_det_to_noun,25,13,0.05053946621237933,89,1761,0.050761421319796954,20,394,0.045871559633027525,20,436
object_det_to_noun,25,14,0.0028392958546280523,5,1761,0.0,0,394,0.0045871559633027525,2,436
object_det_to_noun,25,15,0.005110732538330494,9,1761,0.01015228426395939,4,394,0.006880733944954129,3,436
object_det_to_noun,25,16,0.0034071550255536627,6,1761,0.01015228426395939,4,394,0.0022935779816513763,1,436
object_det_to_noun,25,17,0.12095400340715502,213,1761,0.1218274111675127,48,394,0.1353211009174312,59,436
object_det_to_noun,25,18,0.03691084611016468,65,1761,0.04060913705583756,16,394,0.04357798165137615,19,436
object_det_to_noun,25,19,0.004542873367404884,8,1761,0.0025380710659898475,1,394,0.0022935779816513763,1,436
object_det_to_noun,25,20,0.1970471323111868,347,1761,0.21065989847715735,83,394,0.21330275229357798,93,436
object_det_to_noun,25,21,0.07495741056218058,132,1761,0.10406091370558376,41,394,0.0779816513761468,34,436
object_det_to_noun,25,22,0.2612152186257808,460,1761,0.31218274111675126,123,394,0.2591743119266055,113,436
object_det_to_noun,25,23,0.04656445201590006,82,1761,0.048223350253807105,19,394,0.04128440366972477,18,436
object_det_to_noun,25,24,0.11186825667234526,197,1761,0.11928934010152284,47,394,0.0871559633027523,38,436
object_det_to_noun,25,25,0.04713231118682567,83,1761,0.048223350253807105,19,394,0.04128440366972477,18,436
object_det_to_noun,25,26,0.2345258375922771,413,1761,0.24111675126903553,95,394,0.21788990825688073,95,436
object_det_to_noun,25,27,0.06927881885292447,122,1761,0.06852791878172589,27,394,0.02981651376146789,13,436
object_det_to_noun,26,0,0.029528676888131742,52,1761,0.04060913705583756,16,394,0.03211009174311927,14,436
object_det_to_noun,26,1,0.02612152186257808,46,1761,0.03553299492385787,14,394,0.02522935779816514,11,436
object_det_to_noun,26,2,0.02668938103350369,47,1761,0.025380710659898477,10,394,0.027522935779816515,12,436
object_det_to_noun,26,3,0.017035775127768313,30,1761,0.02284263959390863,9,394,0.016055045871559634,7,436
object_det_to_noun,26,4,0.021578648495173196,38,1761,0.02284263959390863,9,394,0.016055045871559634,7,436
object_det_to_noun,26,5,0.02441794434980125,43,1761,0.02284263959390863,9,394,0.01834862385321101,8,436
object_det_to_noun,26,6,0.021010789324247586,37,1761,0.02030456852791878,8,394,0.02981651376146789,13,436
object_det_to_noun,26,7,0.029528676888131742,52,1761,0.03299492385786802,13,394,0.027522935779816515,12,436
object_det_to_noun,26,8,0.005110732538330494,9,1761,0.005076142131979695,2,394,0.006880733944954129,3,436
object_det_to_noun,26,9,0.021578648495173196,38,1761,0.02030456852791878,8,394,0.02522935779816514,11,436
object_det_to_noun,26,10,0.001135718341851221,2,1761,0.0025380710659898475,1,394,0.0022935779816513763,1,436
object_det_to_noun,26,11,0.0005678591709256105,1,1761,0.0,0,394,0.0,0,436
object_det_to_noun,26,12,0.002271436683702442,4,1761,0.0025380710659898475,1,394,0.0022935779816513763,1,436
object_det_to_noun,26,13,0.011357183418512209,20,1761,0.007614213197969543,3,394,0.006880733944954129,3,436
object_det_to_noun,26,14,0.08517887563884156,150,1761,0.08883248730964467,35,394,0.0871559633027523,38,436
object_det_to_noun,26,15,0.019307211811470756,34,1761,0.01015228426395939,4,394,0.020642201834862386,9,436
object_det_to_noun,26,16,0.028392958546280524,50,1761,0.02030456852791878,8,394,0.020642201834862386,9,436
object_det_to_noun,26,17,0.018739352640545145,33,1761,0.012690355329949238,5,394,0.016055045871559634,7,436
object_det_to_noun,26,18,0.02555366269165247,45,1761,0.030456852791878174,12,394,0.013761467889908258,6,436
object_det_to_noun,26,19,0.019875070982396367,35,1761,0.02030456852791878,8,394,0.020642201834862386,9,436
object_det_to_noun,26,20,0.02555366269165247,45,1761,0.027918781725888325,11,394,0.022935779816513763,10,436
object_det_to_noun,26,21,0.06076093128904032,107,1761,0.06345177664974619,25,394,0.06651376146788991,29,436
object_det_to_noun,26,22,0.2663259511641113,469,1761,0.26649746192893403,105,394,0.2545871559633027,111,436
object_det_to_noun,26,23,0.06984667802385008,123,1761,0.06598984771573604,26,394,0.06651376146788991,29,436
object_det_to_noun,26,24,0.05678591709256105,100,1761,0.06598984771573604,26,394,0.04128440366972477,18,436
object_det_to_noun,26,25,0.029528676888131742,52,1761,0.030456852791878174,12,394,0.020642201834862386,9,436
object_det_to_noun,26,26,0.10051107325383304,177,1761,0.08883248730964467,35,394,0.09403669724770643,41,436
object_det_to_noun,26,27,0.02555366269165247,45,1761,0.027918781725888325,11,394,0.016055045871559634,7,436
object_det_to_noun,27,0,0.11243611584327087,198,1761,0.09390862944162437,37,394,0.12614678899082568,55,436
object_det_to_noun,27,1,0.030096536059057353,53,1761,0.03553299492385787,14,394,0.04128440366972477,18,436
object_det_to_noun,27,2,0.034071550255536626,60,1761,0.04060913705583756,16,394,0.0389908256880734,17,436
object_det_to_noun,27,3,0.011357183418512209,20,1761,0.017766497461928935,7,394,0.01834862385321101,8,436
object_det_to_noun,27,4,0.016467915956842702,29,1761,0.017766497461928935,7,394,0.016055045871559634,7,436
object_det_to_noun,27,5,0.04258943781942078,75,1761,0.04568527918781726,18,394,0.06880733944954129,30,436
object_det_to_noun,27,6,0.020442930153321975,36,1761,0.017766497461928935,7,394,0.02522935779816514,11,436
object_det_to_noun,27,7,0.2867688813174333,505,1761,0.26649746192893403,105,394,0.32339449541284404,141,436
object_det_to_noun,27,8,0.11016467915956843,194,1761,0.1116751269035533,44,394,0.10091743119266056,44,436
object_det_to_noun,27,9,0.39182282793867124,690,1761,0.35279187817258884,139,394,0.32339449541284404,141,436
object_det_to_noun,27,10,0.1635434412265758,288,1761,0.14213197969543148,56,394,0.13302752293577982,58,436
object_det_to_noun,27,11,0.07950028392958547,140,1761,0.07360406091370558,29,394,0.06422018348623854,28,436
object_det_to_noun,27,12,0.2578080636002271,454,1761,0.233502538071066,92,394,0.22935779816513763,100,436
object_det_to_noun,27,13,0.14026121521862578,247,1761,0.14213197969543148,56,394,0.11926605504587157,52,436
object_det_to_noun,27,14,0.017603634298693924,31,1761,0.012690355329949238,5,394,0.027522935779816515,12,436
object_det_to_noun,27,15,0.029528676888131742,52,1761,0.03807106598984772,15,394,0.03211009174311927,14,436
object_det_to_noun,27,16,0.02385008517887564,42,1761,0.03807106598984772,15,394,0.03669724770642202,16,436
object_det_to_noun,27,17,0.030664395229982964,54,1761,0.04568527918781726,18,394,0.04128440366972477,18,436
object_det_to_noun,27,18,0.015332197614991482,27,1761,0.007614213197969543,3,394,0.013761467889908258,6,436
object_det_to_noun,27,19,0.03861442362294151,68,1761,0.03553299492385787,14,394,0.052752293577981654,23,436
object_det_to_noun,27,20,0.013628620102214651,24,1761,0.012690355329949238,5,394,0.027522935779816515,12,436
object_det_to_noun,27,21,0.01249290176036343,22,1761,0.02284263959390863,9,394,0.022935779816513763,10,436
object_det_to_noun,27,22,0.01306076093128904,23,1761,0.015228426395939087,6,394,0.020642201834862386,9,436
object_det_to_noun,27,23,0.01249290176036343,22,1761,0.02284263959390863,9,394,0.022935779816513763,10,436
object_det_to_noun,27,24,0.02441794434980125,43,1761,0.02284263959390863,9,394,0.02981651376146789,13,436
object_det_to_noun,27,25,0.09085746734809767,160,1761,0.08883248730964467,35,394,0.0871559633027523,38,436
object_det_to_noun,27,26,0.14821124361158433,261,1761,0.14720812182741116,58,394,0.1536697247706422,67,436
object_det_to_noun,27,27,0.009085746734809767,16,1761,0.007614213197969543,3,394,0.020642201834862386,9,436
subject_det_to_noun,0,0,0.23947750362844702,330,1378,0.23529411764705882,80,340,0.20396600566572237,72,353
subject_det_to_noun,0,1,0.011611030478955007,16,1378,0.008823529411764706,3,340,0.0169971671388102,6,353
subject_det_to_noun,0,2,0.12844702467343977,177,1378,0.058823529411764705,20,340,0.0679886685552408,24,353
subject_det_to_noun,0,3,0.2880986937590711,397,1378,0.2529411764705882,86,340,0.26628895184135976,94,353
subject_det_to_noun,0,4,0.03265602322206096,45,1378,0.029411764705882353,10,340,0.028328611898016998,10,353
subject_det_to_noun,0,5,0.00725689404934688,10,1378,0.0058823529411764705,2,340,0.0169971671388102,6,353
subject_det_to_noun,0,6,0.010159651669085631,14,1378,0.008823529411764706,3,340,0.0084985835694051,3,353
subject_det_to_noun,0,7,0.002902757619738752,4,1378,0.0029411764705882353,1,340,0.0,0,353
subject_det_to_noun,0,8,0.008708272859216255,12,1378,0.008823529411764706,3,340,0.0056657223796034,2,353
subject_det_to_noun,0,9,0.002902757619738752,4,1378,0.0029411764705882353,1,340,0.0028328611898017,1,353
subject_det_to_noun,0,10,0.14223512336719885,196,1378,0.14411764705882352,49,340,0.12464589235127478,44,353
subject_det_to_noun,0,11,0.00362844702467344,5,1378,0.0,0,340,0.0,0,353
subject_det_to_noun,0,12,0.001451378809869376,2,1378,0.0,0,340,0.0,0,353
subject_det_to_noun,0,13,0.002902757619738752,4,1378,0.0029411764705882353,1,340,0.0028328611898017,1,353
subject_det_to_noun,0,14,0.02467343976777939,34,1378,0.023529411764705882,8,340,0.031161473087818695,11,353
subject_det_to_noun,0,15,0.16618287373004353,229,1378,0.1588235294117647,54,340,0.13314447592067988,47,353
subject_det_to_noun,0,16,0.07692307692307693,106,1378,0.07058823529411765,24,340,0.06232294617563739,22,353
subject_det_to_noun,0,17,0.01088534107402032,15,1378,0.0058823529411764705,2,340,0.019830028328611898,7,353
subject_det_to_noun,0,18,0.027576197387518143,38,1378,0.01764705882352941,6,340,0.019830028328611898,7,353
subject_det_to_noun,0,19,0.43686502177068215,602,1378,0.45294117647058824,154,340,0.40226628895184136,142,353
subject_det_to_noun,0,20,0.031204644412191583,43,1378,0.020588235294117647,7,340,0.0226628895184136,8,353
subject_det_to_noun,0,21,0.5638606676342526,777,1378,0.5617647058823529,191,340,0.5580736543909348,197,353
subject_det_to_noun,0,22,0.0021770682148040637,3,1378,0.0,0,340,0.0,0,353
subject_det_to_noun,0,23,0.0021770682148040637,3,1378,0.0029411764705882353,1,340,0.0,0,353
subject_det_to_noun,0,24,0.0043541364296081275,6,1378,0.0029411764705882353,1,340,0.0028328611898017,1,353
subject_det_to_noun,0,25,0.002902757619738752,4,1378,0.0,0,340,0.0,0,353
subject_det_to_noun,0,26,0.006531204644412192,9,1378,0.0058823529411764705,2,340,0.0028328611898017,1,353
subject_det_to_noun,0,27,0.002902757619738752,4,1378,0.0029411764705882353,1,340,0.0028328611898017,1,353
subject_det_to_noun,1,0,0.216255442670537,298,1378,0.19117647058823528,65,340,0.19830028328611898,70,353
subject_det_to_noun,1,1,0.12264150943396226,169,1378,0.10588235294117647,36,340,0.11614730878186968,41,353
subject_det_to_noun,1,2,0.30914368650217705,426,1378,0.2676470588235294,91,340,0.26912181303116145,95,353
subject_det_to_noun,1,3,0.25181422351233673,347,1378,0.22058823529411764,75,340,0.21246458923512748,75,353
subject_det_to_noun,1,4,0.2597968069666183,358,1378,0.22941176470588234,78,340,0.23512747875354106,83,353
subject_det_to_noun,1,5,0.25544267053701014,352,1378,0.22647058823529412,77,340,0.22946175637393768,81,353
subject_det_to_noun,1,6,0.001451378809869376,2,1378,0.0,0,340,0.0,0,353
subject_det_to_noun,1,7,0.3200290275761974,441,1378,0.29705882352941176,101,340,0.2747875354107649,97,353
subject_det_to_noun,1,8,0.625544267053701,862,1378,0.6,204,340,0.6317280453257791,223,353
subject_det_to_noun,1,9,0.009433962264150943,13,1378,0.014705882352941176,5,340,0.014164305949008499,5,353
subject_det_to_noun,1,10,0.5428156748911466,748,1378,0.5294117647058824,180,340,0.5410764872521246,191,353
subject_det_to_noun,1,11,0.2576197387518142,355,1378,0.20294117647058824,69,340,0.22946175637393768,81,353
subject_det_to_noun,1,12,0.057329462989840346,79,1378,0.029411764705882353,10,340,0.0339943342776204,12,353
subject_det_to_noun,1,13,0.6001451378809869,827,1378,0.5676470588235294,193,340,0.6005665722379604,212,353
subject_det_to_noun,1,14,0.007982583454281567,11,1378,0.0058823529411764705,2,340,0.0056657223796034,2,353
subject_det_to_noun,1,15,0.019593613933236574,27,1378,0.014705882352941176,5,340,0.0226628895184136,8,353
subject_det_to_noun,1,16,0.00725689404934688,10,1378,0.0,0,340,0.0113314447592068,4,353
subject_det_to_noun,1,17,0.013788098693759071,19,1378,0.014705882352941176,5,340,0.0169971671388102,6,353
subject_det_to_noun,1,18,0.00725689404934688,10,1378,0.0029411764705882353,1,340,0.0113314447592068,4,353
subject_det_to_noun,1,19,0.0660377358490566,91,1378,0.04411764705882353,15,340,0.059490084985835696,21,353
subject_det_to_noun,1,20,0.251088534107402,346,1378,0.21470588235294116,73,340,0.2096317280453258,74,353
subject_det_to_noun,1,21,0.0050798258345428155,7,1378,0.0029411764705882353,1,340,0.0028328611898017,1,353
subject_det_to_noun,1,22,0.14296081277213352,197,1378,0.13529411764705881,46,340,0.11048158640226628,39,353
subject_det_to_noun,1,23,0.25181422351233673,347,1378,0.22058823529411764,75,340,0.2096317280453258,74,353
subject_det_to_noun,1,24,0.23294629898403482,321,1378,0.20588235294117646,70,340,0.1671388101983003,59,353
subject_det_to_noun,1,25,0.29680696661828737,409,1378,0.27941176470588236,95,340,0.28611898016997167,101,353
subject_det_to_noun,1,26,0.018142235123367198,25,1378,0.014705882352941176,5,340,0.0113314447592068,4,353
subject_det_to_noun,1,27,0.050072568940493466,69,1378,0.052941176470588235,18,340,0.028328611898016998,10,353
subject_det_to_noun,2,0,0.001451378809869376,2,1378,0.0,0,340,0.0,0,353
subject_det_to_noun,2,1,0.01088534107402032,15,1378,0.0029411764705882353,1,340,0.0056657223796034,2,353
subject_det_to_noun,2,2,0.010159651669085631,14,1378,0.0,0,340,0.0028328611898017,1,353
subject_det_to_noun,2,3,0.0021770682148040637,3,1378,0.0,0,340,0.0,0,353
subject_det_to_noun,2,4,0.000725689404934688,1,1378,0.0,0,340,0.0,0,353
subject_det_to_noun,2,5,0.01088534107402032,15,1378,0.0029411764705882353,1,340,0.0028328611898017,1,353
subject_det_to_noun,2,6,0.5159651669085631,711,1378,0.49411764705882355,168,340,0.5155807365439093,182,353
subject_det_to_noun,2,7,0.02177068214804064,30,1378,0.0058823529411764705,2,340,0.0113314447592068,4,353
subject_det_to_noun,2,8,0.2597968069666183,358,1378,0.24411764705882352,83,340,0.19830028328611898,70,353
subject_det_to_noun,2,9,0.011611030478955007,16,1378,0.008823529411764706,3,340,0.0084985835694051,3,353
subject_det_to_noun,2,10,0.01451378809869376,20,1378,0.008823529411764706,3,340,0.0028328611898017,1,353
subject_det_to_noun,2,11,0.02177068214804064,30,1378,0.0,0,340,0.0056657223796034,2,353
subject_det_to_noun,2,12,0.011611030478955007,16,1378,0.0058823529411764705,2,340,0.0056657223796034,2,353
subject_det_to_noun,2,13,0.010159651669085631,14,1378,0.0,0,340,0.0028328611898017,1,353
subject_det_to_noun,2,14,0.005805515239477504,8,1378,0.011764705882352941,4,340,0.014164305949008499,5,353
subject_det_to_noun,2,15,0.0050798258345428155,7,1378,0.0029411764705882353,1,340,0.0056657223796034,2,353
subject_det_to_noun,2,16,0.37082728592162556,511,1378,0.3735294117647059,127,340,0.32011331444759206,113,353
subject_det_to_noun,2,17,0.022496371552975326,31,1378,0.011764705882352941,4,340,0.0169971671388102,6,353
subject_det_to_noun,2,18,0.000725689404934688,1,1378,0.0,0,340,0.0,0,353
subject_det_to_noun,2,19,0.0050798258345428155,7,1378,0.008823529411764706,3,340,0.0056657223796034,2,353
subject_det_to_noun,2,20,0.1262699564586357,174,1378,0.15294117647058825,52,340,0.14730878186968838,52,353
subject_det_to_noun,2,21,0.006531204644412192,9,1378,0.0058823529411764705,2,340,0.0113314447592068,4,353
subject_det_to_noun,2,22,0.03991291727140784,55,1378,0.03235294117647059,11,340,0.019830028328611898,7,353
subject_det_to_noun,2,23,0.24818577648766327,342,1378,0.22941176470588234,78,340,0.19830028328611898,70,353
subject_det_to_noun,2,24,0.03918722786647315,54,1378,0.052941176470588235,18,340,0.0339943342776204,12,353
subject_det_to_noun,2,25,0.02104499274310595,29,1378,0.011764705882352941,4,340,0.014164305949008499,5,353
subject_det_to_noun,2,26,0.625544267053701,862,1378,0.6,204,340,0.6317280453257791,223,353
subject_det_to_noun,2,27,0.25181422351233673,347,1378,0.2235294117647059,76,340,0.21813031161473087,77,353
subject_det_to_noun,3,0,0.05297532656023222,73,1378,0.029411764705882353,10,340,0.05099150141643059,18,353
subject_det_to_noun,3,1,0.03193033381712627,44,1378,0.020588235294117647,7,340,0.0113314447592068,4,353
subject_det_to_noun,3,2,0.001451378809869376,2,1378,0.0,0,340,0.0,0,353
subject_det_to_noun,3,3,0.15384615384615385,212,1378,0.13823529411764707,47,340,0.13031161473087818,46,353
subject_det_to_noun,3,4,0.0050798258345428155,7,1378,0.0058823529411764705,2,340,0.0028328611898017,1,353
subject_det_to_noun,3,5,0.02467343976777939,34,1378,0.008823529411764706,3,340,0.0113314447592068,4,353
subject_det_to_noun,3,6,0.005805515239477504,8,1378,0.0029411764705882353,1,340,0.0028328611898017,1,353
subject_det_to_noun,3,7,0.23222060957910015,320,1378,0.20294117647058824,69,340,0.1954674220963173,69,353
subject_det_to_noun,3,8,0.002902757619738752,4,1378,0.0,0,340,0.0,0,353
subject_det_to_noun,3,9,0.06458635703918723,89,1378,0.052941176470588235,18,340,0.039660056657223795,14,353
subject_det_to_noun,3,10,0.002902757619738752,4,1378,0.0,0,340,0.0,0,353
subject_det_to_noun,3,11,0.002902757619738752,4,1378,0.0,0,340,0.0,0,353
subject_det_to_noun,3,12,0.018142235123367198,25,1378,0.020588235294117647,7,340,0.0169971671388102,6,353
subject_det_to_noun,3,13,0.029753265602322207,41,1378,0.01764705882352941,6,340,0.031161473087818695,11,353
subject_det_to_noun,3,14,0.07039187227866474,97,1378,0.07352941176470588,25,340,0.0906515580736544,32,353
subject_det_to_noun,3,15,0.7880986937590712,1086,1378,0.75,255,340,0.7365439093484419,260,353
subject_det_to_noun,3,16,0.015965166908563134,22,1378,0.008823529411764706,3,340,0.0084985835694051,3,353
subject_det_to_noun,3,17,0.16473149492017417,227,1378,0.13823529411764707,47,340,0.1671388101983003,59,353
subject_det_to_noun,3,18,0.002902757619738752,4,1378,0.0029411764705882353,1,340,0.0028328611898017,1,353
subject_det_to_noun,3,19,0.020319303338171262,28,1378,0.01764705882352941,6,340,0.014164305949008499,5,353
subject_det_to_noun,3,20,0.011611030478955007,16,1378,0.01764705882352941,6,340,0.025495750708215296,9,353
subject_det_to_noun,3,21,0.03483309143686502,48,1378,0.023529411764705882,8,340,0.0453257790368272,16,353
subject_det_to_noun,3,22,0.274310595065312,378,1378,0.27941176470588236,95,340,0.2521246458923513,89,353
subject_det_to_noun,3,23,0.5602322206095791,772,1378,0.5323529411764706,181,340,0.5297450424929179,187,353
subject_det_to_noun,3,24,0.20827285921625543,287,1378,0.17352941176470588,59,340,0.17280453257790368,61,353
subject_det_to_noun,3,25,0.25689404934687954,354,1378,0.22647058823529412,77,340,0.2096317280453258,74,353
subject_det_to_noun,3,26,0.48548621190130625,669,1378,0.47941176470588237,163,340,0.42209631728045327,149,353
subject_det_to_noun,3,27,0.772133526850508,1064,1378,0.7705882352941177,262,340,0.7790368271954674,275,353
subject_det_to_noun,4,0,0.05805515239477504,80,1378,0.052941176470588235,18,340,0.056657223796033995,20,353
subject_det_to_noun,4,1,0.1204644412191582,166,1378,0.1264705882352941,43,340,0.09631728045325778,34,353
subject_det_to_noun,4,2,0.10377358490566038,143,1378,0.09705882352941177,33,340,0.10198300283286119,36,353
subject_det_to_noun,4,3,0.02539912917271408,35,1378,0.01764705882352941,6,340,0.014164305949008499,5,353
subject_det_to_noun,4,4,0.038461538461538464,53,1378,0.04411764705882353,15,340,0.028328611898016998,10,353
subject_det_to_noun,4,5,0.034107402031930335,47,1378,0.029411764705882353,10,340,0.028328611898016998,10,353
subject_det_to_noun,4,6,0.01741654571843251,24,1378,0.014705882352941176,5,340,0.0113314447592068,4,353
subject_det_to_noun,4,7,0.02177068214804064,30,1378,0.01764705882352941,6,340,0.0056657223796034,2,353
subject_det_to_noun,4,8,0.026850507982583455,37,1378,0.023529411764705882,8,340,0.0056657223796034,2,353
subject_det_to_noun,4,9,0.030478955007256895,42,1378,0.023529411764705882,8,340,0.014164305949008499,5,353
subject_det_to_noun,4,10,0.020319303338171262,28,1378,0.011764705882352941,4,340,0.0084985835694051,3,353
subject_det_to_noun,4,11,0.03193033381712627,44,1378,0.026470588235294117,9,340,0.028328611898016998,10,353
subject_det_to_noun,4,12,0.0420899854862119,58,1378,0.03823529411764706,13,340,0.031161473087818695,11,353
subject_det_to_noun,4,13,0.020319303338171262,28,1378,0.011764705882352941,4,340,0.0028328611898017,1,353
subject_det_to_noun,4,14,0.03555878084179971,49,1378,0.041176470588235294,14,340,0.0113314447592068,4,353
subject_det_to_noun,4,15,0.19811320754716982,273,1378,0.17058823529411765,58,340,0.18413597733711048,65,353
subject_det_to_noun,4,16,0.030478955007256895,42,1378,0.026470588235294117,9,340,0.0169971671388102,6,353
subject_det_to_noun,4,17,0.033381712626995644,46,1378,0.03529411764705882,12,340,0.0169971671388102,6,353
subject_det_to_noun,4,18,0.14804063860667635,204,1378,0.13823529411764707,47,340,0.13314447592067988,47,353
subject_det_to_noun,4,19,0.05224963715529753,72,1378,0.05588235294117647,19,340,0.053824362606232294,19,353
subject_det_to_noun,4,20,0.08780841799709724,121,1378,0.08235294117647059,28,340,0.04815864022662889,17,353
subject_det_to_noun,4,21,0.06821480406386067,94,1378,0.058823529411764705,20,340,0.06515580736543909,23,353
subject_det_to_noun,4,22,0.1995645863570392,275,1378,0.19705882352941176,67,340,0.1954674220963173,69,353
subject_det_to_noun,4,23,0.019593613933236574,27,1378,0.023529411764705882,8,340,0.014164305949008499,5,353
subject_det_to_noun,4,24,0.08780841799709724,121,1378,0.08235294117647059,28,340,0.08498583569405099,30,353
subject_det_to_noun,4,25,0.8272859216255443,1140,1378,0.8323529411764706,283,340,0.8130311614730878,287,353
subject_det_to_noun,4,26,0.05370101596516691,74,1378,0.05,17,340,0.039660056657223795,14,353
subject_det_to_noun,4,27,0.06676342525399129,92,1378,0.07941176470588235,27,340,0.06232294617563739,22,353
subject_det_to_noun,5,0,0.12917271407837447,178,1378,0.11470588235294117,39,340,0.1274787535410765,45,353
subject_det_to_noun,5,1,0.03555878084179971,49,1378,0.023529411764705882,8,340,0.025495750708215296,9,353
subject_det_to_noun,5,2,0.009433962264150943,13,1378,0.01764705882352941,6,340,0.0169971671388102,6,353
subject_det_to_noun,5,3,0.15312046444121916,211,1378,0.14705882352941177,50,340,0.1388101983002833,49,353
subject_det_to_noun,5,4,0.12119013062409288,167,1378,0.09705882352941177,33,340,0.10764872521246459,38,353
subject_det_to_noun,5,5,0.016690856313497822,23,1378,0.01764705882352941,6,340,0.0169971671388102,6,353
subject_det_to_noun,5,6,0.006531204644412192,9,1378,0.014705882352941176,5,340,0.014164305949008499,5,353
subject_det_to_noun,5,7,0.009433962264150943,13,1378,0.011764705882352941,4,340,0.0113314447592068,4,353
subject_det_to_noun,5,8,0.07764876632801161,107,1378,0.058823529411764705,20,340,0.053824362606232294,19,353
subject_det_to_noun,5,9,0.01451378809869376,20,1378,0.01764705882352941,6,340,0.0169971671388102,6,353
subject_det_to_noun,5,10,0.22786647314949202,314,1378,0.2,68,340,0.22662889518413598,80,353
subject_det_to_noun,5,11,0.020319303338171262,28,1378,0.026470588235294117,9,340,0.0028328611898017,1,353
subject_det_to_noun,5,12,0.11465892597968069,158,1378,0.10882352941176471,37,340,0.12181303116147309,43,353
subject_det_to_noun,5,13,0.08780841799709724,121,1378,0.08235294117647059,28,340,0.0821529745042493,29,353
subject_det_to_noun,5,14,0.08055152394775036,111,1378,0.07352941176470588,25,340,0.07932011331444759,28,353
subject_det_to_noun,5,15,0.18287373004354138,252,1378,0.16470588235294117,56,340,0.1813031161473088,64,353
subject_det_to_noun,5,16,0.10159651669085631,140,1378,0.11470588235294117,39,340,0.11898016997167139,42,353
subject_det_to_noun,5,17,0.18505079825834542,255,1378,0.17058823529411765,58,340,0.15864022662889518,56,353
subject_det_to_noun,5,18,0.6168359941944848,850,1378,0.5941176470588235,202,340,0.6288951841359773,222,353
subject_det_to_noun,5,19,0.43541364296081275,600,1378,0.4264705882352941,145,340,0.44192634560906513,156,353
subject_det_to_noun,5,20,0.11683599419448476,161,1378,0.09705882352941177,33,340,0.11331444759206799,40,353
subject_det_to_noun,5,21,0.07329462989840348,101,1378,0.06764705882352941,23,340,0.08781869688385269,31,353
subject_det_to_noun,5,22,0.1320754716981132,182,1378,0.11470588235294117,39,340,0.11614730878186968,41,353
subject_det_to_noun,5,23,0.16981132075471697,234,1378,0.14411764705882352,49,340,0.17847025495750707,63,353
subject_det_to_noun,5,24,0.05878084179970972,81,1378,0.047058823529411764,16,340,0.053824362606232294,19,353
subject_det_to_noun,5,25,0.08490566037735849,117,1378,0.08235294117647059,28,340,0.07932011331444759,28,353
subject_det_to_noun,5,26,0.1683599419448476,232,1378,0.15,51,340,0.14730878186968838,52,353
subject_det_to_noun,5,27,0.11248185776487664,155,1378,0.1,34,340,0.0906515580736544,32,353
subject_det_to_noun,6,0,0.06966618287373004,96,1378,0.061764705882352944,21,340,0.053824362606232294,19,353
subject_det_to_noun,6,1,0.08055152394775036,111,1378,0.07647058823529412,26,340,0.0679886685552408,24,353
subject_det_to_noun,6,2,0.07547169811320754,104,1378,0.06764705882352941,23,340,0.059490084985835696,21,353
subject_det_to_noun,6,3,0.01451378809869376,20,1378,0.008823529411764706,3,340,0.025495750708215296,9,353
subject_det_to_noun,6,4,0.09796806966618288,135,1378,0.09117647058823529,31,340,0.0708215297450425,25,353
subject_det_to_noun,6,5,0.041364296081277216,57,1378,0.04411764705882353,15,340,0.031161473087818695,11,353
subject_det_to_noun,6,6,0.011611030478955007,16,1378,0.008823529411764706,3,340,0.0084985835694051,3,353
subject_det_to_noun,6,7,0.031204644412191583,43,1378,0.026470588235294117,9,340,0.014164305949008499,5,353
subject_det_to_noun,6,8,0.013788098693759071,19,1378,0.014705882352941176,5,340,0.0056657223796034,2,353
subject_det_to_noun,6,9,0.21335268505079827,294,1378,0.17058823529411765,58,340,0.22662889518413598,80,353
subject_det_to_noun,6,10,0.0660377358490566,91,1378,0.05588235294117647,19,340,0.053824362606232294,19,353
subject_det_to_noun,6,11,0.11611030478955008,160,1378,0.09705882352941177,33,340,0.10198300283286119,36,353
subject_det_to_noun,6,12,0.009433962264150943,13,1378,0.008823529411764706,3,340,0.0056657223796034,2,353
subject_det_to_noun,6,13,0.08635703918722787,119,1378,0.07352941176470588,25,340,0.0679886685552408,24,353
subject_det_to_noun,6,14,0.16981132075471697,234,1378,0.16470588235294117,56,340,0.18413597733711048,65,353
subject_det_to_noun,6,15,0.11683599419448476,161,1378,0.11764705882352941,40,340,0.0906515580736544,32,353
subject_det_to_noun,6,16,0.6444121915820029,888,1378,0.6558823529411765,223,340,0.6288951841359773,222,353
subject_det_to_noun,6,17,0.0050798258345428155,7,1378,0.0058823529411764705,2,340,0.0084985835694051,3,353
subject_det_to_noun,6,18,0.10087082728592163,139,1378,0.09411764705882353,32,340,0.11048158640226628,39,353
subject_det_to_noun,6,19,0.08055152394775036,111,1378,0.07058823529411765,24,340,0.07365439093484419,26,353
subject_det_to_noun,6,20,0.055152394775036286,76,1378,0.047058823529411764,16,340,0.0339943342776204,12,353
subject_det_to_noun,6,21,0.09724238026124818,134,1378,0.058823529411764705,20,340,0.0708215297450425,25,353
subject_det_to_noun,6,22,0.2997097242380261,413,1378,0.3088235294117647,105,340,0.3002832861189802,106,353
subject_det_to_noun,6,23,0.09506531204644413,131,1378,0.12058823529411765,41,340,0.0708215297450425,25,353
subject_det_to_noun,6,24,0.1204644412191582,166,1378,0.10588235294117647,36,340,0.10764872521246459,38,353
subject_det_to_noun,6,25,0.10595065312046444,146,1378,0.1,34,340,0.09915014164305949,35,353
subject_det_to_noun,6,26,0.11393323657474601,157,1378,0.09117647058823529,31,340,0.08498583569405099,30,353
subject_det_to_noun,6,27,0.10304789550072568,142,1378,0.09411764705882353,32,340,0.0708215297450425,25,353
subject_det_to_noun,7,0,0.0783744557329463,108,1378,0.07647058823529412,26,340,0.06515580736543909,23,353
subject_det_to_noun,7,1,0.061683599419448475,85,1378,0.07352941176470588,25,340,0.07365439093484419,26,353
subject_det_to_noun,7,2,0.2764876632801161,381,1378,0.27941176470588236,95,340,0.3031161473087819,107,353
subject_det_to_noun,7,3,0.02539912917271408,35,1378,0.03529411764705882,12,340,0.0169971671388102,6,353
subject_det_to_noun,7,4,0.06966618287373004,96,1378,0.06470588235294118,22,340,0.042492917847025496,15,353
subject_det_to_noun,7,5,0.5849056603773585,806,1378,0.5323529411764706,181,340,0.6005665722379604,212,353
subject_det_to_noun,7,6,0.09724238026124818,134,1378,0.11176470588235295,38,340,0.10198300283286119,36,353
subject_det_to_noun,7,7,0.11756168359941944,162,1378,0.11470588235294117,39,340,0.08781869688385269,31,353
subject_det_to_noun,7,8,0.3033381712626996,418,1378,0.26176470588235295,89,340,0.3031161473087819,107,353
subject_det_to_noun,7,9,0.6516690856313497,898,1378,0.6205882352941177,211,340,0.6515580736543909,230,353
subject_det_to_noun,7,10,0.018867924528301886,26,1378,0.020588235294117647,7,340,0.0169971671388102,6,353
subject_det_to_noun,7,11,0.09506531204644413,131,1378,0.09117647058823529,31,340,0.08781869688385269,31,353
subject_det_to_noun,7,12,0.09869375907111756,136,1378,0.12058823529411765,41,340,0.09631728045325778,34,353
subject_det_to_noun,7,13,0.18795355587808418,259,1378,0.17941176470588235,61,340,0.1813031161473088,64,353
subject_det_to_noun,7,14,0.02467343976777939,34,1378,0.023529411764705882,8,340,0.0169971671388102,6,353
subject_det_to_noun,7,15,0.03918722786647315,54,1378,0.05588235294117647,19,340,0.036827195467422094,13,353
subject_det_to_noun,7,16,0.0602322206095791,83,1378,0.05588235294117647,19,340,0.06515580736543909,23,353
subject_det_to_noun,7,17,0.02467343976777939,34,1378,0.03235294117647059,11,340,0.014164305949008499,5,353
subject_det_to_noun,7,18,0.555878084179971,766,1378,0.538235294117647,183,340,0.5439093484419264,192,353
subject_det_to_noun,7,19,0.010159651669085631,14,1378,0.023529411764705882,8,340,0.0113314447592068,4,353
subject_det_to_noun,7,20,0.06966618287373004,96,1378,0.07941176470588235,27,340,0.04815864022662889,17,353
subject_det_to_noun,7,21,0.38461538461538464,530,1378,0.3764705882352941,128,340,0.34844192634560905,123,353
subject_det_to_noun,7,22,0.03773584905660377,52,1378,0.058823529411764705,20,340,0.036827195467422094,13,353
subject_det_to_noun,7,23,0.04354136429608128,60,1378,0.05,17,340,0.042492917847025496,15,353
subject_det_to_noun,7,24,0.018867924528301886,26,1378,0.03823529411764706,13,340,0.025495750708215296,9,353
subject_det_to_noun,7,25,0.07547169811320754,104,1378,0.06470588235294118,22,340,0.08781869688385269,31,353
subject_det_to_noun,7,26,0.061683599419448475,85,1378,0.052941176470588235,18,340,0.056657223796033995,20,353
subject_det_to_noun,7,27,0.09143686502177069,126,1378,0.08529411764705883,29,340,0.0708215297450425,25,353
subject_det_to_noun,8,0,0.17634252539912917,243,1378,0.1588235294117647,54,340,0.15864022662889518,56,353
subject_det_to_noun,8,1,0.011611030478955007,16,1378,0.020588235294117647,7,340,0.0084985835694051,3,353
subject_det_to_noun,8,2,0.022496371552975326,31,1378,0.03823529411764706,13,340,0.0169971671388102,6,353
subject_det_to_noun,8,3,0.01741654571843251,24,1378,0.026470588235294117,9,340,0.014164305949008499,5,353
subject_det_to_noun,8,4,0.030478955007256895,42,1378,0.04411764705882353,15,340,0.028328611898016998,10,353
subject_det_to_noun,8,5,0.10449927431059507,144,1378,0.10294117647058823,35,340,0.10198300283286119,36,353
subject_det_to_noun,8,6,0.13062409288824384,180,1378,0.12941176470588237,44,340,0.12464589235127478,44,353
subject_det_to_noun,8,7,0.05805515239477504,80,1378,0.058823529411764705,20,340,0.0708215297450425,25,353
subject_det_to_noun,8,8,0.1574746008708273,217,1378,0.1323529411764706,45,340,0.1388101983002833,49,353
subject_det_to_noun,8,9,0.03701015965166909,51,1378,0.03235294117647059,11,340,0.036827195467422094,13,353
subject_det_to_noun,8,10,0.12119013062409288,167,1378,0.10882352941176471,37,340,0.11331444759206799,40,353
subject_det_to_noun,8,11,0.11538461538461539,159,1378,0.1,34,340,0.11048158640226628,39,353
subject_det_to_noun,8,12,0.46589259796806964,642,1378,0.4470588235294118,152,340,0.47592067988668557,168,353
subject_det_to_noun,8,13,0.054426705370101594,75,1378,0.05,17,340,0.025495750708215296,9,353
subject_det_to_noun,8,14,0.020319303338171262,28,1378,0.029411764705882353,10,340,0.0226628895184136,8,353
subject_det_to_noun,8,15,0.11538461538461539,159,1378,0.11470588235294117,39,340,0.13031161473087818,46,353
subject_det_to_noun,8,16,0.03265602322206096,45,1378,0.03529411764705882,12,340,0.0169971671388102,6,353
subject_det_to_noun,8,17,0.03991291727140784,55,1378,0.041176470588235294,14,340,0.036827195467422094,13,353
subject_det_to_noun,8,18,0.04499274310595065,62,1378,0.03823529411764706,13,340,0.042492917847025496,15,353
subject_det_to_noun,8,19,0.04644412191582003,64,1378,0.041176470588235294,14,340,0.036827195467422094,13,353
subject_det_to_noun,8,20,0.018142235123367198,25,1378,0.03235294117647059,11,340,0.025495750708215296,9,353
subject_det_to_noun,8,21,0.03193033381712627,44,1378,0.029411764705882353,10,340,0.025495750708215296,9,353
subject_det_to_noun,8,22,0.03555878084179971,49,1378,0.03235294117647059,11,340,0.039660056657223795,14,353
subject_det_to_noun,8,23,0.036284470246734396,50,1378,0.03235294117647059,11,340,0.031161473087818695,11,353
subject_det_to_noun,8,24,0.03701015965166909,51,1378,0.03235294117647059,11,340,0.031161473087818695,11,353
subject_det_to_noun,8,25,0.027576197387518143,38,1378,0.029411764705882353,10,340,0.036827195467422094,13,353
subject_det_to_noun,8,26,0.026124818577648767,36,1378,0.01764705882352941,6,340,0.025495750708215296,9,353
subject_det_to_noun,8,27,0.033381712626995644,46,1378,0.03235294117647059,11,340,0.0339943342776204,12,353
subject_det_to_noun,9,0,0.11756168359941944,162,1378,0.11764705882352941,40,340,0.09348441926345609,33,353
subject_det_to_noun,9,1,0.04426705370101597,61,1378,0.047058823529411764,16,340,0.0339943342776204,12,353
subject_det_to_noun,9,2,0.030478955007256895,42,1378,0.03823529411764706,13,340,0.036827195467422094,13,353
subject_det_to_noun,9,3,0.031204644412191583,43,1378,0.03529411764705882,12,340,0.028328611898016998,10,353
subject_det_to_noun,9,4,0.07619738751814223,105,1378,0.07647058823529412,26,340,0.0679886685552408,24,353
subject_det_to_noun,9,5,0.14223512336719885,196,1378,0.1323529411764706,45,340,0.09915014164305949,35,353
subject_det_to_noun,9,6,0.28664731494920176,395,1378,0.26176470588235295,89,340,0.26345609065155806,93,353
subject_det_to_noun,9,7,0.05224963715529753,72,1378,0.052941176470588235,18,340,0.053824362606232294,19,353
subject_det_to_noun,9,8,0.09361393323657474,129,1378,0.11176470588235295,38,340,0.10198300283286119,36,353
subject_det_to_noun,9,9,0.1444121915820029,199,1378,0.13529411764705881,46,340,0.11048158640226628,39,353
subject_det_to_noun,9,10,0.009433962264150943,13,1378,0.01764705882352941,6,340,0.0028328611898017,1,353
subject_det_to_noun,9,11,0.29172714078374457,402,1378,0.2911764705882353,99,340,0.28895184135977336,102,353
subject_det_to_noun,9,12,0.05297532656023222,73,1378,0.058823529411764705,20,340,0.0453257790368272,16,353
subject_det_to_noun,9,13,0.1806966618287373,249,1378,0.1676470588235294,57,340,0.1274787535410765,45,353
subject_det_to_noun,9,14,0.3127721335268505,431,1378,0.3205882352941177,109,340,0.3059490084985836,108,353
subject_det_to_noun,9,15,0.11828737300435414,163,1378,0.12941176470588237,44,340,0.09915014164305949,35,353
subject_det_to_noun,9,16,0.18142235123367198,250,1378,0.17058823529411765,58,340,0.1643059490084986,58,353
subject_det_to_noun,9,17,0.05079825834542816,70,1378,0.07941176470588235,27,340,0.0679886685552408,24,353
subject_det_to_noun,9,18,0.0420899854862119,58,1378,0.04411764705882353,15,340,0.0339943342776204,12,353
subject_det_to_noun,9,19,0.022496371552975326,31,1378,0.03529411764705882,12,340,0.019830028328611898,7,353
subject_det_to_noun,9,20,0.07184325108853411,99,1378,0.07647058823529412,26,340,0.06515580736543909,23,353
subject_det_to_noun,9,21,0.11901306240928883,164,1378,0.10882352941176471,37,340,0.09348441926345609,33,353
subject_det_to_noun,9,22,0.01741654571843251,24,1378,0.008823529411764706,3,340,0.0084985835694051,3,353
subject_det_to_noun,9,23,0.41219158200290273,568,1378,0.39705882352941174,135,340,0.3881019830028329,137,353
subject_det_to_noun,9,24,0.08345428156748912,115,1378,0.07647058823529412,26,340,0.0679886685552408,24,353
subject_det_to_noun,9,25,0.16473149492017417,227,1378,0.15588235294117647,53,340,0.141643059490085,50,353
subject_det_to_noun,9,26,0.05297532656023222,73,1378,0.06470588235294118,22,340,0.056657223796033995,20,353
subject_det_to_noun,9,27,0.1741654571843251,240,1378,0.17941176470588235,61,340,0.15864022662889518,56,353
subject_det_to_noun,10,0,0.018142235123367198,25,1378,0.029411764705882353,10,340,0.0113314447592068,4,353
subject_det_to_noun,10,1,0.1741654571843251,240,1378,0.1588235294117647,54,340,0.12464589235127478,44,353
subject_det_to_noun,10,2,0.008708272859216255,12,1378,0.014705882352941176,5,340,0.0056657223796034,2,353
subject_det_to_noun,10,3,0.06313497822931785,87,1378,0.07352941176470588,25,340,0.042492917847025496,15,353
subject_det_to_noun,10,4,0.0043541364296081275,6,1378,0.008823529411764706,3,340,0.0084985835694051,3,353
subject_det_to_noun,10,5,0.050072568940493466,69,1378,0.05,17,340,0.039660056657223795,14,353
subject_det_to_noun,10,6,0.19666182873730043,271,1378,0.18235294117647058,62,340,0.19263456090651557,68,353
subject_det_to_noun,10,7,0.054426705370101594,75,1378,0.08235294117647059,28,340,0.04815864022662889,17,353
subject_det_to_noun,10,8,0.02539912917271408,35,1378,0.03529411764705882,12,340,0.0084985835694051,3,353
subject_det_to_noun,10,9,0.0420899854862119,58,1378,0.05588235294117647,19,340,0.039660056657223795,14,353
subject_det_to_noun,10,10,0.04716981132075472,65,1378,0.05588235294117647,19,340,0.028328611898016998,10,353
subject_det_to_noun,10,11,0.1806966618287373,249,1378,0.17941176470588235,61,340,0.14730878186968838,52,353
subject_det_to_noun,10,12,0.04862119013062409,67,1378,0.06470588235294118,22,340,0.042492917847025496,15,353
subject_det_to_noun,10,13,0.17561683599419448,242,1378,0.1588235294117647,54,340,0.1529745042492918,54,353
subject_det_to_noun,10,14,0.09941944847605225,137,1378,0.08823529411764706,30,340,0.0708215297450425,25,353
subject_det_to_noun,10,15,0.306966618287373,423,1378,0.2852941176470588,97,340,0.35410764872521244,125,353
subject_det_to_noun,10,16,0.06748911465892599,93,1378,0.061764705882352944,21,340,0.056657223796033995,20,353
subject_det_to_noun,10,17,0.018867924528301886,26,1378,0.029411764705882353,10,340,0.0169971671388102,6,353
subject_det_to_noun,10,18,0.026124818577648767,36,1378,0.029411764705882353,10,340,0.0169971671388102,6,353
subject_det_to_noun,10,19,0.07910014513788098,109,1378,0.07941176470588235,27,340,0.0764872521246459,27,353
subject_det_to_noun,10,20,0.050072568940493466,69,1378,0.052941176470588235,18,340,0.05099150141643059,18,353
subject_det_to_noun,10,21,0.08490566037735849,117,1378,0.09411764705882353,32,340,0.08498583569405099,30,353
subject_det_to_noun,10,22,0.050072568940493466,69,1378,0.04411764705882353,15,340,0.039660056657223795,14,353
subject_det_to_noun,10,23,0.20609579100145137,284,1378,0.18823529411764706,64,340,0.1813031161473088,64,353
subject_det_to_noun,10,24,0.15965166908563136,220,1378,0.1323529411764706,45,340,0.1643059490084986,58,353
subject_det_to_noun,10,25,0.4281567489114659,590,1378,0.4117647058823529,140,340,0.47592067988668557,168,353
subject_det_to_noun,10,26,0.008708272859216255,12,1378,0.0058823529411764705,2,340,0.0056657223796034,2,353
subject_det_to_noun,10,27,0.038461538461538464,53,1378,0.041176470588235294,14,340,0.028328611898016998,10,353
subject_det_to_noun,11,0,0.029753265602322207,41,1378,0.041176470588235294,14,340,0.036827195467422094,13,353
subject_det_to_noun,11,1,0.0021770682148040637,3,1378,0.0058823529411764705,2,340,0.0028328611898017,1,353
subject_det_to_noun,11,2,0.01451378809869376,20,1378,0.011764705882352941,4,340,0.025495750708215296,9,353
subject_det_to_noun,11,3,0.08490566037735849,117,1378,0.09117647058823529,31,340,0.0708215297450425,25,353
subject_det_to_noun,11,4,0.02177068214804064,30,1378,0.026470588235294117,9,340,0.028328611898016998,10,353
subject_det_to_noun,11,5,0.018142235123367198,25,1378,0.020588235294117647,7,340,0.019830028328611898,7,353
subject_det_to_noun,11,6,0.22568940493468795,311,1378,0.2,68,340,0.22662889518413598,80,353
subject_det_to_noun,11,7,0.18577648766328012,256,1378,0.2088235294117647,71,340,0.23229461756373937,82,353
subject_det_to_noun,11,8,0.04281567489114659,59,1378,0.041176470588235294,14,340,0.05099150141643059,18,353
subject_det_to_noun,11,9,0.07184325108853411,99,1378,0.06470588235294118,22,340,0.056657223796033995,20,353
subject_det_to_noun,11,10,0.013788098693759071,19,1378,0.011764705882352941,4,340,0.019830028328611898,7,353
subject_det_to_noun,11,11,0.054426705370101594,75,1378,0.05,17,340,0.05099150141643059,18,353
subject_det_to_noun,11,12,0.034107402031930335,47,1378,0.03823529411764706,13,340,0.028328611898016998,10,353
subject_det_to_noun,11,13,0.06386066763425254,88,1378,0.06470588235294118,22,340,0.06232294617563739,22,353
subject_det_to_noun,11,14,0.22714078374455732,313,1378,0.2088235294117647,71,340,0.2096317280453258,74,353
subject_det_to_noun,11,15,0.03773584905660377,52,1378,0.029411764705882353,10,340,0.042492917847025496,15,353
subject_det_to_noun,11,16,0.20609579100145137,284,1378,0.18235294117647058,62,340,0.18413597733711048,65,353
subject_det_to_noun,11,17,0.5137880986937591,708,1378,0.5058823529411764,172,340,0.5637393767705382,199,353
subject_det_to_noun,11,18,0.12119013062409288,167,1378,0.1323529411764706,45,340,0.0821529745042493,29,353
subject_det_to_noun,11,19,0.03193033381712627,44,1378,0.026470588235294117,9,340,0.0226628895184136,8,353
subject_det_to_noun,11,20,0.061683599419448475,85,1378,0.07941176470588235,27,340,0.04815864022662889,17,353
subject_det_to_noun,11,21,0.030478955007256895,42,1378,0.03823529411764706,13,340,0.0226628895184136,8,353
subject_det_to_noun,11,22,0.061683599419448475,85,1378,0.052941176470588235,18,340,0.056657223796033995,20,353
subject_det_to_noun,11,23,0.08127721335268505,112,1378,0.06764705882352941,23,340,0.06232294617563739,22,353
subject_det_to_noun,11,24,0.21407837445573294,295,1378,0.17647058823529413,60,340,0.19830028328611898,70,353
subject_det_to_noun,11,25,0.047895500725689405,66,1378,0.03529411764705882,12,340,0.036827195467422094,13,353
subject_det_to_noun,11,26,0.2169811320754717,299,1378,0.20294117647058824,69,340,0.21813031161473087,77,353
subject_det_to_noun,11,27,0.06095791001451379,84,1378,0.058823529411764705,20,340,0.04815864022662889,17,353
subject_det_to_noun,12,0,0.3555878084179971,490,1378,0.34411764705882353,117,340,0.32577903682719545,115,353
subject_det_to_noun,12,1,0.24528301886792453,338,1378,0.24411764705882352,83,340,0.24362606232294617,86,353
subject_det_to_noun,12,2,0.016690856313497822,23,1378,0.020588235294117647,7,340,0.0169971671388102,6,353
subject_det_to_noun,12,3,0.006531204644412192,9,1378,0.011764705882352941,4,340,0.0056657223796034,2,353
subject_det_to_noun,12,4,0.022496371552975326,31,1378,0.008823529411764706,3,340,0.0226628895184136,8,353
subject_det_to_noun,12,5,0.09433962264150944,130,1378,0.07647058823529412,26,340,0.08498583569405099,30,353
subject_det_to_noun,12,6,0.018142235123367198,25,1378,0.014705882352941176,5,340,0.019830028328611898,7,353
subject_det_to_noun,12,7,0.02467343976777939,34,1378,0.020588235294117647,7,340,0.0226628895184136,8,353
subject_det_to_noun,12,8,0.029753265602322207,41,1378,0.03529411764705882,12,340,0.028328611898016998,10,353
subject_det_to_noun,12,9,0.21190130624092887,292,1378,0.20294117647058824,69,340,0.24079320113314448,85,353
subject_det_to_noun,12,10,0.018867924528301886,26,1378,0.020588235294117647,7,340,0.0169971671388102,6,353
subject_det_to_noun,12,11,0.01451378809869376,20,1378,0.014705882352941176,5,340,0.0113314447592068,4,353
subject_det_to_noun,12,12,0.026850507982583455,37,1378,0.03529411764705882,12,340,0.031161473087818695,11,353
subject_det_to_noun,12,13,0.031204644412191583,43,1378,0.029411764705882353,10,340,0.028328611898016998,10,353
subject_det_to_noun,12,14,0.036284470246734396,50,1378,0.014705882352941176,5,340,0.028328611898016998,10,353
subject_det_to_noun,12,15,0.06313497822931785,87,1378,0.06470588235294118,22,340,0.053824362606232294,19,353
subject_det_to_noun,12,16,0.013062409288824383,18,1378,0.008823529411764706,3,340,0.014164305949008499,5,353
subject_det_to_noun,12,17,0.026124818577648767,36,1378,0.026470588235294117,9,340,0.031161473087818695,11,353
subject_det_to_noun,12,18,0.036284470246734396,50,1378,0.03823529411764706,13,340,0.0339943342776204,12,353
subject_det_to_noun,12,19,0.02104499274310595,29,1378,0.029411764705882353,10,340,0.028328611898016998,10,353
subject_det_to_noun,12,20,0.2728592162554427,376,1378,0.25588235294117645,87,340,0.3087818696883853,109,353
subject_det_to_noun,12,21,0.010159651669085631,14,1378,0.0058823529411764705,2,340,0.0084985835694051,3,353
subject_det_to_noun,12,22,0.03483309143686502,48,1378,0.023529411764705882,8,340,0.031161473087818695,11,353
subject_det_to_noun,12,23,0.02830188679245283,39,1378,0.026470588235294117,9,340,0.028328611898016998,10,353
subject_det_to_noun,12,24,0.3200290275761974,441,1378,0.2676470588235294,91,340,0.31728045325779036,112,353
subject_det_to_noun,12,25,0.05079825834542816,70,1378,0.058823529411764705,20,340,0.056657223796033995,20,353
subject_det_to_noun,12,26,0.10667634252539913,147,1378,0.08235294117647059,28,340,0.08498583569405099,30,353
subject_det_to_noun,12,27,0.03483309143686502,48,1378,0.023529411764705882,8,340,0.0226628895184136,8,353
subject_det_to_noun,13,0,0.09433962264150944,130,1378,0.07352941176470588,25,340,0.10198300283286119,36,353
subject_det_to_noun,13,1,0.019593613933236574,27,1378,0.020588235294117647,7,340,0.031161473087818695,11,353
subject_det_to_noun,13,2,0.08490566037735849,117,1378,0.08235294117647059,28,340,0.0679886685552408,24,353
subject_det_to_noun,13,3,0.04354136429608128,60,1378,0.061764705882352944,21,340,0.042492917847025496,15,353
subject_det_to_noun,13,4,0.040638606676342524,56,1378,0.04411764705882353,15,340,0.0453257790368272,16,353
subject_det_to_noun,13,5,0.11611030478955008,160,1378,0.12058823529411765,41,340,0.12181303116147309,43,353
subject_det_to_noun,13,6,0.02104499274310595,29,1378,0.026470588235294117,9,340,0.0169971671388102,6,353
subject_det_to_noun,13,7,0.04499274310595065,62,1378,0.058823529411764705,20,340,0.0453257790368272,16,353
subject_det_to_noun,13,8,0.020319303338171262,28,1378,0.020588235294117647,7,340,0.019830028328611898,7,353
subject_det_to_noun,13,9,0.023222060957910014,32,1378,0.029411764705882353,10,340,0.031161473087818695,11,353
subject_det_to_noun,13,10,0.12119013062409288,167,1378,0.10882352941176471,37,340,0.11898016997167139,42,353
subject_det_to_noun,13,11,0.07256894049346879,100,1378,0.058823529411764705,20,340,0.05099150141643059,18,353
subject_det_to_noun,13,12,0.19013062409288825,262,1378,0.1676470588235294,57,340,0.22096317280453256,78,353
subject_det_to_noun,13,13,0.0050798258345428155,7,1378,0.0058823529411764705,2,340,0.0084985835694051,3,353
subject_det_to_noun,13,14,0.09071117561683599,125,1378,0.09117647058823529,31,340,0.11614730878186968,41,353
subject_det_to_noun,13,15,0.03555878084179971,49,1378,0.03529411764705882,12,340,0.042492917847025496,15,353
subject_det_to_noun,13,16,0.10014513788098693,138,1378,0.07941176470588235,27,340,0.0708215297450425,25,353
subject_det_to_noun,13,17,0.0602322206095791,83,1378,0.07647058823529412,26,340,0.0708215297450425,25,353
subject_det_to_noun,13,18,0.05660377358490566,78,1378,0.05,17,340,0.059490084985835696,21,353
subject_det_to_noun,13,19,0.02902757619738752,40,1378,0.029411764705882353,10,340,0.0339943342776204,12,353
subject_det_to_noun,13,20,0.1081277213352685,149,1378,0.11176470588235295,38,340,0.10764872521246459,38,353
subject_det_to_noun,13,21,0.07184325108853411,99,1378,0.061764705882352944,21,340,0.07365439093484419,26,353
subject_det_to_noun,13,22,0.1328011611030479,183,1378,0.10294117647058823,35,340,0.09631728045325778,34,353
subject_det_to_noun,13,23,0.03193033381712627,44,1378,0.03529411764705882,12,340,0.039660056657223795,14,353
subject_det_to_noun,13,24,0.11828737300435414,163,1378,0.10294117647058823,35,340,0.12181303116147309,43,353
subject_det_to_noun,13,25,0.1741654571843251,240,1378,0.2,68,340,0.1813031161473088,64,353
subject_det_to_noun,13,26,0.05587808417997097,77,1378,0.05588235294117647,19,340,0.042492917847025496,15,353
subject_det_to_noun,13,27,0.06748911465892599,93,1378,0.07058823529411765,24,340,0.053824362606232294,19,353
subject_det_to_noun,14,0,0.09941944847605225,137,1378,0.07647058823529412,26,340,0.08781869688385269,31,353
subject_det_to_noun,14,1,0.050072568940493466,69,1378,0.026470588235294117,9,340,0.036827195467422094,13,353
subject_det_to_noun,14,2,0.04354136429608128,60,1378,0.03235294117647059,11,340,0.039660056657223795,14,353
subject_det_to_noun,14,3,0.045718432510885344,63,1378,0.03823529411764706,13,340,0.0339943342776204,12,353
subject_det_to_noun,14,4,0.08708272859216255,120,1378,0.07941176470588235,27,340,0.0764872521246459,27,353
subject_det_to_noun,14,5,0.059506531204644414,82,1378,0.052941176470588235,18,340,0.056657223796033995,20,353
subject_det_to_noun,14,6,0.4760522496371553,656,1378,0.45294117647058824,154,340,0.47592067988668557,168,353
subject_det_to_noun,14,7,0.011611030478955007,16,1378,0.014705882352941176,5,340,0.0169971671388102,6,353
subject_det_to_noun,14,8,0.018142235123367198,25,1378,0.014705882352941176,5,340,0.025495750708215296,9,353
subject_det_to_noun,14,9,0.06748911465892599,93,1378,0.047058823529411764,16,340,0.06515580736543909,23,353
subject_det_to_noun,14,10,0.018867924528301886,26,1378,0.029411764705882353,10,340,0.0226628895184136,8,353
subject_det_to_noun,14,11,0.10885341074020319,150,1378,0.10588235294117647,36,340,0.11048158640226628,39,353
subject_det_to_noun,14,12,0.02539912917271408,35,1378,0.023529411764705882,8,340,0.014164305949008499,5,353
subject_det_to_noun,14,13,0.013062409288824383,18,1378,0.011764705882352941,4,340,0.014164305949008499,5,353
subject_det_to_noun,14,14,0.05805515239477504,80,1378,0.058823529411764705,20,340,0.053824362606232294,19,353
subject_det_to_noun,14,15,0.0899854862119013,124,1378,0.061764705882352944,21,340,0.08498583569405099,30,353
subject_det_to_noun,14,16,0.031204644412191583,43,1378,0.03823529411764706,13,340,0.028328611898016998,10,353
subject_det_to_noun,14,17,0.031204644412191583,43,1378,0.03823529411764706,13,340,0.039660056657223795,14,353
subject_det_to_noun,14,18,0.03265602322206096,45,1378,0.023529411764705882,8,340,0.039660056657223795,14,353
subject_det_to_noun,14,19,0.03193033381712627,44,1378,0.026470588235294117,9,340,0.028328611898016998,10,353
subject_det_to_noun,14,20,0.054426705370101594,75,1378,0.047058823529411764,16,340,0.056657223796033995,20,353
subject_det_to_noun,14,21,0.018867924528301886,26,1378,0.023529411764705882,8,340,0.019830028328611898,7,353
subject_det_to_noun,14,22,0.030478955007256895,42,1378,0.03823529411764706,13,340,0.019830028328611898,7,353
subject_det_to_noun,14,23,0.21915820029027577,302,1378,0.19411764705882353,66,340,0.24362606232294617,86,353
subject_det_to_noun,14,24,0.045718432510885344,63,1378,0.05,17,340,0.05099150141643059,18,353
subject_det_to_noun,14,25,0.09941944847605225,137,1378,0.10294117647058823,35,340,0.09631728045325778,34,353
subject_det_to_noun,14,26,0.023947750362844702,33,1378,0.029411764705882353,10,340,0.014164305949008499,5,353
subject_det_to_noun,14,27,0.03555878084179971,49,1378,0.03235294117647059,11,340,0.04815864022662889,17,353
subject_det_to_noun,15,0,0.0050798258345428155,7,1378,0.014705882352941176,5,340,0.0113314447592068,4,353
subject_det_to_noun,15,1,0.012336719883889695,17,1378,0.01764705882352941,6,340,0.0113314447592068,4,353
subject_det_to_noun,15,2,0.019593613933236574,27,1378,0.023529411764705882,8,340,0.025495750708215296,9,353
subject_det_to_noun,15,3,0.008708272859216255,12,1378,0.01764705882352941,6,340,0.0113314447592068,4,353
subject_det_to_noun,15,4,0.012336719883889695,17,1378,0.023529411764705882,8,340,0.014164305949008499,5,353
subject_det_to_noun,15,5,0.023222060957910014,32,1378,0.026470588235294117,9,340,0.0339943342776204,12,353
subject_det_to_noun,15,6,0.1567489114658926,216,1378,0.1588235294117647,54,340,0.14730878186968838,52,353
subject_det_to_noun,15,7,0.02177068214804064,30,1378,0.01764705882352941,6,340,0.028328611898016998,10,353
subject_det_to_noun,15,8,0.1269956458635704,175,1378,0.13823529411764707,47,340,0.141643059490085,50,353
subject_det_to_noun,15,9,0.07474600870827286,103,1378,0.07941176470588235,27,340,0.053824362606232294,19,353
subject_det_to_noun,15,10,0.022496371552975326,31,1378,0.03235294117647059,11,340,0.019830028328611898,7,353
subject_det_to_noun,15,11,0.0021770682148040637,3,1378,0.0058823529411764705,2,340,0.0056657223796034,2,353
subject_det_to_noun,15,12,0.007982583454281567,11,1378,0.014705882352941176,5,340,0.0084985835694051,3,353
subject_det_to_noun,15,13,0.08200290275761973,113,1378,0.06764705882352941,23,340,0.07932011331444759,28,353
subject_det_to_noun,15,14,0.015239477503628448,21,1378,0.01764705882352941,6,340,0.019830028328611898,7,353
subject_det_to_noun,15,15,0.029753265602322207,41,1378,0.020588235294117647,7,340,0.0453257790368272,16,353
subject_det_to_noun,15,16,0.0965166908563135,133,1378,0.08823529411764706,30,340,0.09631728045325778,34,353
subject_det_to_noun,15,17,0.018142235123367198,25,1378,0.023529411764705882,8,340,0.0169971671388102,6,353
subject_det_to_noun,15,18,0.009433962264150943,13,1378,0.014705882352941176,5,340,0.0113314447592068,4,353
subject_det_to_noun,15,19,0.00725689404934688,10,1378,0.020588235294117647,7,340,0.0113314447592068,4,353
subject_det_to_noun,15,20,0.011611030478955007,16,1378,0.014705882352941176,5,340,0.0169971671388102,6,353
subject_det_to_noun,15,21,0.16545718432510886,228,1378,0.16176470588235295,55,340,0.1643059490084986,58,353
subject_det_to_noun,15,22,0.05297532656023222,73,1378,0.07647058823529412,26,340,0.06515580736543909,23,353
subject_det_to_noun,15,23,0.137155297532656,189,1378,0.10882352941176471,37,340,0.11898016997167139,42,353
subject_det_to_noun,15,24,0.05152394775036284,71,1378,0.047058823529411764,16,340,0.042492917847025496,15,353
subject_det_to_noun,15,25,0.04716981132075472,65,1378,0.05588235294117647,19,340,0.05099150141643059,18,353
subject_det_to_noun,15,26,0.023222060957910014,32,1378,0.020588235294117647,7,340,0.028328611898016998,10,353
subject_det_to_noun,15,27,0.34107402031930334,470,1378,0.34705882352941175,118,340,0.3654390934844193,129,353
subject_det_to_noun,16,0,0.011611030478955007,16,1378,0.020588235294117647,7,340,0.014164305949008499,5,353
subject_det_to_noun,16,1,0.1262699564586357,174,1378,0.1264705882352941,43,340,0.11898016997167139,42,353
subject_det_to_noun,16,2,0.026850507982583455,37,1378,0.026470588235294117,9,340,0.031161473087818695,11,353
subject_det_to_noun,16,3,0.020319303338171262,28,1378,0.026470588235294117,9,340,0.0226628895184136,8,353
subject_det_to_noun,16,4,0.03773584905660377,52,1378,0.023529411764705882,8,340,0.039660056657223795,14,353
subject_det_to_noun,16,5,0.04281567489114659,59,1378,0.041176470588235294,14,340,0.0339943342776204,12,353
subject_det_to_noun,16,6,0.026124818577648767,36,1378,0.01764705882352941,6,340,0.0226628895184136,8,353
subject_det_to_noun,16,7,0.07256894049346879,100,1378,0.08235294117647059,28,340,0.07365439093484419,26,353
subject_det_to_noun,16,8,0.016690856313497822,23,1378,0.01764705882352941,6,340,0.0169971671388102,6,353
subject_det_to_noun,16,9,0.033381712626995644,46,1378,0.03529411764705882,12,340,0.028328611898016998,10,353
subject_det_to_noun,16,10,0.03483309143686502,48,1378,0.03529411764705882,12,340,0.031161473087818695,11,353
subject_det_to_noun,16,11,0.029753265602322207,41,1378,0.023529411764705882,8,340,0.031161473087818695,11,353
subject_det_to_noun,16,12,0.009433962264150943,13,1378,0.011764705882352941,4,340,0.0028328611898017,1,353
subject_det_to_noun,16,13,0.409288824383164,564,1378,0.3941176470588235,134,340,0.45042492917847027,159,353
subject_det_to_noun,16,14,0.09216255442670537,127,1378,0.08823529411764706,30,340,0.0764872521246459,27,353
subject_det_to_noun,16,15,0.016690856313497822,23,1378,0.03235294117647059,11,340,0.0226628895184136,8,353
subject_det_to_noun,16,16,0.03483309143686502,48,1378,0.03235294117647059,11,340,0.039660056657223795,14,353
subject_det_to_noun,16,17,0.045718432510885344,63,1378,0.023529411764705882,8,340,0.025495750708215296,9,353
subject_det_to_noun,16,18,0.02902757619738752,40,1378,0.041176470588235294,14,340,0.031161473087818695,11,353
subject_det_to_noun,16,19,0.06313497822931785,87,1378,0.047058823529411764,16,340,0.036827195467422094,13,353
subject_det_to_noun,16,20,0.2467343976777939,340,1378,0.24705882352941178,84,340,0.24645892351274787,87,353
subject_det_to_noun,16,21,0.034107402031930335,47,1378,0.029411764705882353,10,340,0.025495750708215296,9,353
subject_det_to_noun,16,22,0.04716981132075472,65,1378,0.052941176470588235,18,340,0.039660056657223795,14,353
subject_det_to_noun,16,23,0.3200290275761974,441,1378,0.3176470588235294,108,340,0.32577903682719545,115,353
subject_det_to_noun,16,24,0.027576197387518143,38,1378,0.029411764705882353,10,340,0.025495750708215296,9,353
subject_det_to_noun,16,25,0.02104499274310595,29,1378,0.029411764705882353,10,340,0.0226628895184136,8,353
subject_det_to_noun,16,26,0.2169811320754717,299,1378,0.19411764705882353,66,340,0.19263456090651557,68,353
subject_det_to_noun,16,27,0.02467343976777939,34,1378,0.04411764705882353,15,340,0.031161473087818695,11,353
subject_det_to_noun,17,0,0.006531204644412192,9,1378,0.008823529411764706,3,340,0.0169971671388102,6,353
subject_det_to_noun,17,1,0.029753265602322207,41,1378,0.01764705882352941,6,340,0.0339943342776204,12,353
subject_det_to_noun,17,2,0.023222060957910014,32,1378,0.029411764705882353,10,340,0.0339943342776204,12,353
subject_det_to_noun,17,3,0.46879535558780844,646,1378,0.4588235294117647,156,340,0.4985835694050991,176,353
subject_det_to_noun,17,4,0.2474600870827286,341,1378,0.21470588235294116,73,340,0.2237960339943343,79,353
subject_det_to_noun,17,5,0.020319303338171262,28,1378,0.020588235294117647,7,340,0.0169971671388102,6,353
subject_det_to_noun,17,6,0.007982583454281567,11,1378,0.008823529411764706,3,340,0.0084985835694051,3,353
subject_det_to_noun,17,7,0.1567489114658926,216,1378,0.16176470588235295,55,340,0.16147308781869688,57,353
subject_det_to_noun,17,8,0.38171262699564584,526,1378,0.3764705882352941,128,340,0.3937677053824363,139,353
subject_det_to_noun,17,9,0.02467343976777939,34,1378,0.026470588235294117,9,340,0.025495750708215296,9,353
subject_det_to_noun,17,10,0.07764876632801161,107,1378,0.07352941176470588,25,340,0.07932011331444759,28,353
subject_det_to_noun,17,11,0.3497822931785196,482,1378,0.31470588235294117,107,340,0.33994334277620397,120,353
subject_det_to_noun,17,12,0.03265602322206096,45,1378,0.03235294117647059,11,340,0.031161473087818695,11,353
subject_det_to_noun,17,13,0.08055152394775036,111,1378,0.07352941176470588,25,340,0.07365439093484419,26,353
subject_det_to_noun,17,14,0.036284470246734396,50,1378,0.03235294117647059,11,340,0.0453257790368272,16,353
subject_det_to_noun,17,15,0.07619738751814223,105,1378,0.07647058823529412,26,340,0.06515580736543909,23,353
subject_det_to_noun,17,16,0.009433962264150943,13,1378,0.011764705882352941,4,340,0.014164305949008499,5,353
subject_det_to_noun,17,17,0.027576197387518143,38,1378,0.029411764705882353,10,340,0.028328611898016998,10,353
subject_det_to_noun,17,18,0.08563134978229318,118,1378,0.06470588235294118,22,340,0.0708215297450425,25,353
subject_det_to_noun,17,19,0.018142235123367198,25,1378,0.020588235294117647,7,340,0.0226628895184136,8,353
subject_det_to_noun,17,20,0.013788098693759071,19,1378,0.0029411764705882353,1,340,0.014164305949008499,5,353
subject_det_to_noun,17,21,0.012336719883889695,17,1378,0.020588235294117647,7,340,0.0169971671388102,6,353
subject_det_to_noun,17,22,0.015965166908563134,22,1378,0.026470588235294117,9,340,0.0169971671388102,6,353
subject_det_to_noun,17,23,0.027576197387518143,38,1378,0.023529411764705882,8,340,0.036827195467422094,13,353
subject_det_to_noun,17,24,0.04644412191582003,64,1378,0.05,17,340,0.04815864022662889,17,353
subject_det_to_noun,17,25,0.008708272859216255,12,1378,0.014705882352941176,5,340,0.014164305949008499,5,353
subject_det_to_noun,17,26,0.01451378809869376,20,1378,0.014705882352941176,5,340,0.0169971671388102,6,353
subject_det_to_noun,17,27,0.04716981132075472,65,1378,0.04411764705882353,15,340,0.036827195467422094,13,353
subject_det_to_noun,18,0,0.28737300435413643,396,1378,0.2676470588235294,91,340,0.2577903682719547,91,353
subject_det_to_noun,18,1,0.012336719883889695,17,1378,0.020588235294117647,7,340,0.019830028328611898,7,353
subject_det_to_noun,18,2,0.015239477503628448,21,1378,0.014705882352941176,5,340,0.019830028328611898,7,353
subject_det_to_noun,18,3,0.057329462989840346,79,1378,0.052941176470588235,18,340,0.053824362606232294,19,353
subject_det_to_noun,18,4,0.27503628447024675,379,1378,0.2735294117647059,93,340,0.3031161473087819,107,353
subject_det_to_noun,18,5,0.019593613933236574,27,1378,0.01764705882352941,6,340,0.019830028328611898,7,353
subject_det_to_noun,18,6,0.016690856313497822,23,1378,0.014705882352941176,5,340,0.019830028328611898,7,353
subject_det_to_noun,18,7,0.4825834542815675,665,1378,0.4852941176470588,165,340,0.46458923512747874,164,353
subject_det_to_noun,18,8,0.013788098693759071,19,1378,0.01764705882352941,6,340,0.014164305949008499,5,353
subject_det_to_noun,18,9,0.05370101596516691,74,1378,0.047058823529411764,16,340,0.039660056657223795,14,353
subject_det_to_noun,18,10,0.06095791001451379,84,1378,0.03529411764705882,12,340,0.053824362606232294,19,353
subject_det_to_noun,18,11,0.013062409288824383,18,1378,0.011764705882352941,4,340,0.0113314447592068,4,353
subject_det_to_noun,18,12,0.027576197387518143,38,1378,0.023529411764705882,8,340,0.031161473087818695,11,353
subject_det_to_noun,18,13,0.13933236574746008,192,1378,0.11176470588235295,38,340,0.1274787535410765,45,353
subject_det_to_noun,18,14,0.07111756168359942,98,1378,0.06470588235294118,22,340,0.06515580736543909,23,353
subject_det_to_noun,18,15,0.09216255442670537,127,1378,0.052941176470588235,18,340,0.1048158640226629,37,353
subject_det_to_noun,18,16,0.026124818577648767,36,1378,0.023529411764705882,8,340,0.031161473087818695,11,353
subject_det_to_noun,18,17,0.16473149492017417,227,1378,0.1588235294117647,54,340,0.141643059490085,50,353
subject_det_to_noun,18,18,0.07039187227866474,97,1378,0.047058823529411764,16,340,0.06232294617563739,22,353
subject_det_to_noun,18,19,0.04426705370101597,61,1378,0.05588235294117647,19,340,0.036827195467422094,13,353
subject_det_to_noun,18,20,0.0420899854862119,58,1378,0.03823529411764706,13,340,0.036827195467422094,13,353
subject_det_to_noun,18,21,0.3838896952104499,529,1378,0.36176470588235293,123,340,0.40226628895184136,142,353
subject_det_to_noun,18,22,0.02830188679245283,39,1378,0.03235294117647059,11,340,0.0169971671388102,6,353
subject_det_to_noun,18,23,0.033381712626995644,46,1378,0.03823529411764706,13,340,0.0339943342776204,12,353
subject_det_to_noun,18,24,0.013788098693759071,19,1378,0.0058823529411764705,2,340,0.0169971671388102,6,353
subject_det_to_noun,18,25,0.33454281567489114,461,1378,0.3205882352941177,109,340,0.29178470254957506,103,353
subject_det_to_noun,18,26,0.02830188679245283,39,1378,0.023529411764705882,8,340,0.028328611898016998,10,353
subject_det_to_noun,18,27,0.2576197387518142,355,1378,0.21176470588235294,72,340,0.23512747875354106,83,353
subject_det_to_noun,19,0,0.36574746008708275,504,1378,0.38235294117647056,130,340,0.3314447592067989,117,353
subject_det_to_noun,19,1,0.02177068214804064,30,1378,0.011764705882352941,4,340,0.0226628895184136,8,353
subject_det_to_noun,19,2,0.02177068214804064,30,1378,0.011764705882352941,4,340,0.031161473087818695,11,353
subject_det_to_noun,19,3,0.045718432510885344,63,1378,0.03823529411764706,13,340,0.053824362606232294,19,353
subject_det_to_noun,19,4,0.015239477503628448,21,1378,0.026470588235294117,9,340,0.0226628895184136,8,353
subject_det_to_noun,19,5,0.16110304789550073,222,1378,0.13823529411764707,47,340,0.14730878186968838,52,353
subject_det_to_noun,19,6,0.13497822931785197,186,1378,0.11470588235294117,39,340,0.1529745042492918,54,353
subject_det_to_noun,19,7,0.02539912917271408,35,1378,0.014705882352941176,5,340,0.019830028328611898,7,353
subject_det_to_noun,19,8,0.02177068214804064,30,1378,0.020588235294117647,7,340,0.0226628895184136,8,353
subject_det_to_noun,19,9,0.00362844702467344,5,1378,0.011764705882352941,4,340,0.0084985835694051,3,353
subject_det_to_noun,19,10,0.005805515239477504,8,1378,0.011764705882352941,4,340,0.0113314447592068,4,353
subject_det_to_noun,19,11,0.22423802612481858,309,1378,0.20294117647058824,69,340,0.21813031161473087,77,353
subject_det_to_noun,19,12,0.0660377358490566,91,1378,0.061764705882352944,21,340,0.0708215297450425,25,353
subject_det_to_noun,19,13,0.04426705370101597,61,1378,0.05,17,340,0.039660056657223795,14,353
subject_det_to_noun,19,14,0.009433962264150943,13,1378,0.008823529411764706,3,340,0.0226628895184136,8,353
subject_det_to_noun,19,15,0.22931785195936139,316,1378,0.2323529411764706,79,340,0.22662889518413598,80,353
subject_det_to_noun,19,16,0.18359941944847605,253,1378,0.12058823529411765,41,340,0.17563739376770537,62,353
subject_det_to_noun,19,17,0.2997097242380261,413,1378,0.25588235294117645,87,340,0.311614730878187,110,353
subject_det_to_noun,19,18,0.026124818577648767,36,1378,0.029411764705882353,10,340,0.042492917847025496,15,353
subject_det_to_noun,19,19,0.0420899854862119,58,1378,0.03529411764705882,12,340,0.0453257790368272,16,353
subject_det_to_noun,19,20,0.11175616835994194,154,1378,0.10294117647058823,35,340,0.13314447592067988,47,353
subject_det_to_noun,19,21,0.06676342525399129,92,1378,0.06764705882352941,23,340,0.053824362606232294,19,353
subject_det_to_noun,19,22,0.14150943396226415,195,1378,0.10882352941176471,37,340,0.12181303116147309,43,353
subject_det_to_noun,19,23,0.06821480406386067,94,1378,0.05588235294117647,19,340,0.056657223796033995,20,353
subject_det_to_noun,19,24,0.06821480406386067,94,1378,0.04411764705882353,15,340,0.05099150141643059,18,353
subject_det_to_noun,19,25,0.07764876632801161,107,1378,0.06470588235294118,22,340,0.0764872521246459,27,353
subject_det_to_noun,19,26,0.09506531204644413,131,1378,0.09117647058823529,31,340,0.0708215297450425,25,353
subject_det_to_noun,19,27,0.034107402031930335,47,1378,0.041176470588235294,14,340,0.05099150141643059,18,353
subject_det_to_noun,20,0,0.026124818577648767,36,1378,0.03529411764705882,12,340,0.028328611898016998,10,353
subject_det_to_noun,20,1,0.11103047895500726,153,1378,0.09705882352941177,33,340,0.0821529745042493,29,353
subject_det_to_noun,20,2,0.3838896952104499,529,1378,0.4176470588235294,142,340,0.3881019830028329,137,353
subject_det_to_noun,20,3,0.026124818577648767,36,1378,0.041176470588235294,14,340,0.028328611898016998,10,353
subject_det_to_noun,20,4,0.1262699564586357,174,1378,0.11470588235294117,39,340,0.1359773371104816,48,353
subject_det_to_noun,20,5,0.4332365747460087,597,1378,0.43823529411764706,149,340,0.45042492917847027,159,353
subject_det_to_noun,20,6,0.06313497822931785,87,1378,0.05588235294117647,19,340,0.04815864022662889,17,353
subject_det_to_noun,20,7,0.1328011611030479,183,1378,0.12058823529411765,41,340,0.14447592067988668,51,353
subject_det_to_noun,20,8,0.16182873730043543,223,1378,0.15294117647058825,52,340,0.1529745042492918,54,353
subject_det_to_noun,20,9,0.42525399129172714,586,1378,0.4235294117647059,144,340,0.45609065155807366,161,353
subject_det_to_noun,20,10,0.055152394775036286,76,1378,0.061764705882352944,21,340,0.059490084985835696,21,353
subject_det_to_noun,20,11,0.02902757619738752,40,1378,0.011764705882352941,4,340,0.0169971671388102,6,353
subject_det_to_noun,20,12,0.061683599419448475,85,1378,0.05588235294117647,19,340,0.053824362606232294,19,353
subject_det_to_noun,20,13,0.4941944847605225,681,1378,0.4970588235294118,169,340,0.48725212464589235,172,353
subject_det_to_noun,20,14,0.27503628447024675,379,1378,0.23529411764705882,80,340,0.22946175637393768,81,353
subject_det_to_noun,20,15,0.07547169811320754,104,1378,0.07058823529411765,24,340,0.08498583569405099,30,353
subject_det_to_noun,20,16,0.22423802612481858,309,1378,0.2323529411764706,79,340,0.23796033994334279,84,353
subject_det_to_noun,20,17,0.41001451378809867,565,1378,0.3764705882352941,128,340,0.41359773371104813,146,353
subject_det_to_noun,20,18,0.08635703918722787,119,1378,0.10588235294117647,36,340,0.0821529745042493,29,353
subject_det_to_noun,20,19,0.16110304789550073,222,1378,0.12058823529411765,41,340,0.14447592067988668,51,353
subject_det_to_noun,20,20,0.07329462989840348,101,1378,0.07352941176470588,25,340,0.07365439093484419,26,353
subject_det_to_noun,20,21,0.16690856313497823,230,1378,0.15,51,340,0.16147308781869688,57,353
subject_det_to_noun,20,22,0.38461538461538464,530,1378,0.3735294117647059,127,340,0.38243626062322944,135,353
subject_det_to_noun,20,23,0.10377358490566038,143,1378,0.07058823529411765,24,340,0.0906515580736544,32,353
subject_det_to_noun,20,24,0.033381712626995644,46,1378,0.026470588235294117,9,340,0.0339943342776204,12,353
subject_det_to_noun,20,25,0.062409288824383166,86,1378,0.041176470588235294,14,340,0.0453257790368272,16,353
subject_det_to_noun,20,26,0.026850507982583455,37,1378,0.023529411764705882,8,340,0.0226628895184136,8,353
subject_det_to_noun,20,27,0.1378809869375907,190,1378,0.11470588235294117,39,340,0.13314447592067988,47,353
subject_det_to_noun,21,0,0.2677793904208999,369,1378,0.2529411764705882,86,340,0.24645892351274787,87,353
subject_det_to_noun,21,1,0.09216255442670537,127,1378,0.06470588235294118,22,340,0.0764872521246459,27,353
subject_det_to_noun,21,2,0.055152394775036286,76,1378,0.052941176470588235,18,340,0.05099150141643059,18,353
subject_det_to_noun,21,3,0.06894049346879536,95,1378,0.07058823529411765,24,340,0.059490084985835696,21,353
subject_det_to_noun,21,4,0.19738751814223512,272,1378,0.19705882352941176,67,340,0.1954674220963173,69,353
subject_det_to_noun,21,5,0.33962264150943394,468,1378,0.3088235294117647,105,340,0.31444759206798867,111,353
subject_det_to_noun,21,6,0.1676342525399129,231,1378,0.17647058823529413,60,340,0.16147308781869688,57,353
subject_det_to_noun,21,7,0.015239477503628448,21,1378,0.01764705882352941,6,340,0.028328611898016998,10,353
subject_det_to_noun,21,8,0.023222060957910014,32,1378,0.014705882352941176,5,340,0.0339943342776204,12,353
subject_det_to_noun,21,9,0.04934687953555878,68,1378,0.047058823529411764,16,340,0.0453257790368272,16,353
subject_det_to_noun,21,10,0.006531204644412192,9,1378,0.011764705882352941,4,340,0.0084985835694051,3,353
subject_det_to_noun,21,11,0.03918722786647315,54,1378,0.03823529411764706,13,340,0.036827195467422094,13,353
subject_det_to_noun,21,12,0.038461538461538464,53,1378,0.03529411764705882,12,340,0.0339943342776204,12,353
subject_det_to_noun,21,13,0.20391872278664733,281,1378,0.18235294117647058,62,340,0.15864022662889518,56,353
subject_det_to_noun,21,14,0.11393323657474601,157,1378,0.09705882352941177,33,340,0.11898016997167139,42,353
subject_det_to_noun,21,15,0.015239477503628448,21,1378,0.008823529411764706,3,340,0.014164305949008499,5,353
subject_det_to_noun,21,16,0.06095791001451379,84,1378,0.06764705882352941,23,340,0.04815864022662889,17,353
subject_det_to_noun,21,17,0.12772133526850507,176,1378,0.1323529411764706,45,340,0.1359773371104816,48,353
subject_det_to_noun,21,18,0.1792452830188679,247,1378,0.18529411764705883,63,340,0.17847025495750707,63,353
subject_det_to_noun,21,19,0.14296081277213352,197,1378,0.1411764705882353,48,340,0.14447592067988668,51,353
subject_det_to_noun,21,20,0.06966618287373004,96,1378,0.07352941176470588,25,340,0.053824362606232294,19,353
subject_det_to_noun,21,21,0.3113207547169811,429,1378,0.3176470588235294,108,340,0.29178470254957506,103,353
subject_det_to_noun,21,22,0.08635703918722787,119,1378,0.07058823529411765,24,340,0.0821529745042493,29,353
subject_det_to_noun,21,23,0.20754716981132076,286,1378,0.2411764705882353,82,340,0.2237960339943343,79,353
subject_det_to_noun,21,24,0.1799709724238026,248,1378,0.17058823529411765,58,340,0.15864022662889518,56,353
subject_det_to_noun,21,25,0.14731494920174165,203,1378,0.10588235294117647,36,340,0.1671388101983003,59,353
subject_det_to_noun,21,26,0.05224963715529753,72,1378,0.04411764705882353,15,340,0.04815864022662889,17,353
subject_det_to_noun,21,27,0.09288824383164006,128,1378,0.08823529411764706,30,340,0.09631728045325778,34,353
subject_det_to_noun,22,0,0.0783744557329463,108,1378,0.05588235294117647,19,340,0.06515580736543909,23,353
subject_det_to_noun,22,1,0.20174165457184326,278,1378,0.21176470588235294,72,340,0.23229461756373937,82,353
subject_det_to_noun,22,2,0.0420899854862119,58,1378,0.04411764705882353,15,340,0.04815864022662889,17,353
subject_det_to_noun,22,3,0.10885341074020319,150,1378,0.09705882352941177,33,340,0.09915014164305949,35,353
subject_det_to_noun,22,4,0.07619738751814223,105,1378,0.06470588235294118,22,340,0.0679886685552408,24,353
subject_det_to_noun,22,5,0.04934687953555878,68,1378,0.047058823529411764,16,340,0.05099150141643059,18,353
subject_det_to_noun,22,6,0.05587808417997097,77,1378,0.05,17,340,0.05099150141643059,18,353
subject_det_to_noun,22,7,0.38461538461538464,530,1378,0.35,119,340,0.42209631728045327,149,353
subject_det_to_noun,22,8,0.08272859216255443,114,1378,0.07647058823529412,26,340,0.0708215297450425,25,353
subject_det_to_noun,22,9,0.18722786647314948,258,1378,0.15,51,340,0.18413597733711048,65,353
subject_det_to_noun,22,10,0.06386066763425254,88,1378,0.058823529411764705,20,340,0.053824362606232294,19,353
subject_det_to_noun,22,11,0.05878084179970972,81,1378,0.05,17,340,0.05099150141643059,18,353
subject_det_to_noun,22,12,0.37082728592162556,511,1378,0.3323529411764706,113,340,0.3314447592067989,117,353
subject_det_to_noun,22,13,0.09796806966618288,135,1378,0.07941176470588235,27,340,0.0821529745042493,29,353
subject_det_to_noun,22,14,0.03773584905660377,52,1378,0.026470588235294117,9,340,0.031161473087818695,11,353
subject_det_to_noun,22,15,0.13425253991291727,185,1378,0.13823529411764707,47,340,0.11331444759206799,40,353
subject_det_to_noun,22,16,0.034107402031930335,47,1378,0.01764705882352941,6,340,0.039660056657223795,14,353
subject_det_to_noun,22,17,0.11103047895500726,153,1378,0.08823529411764706,30,340,0.09631728045325778,34,353
subject_det_to_noun,22,18,0.12409288824383163,171,1378,0.09411764705882353,32,340,0.11331444759206799,40,353
subject_det_to_noun,22,19,0.057329462989840346,79,1378,0.058823529411764705,20,340,0.053824362606232294,19,353
subject_det_to_noun,22,20,0.013788098693759071,19,1378,0.011764705882352941,4,340,0.0113314447592068,4,353
subject_det_to_noun,22,21,0.3251088534107402,448,1378,0.3352941176470588,114,340,0.35410764872521244,125,353
subject_det_to_noun,22,22,0.06821480406386067,94,1378,0.061764705882352944,21,340,0.056657223796033995,20,353
subject_det_to_noun,22,23,0.24963715529753266,344,1378,0.18529411764705883,63,340,0.23229461756373937,82,353
subject_det_to_noun,22,24,0.3454281567489115,476,1378,0.3235294117647059,110,340,0.29461756373937675,104,353
subject_det_to_noun,22,25,0.36429608127721336,502,1378,0.34411764705882353,117,340,0.39660056657223797,140,353
subject_det_to_noun,22,26,0.14949201741654572,206,1378,0.1264705882352941,43,340,0.1388101983002833,49,353
subject_det_to_noun,22,27,0.6647314949201741,916,1378,0.6235294117647059,212,340,0.6487252124645893,229,353
subject_det_to_noun,23,0,0.1313497822931785,181,1378,0.1264705882352941,43,340,0.14730878186968838,52,353
subject_det_to_noun,23,1,0.12989840348330914,179,1378,0.11764705882352941,40,340,0.09348441926345609,33,353
subject_det_to_noun,23,2,0.09579100145137881,132,1378,0.08235294117647059,28,340,0.07932011331444759,28,353
subject_det_to_noun,23,3,0.04499274310595065,62,1378,0.04411764705882353,15,340,0.04815864022662889,17,353
subject_det_to_noun,23,4,0.02539912917271408,35,1378,0.026470588235294117,9,340,0.028328611898016998,10,353
subject_det_to_noun,23,5,0.17271407837445574,238,1378,0.16176470588235295,55,340,0.1671388101983003,59,353
subject_det_to_noun,23,6,0.09724238026124818,134,1378,0.07647058823529412,26,340,0.09631728045325778,34,353
subject_det_to_noun,23,7,0.015965166908563134,22,1378,0.023529411764705882,8,340,0.0339943342776204,12,353
subject_det_to_noun,23,8,0.07910014513788098,109,1378,0.06470588235294118,22,340,0.0821529745042493,29,353
subject_det_to_noun,23,9,0.018867924528301886,26,1378,0.020588235294117647,7,340,0.0226628895184136,8,353
subject_det_to_noun,23,10,0.038461538461538464,53,1378,0.041176470588235294,14,340,0.0339943342776204,12,353
subject_det_to_noun,23,11,0.08127721335268505,112,1378,0.06470588235294118,22,340,0.0679886685552408,24,353
subject_det_to_noun,23,12,0.041364296081277216,57,1378,0.03529411764705882,12,340,0.042492917847025496,15,353
subject_det_to_noun,23,13,0.13642960812772134,188,1378,0.1323529411764706,45,340,0.1359773371104816,48,353
subject_det_to_noun,23,14,0.20029027576197386,276,1378,0.18529411764705883,63,340,0.19830028328611898,70,353
subject_det_to_noun,23,15,0.09796806966618288,135,1378,0.10294117647058823,35,340,0.08781869688385269,31,353
subject_det_to_noun,23,16,0.04716981132075472,65,1378,0.03529411764705882,12,340,0.0453257790368272,16,353
subject_det_to_noun,23,17,0.07547169811320754,104,1378,0.07058823529411765,24,340,0.0679886685552408,24,353
subject_det_to_noun,23,18,0.06676342525399129,92,1378,0.06470588235294118,22,340,0.0708215297450425,25,353
subject_det_to_noun,23,19,0.03773584905660377,52,1378,0.03529411764705882,12,340,0.036827195467422094,13,353
subject_det_to_noun,23,20,0.19738751814223512,272,1378,0.15294117647058825,52,340,0.19830028328611898,70,353
subject_det_to_noun,23,21,0.013062409288824383,18,1378,0.020588235294117647,7,340,0.0113314447592068,4,353
subject_det_to_noun,23,22,0.102322206095791,141,1378,0.08235294117647059,28,340,0.07932011331444759,28,353
subject_det_to_noun,23,23,0.022496371552975326,31,1378,0.023529411764705882,8,340,0.019830028328611898,7,353
subject_det_to_noun,23,24,0.05079825834542816,70,1378,0.03823529411764706,13,340,0.04815864022662889,17,353
subject_det_to_noun,23,25,0.24383164005805516,336,1378,0.27941176470588236,95,340,0.20679886685552407,73,353
subject_det_to_noun,23,26,0.11175616835994194,154,1378,0.10588235294117647,36,340,0.09915014164305949,35,353
subject_det_to_noun,23,27,0.07547169811320754,104,1378,0.061764705882352944,21,340,0.056657223796033995,20,353
subject_det_to_noun,24,0,0.08055152394775036,111,1378,0.08235294117647059,28,340,0.07365439093484419,26,353
subject_det_to_noun,24,1,0.06095791001451379,84,1378,0.058823529411764705,20,340,0.0453257790368272,16,353
subject_det_to_noun,24,2,0.23294629898403482,321,1378,0.19705882352941176,67,340,0.18980169971671387,67,353
subject_det_to_noun,24,3,0.06386066763425254,88,1378,0.06470588235294118,22,340,0.04815864022662889,17,353
subject_det_to_noun,24,4,0.07039187227866474,97,1378,0.06764705882352941,23,340,0.04815864022662889,17,353
subject_det_to_noun,24,5,0.10377358490566038,143,1378,0.1,34,340,0.0821529745042493,29,353
subject_det_to_noun,24,6,0.07402031930333818,102,1378,0.06764705882352941,23,340,0.056657223796033995,20,353
subject_det_to_noun,24,7,0.0043541364296081275,6,1378,0.008823529411764706,3,340,0.0084985835694051,3,353
subject_det_to_noun,24,8,0.001451378809869376,2,1378,0.008823529411764706,3,340,0.0084985835694051,3,353
subject_det_to_noun,24,9,0.019593613933236574,27,1378,0.023529411764705882,8,340,0.025495750708215296,9,353
subject_det_to_noun,24,10,0.002902757619738752,4,1378,0.011764705882352941,4,340,0.014164305949008499,5,353
subject_det_to_noun,24,11,0.07111756168359942,98,1378,0.052941176470588235,18,340,0.06232294617563739,22,353
subject_det_to_noun,24,12,0.005805515239477504,8,1378,0.014705882352941176,5,340,0.014164305949008499,5,353
subject_det_to_noun,24,13,0.019593613933236574,27,1378,0.023529411764705882,8,340,0.019830028328611898,7,353
subject_det_to_noun,24,14,0.08272859216255443,114,1378,0.07941176470588235,27,340,0.0764872521246459,27,353
subject_det_to_noun,24,15,0.062409288824383166,86,1378,0.061764705882352944,21,340,0.06515580736543909,23,353
subject_det_to_noun,24,16,0.08345428156748912,115,1378,0.061764705882352944,21,340,0.07365439093484419,26,353
subject_det_to_noun,24,17,0.0899854862119013,124,1378,0.07058823529411765,24,340,0.08498583569405099,30,353
subject_det_to_noun,24,18,0.3062409288824383,422,1378,0.29411764705882354,100,340,0.32294617563739375,114,353
subject_det_to_noun,24,19,0.07111756168359942,98,1378,0.06764705882352941,23,340,0.05099150141643059,18,353
subject_det_to_noun,24,20,0.10449927431059507,144,1378,0.10294117647058823,35,340,0.0764872521246459,27,353
subject_det_to_noun,24,21,0.06676342525399129,92,1378,0.06764705882352941,23,340,0.06515580736543909,23,353
subject_det_to_noun,24,22,0.06676342525399129,92,1378,0.05,17,340,0.053824362606232294,19,353
subject_det_to_noun,24,23,0.03265602322206096,45,1378,0.029411764705882353,10,340,0.036827195467422094,13,353
subject_det_to_noun,24,24,0.19811320754716982,273,1378,0.18235294117647058,62,340,0.1954674220963173,69,353
subject_det_to_noun,24,25,0.0420899854862119,58,1378,0.052941176470588235,18,340,0.04815864022662889,17,353
subject_det_to_noun,24,26,0.047895500725689405,66,1378,0.047058823529411764,16,340,0.056657223796033995,20,353
subject_det_to_noun,24,27,0.2169811320754717,299,1378,0.22941176470588234,78,340,0.24079320113314448,85,353
subject_det_to_noun,25,0,0.09071117561683599,125,1378,0.07352941176470588,25,340,0.0821529745042493,29,353
subject_det_to_noun,25,1,0.08853410740203194,122,1378,0.07058823529411765,24,340,0.06232294617563739,22,353
subject_det_to_noun,25,2,0.07474600870827286,103,1378,0.061764705882352944,21,340,0.059490084985835696,21,353
subject_det_to_noun,25,3,0.07692307692307693,106,1378,0.061764705882352944,21,340,0.056657223796033995,20,353
subject_det_to_noun,25,4,0.4934687953555878,680,1378,0.4823529411764706,164,340,0.48158640226628896,170,353
subject_det_to_noun,25,5,0.0841799709724238,116,1378,0.07058823529411765,24,340,0.06515580736543909,23,353
subject_det_to_noun,25,6,0.07982583454281568,110,1378,0.07352941176470588,25,340,0.06515580736543909,23,353
subject_det_to_noun,25,7,0.03991291727140784,55,1378,0.03823529411764706,13,340,0.039660056657223795,14,353
subject_det_to_noun,25,8,0.05370101596516691,74,1378,0.05588235294117647,19,340,0.056657223796033995,20,353
subject_det_to_noun,25,9,0.041364296081277216,57,1378,0.03823529411764706,13,340,0.042492917847025496,15,353
subject_det_to_noun,25,10,0.04644412191582003,64,1378,0.061764705882352944,21,340,0.042492917847025496,15,353
subject_det_to_noun,25,11,0.047895500725689405,66,1378,0.03529411764705882,12,340,0.05099150141643059,18,353
subject_det_to_noun,25,12,0.029753265602322207,41,1378,0.03529411764705882,12,340,0.0226628895184136,8,353
subject_det_to_noun,25,13,0.04934687953555878,68,1378,0.058823529411764705,20,340,0.053824362606232294,19,353
subject_det_to_noun,25,14,0.06966618287373004,96,1378,0.06764705882352941,23,340,0.04815864022662889,17,353
subject_det_to_noun,25,15,0.026850507982583455,37,1378,0.026470588235294117,9,340,0.0226628895184136,8,353
subject_det_to_noun,25,16,0.05079825834542816,70,1378,0.058823529411764705,20,340,0.0453257790368272,16,353
subject_det_to_noun,25,17,0.1516690856313498,209,1378,0.1411764705882353,48,340,0.1274787535410765,45,353
subject_det_to_noun,25,18,0.08563134978229318,118,1378,0.07352941176470588,25,340,0.07365439093484419,26,353
subject_det_to_noun,25,19,0.07184325108853411,99,1378,0.06764705882352941,23,340,0.05099150141643059,18,353
subject_det_to_noun,25,20,0.3352685050798258,462,1378,0.3323529411764706,113,340,0.37393767705382436,132,353
subject_det_to_noun,25,21,0.07910014513788098,109,1378,0.10294117647058823,35,340,0.0679886685552408,24,353
subject_det_to_noun,25,22,0.23947750362844702,330,1378,0.21764705882352942,74,340,0.22096317280453256,78,353
subject_det_to_noun,25,23,0.04499274310595065,62,1378,0.03529411764705882,12,340,0.042492917847025496,15,353
subject_det_to_noun,25,24,0.16400580551523947,226,1378,0.14705882352941177,50,340,0.16147308781869688,57,353
subject_det_to_noun,25,25,0.06821480406386067,94,1378,0.06470588235294118,22,340,0.0764872521246459,27,353
subject_det_to_noun,25,26,0.2728592162554427,376,1378,0.2529411764705882,86,340,0.2577903682719547,91,353
subject_det_to_noun,25,27,0.057329462989840346,79,1378,0.052941176470588235,18,340,0.06515580736543909,23,353
subject_det_to_noun,26,0,0.03265602322206096,45,1378,0.029411764705882353,10,340,0.0339943342776204,12,353
subject_det_to_noun,26,1,0.019593613933236574,27,1378,0.03235294117647059,11,340,0.0226628895184136,8,353
subject_det_to_noun,26,2,0.02830188679245283,39,1378,0.03235294117647059,11,340,0.028328611898016998,10,353
subject_det_to_noun,26,3,0.02104499274310595,29,1378,0.029411764705882353,10,340,0.0226628895184136,8,353
subject_det_to_noun,26,4,0.019593613933236574,27,1378,0.029411764705882353,10,340,0.025495750708215296,9,353
subject_det_to_noun,26,5,0.033381712626995644,46,1378,0.047058823529411764,16,340,0.025495750708215296,9,353
subject_det_to_noun,26,6,0.023947750362844702,33,1378,0.03529411764705882,12,340,0.036827195467422094,13,353
subject_det_to_noun,26,7,0.03773584905660377,52,1378,0.03823529411764706,13,340,0.036827195467422094,13,353
subject_det_to_noun,26,8,0.03701015965166909,51,1378,0.029411764705882353,10,340,0.028328611898016998,10,353
subject_det_to_noun,26,9,0.027576197387518143,38,1378,0.026470588235294117,9,340,0.025495750708215296,9,353
subject_det_to_noun,26,10,0.002902757619738752,4,1378,0.008823529411764706,3,340,0.0084985835694051,3,353
subject_det_to_noun,26,11,0.00725689404934688,10,1378,0.008823529411764706,3,340,0.0084985835694051,3,353
subject_det_to_noun,26,12,0.000725689404934688,1,1378,0.0058823529411764705,2,340,0.0084985835694051,3,353
subject_det_to_noun,26,13,0.012336719883889695,17,1378,0.011764705882352941,4,340,0.019830028328611898,7,353
subject_det_to_noun,26,14,0.07619738751814223,105,1378,0.07647058823529412,26,340,0.06515580736543909,23,353
subject_det_to_noun,26,15,0.033381712626995644,46,1378,0.03235294117647059,11,340,0.039660056657223795,14,353
subject_det_to_noun,26,16,0.04644412191582003,64,1378,0.052941176470588235,18,340,0.04815864022662889,17,353
subject_det_to_noun,26,17,0.013788098693759071,19,1378,0.01764705882352941,6,340,0.019830028328611898,7,353
subject_det_to_noun,26,18,0.03193033381712627,44,1378,0.029411764705882353,10,340,0.0226628895184136,8,353
subject_det_to_noun,26,19,0.01741654571843251,24,1378,0.03235294117647059,11,340,0.025495750708215296,9,353
subject_det_to_noun,26,20,0.015239477503628448,21,1378,0.023529411764705882,8,340,0.031161473087818695,11,353
subject_det_to_noun,26,21,0.0899854862119013,124,1378,0.058823529411764705,20,340,0.0708215297450425,25,353
subject_det_to_noun,26,22,0.37010159651669083,510,1378,0.38235294117647056,130,340,0.39943342776203966,141,353
subject_det_to_noun,26,23,0.07982583454281568,110,1378,0.07352941176470588,25,340,0.0764872521246459,27,353
subject_det_to_noun,26,24,0.08055152394775036,111,1378,0.06764705882352941,23,340,0.0708215297450425,25,353
subject_det_to_noun,26,25,0.04281567489114659,59,1378,0.04411764705882353,15,340,0.0453257790368272,16,353
subject_det_to_noun,26,26,0.18577648766328012,256,1378,0.17352941176470588,59,340,0.1813031161473088,64,353
subject_det_to_noun,26,27,0.041364296081277216,57,1378,0.03823529411764706,13,340,0.031161473087818695,11,353
subject_det_to_noun,27,0,0.16473149492017417,227,1378,0.13823529411764707,47,340,0.141643059490085,50,353
subject_det_to_noun,27,1,0.03483309143686502,48,1378,0.041176470588235294,14,340,0.0169971671388102,6,353
subject_det_to_noun,27,2,0.054426705370101594,75,1378,0.058823529411764705,20,340,0.053824362606232294,19,353
subject_det_to_noun,27,3,0.02830188679245283,39,1378,0.011764705882352941,4,340,0.019830028328611898,7,353
subject_det_to_noun,27,4,0.02467343976777939,34,1378,0.023529411764705882,8,340,0.0169971671388102,6,353
subject_det_to_noun,27,5,0.04862119013062409,67,1378,0.061764705882352944,21,340,0.036827195467422094,13,353
subject_det_to_noun,27,6,0.026124818577648767,36,1378,0.020588235294117647,7,340,0.0169971671388102,6,353
subject_det_to_noun,27,7,0.4462989840348331,615,1378,0.37941176470588234,129,340,0.42492917847025496,150,353
subject_det_to_noun,27,8,0.3098693759071118,427,1378,0.2852941176470588,97,340,0.29461756373937675,104,353
subject_det_to_noun,27,9,0.52322206095791,721,1378,0.49117647058823527,167,340,0.49008498583569404,173,353
subject_det_to_noun,27,10,0.37082728592162556,511,1378,0.36176470588235293,123,340,0.3342776203966006,118,353
subject_det_to_noun,27,11,0.2946298984034833,406,1378,0.2647058823529412,90,340,0.26345609065155806,93,353
subject_det_to_noun,27,12,0.3889695210449927,536,1378,0.3764705882352941,128,340,0.35694050991501414,126,353
subject_det_to_noun,27,13,0.3374455732946299,465,1378,0.34705882352941175,118,340,0.311614730878187,110,353
subject_det_to_noun,27,14,0.026124818577648767,36,1378,0.029411764705882353,10,340,0.0169971671388102,6,353
subject_det_to_noun,27,15,0.03701015965166909,51,1378,0.03823529411764706,13,340,0.028328611898016998,10,353
subject_det_to_noun,27,16,0.05805515239477504,80,1378,0.07352941176470588,25,340,0.056657223796033995,20,353
subject_det_to_noun,27,17,0.031204644412191583,43,1378,0.047058823529411764,16,340,0.0226628895184136,8,353
subject_det_to_noun,27,18,0.02177068214804064,30,1378,0.026470588235294117,9,340,0.014164305949008499,5,353
subject_det_to_noun,27,19,0.03773584905660377,52,1378,0.026470588235294117,9,340,0.031161473087818695,11,353
subject_det_to_noun,27,20,0.02830188679245283,39,1378,0.020588235294117647,7,340,0.0226628895184136,8,353
subject_det_to_noun,27,21,0.023947750362844702,33,1378,0.029411764705882353,10,340,0.014164305949008499,5,353
subject_det_to_noun,27,22,0.022496371552975326,31,1378,0.029411764705882353,10,340,0.0226628895184136,8,353
subject_det_to_noun,27,23,0.026850507982583455,37,1378,0.029411764705882353,10,340,0.031161473087818695,11,353
subject_det_to_noun,27,24,0.030478955007256895,42,1378,0.03823529411764706,13,340,0.031161473087818695,11,353
subject_det_to_noun,27,25,0.08563134978229318,118,1378,0.07058823529411765,24,340,0.0906515580736544,32,353
subject_det_to_noun,27,26,0.13570391872278664,187,1378,0.12058823529411765,41,340,0.141643059490085,50,353
subject_det_to_noun,27,27,0.01741654571843251,24,1378,0.014705882352941176,5,340,0.025495750708215296,9,353
