layer,head,object_adj_to_noun,object_det_to_noun,object_to_verb,subject_adj_to_noun,subject_det_to_noun,subject_to_verb,adjacent_mean,distant_mean,max_relation,second_relation,selectivity,adjacency_bias
0,0,0.0301724137931034,0.0101522842639593,0.0195348837209302,0.0259740259740259,0.0117647058823529,0.0158371040723981,0.019515857478360377,0.01768599389666415,0.0301724137931034,0.0259740259740259,0.004198387819077502,0.001829863581696227
0,1,0.0043103448275862,0.0025380710659898,0.0362790697674418,0.0194805194805194,0.0029411764705882,0.0135746606334841,0.0073175279611709,0.02492686520046295,0.0362790697674418,0.0194805194805194,0.0167985502869224,-0.01760933723929205
0,2,0.0,0.1091370558375634,0.055813953488372,0.0064935064935064,0.1235294117647058,0.1380090497737556,0.0597899935239439,0.09691150163106381,0.1380090497737556,0.1235294117647058,0.014479638009049806,-0.03712150810711991
0,3,0.0387931034482758,0.032994923857868,0.013953488372093,0.0064935064935064,0.0323529411764705,0.030920060331825,0.027658618744030177,0.022436774351959,0.0387931034482758,0.032994923857868,0.0057981795904077996,0.005221844392071177
0,4,0.0043103448275862,0.0228426395939086,0.0046511627906976,0.0194805194805194,0.0294117647058823,0.0082956259426847,0.019011317151974128,0.00647339436669115,0.0294117647058823,0.0228426395939086,0.0065691251119737,0.012537922785282977
0,5,0.0043103448275862,0.0126903553299492,0.0074418604651162,0.0,0.0029411764705882,0.0060331825037707,0.004985469157030901,0.00673752148444345,0.0126903553299492,0.0074418604651162,0.005248494864833001,-0.0017520523274125498
0,6,0.8103448275862069,0.2106598984771573,0.0809302325581395,0.8116883116883117,0.3352941176470588,0.5316742081447964,0.5419967888496837,0.3063022203514679,0.8116883116883117,0.8103448275862069,0.0013434841021048305,0.2356945684982158
0,7,0.0043103448275862,0.0050761421319796,0.0725581395348837,0.0,0.0088235294117647,0.0196078431372549,0.004552504092832625,0.0460829913360693,0.0725581395348837,0.0196078431372549,0.0529502963976288,-0.04153048724323668
0,8,0.0086206896551724,0.0025380710659898,0.0260465116279069,0.0129870129870129,0.0,0.0135746606334841,0.006036443427043774,0.0198105861306955,0.0260465116279069,0.0135746606334841,0.0124718509944228,-0.013774142703651727
0,9,0.0043103448275862,0.0025380710659898,0.0232558139534883,0.0,0.0,0.0226244343891402,0.001712103973394,0.02294012417131425,0.0232558139534883,0.0226244343891402,0.0006313795643480974,-0.02122802019792025
0,10,0.0,0.0025380710659898,0.0325581395348837,0.0129870129870129,0.0029411764705882,0.0218702865761689,0.0046165651308977245,0.0272142130555263,0.0325581395348837,0.0218702865761689,0.0106878529587148,-0.022597647924628574
0,11,0.0,0.0,0.0130232558139534,0.0,0.0088235294117647,0.006787330316742,0.002205882352941175,0.0099052930653477,0.0130232558139534,0.0088235294117647,0.0041997264021887,-0.007699410712406525
0,12,0.1077586206896551,0.0228426395939086,0.1553488372093023,0.2467532467532467,0.0147058823529411,0.088235294117647,0.09801509734743788,0.12179206566347464,0.2467532467532467,0.1553488372093023,0.09140440954394441,-0.023776968316036762
0,13,0.0129310344827586,0.0203045685279187,0.1813953488372093,0.0324675324675324,0.088235294117647,0.0422322775263951,0.03848460739896417,0.11181381318180221,0.1813953488372093,0.088235294117647,0.09316005471956232,-0.07332920578283804
0,14,0.0,0.0,0.0176744186046511,0.0,0.0,0.002262443438914,0.0,0.009968431021782551,0.0176744186046511,0.002262443438914,0.0154119751657371,-0.009968431021782551
0,15,0.0948275862068965,0.0456852791878172,0.04,0.1103896103896103,0.0970588235294117,0.17420814479638,0.08699032482843393,0.10710407239819,0.17420814479638,0.1103896103896103,0.0638185344067697,-0.020113747569756077
0,16,0.0732758620689655,0.1522842639593908,0.1544186046511627,0.0974025974025974,0.2117647058823529,0.167420814479638,0.13368185732832666,0.16091970956540036,0.2117647058823529,0.167420814479638,0.04434389140271491,-0.0272378522370737
0,17,0.0043103448275862,0.0,0.0213953488372093,0.0064935064935064,0.0029411764705882,0.0135746606334841,0.0034362569479202,0.0174850047353467,0.0213953488372093,0.0135746606334841,0.0078206882037252,-0.0140487477874265
0,18,0.0086206896551724,0.0,0.0306976744186046,0.0,0.0029411764705882,0.0211161387631975,0.00289046653144015,0.02590690659090105,0.0306976744186046,0.0211161387631975,0.009581535655407099,-0.0230164400594609
0,19,0.0043103448275862,0.0076142131979695,0.0186046511627906,0.0129870129870129,0.0147058823529411,0.028657616892911,0.009904363341377426,0.0236311340278508,0.028657616892911,0.0186046511627906,0.010052965730120399,-0.013726770686473374
0,20,0.0,0.0050761421319796,0.0083720930232558,0.0064935064935064,0.0,0.0090497737556561,0.0028924121563715,0.00871093338945595,0.0090497737556561,0.0083720930232558,0.0006776807324003001,-0.005818521233084451
0,21,0.0043103448275862,0.0,0.0297674418604651,0.0,0.0029411764705882,0.0082956259426847,0.0018128803245436001,0.0190315339015749,0.0297674418604651,0.0082956259426847,0.0214718159177804,-0.0172186535770313
0,22,0.1637931034482758,0.0456852791878172,0.0037209302325581,0.1428571428571428,0.0470588235294117,0.0512820512820512,0.09984858725566187,0.02750149075730465,0.1637931034482758,0.1428571428571428,0.020935960591133007,0.07234709649835722
0,23,0.7413793103448276,0.2055837563451776,0.0325581395348837,0.7207792207792207,0.2,0.3333333333333333,0.46693557186730644,0.1829457364341085,0.7413793103448276,0.7207792207792207,0.020600089565606883,0.28398983543319795
0,24,0.0086206896551724,0.0076142131979695,0.2474418604651163,0.0,0.0,0.0301659125188536,0.004058725713285475,0.13880388649198494,0.2474418604651163,0.0301659125188536,0.2172759479462627,-0.13474516077869947
0,25,0.0862068965517241,0.065989847715736,0.3041860465116279,0.0844155844155844,0.0647058823529411,0.1583710407239819,0.0753295527589964,0.2312785436178049,0.3041860465116279,0.1583710407239819,0.145815005787646,-0.15594899085880848
0,26,0.021551724137931,0.0355329949238578,0.0176744186046511,0.0064935064935064,0.0470588235294117,0.0369532428355957,0.027659262271176724,0.027313830720123403,0.0470588235294117,0.0369532428355957,0.010105580693816,0.00034543155105332124
0,27,0.0517241379310344,0.0888324873096446,0.041860465116279,0.0454545454545454,0.1029411764705882,0.0452488687782805,0.07223808679145315,0.043554666947279747,0.1029411764705882,0.0888324873096446,0.0141086891609436,0.0286834198441734
0,28,0.0129310344827586,0.0126903553299492,0.0037209302325581,0.0064935064935064,0.0,0.006787330316742,0.00802872407655355,0.00525413027465005,0.0129310344827586,0.0126903553299492,0.0002406791528093994,0.002774593801903499
0,29,0.0646551724137931,0.0431472081218274,0.0688372093023255,0.0714285714285714,0.0558823529411764,0.06184012066365,0.058778326226342076,0.06533866498298775,0.0714285714285714,0.0688372093023255,0.0025913621262459025,-0.0065603387566456756
0,30,0.0,0.0,0.001860465116279,0.0064935064935064,0.0029411764705882,0.0,0.00235867074102365,0.0009302325581395,0.0064935064935064,0.0029411764705882,0.0035523300229182,0.0014284381828841503
0,31,0.0862068965517241,0.3274111675126903,0.095813953488372,0.1428571428571428,0.5176470588235295,0.2171945701357466,0.26853056643627166,0.15650426181205931,0.5176470588235295,0.3274111675126903,0.19023589131083918,0.11202630462421234
1,0,0.0,0.0,0.0511627906976744,0.0129870129870129,0.0088235294117647,0.0444947209653092,0.0054526355996944,0.0478287558314918,0.0511627906976744,0.0444947209653092,0.006668069732365195,-0.0423761202317974
1,1,0.0,0.0,0.0102325581395348,0.0,0.0029411764705882,0.0007541478129713,0.00073529411764705,0.00549335297625305,0.0102325581395348,0.0029411764705882,0.007291381668946599,-0.004758058858606
1,2,0.0,0.0,0.0195348837209302,0.0,0.0029411764705882,0.0113122171945701,0.00073529411764705,0.015423550457750151,0.0195348837209302,0.0113122171945701,0.0082226665263601,-0.014688256340103102
1,3,0.0043103448275862,0.0,0.0027906976744186,0.0,0.0,0.0,0.00107758620689655,0.0013953488372093,0.0043103448275862,0.0027906976744186,0.0015196471531676,-0.00031776263031275
1,4,0.0,0.0025380710659898,0.001860465116279,0.0,0.0029411764705882,0.0,0.0013698118841445,0.0009302325581395,0.0029411764705882,0.0025380710659898,0.0004031054045984003,0.00043957932600500007
1,5,0.0043103448275862,0.0025380710659898,0.001860465116279,0.0,0.0029411764705882,0.0007541478129713,0.00244739809104105,0.00130730646462515,0.0043103448275862,0.0029411764705882,0.0013691683569979998,0.0011400916264159
1,6,0.0,0.0,0.0753488372093023,0.0194805194805194,0.0058823529411764,0.0120663650075414,0.00634071810542395,0.043707601108421854,0.0753488372093023,0.0194805194805194,0.055868317728782896,-0.037366883002997904
1,7,0.0,0.0,0.001860465116279,0.0064935064935064,0.0029411764705882,0.0007541478129713,0.00235867074102365,0.00130730646462515,0.0064935064935064,0.0029411764705882,0.0035523300229182,0.0010513642763985002
1,8,0.0086206896551724,0.0101522842639593,0.0037209302325581,0.0259740259740259,0.0147058823529411,0.004524886877828,0.014863220561524674,0.00412290855519305,0.0259740259740259,0.0147058823529411,0.0112681436210848,0.010740312006331625
1,9,0.0043103448275862,0.0,0.0046511627906976,0.0,0.0058823529411764,0.0007541478129713,0.00254817444219065,0.0027026553018344498,0.0058823529411764,0.0046511627906976,0.0012311901504788005,-0.00015448085964379996
1,10,0.0,0.0,0.0232558139534883,0.0129870129870129,0.0,0.0082956259426847,0.003246753246753225,0.0157757199480865,0.0232558139534883,0.0129870129870129,0.0102688009664754,-0.012528966701333273
1,11,0.0,0.0,0.0037209302325581,0.0064935064935064,0.0029411764705882,0.0,0.00235867074102365,0.00186046511627905,0.0064935064935064,0.0037209302325581,0.0027725762609483004,0.0004982056247446003
1,12,0.0043103448275862,0.0,0.0027906976744186,0.0,0.0058823529411764,0.0015082956259426,0.00254817444219065,0.0021494966501806,0.0058823529411764,0.0043103448275862,0.0015720081135902004,0.0003986777920100496
1,13,0.0043103448275862,0.0025380710659898,0.0037209302325581,0.0,0.0058823529411764,0.0015082956259426,0.0031826922086880998,0.00261461292925035,0.0058823529411764,0.0043103448275862,0.0015720081135902004,0.0005680792794377498
1,14,0.0172413793103448,0.2131979695431472,0.0027906976744186,0.0,0.3529411764705882,0.0037707390648567,0.14584513133102006,0.0032807183696376497,0.3529411764705882,0.2131979695431472,0.139743206927441,0.14256441296138242
1,15,0.0818965517241379,0.0253807106598984,0.0911627906976744,0.1298701298701298,0.0147058823529411,0.0158371040723981,0.0629633186517768,0.053499947385036245,0.1298701298701298,0.0911627906976744,0.038707339172455404,0.009463371266740558
1,16,0.0258620689655172,0.0025380710659898,0.1041860465116279,0.0129870129870129,0.0,0.0143288084464555,0.010346788254629974,0.0592574274790417,0.1041860465116279,0.0258620689655172,0.0783239775461107,-0.048910639224411724
1,17,0.0043103448275862,0.015228426395939,0.0074418604651162,0.0194805194805194,0.0794117647058823,0.0165912518853695,0.029607763852481726,0.012016556175242851,0.0794117647058823,0.0194805194805194,0.0599312452253629,0.017591207677238874
1,18,0.0,0.0,0.0037209302325581,0.0,0.0029411764705882,0.0,0.00073529411764705,0.00186046511627905,0.0037209302325581,0.0029411764705882,0.0007797537619698997,-0.001125170998632
1,19,0.0172413793103448,0.0,0.4353488372093023,0.0259740259740259,0.0323529411764705,0.0444947209653092,0.018892086615210302,0.23992177908730575,0.4353488372093023,0.0444947209653092,0.3908541162439931,-0.22102969247209545
1,20,0.0,0.0025380710659898,0.0027906976744186,0.0064935064935064,0.0029411764705882,0.0007541478129713,0.0029931885075211,0.0017724227436949499,0.0064935064935064,0.0029411764705882,0.0035523300229182,0.0012207657638261503
1,21,0.0,0.0025380710659898,0.001860465116279,0.0,0.0029411764705882,0.0007541478129713,0.0013698118841445,0.00130730646462515,0.0029411764705882,0.0025380710659898,0.0004031054045984003,6.250541951935006e-05
1,22,0.146551724137931,0.0050761421319796,0.333953488372093,0.1558441558441558,0.2205882352941176,0.1319758672699849,0.13201506435204602,0.23296467782103894,0.333953488372093,0.2205882352941176,0.11336525307797538,-0.10094961346899292
1,23,0.0862068965517241,0.0025380710659898,0.1060465116279069,0.2012987012987013,0.0058823529411764,0.0143288084464555,0.0739815054643979,0.0601876600371812,0.2012987012987013,0.1060465116279069,0.09525218967079441,0.013793845427216699
1,24,0.1206896551724138,0.0253807106598984,0.1981395348837209,0.1493506493506493,0.0235294117647058,0.083710407239819,0.07973760673691682,0.14092497106176996,0.1981395348837209,0.1493506493506493,0.04878888553307162,-0.06118736432485314
1,25,0.0043103448275862,0.0050761421319796,0.1562790697674418,0.0259740259740259,0.0205882352941176,0.0852187028657616,0.013987187056927326,0.12074888631660169,0.1562790697674418,0.0852187028657616,0.0710603669016802,-0.10676169925967437
1,26,0.0,0.0025380710659898,0.0055813953488372,0.0,0.0,0.0,0.00063451776649745,0.0027906976744186,0.0055813953488372,0.0025380710659898,0.0030433242828474,-0.00215617990792115
1,27,0.1853448275862069,0.0126903553299492,0.0334883720930232,0.1818181818181818,0.0205882352941176,0.0950226244343891,0.10011040000711388,0.06425549826370615,0.1853448275862069,0.1818181818181818,0.0035266457680251106,0.03585490174340773
1,28,0.0991379310344827,0.0,0.0120930232558139,0.1168831168831168,0.0,0.0377073906485671,0.05400526197939988,0.0249002069521905,0.1168831168831168,0.0991379310344827,0.01774518584863409,0.02910505502720938
1,29,0.0,0.0,0.001860465116279,0.0,0.0029411764705882,0.0015082956259426,0.00073529411764705,0.0016843803711108002,0.0029411764705882,0.001860465116279,0.0010807113543092,-0.0009490862534637501
1,30,0.0,0.0,0.001860465116279,0.0064935064935064,0.0029411764705882,0.0,0.00235867074102365,0.0009302325581395,0.0064935064935064,0.0029411764705882,0.0035523300229182,0.0014284381828841503
1,31,0.0301724137931034,0.0126903553299492,0.0055813953488372,0.0194805194805194,0.0176470588235294,0.0158371040723981,0.019997586856775353,0.010709249710617649,0.0301724137931034,0.0194805194805194,0.010691894312584,0.009288337146157705
2,0,0.3577586206896552,0.0126903553299492,0.3720930232558139,0.551948051948052,0.2235294117647059,0.2420814479638009,0.2864816099330906,0.3070872356098074,0.551948051948052,0.3720930232558139,0.17985502869223807,-0.02060562567671681
2,1,0.0086206896551724,0.0,0.0046511627906976,0.0129870129870129,0.0088235294117647,0.0007541478129713,0.0076078080134875,0.0027026553018344498,0.0129870129870129,0.0088235294117647,0.004163483575248199,0.00490515271165305
2,2,0.2801724137931034,0.1598984771573604,0.2790697674418604,0.3051948051948052,0.2911764705882353,0.1591251885369532,0.2591105416833761,0.21909747798940682,0.3051948051948052,0.2911764705882353,0.014018334606569871,0.040013063693969286
2,3,0.0043103448275862,0.0,0.013953488372093,0.0,0.0,0.004524886877828,0.00107758620689655,0.0092391876249605,0.013953488372093,0.004524886877828,0.009428601494265,-0.008161601418063949
2,4,0.0,0.0,0.3451162790697674,0.0389610389610389,0.0441176470588235,0.1108597285067873,0.0207696715049656,0.22798800378827733,0.3451162790697674,0.1108597285067873,0.2342565505629801,-0.2072183322833117
2,5,0.0646551724137931,0.0076142131979695,0.3274418604651162,0.1558441558441558,0.2088235294117647,0.1628959276018099,0.10923426771692077,0.24516889403346304,0.3274418604651162,0.2088235294117647,0.11861833105335148,-0.13593462631654227
2,6,0.293103448275862,0.2309644670050761,0.0083720930232558,0.4805194805194805,0.3,0.3205128205128205,0.32614684895010465,0.16444245676803815,0.4805194805194805,0.3205128205128205,0.16000666000666003,0.1617043921820665
2,7,0.0043103448275862,0.0050761421319796,0.7218604651162791,0.0324675324675324,0.0529411764705882,0.1440422322775263,0.0236987989744216,0.4329513486969027,0.7218604651162791,0.1440422322775263,0.5778182328387528,-0.4092525497224811
2,8,0.0258620689655172,0.0,0.5106976744186047,0.0714285714285714,0.0264705882352941,0.1214177978883861,0.03094030715734567,0.3160577361534954,0.5106976744186047,0.1214177978883861,0.3892798765302186,-0.2851174289961497
2,9,0.4137931034482758,0.215736040609137,0.4009302325581395,0.525974025974026,0.388235294117647,0.2315233785822021,0.3859346160372714,0.3162268055701708,0.525974025974026,0.4137931034482758,0.11218092252575018,0.06970781046710062
2,10,0.1422413793103448,0.0482233502538071,0.5572093023255814,0.2597402597402597,0.1941176470588235,0.2865761689291101,0.16108065909080876,0.42189273562734575,0.5572093023255814,0.2865761689291101,0.2706331333964713,-0.260812076536537
2,11,0.0,0.0050761421319796,0.3488372093023256,0.0909090909090909,0.2117647058823529,0.1214177978883861,0.07693748473085585,0.23512750359535584,0.3488372093023256,0.2117647058823529,0.13707250341997268,-0.1581900188645
2,12,0.0517241379310344,0.0025380710659898,0.6158139534883721,0.2207792207792207,0.1735294117647058,0.1840120663650075,0.11214271038523768,0.39991300992668977,0.6158139534883721,0.2207792207792207,0.3950347327091514,-0.28777029954145206
2,13,0.1982758620689655,0.0203045685279187,0.2753488372093023,0.2207792207792207,0.0970588235294117,0.1018099547511312,0.13410461872637913,0.18857939598021675,0.2753488372093023,0.2207792207792207,0.054569616430081624,-0.05447477725383762
2,14,0.0,0.0050761421319796,0.3320930232558139,0.0454545454545454,0.0117647058823529,0.1561085972850678,0.015573848367219475,0.24410081027044084,0.3320930232558139,0.1561085972850678,0.17598442597074612,-0.22852696190322136
2,15,0.0,0.0,0.1823255813953488,0.0259740259740259,0.0147058823529411,0.0935143288084464,0.010169977081741749,0.13791995510189758,0.1823255813953488,0.0935143288084464,0.0888112525869024,-0.12774997802015584
2,16,0.0344827586206896,0.0380710659898477,0.2567441860465116,0.1363636363636363,0.1088235294117647,0.0648567119155354,0.07943524759648457,0.1608004489810235,0.2567441860465116,0.1363636363636363,0.12038054968287532,-0.08136520138453893
2,17,0.4094827586206896,0.1751269035532995,0.3395348837209302,0.5064935064935064,0.4323529411764706,0.2254901960784313,0.3808640274609915,0.2825125398996807,0.5064935064935064,0.4323529411764706,0.07414056531703583,0.09835148756131079
2,18,0.2155172413793103,0.0736040609137055,0.3153488372093023,0.2662337662337662,0.2941176470588235,0.1485671191553544,0.2123681788964014,0.23195797818232833,0.3153488372093023,0.2941176470588235,0.021231190150478807,-0.01958979928592694
2,19,0.0129310344827586,0.0076142131979695,0.0772093023255813,0.0584415584415584,0.0852941176470588,0.0361990950226244,0.041070230942336326,0.056704198674102854,0.0852941176470588,0.0772093023255813,0.008084815321477493,-0.015633967731766528
2,20,0.1896551724137931,0.0406091370558375,0.2251162790697674,0.2727272727272727,0.0352941176470588,0.0520361990950226,0.13457142496099053,0.138576239082395,0.2727272727272727,0.2251162790697674,0.04761099365750532,-0.004004814121404465
2,21,0.021551724137931,0.015228426395939,0.0316279069767441,0.0194805194805194,0.0029411764705882,0.0113122171945701,0.0148004616212444,0.0214700620856571,0.0316279069767441,0.021551724137931,0.010076182838813098,-0.0066696004644127005
2,22,0.1077586206896551,0.1040609137055837,0.0651162790697674,0.2012987012987013,0.0823529411764705,0.0671191553544494,0.12386779421760266,0.0661177172121084,0.2012987012987013,0.1077586206896551,0.09354008060904621,0.057750077005494255
2,23,0.2112068965517241,0.1878172588832487,0.0753488372093023,0.2857142857142857,0.1705882352941176,0.1576168929110105,0.21383166911084403,0.1164828650601564,0.2857142857142857,0.2112068965517241,0.07450738916256161,0.09734880405068763
2,24,0.2241379310344827,0.0431472081218274,0.3274418604651162,0.3116883116883117,0.2352941176470588,0.1689291101055807,0.20356689212292015,0.24818548528534845,0.3274418604651162,0.3116883116883117,0.015753548776804516,-0.044618593162428305
2,25,0.0560344827586206,0.0710659898477157,0.0344186046511627,0.0714285714285714,0.1029411764705882,0.0467571644042232,0.07536755512637397,0.04058788452769295,0.1029411764705882,0.0714285714285714,0.031512605042016806,0.03477967059868102
2,26,0.0129310344827586,0.0025380710659898,0.0186046511627906,0.0454545454545454,0.0029411764705882,0.0082956259426847,0.0159662068684705,0.013450138552737651,0.0454545454545454,0.0186046511627906,0.0268498942917548,0.0025160683157328494
2,27,0.6336206896551724,0.5736040609137056,0.0641860465116279,0.6948051948051948,0.5735294117647058,0.2119155354449472,0.6188898392846947,0.13805079097828754,0.6948051948051948,0.6336206896551724,0.061184505150022384,0.4808390483064071
2,28,0.0,0.015228426395939,0.2213953488372093,0.0519480519480519,0.1088235294117647,0.0769230769230769,0.044000001938938896,0.1491592128801431,0.2213953488372093,0.1088235294117647,0.1125718194254446,-0.10515921094120421
2,29,0.0818965517241379,0.032994923857868,0.427906976744186,0.1558441558441558,0.2235294117647059,0.0965309200603318,0.1235662607977169,0.2622189484022589,0.427906976744186,0.2235294117647059,0.2043775649794801,-0.138652687604542
2,30,0.0818965517241379,0.0050761421319796,0.3525581395348837,0.1233766233766233,0.2058823529411764,0.1206636500754147,0.1040579175434793,0.23661089480514919,0.3525581395348837,0.2058823529411764,0.14667578659370728,-0.13255297726166987
2,31,0.021551724137931,0.0050761421319796,0.227906976744186,0.0714285714285714,0.1,0.0942684766214178,0.0495141094246205,0.1610877266828019,0.227906976744186,0.1,0.127906976744186,-0.1115736172581814
3,0,0.2629310344827586,0.1598984771573604,0.0455813953488372,0.3311688311688311,0.0852941176470588,0.0279034690799396,0.20982311511400226,0.0367424322143884,0.3311688311688311,0.2629310344827586,0.0682377966860725,0.17308068289961387
3,1,0.0387931034482758,0.0101522842639593,0.0130232558139534,0.0194805194805194,0.0147058823529411,0.0113122171945701,0.0207829473864239,0.01216773650426175,0.0387931034482758,0.0194805194805194,0.0193125839677564,0.008615210882162149
3,2,0.3318965517241379,0.1015228426395939,0.307906976744186,0.3441558441558441,0.3323529411764706,0.1840120663650075,0.27748204492401163,0.24595952155459674,0.3441558441558441,0.3323529411764706,0.01180290297937353,0.031522523369414884
3,3,0.0258620689655172,0.0076142131979695,0.1795348837209302,0.0974025974025974,0.2117647058823529,0.0739064856711915,0.08566089636210925,0.12672068469606085,0.2117647058823529,0.1795348837209302,0.0322298221614227,-0.0410597883339516
3,4,0.4224137931034483,0.3248730964467005,0.241860465116279,0.4155844155844156,0.4176470588235294,0.1048265460030166,0.39512959098952344,0.1733435055596478,0.4224137931034483,0.4176470588235294,0.0047667342799188606,0.22178608542987563
3,5,0.0043103448275862,0.0,0.64,0.0259740259740259,0.0823529411764705,0.1726998491704374,0.02815932799452065,0.4063499245852187,0.64,0.1726998491704374,0.4673001508295626,-0.37819059659069804
3,6,0.7456896551724138,0.5329949238578681,0.0083720930232558,0.7987012987012987,0.5558823529411765,0.4404223227752639,0.6583170576681892,0.22439720789925985,0.7987012987012987,0.7456896551724138,0.05301164352888488,0.4339198497689293
3,7,0.0775862068965517,0.0355329949238578,0.0474418604651162,0.0909090909090909,0.05,0.0346907993966817,0.0635070731823751,0.041066329930898954,0.0909090909090909,0.0775862068965517,0.013322884012539199,0.022440743251476145
3,8,0.1034482758620689,0.032994923857868,0.0251162790697674,0.1883116883116883,0.038235294117647,0.0158371040723981,0.09074754553731805,0.02047669157108275,0.1883116883116883,0.1034482758620689,0.0848634124496194,0.07027085396623531
3,9,0.3146551724137931,0.1370558375634517,0.0809302325581395,0.1883116883116883,0.0588235294117647,0.1659125188536953,0.17471155692517445,0.1234213757059174,0.3146551724137931,0.1883116883116883,0.1263434841021048,0.05129018121925706
3,10,0.3146551724137931,0.0406091370558375,0.3627906976744186,0.3896103896103896,0.2176470588235294,0.2119155354449472,0.2406304394758874,0.28735311655968293,0.3896103896103896,0.3627906976744186,0.026819691935970946,-0.046722677083795544
3,11,0.0,0.0,0.8530232558139534,0.0,0.0235294117647058,0.1440422322775263,0.00588235294117645,0.4985327440457399,0.8530232558139534,0.1440422322775263,0.7089810235364271,-0.49265039110456343
3,12,0.021551724137931,0.0076142131979695,0.4167441860465116,0.0584415584415584,0.0647058823529411,0.0588235294117647,0.0380783445326,0.23778385772913815,0.4167441860465116,0.0647058823529411,0.3520383036935705,-0.19970551319653815
3,13,0.0732758620689655,0.0355329949238578,0.2716279069767441,0.0909090909090909,0.0676470588235294,0.1184012066365007,0.0668412516813609,0.19501455680662239,0.2716279069767441,0.1184012066365007,0.1532267003402434,-0.12817330512526148
3,14,0.0129310344827586,0.0025380710659898,0.7534883720930232,0.0779220779220779,0.0764705882352941,0.2322775263951734,0.0424654429265301,0.4928829492440983,0.7534883720930232,0.2322775263951734,0.5212108456978498,-0.4504175063175682
3,15,0.1422413793103448,0.0406091370558375,0.2446511627906976,0.2402597402597402,0.2529411764705882,0.1711915535444947,0.16901285827412768,0.20792135816759616,0.2529411764705882,0.2446511627906976,0.008290013679890629,-0.03890849989346848
3,16,0.0129310344827586,0.0050761421319796,0.361860465116279,0.0324675324675324,0.1088235294117647,0.1214177978883861,0.03982455962350882,0.24163913150233254,0.361860465116279,0.1214177978883861,0.24044266722789293,-0.20181457187882373
3,17,0.1767241379310344,0.0964467005076142,0.0437209302325581,0.1103896103896103,0.1029411764705882,0.0535444947209653,0.12162540632471178,0.0486327124767617,0.1767241379310344,0.1103896103896103,0.06633452754142409,0.07299269384795007
3,18,0.0129310344827586,0.0126903553299492,0.1525581395348837,0.0519480519480519,0.0323529411764705,0.0701357466063348,0.02748059573430755,0.11134694307060924,0.1525581395348837,0.0701357466063348,0.0824223929285489,-0.08386634733630169
3,19,0.293103448275862,0.0431472081218274,0.2753488372093023,0.3766233766233766,0.1852941176470588,0.1342383107088989,0.22454203766703118,0.2047935739591006,0.3766233766233766,0.293103448275862,0.0835199283475146,0.01974846370793057
3,20,0.1163793103448275,0.0482233502538071,0.3023255813953488,0.1233766233766233,0.2058823529411764,0.1078431372549019,0.12346540922910858,0.20508435932512536,0.3023255813953488,0.2058823529411764,0.09644322845417241,-0.08161895009601679
3,21,0.4439655172413793,0.3426395939086294,0.0688372093023255,0.422077922077922,0.3382352941176471,0.088235294117647,0.3867295818363945,0.07853625170998624,0.4439655172413793,0.422077922077922,0.021887595163457285,0.30819333012640826
3,22,0.0603448275862069,0.0380710659898477,0.2251162790697674,0.1753246753246753,0.3235294117647059,0.0746606334841629,0.14931749516635895,0.14988845627696515,0.3235294117647059,0.2251162790697674,0.09841313269493851,-0.0005709611106061996
3,23,0.0818965517241379,0.0710659898477157,0.1041860465116279,0.1233766233766233,0.0529411764705882,0.0128205128205128,0.08232008535476627,0.05850327966607035,0.1233766233766233,0.1041860465116279,0.01919057686499541,0.023816805688695923
3,24,0.2586206896551724,0.1979695431472081,0.3255813953488372,0.2727272727272727,0.2852941176470588,0.1576168929110105,0.253652905794178,0.24159914412992384,0.3255813953488372,0.2852941176470588,0.04028727770177837,0.012053761664254148
3,25,0.2629310344827586,0.1675126903553299,0.055813953488372,0.2597402597402597,0.1411764705882353,0.0233785822021116,0.20784011379164585,0.0395962678452418,0.2629310344827586,0.2597402597402597,0.003190774742498903,0.16824384594640407
3,26,0.0043103448275862,0.0050761421319796,0.0437209302325581,0.0194805194805194,0.0058823529411764,0.0075414781297134,0.0086873398453154,0.02563120418113575,0.0437209302325581,0.0194805194805194,0.024240410752038703,-0.01694386433582035
3,27,0.1637931034482758,0.1040609137055837,0.0260465116279069,0.1103896103896103,0.0705882352941176,0.0256410256410256,0.11220796570939685,0.02584376863446625,0.1637931034482758,0.1103896103896103,0.0534034930586655,0.08636419707493061
3,28,0.1336206896551724,0.0558375634517766,0.0409302325581395,0.1428571428571428,0.0441176470588235,0.0437405731523378,0.09410826075572881,0.04233540285523865,0.1428571428571428,0.1336206896551724,0.00923645320197039,0.05177285790049016
3,29,0.0603448275862069,0.0228426395939086,0.0781395348837209,0.0714285714285714,0.1058823529411764,0.1485671191553544,0.06512459788746583,0.11335332701953765,0.1485671191553544,0.1058823529411764,0.042684766214177994,-0.048228729132071824
3,30,0.0043103448275862,0.0050761421319796,0.1311627906976744,0.0454545454545454,0.1647058823529411,0.0527903469079939,0.05488672869176307,0.09197656880283414,0.1647058823529411,0.1311627906976744,0.0335430916552667,-0.03708984011107107
3,31,0.0689655172413793,0.0203045685279187,0.0269767441860465,0.0974025974025974,0.0294117647058823,0.0090497737556561,0.054021111969444424,0.0180132589708513,0.0974025974025974,0.0689655172413793,0.028437080161218098,0.036007852998593125
4,0,0.0129310344827586,0.0076142131979695,0.3990697674418604,0.0779220779220779,0.1794117647058823,0.0935143288084464,0.06946977257717207,0.2462920481251534,0.3990697674418604,0.1794117647058823,0.2196580027359781,-0.17682227554798133
4,1,0.2974137931034483,0.1395939086294416,0.1674418604651162,0.2662337662337662,0.0617647058823529,0.0912518853695324,0.19125154346225226,0.1293468729173243,0.2974137931034483,0.2662337662337662,0.031180026869682076,0.06190467054492796
4,2,0.0172413793103448,0.0228426395939086,0.0232558139534883,0.0324675324675324,0.0205882352941176,0.0090497737556561,0.02328494666647585,0.0161527938545722,0.0324675324675324,0.0232558139534883,0.009211718514044103,0.007132152811903651
4,3,0.2586206896551724,0.0406091370558375,0.2455813953488372,0.2792207792207792,0.2294117647058823,0.1327300150829562,0.20196559265941785,0.1891557052158967,0.2792207792207792,0.2586206896551724,0.020600089565606827,0.012809887443521156
4,4,0.4008620689655172,0.2005076142131979,0.1944186046511627,0.3571428571428571,0.0676470588235294,0.138763197586727,0.2565398997862754,0.16659090111894487,0.4008620689655172,0.3571428571428571,0.04371921182266009,0.08994899866733053
4,5,0.1594827586206896,0.1472081218274111,0.0232558139534883,0.1168831168831168,0.0941176470588235,0.0294117647058823,0.12942291109751025,0.0263337893296853,0.1594827586206896,0.1472081218274111,0.012274636793278504,0.10308912176782495
4,6,0.625,0.4086294416243655,0.3423255813953488,0.551948051948052,0.45,0.3831070889894419,0.5088943733931044,0.3627163351923953,0.625,0.551948051948052,0.07305194805194803,0.14617803820070907
4,7,0.3879310344827586,0.1446700507614213,0.2855813953488372,0.487012987012987,0.2470588235294117,0.1463046757164404,0.3166682239466447,0.2159430355326388,0.487012987012987,0.3879310344827586,0.09908195253022839,0.10072518841400588
4,8,0.0086206896551724,0.0025380710659898,0.1116279069767441,0.0194805194805194,0.1029411764705882,0.0475113122171945,0.03339511416806745,0.07956960959696929,0.1116279069767441,0.1029411764705882,0.008686730506155899,-0.04617449542890184
4,9,0.0517241379310344,0.0228426395939086,0.1962790697674418,0.1233766233766233,0.0558823529411764,0.1116138763197586,0.06345643846068567,0.1539464730436002,0.1962790697674418,0.1233766233766233,0.0729024463908185,-0.09049003458291453
4,10,0.2112068965517241,0.1548223350253807,0.2558139534883721,0.2012987012987013,0.1676470588235294,0.1101055806938159,0.18374374792483386,0.18295976709109402,0.2558139534883721,0.2112068965517241,0.044607056936648015,0.0007839808337398446
4,11,0.021551724137931,0.0050761421319796,0.8548837209302326,0.1298701298701298,0.0647058823529411,0.555052790346908,0.05530096962324538,0.7049682556385704,0.8548837209302326,0.555052790346908,0.29983093058332455,-0.649667286015325
4,12,0.2068965517241379,0.2208121827411167,0.1488372093023255,0.2727272727272727,0.1794117647058823,0.0294117647058823,0.2199619429746024,0.0891244870041039,0.2727272727272727,0.2208121827411167,0.051915089986156016,0.1308374559704985
4,13,0.1724137931034483,0.1802030456852792,0.0613953488372093,0.1493506493506493,0.15,0.0671191553544494,0.1629918720348442,0.06425725209582935,0.1802030456852792,0.1724137931034483,0.007789252581830913,0.09873461993901485
4,14,0.146551724137931,0.1243654822335025,0.067906976744186,0.2207792207792207,0.1676470588235294,0.0505279034690799,0.1648358714935459,0.05921744010663295,0.2207792207792207,0.1676470588235294,0.05313216195569129,0.10561843138691294
4,15,0.1336206896551724,0.0583756345177665,0.5748837209302325,0.2597402597402597,0.1470588235294117,0.2466063348416289,0.14969885186065257,0.4107450278859307,0.5748837209302325,0.2597402597402597,0.31514346118997283,-0.26104617602527813
4,16,0.1034482758620689,0.0304568527918781,0.1646511627906976,0.1623376623376623,0.0470588235294117,0.1289592760180995,0.08582540363025526,0.14680521940439856,0.1646511627906976,0.1623376623376623,0.0023135004530353,-0.0609798157741433
4,17,0.4612068965517241,0.3908629441624365,0.0595348837209302,0.3506493506493506,0.3264705882352941,0.0369532428355957,0.3822974448997013,0.04824406327826295,0.4612068965517241,0.3908629441624365,0.07034395238928759,0.33405338162143833
4,18,0.0172413793103448,0.0076142131979695,0.281860465116279,0.0389610389610389,0.1058823529411764,0.0708898944193061,0.0424247461026324,0.17637517976779254,0.281860465116279,0.1058823529411764,0.1759781121751026,-0.13395043366516013
4,19,0.168103448275862,0.2030456852791878,0.2911627906976744,0.2402597402597402,0.2470588235294117,0.1561085972850678,0.2146169243360504,0.22363569399137112,0.2911627906976744,0.2470588235294117,0.04410396716826273,-0.009018769655320724
4,20,0.0086206896551724,0.0101522842639593,0.0297674418604651,0.0129870129870129,0.0147058823529411,0.0090497737556561,0.011616467314771426,0.0194086078080606,0.0297674418604651,0.0147058823529411,0.015061559507524,-0.007792140493289173
4,21,0.3491379310344827,0.2639593908629442,0.0604651162790697,0.2272727272727272,0.0794117647058823,0.0867269984917043,0.2299454534690091,0.07359605738538699,0.3491379310344827,0.2639593908629442,0.08517854017153853,0.1563493960836221
4,22,0.5258620689655172,0.5025380710659898,0.1255813953488372,0.4675324675324675,0.5470588235294118,0.090497737556561,0.5107478577733466,0.1080395664526991,0.5470588235294118,0.5258620689655172,0.021196754563894582,0.40270829132064756
4,23,0.0905172413793103,0.0634517766497461,0.1925581395348837,0.0714285714285714,0.0470588235294117,0.1319758672699849,0.06811410324675987,0.1622670034024343,0.1925581395348837,0.1319758672699849,0.06058227226489882,-0.09415290015567443
4,24,0.25,0.1548223350253807,0.2158139534883721,0.2207792207792207,0.238235294117647,0.0701357466063348,0.21595921248056207,0.14297485004735344,0.25,0.238235294117647,0.01176470588235301,0.07298436243320863
4,25,0.0129310344827586,0.0126903553299492,0.6111627906976744,0.0324675324675324,0.0176470588235294,0.5279034690799397,0.0189339952759424,0.5695331298888071,0.6111627906976744,0.5279034690799397,0.08325932161773475,-0.5505991346128647
4,26,0.0,0.0,0.3572093023255814,0.0064935064935064,0.0441176470588235,0.0399698340874811,0.012652788388082474,0.19858956820653126,0.3572093023255814,0.0441176470588235,0.3130916552667579,-0.18593677981844878
4,27,0.021551724137931,0.0177664974619289,0.08,0.1233766233766233,0.1588235294117647,0.0294117647058823,0.08037959359706198,0.05470588235294115,0.1588235294117647,0.1233766233766233,0.03544690603514139,0.02567371124412083
4,28,0.6896551724137931,0.4238578680203045,0.293953488372093,0.6298701298701299,0.4588235294117647,0.0822021116138763,0.550551674928998,0.18807779999298466,0.6896551724137931,0.6298701298701299,0.059785042543663236,0.36247387493601335
4,29,0.5991379310344828,0.3680203045685279,0.1804651162790697,0.3961038961038961,0.2558823529411764,0.2669683257918552,0.4047861211620208,0.22371672103546245,0.5991379310344828,0.3961038961038961,0.20303403493058664,0.18106940012655834
4,30,0.5344827586206896,0.5076142131979695,0.0390697674418604,0.7597402597402597,0.6088235294117647,0.0972850678733031,0.602665190242671,0.06817741765758176,0.7597402597402597,0.6088235294117647,0.15091673032849506,0.5344877725850892
4,31,0.3448275862068966,0.3045685279187817,0.1962790697674418,0.5324675324675324,0.4941176470588235,0.141025641025641,0.4189953234130086,0.1686523553965414,0.5324675324675324,0.4941176470588235,0.03834988540870893,0.2503429680164672
5,0,0.0043103448275862,0.0,0.4511627906976744,0.0519480519480519,0.2088235294117647,0.0739064856711915,0.06627048154685071,0.26253463818443296,0.4511627906976744,0.2088235294117647,0.24233926128590969,-0.19626415663758223
5,1,0.0344827586206896,0.0685279187817258,0.0381395348837209,0.0454545454545454,0.0441176470588235,0.0211161387631975,0.04814571747894607,0.0296278368234592,0.0685279187817258,0.0454545454545454,0.023073373327180402,0.018517880655486867
5,2,0.2758620689655172,0.2131979695431472,0.0204651162790697,0.2662337662337662,0.1323529411764706,0.2971342383107089,0.2219116864797253,0.1587996772948893,0.2971342383107089,0.2758620689655172,0.021272169345191716,0.063112009184836
5,3,0.1077586206896551,0.0913705583756345,0.0660465116279069,0.2207792207792207,0.1705882352941176,0.0641025641025641,0.14762415878465696,0.0650745378652355,0.2207792207792207,0.1705882352941176,0.05019098548510309,0.08254962091942146
5,4,0.0,0.0,0.1413953488372093,0.0,0.0,0.0226244343891402,0.0,0.08200989161317475,0.1413953488372093,0.0226244343891402,0.1187709144480691,-0.08200989161317475
5,5,0.021551724137931,0.0228426395939086,0.0167441860465116,0.0,0.0,0.0218702865761689,0.0110985909329599,0.01930723631134025,0.0228426395939086,0.0218702865761689,0.0009723530177397008,-0.00820864537838035
5,6,0.1336206896551724,0.1446700507614213,0.0195348837209302,0.1688311688311688,0.1323529411764706,0.0060331825037707,0.14486871260605827,0.01278403311235045,0.1688311688311688,0.1446700507614213,0.024161118069747495,0.1320846794937078
5,7,0.6508620689655172,0.3908629441624365,0.0102325581395348,0.3961038961038961,0.1647058823529411,0.3220211161387632,0.40063369789619774,0.166126837139149,0.6508620689655172,0.3961038961038961,0.2547581728616211,0.23450686075704874
5,8,0.0129310344827586,0.0025380710659898,0.3116279069767442,0.0909090909090909,0.238235294117647,0.0889894419306184,0.08615337264387157,0.2003086744536813,0.3116279069767442,0.238235294117647,0.0733926128590972,-0.11415530180980973
5,9,0.0086206896551724,0.0888324873096446,0.2158139534883721,0.0974025974025974,0.2558823529411764,0.0542986425339366,0.1126845318271477,0.13505629801115435,0.2558823529411764,0.2158139534883721,0.0400683994528043,-0.022371766184006645
5,10,0.0,0.0,0.5023255813953489,0.0,0.05,0.0927601809954751,0.0125,0.297542881195412,0.5023255813953489,0.0927601809954751,0.40956540039987377,-0.285042881195412
5,11,0.0258620689655172,0.0228426395939086,0.2455813953488372,0.0389610389610389,0.1352941176470588,0.1131221719457013,0.05573996629188087,0.17935178364726925,0.2455813953488372,0.1352941176470588,0.1102872777017784,-0.12361181735538838
5,12,0.1163793103448275,0.0888324873096446,0.0362790697674418,0.1168831168831168,0.0764705882352941,0.0158371040723981,0.09964137569322076,0.02605808691991995,0.1168831168831168,0.1163793103448275,0.0005038065382892976,0.07358328877330081
5,13,0.0818965517241379,0.015228426395939,0.121860465116279,0.0974025974025974,0.0088235294117647,0.0173453996983408,0.05083777623360975,0.0696029324073099,0.121860465116279,0.0974025974025974,0.024457867713681608,-0.01876515617370015
5,14,0.0948275862068965,0.0482233502538071,0.2111627906976744,0.2467532467532467,0.3,0.1463046757164404,0.17245104580348758,0.1787337332070574,0.3,0.2467532467532467,0.05324675324675329,-0.0062826874035698255
5,15,0.0905172413793103,0.0,0.3395348837209302,0.1168831168831168,0.138235294117647,0.0791855203619909,0.08640891309501852,0.20936020204146055,0.3395348837209302,0.138235294117647,0.2012995896032832,-0.12295128894644203
5,16,0.3491379310344827,0.0837563451776649,0.3851162790697674,0.3896103896103896,0.388235294117647,0.1998491704374057,0.30268498998504606,0.29248272475358655,0.3896103896103896,0.388235294117647,0.0013750954927425618,0.010202265231459506
5,17,0.0818965517241379,0.0710659898477157,0.0809302325581395,0.1818181818181818,0.2,0.1018099547511312,0.13369518084750887,0.09137009365463535,0.2,0.1818181818181818,0.018181818181818216,0.04232508719287352
5,18,0.8405172413793104,0.6243654822335025,0.24,0.8246753246753247,0.6352941176470588,0.193815987933635,0.7312130414837991,0.21690799396681748,0.8405172413793104,0.8246753246753247,0.015841916703985714,0.5143050475169816
5,19,0.4568965517241379,0.3730964467005076,0.2744186046511628,0.2922077922077922,0.2970588235294117,0.193815987933635,0.3548149035404623,0.2341172962923989,0.4568965517241379,0.3730964467005076,0.08380010502363028,0.12069760724806339
5,20,0.2284482758620689,0.0964467005076142,0.0316279069767441,0.2402597402597402,0.0294117647058823,0.0128205128205128,0.14864162033382639,0.02222420989862845,0.2402597402597402,0.2284482758620689,0.011811464397671306,0.12641741043519794
5,21,0.4568965517241379,0.1192893401015228,0.2558139534883721,0.564935064935065,0.0823529411764705,0.2413273001508295,0.30586847448429905,0.2485706268196008,0.564935064935065,0.4568965517241379,0.10803851321092706,0.057297847664698254
5,22,0.4482758620689655,0.3426395939086294,0.0893023255813953,0.3181818181818182,0.3117647058823529,0.1244343891402715,0.35521549501044153,0.10686835736083339,0.4482758620689655,0.3426395939086294,0.10563626816033611,0.24834713764960814
5,23,0.0344827586206896,0.0050761421319796,0.0176744186046511,0.0064935064935064,0.0029411764705882,0.0294117647058823,0.012248395929190949,0.0235430916552667,0.0344827586206896,0.0294117647058823,0.005070993914807299,-0.011294695726075752
5,24,0.5301724137931034,0.2893401015228426,0.2325581395348837,0.3831168831168831,0.1617647058823529,0.3001508295625942,0.3410985260787955,0.26635448454873895,0.5301724137931034,0.3831168831168831,0.14705553067622035,0.07474404153005654
5,25,0.2112068965517241,0.1218274111675127,0.1665116279069767,0.1948051948051948,0.138235294117647,0.0844645550527903,0.16651869916051965,0.1254880914798835,0.2112068965517241,0.1948051948051948,0.0164017017465293,0.041030607680636155
5,26,0.3275862068965517,0.3578680203045685,0.1106976744186046,0.3376623376623376,0.3735294117647059,0.0912518853695324,0.3491614941570409,0.1009747798940685,0.3735294117647059,0.3578680203045685,0.015661391460137397,0.2481867142629724
5,27,0.0862068965517241,0.0279187817258883,0.0427906976744186,0.0844155844155844,0.0235294117647058,0.0196078431372549,0.05551766861447565,0.03119927040583675,0.0862068965517241,0.0844155844155844,0.0017913121361397,0.0243183982086389
5,28,0.4267241379310345,0.1142131979695431,0.2781395348837209,0.487012987012987,0.1617647058823529,0.1530920060331825,0.2974287571989793,0.2156157704584517,0.487012987012987,0.4267241379310345,0.060288849081952534,0.08181298674052762
5,29,0.0172413793103448,0.0126903553299492,0.253953488372093,0.0454545454545454,0.0352941176470588,0.0565610859728506,0.02767009943547455,0.15525728717247178,0.253953488372093,0.0565610859728506,0.19739240239924238,-0.12758718773699723
5,30,0.4741379310344827,0.4137055837563452,0.0465116279069767,0.3701298701298701,0.3117647058823529,0.059577677224736,0.39243452270076273,0.05304465256585635,0.4741379310344827,0.4137055837563452,0.06043234727813751,0.3393898701349064
5,31,0.2370689655172413,0.1218274111675127,0.0511627906976744,0.1948051948051948,0.1029411764705882,0.0294117647058823,0.16416068699013425,0.04028727770177835,0.2370689655172413,0.1948051948051948,0.04226377071204651,0.12387340928835591
6,0,0.4525862068965517,0.2030456852791878,0.266046511627907,0.551948051948052,0.2529411764705882,0.1764705882352941,0.36513028014859494,0.22125854993160055,0.551948051948052,0.4525862068965517,0.09936184505150025,0.1438717302169944
6,1,0.3232758620689655,0.2588832487309644,0.0390697674418604,0.2727272727272727,0.2441176470588235,0.0316742081447963,0.27475100764650656,0.035371987793328355,0.3232758620689655,0.2727272727272727,0.05054858934169282,0.23937901985317822
6,2,0.0775862068965517,0.0532994923857868,0.0195348837209302,0.0714285714285714,0.0117647058823529,0.0075414781297134,0.0535197441483157,0.0135381809253218,0.0775862068965517,0.0714285714285714,0.006157635467980302,0.0399815632229939
6,3,0.0086206896551724,0.0,0.7776744186046511,0.0454545454545454,0.1205882352941176,0.169683257918552,0.04366586760095885,0.47367883826160156,0.7776744186046511,0.169683257918552,0.6079911606860992,-0.4300129706606427
6,4,0.0129310344827586,0.0050761421319796,0.1711627906976744,0.0064935064935064,0.0205882352941176,0.0377073906485671,0.01127222960059055,0.10443509067312075,0.1711627906976744,0.0377073906485671,0.1334554000491073,-0.0931628610725302
6,5,0.1939655172413793,0.0050761421319796,0.2595348837209302,0.3051948051948052,0.2264705882352941,0.1923076923076923,0.18267676320086454,0.22592128801431124,0.3051948051948052,0.2595348837209302,0.04565992147387499,-0.043244524813446705
6,6,0.0043103448275862,0.015228426395939,0.0130232558139534,0.0129870129870129,0.0088235294117647,0.0075414781297134,0.010337328405575701,0.0102823669718334,0.015228426395939,0.0130232558139534,0.0022051705819855997,5.4961433742301696e-05
6,7,0.0905172413793103,0.0532994923857868,0.0613953488372093,0.0389610389610389,0.0352941176470588,0.0972850678733031,0.0545179725932987,0.0793402083552562,0.0972850678733031,0.0905172413793103,0.006767826493992796,-0.024822235761957495
6,8,0.2241379310344827,0.1218274111675127,0.0576744186046511,0.1493506493506493,0.0676470588235294,0.0414781297134238,0.1407407625940435,0.04957627415903745,0.2241379310344827,0.1493506493506493,0.07478728168383342,0.09116448843500605
6,9,0.7801724137931034,0.5609137055837563,0.0009302325581395,0.8116883116883117,0.6,0.4411764705882353,0.6881936077662929,0.2210533515731874,0.8116883116883117,0.7801724137931034,0.031515897895208256,0.4671402561931055
6,10,0.3534482758620689,0.3401015228426396,0.1023255813953488,0.4675324675324675,0.5029411764705882,0.0708898944193061,0.41600586067694106,0.08660773790732745,0.5029411764705882,0.4675324675324675,0.0354087089381207,0.3293981227696136
6,11,0.521551724137931,0.3959390862944162,0.0251162790697674,0.6363636363636364,0.388235294117647,0.2730015082956259,0.48552243522840766,0.14905889368269665,0.6363636363636364,0.521551724137931,0.1148119122257053,0.336463541545711
6,12,0.2629310344827586,0.0913705583756345,0.0651162790697674,0.4025974025974026,0.0529411764705882,0.0656108597285067,0.20246004298159598,0.06536356939913705,0.4025974025974026,0.2629310344827586,0.139666368114644,0.1370964735824589
6,13,0.0948275862068965,0.0558375634517766,0.1376744186046511,0.0714285714285714,0.0264705882352941,0.0535444947209653,0.062141077330634654,0.0956094566628082,0.1376744186046511,0.0948275862068965,0.042846832397754595,-0.03346837933217355
6,14,0.6508620689655172,0.4010152284263959,0.0567441860465116,0.5909090909090909,0.4411764705882353,0.3190045248868778,0.5209907147223098,0.1878743554666947,0.6508620689655172,0.5909090909090909,0.0599529780564263,0.3331163592556151
6,15,0.4224137931034483,0.3578680203045685,0.0465116279069767,0.3831168831168831,0.2852941176470588,0.0316742081447963,0.36217320354298965,0.039092918025886506,0.4224137931034483,0.3831168831168831,0.03929690998656521,0.32308028551710316
6,16,0.7586206896551724,0.5380710659898477,0.0046511627906976,0.7662337662337663,0.5764705882352941,0.420814479638009,0.65984902752852,0.2127328212143533,0.7662337662337663,0.7586206896551724,0.007613076578593891,0.4471162063141667
6,17,0.1293103448275862,0.0558375634517766,0.0130232558139534,0.1493506493506493,0.0058823529411764,0.0143288084464555,0.08509522764279712,0.013676032130204449,0.1493506493506493,0.1293103448275862,0.0200403045230631,0.07141919551259267
6,18,0.1767241379310344,0.0964467005076142,0.1190697674418604,0.1103896103896103,0.0764705882352941,0.0625942684766214,0.11500775926588824,0.0908320179592409,0.1767241379310344,0.1190697674418604,0.05765437048917399,0.024175741306647347
6,19,0.0646551724137931,0.0228426395939086,0.3265116279069767,0.1948051948051948,0.2676470588235294,0.1530920060331825,0.13748751640910647,0.23980181697007957,0.3265116279069767,0.2676470588235294,0.05886456908344728,-0.1023143005609731
6,20,0.2672413793103448,0.0786802030456852,0.0065116279069767,0.1428571428571428,0.0676470588235294,0.3514328808446455,0.13910644600917554,0.1789722543758111,0.3514328808446455,0.2672413793103448,0.08419150153430072,-0.03986580836663556
6,21,0.293103448275862,0.1446700507614213,0.0613953488372093,0.2857142857142857,0.0411764705882352,0.1161387631975867,0.19116606383495105,0.088767056017398,0.293103448275862,0.2857142857142857,0.00738916256157629,0.10239900781755305
6,22,0.5431034482758621,0.4517766497461929,0.0855813953488372,0.2662337662337662,0.3029411764705882,0.1025641025641025,0.3910137601816024,0.09407274895646986,0.5431034482758621,0.4517766497461929,0.09132679852966918,0.2969410112251325
6,23,0.0,0.0,0.3441860465116279,0.0129870129870129,0.0176470588235294,0.0610859728506787,0.007658517952635575,0.20263600968115328,0.3441860465116279,0.0610859728506787,0.2831000736609492,-0.1949774917285177
6,24,0.0172413793103448,0.0025380710659898,0.4772093023255814,0.0389610389610389,0.0323529411764705,0.1478129713423831,0.022773357628461,0.31251113683398224,0.4772093023255814,0.1478129713423831,0.3293963309831983,-0.28973777920552124
6,25,0.0129310344827586,0.0050761421319796,0.0074418604651162,0.0,0.0029411764705882,0.0188536953242835,0.0052370882713315995,0.01314777789469985,0.0188536953242835,0.0129310344827586,0.0059226608415249,-0.007910689623368251
6,26,0.3706896551724138,0.1675126903553299,0.4111627906976744,0.5844155844155844,0.4117647058823529,0.2933634992458522,0.3835956589564202,0.3522631449717633,0.5844155844155844,0.4117647058823529,0.17265087853323147,0.03133251398465692
6,27,0.1767241379310344,0.0939086294416243,0.3293023255813953,0.1623376623376623,0.2294117647058823,0.1282051282051282,0.16559554860405082,0.22875372689326176,0.3293023255813953,0.2294117647058823,0.09989056087551304,-0.06315817828921094
6,28,0.2586206896551724,0.2639593908629442,0.1693023255813953,0.1688311688311688,0.15,0.2503770739064856,0.21035281233732134,0.20983969974394046,0.2639593908629442,0.2586206896551724,0.005338701207771801,0.0005131125933808822
6,29,0.0646551724137931,0.0253807106598984,0.1683720930232558,0.0519480519480519,0.0558823529411764,0.0346907993966817,0.04946657199072994,0.10153144620996875,0.1683720930232558,0.0646551724137931,0.10371692060946269,-0.052064874219238805
6,30,0.7413793103448276,0.4593908629441624,0.0009302325581395,0.7662337662337663,0.5029411764705882,0.3793363499245852,0.6174862789983362,0.19013329124136236,0.7662337662337663,0.7413793103448276,0.024854455888938642,0.42735298775697383
6,31,0.6163793103448276,0.4543147208121827,0.0920930232558139,0.3701298701298701,0.1911764705882352,0.3122171945701357,0.4080000929687789,0.20215510891297478,0.6163793103448276,0.4543147208121827,0.1620645895326449,0.20584498405580415
7,0,0.0905172413793103,0.0532994923857868,0.0437209302325581,0.0779220779220779,0.0235294117647058,0.035444947209653,0.061317055862970204,0.03958293872110555,0.0905172413793103,0.0779220779220779,0.012595163457232397,0.021734117141864656
7,1,0.1594827586206896,0.0406091370558375,0.1804651162790697,0.1363636363636363,0.0588235294117647,0.1274509803921568,0.09881976536298204,0.15395804833561325,0.1804651162790697,0.1594827586206896,0.02098235765838008,-0.05513828297263121
7,2,0.2413793103448276,0.1345177664974619,0.1646511627906976,0.2272727272727272,0.0705882352941176,0.083710407239819,0.16843950985228356,0.12418078501525831,0.2413793103448276,0.2272727272727272,0.014106583072100387,0.044258724837025254
7,3,0.1077586206896551,0.0253807106598984,0.0753488372093023,0.0974025974025974,0.0147058823529411,0.0165912518853695,0.061311952776273,0.0459700445473359,0.1077586206896551,0.0974025974025974,0.010356023287057703,0.0153419082289371
7,4,0.728448275862069,0.4467005076142132,0.0009302325581395,0.7662337662337663,0.4647058823529412,0.3740573152337858,0.6015221080157475,0.18749377389596267,0.7662337662337663,0.728448275862069,0.03778549037169732,0.4140283341197848
7,5,0.3146551724137931,0.2538071065989847,0.0427906976744186,0.2987012987012987,0.1794117647058823,0.0384615384615384,0.2616438356049897,0.0406261180679785,0.3146551724137931,0.2987012987012987,0.015953873712494404,0.22101771753701122
7,6,0.3706896551724138,0.0913705583756345,0.1097674418604651,0.3701298701298701,0.1352941176470588,0.1659125188536953,0.24187105033124429,0.1378399803570802,0.3706896551724138,0.3701298701298701,0.0005597850425437256,0.10403106997416409
7,7,0.3577586206896552,0.1675126903553299,0.3358139534883721,0.5324675324675324,0.2647058823529412,0.200603318250377,0.3306111814663647,0.26820863586937455,0.5324675324675324,0.3577586206896552,0.17470891177787723,0.062402545596990155
7,8,0.6681034482758621,0.6802030456852792,0.0809302325581395,0.6623376623376623,0.5441176470588235,0.1282051282051282,0.6386904508394068,0.10456768038163385,0.6802030456852792,0.6681034482758621,0.012099597409417129,0.5341227704577729
7,9,0.0258620689655172,0.0,0.3469767441860465,0.1038961038961039,0.1911764705882352,0.085972850678733,0.08023366086246408,0.21647479743238976,0.3469767441860465,0.1911764705882352,0.15580027359781132,-0.13624113656992567
7,10,0.7327586206896551,0.4010152284263959,0.0046511627906976,0.6883116883116883,0.3823529411764705,0.3604826546003016,0.5511096196510524,0.1825669086954996,0.7327586206896551,0.6883116883116883,0.04444693237796682,0.3685427109555528
7,11,0.418103448275862,0.2385786802030456,0.2297674418604651,0.2922077922077922,0.1676470588235294,0.2277526395173454,0.27913424487755734,0.22876004068890526,0.418103448275862,0.2922077922077922,0.1258956560680698,0.05037420418865207
7,12,0.771551724137931,0.5583756345177665,0.001860465116279,0.7922077922077922,0.5823529411764706,0.4276018099547511,0.6761220230099901,0.21473113753551507,0.7922077922077922,0.771551724137931,0.0206560680698612,0.46139088547447504
7,13,0.5517241379310345,0.1852791878172588,0.0232558139534883,0.512987012987013,0.2441176470588235,0.226998491704374,0.3735269964485325,0.12512715282893114,0.5517241379310345,0.512987012987013,0.038737124944021484,0.24839984361960135
7,14,0.0862068965517241,0.0126903553299492,0.0493023255813953,0.0714285714285714,0.0147058823529411,0.1153846153846153,0.04625792641579645,0.0823434704830053,0.1153846153846153,0.0862068965517241,0.029177718832891192,-0.036085544067208854
7,15,0.1896551724137931,0.0406091370558375,0.1116279069767441,0.1428571428571428,0.0470588235294117,0.0633484162895927,0.10504506896404628,0.0874881616331684,0.1896551724137931,0.1428571428571428,0.0467980295566503,0.017556907330877877
7,16,0.0,0.0025380710659898,0.1804651162790697,0.0194805194805194,0.088235294117647,0.0723981900452488,0.02756347116603905,0.12643165316215926,0.1804651162790697,0.088235294117647,0.0922298221614227,-0.09886818199612021
7,17,0.0301724137931034,0.0050761421319796,0.1646511627906976,0.0129870129870129,0.0088235294117647,0.0082956259426847,0.01426477458096515,0.08647339436669116,0.1646511627906976,0.0301724137931034,0.1344787489975942,-0.07220861978572601
7,18,0.0043103448275862,0.0,0.5134883720930232,0.0129870129870129,0.0970588235294117,0.1153846153846153,0.0285890453360027,0.31443649373881927,0.5134883720930232,0.1153846153846153,0.3981037567084079,-0.28584744840281656
7,19,0.0,0.0,0.3944186046511628,0.0194805194805194,0.1058823529411764,0.0935143288084464,0.03134071810542395,0.2439664667298046,0.3944186046511628,0.1058823529411764,0.2885362517099864,-0.21262574862438066
7,20,0.0258620689655172,0.0203045685279187,0.0223255813953488,0.0129870129870129,0.0205882352941176,0.0105580693815987,0.0199354714436416,0.01644182538847375,0.0258620689655172,0.0223255813953488,0.0035364875701684,0.003493646055167849
7,21,0.2974137931034483,0.2182741116751269,0.1181395348837209,0.2987012987012987,0.1205882352941176,0.0957767722473604,0.23374435969349786,0.10695815356554066,0.2987012987012987,0.2974137931034483,0.0012875055978504024,0.1267862061279572
7,22,0.5172413793103449,0.5,0.04,0.3766233766233766,0.3323529411764706,0.0761689291101055,0.431554424277548,0.058084464555052756,0.5172413793103449,0.5,0.017241379310344862,0.3734699597224952
7,23,0.4525862068965517,0.3705583756345177,0.0325581395348837,0.1688311688311688,0.0705882352941176,0.2654600301659125,0.26564099666408897,0.1490090848503981,0.4525862068965517,0.3705583756345177,0.082027831262034,0.11663191181369087
7,24,0.6379310344827587,0.2918781725888325,0.3423255813953488,0.7792207792207793,0.5823529411764706,0.365761689291101,0.5728457318672102,0.3540436353432249,0.7792207792207793,0.6379310344827587,0.14128974473802058,0.2188020965239853
7,25,0.0129310344827586,0.0228426395939086,0.2930232558139535,0.0974025974025974,0.0558823529411764,0.0399698340874811,0.04726465610511024,0.1664965449507173,0.2930232558139535,0.0974025974025974,0.19562065841135612,-0.11923188884560706
7,26,0.1939655172413793,0.1370558375634517,0.2186046511627907,0.3766233766233766,0.3117647058823529,0.2450980392156862,0.2548523593276401,0.23185134518923844,0.3766233766233766,0.3117647058823529,0.0648586707410237,0.023001014138401665
7,27,0.0387931034482758,0.0253807106598984,0.1134883720930232,0.0584415584415584,0.0058823529411764,0.0294117647058823,0.03212443137272725,0.07145006839945275,0.1134883720930232,0.0584415584415584,0.055046813651464806,-0.03932563702672551
7,28,0.7887931034482759,0.5355329949238579,0.001860465116279,0.7532467532467533,0.5676470588235294,0.4366515837104072,0.6613049776106041,0.2192560244133431,0.7887931034482759,0.7532467532467533,0.035546350201522636,0.442048953197261
7,29,0.1939655172413793,0.0862944162436548,0.0483720930232558,0.1753246753246753,0.0235294117647058,0.0995475113122171,0.1197785051436038,0.07395980216773645,0.1939655172413793,0.1753246753246753,0.01864084191670401,0.04581870297586735
7,30,0.5344827586206896,0.4238578680203045,0.2855813953488372,0.512987012987013,0.3617647058823529,0.2368024132730015,0.45827308637759,0.2611919043109193,0.5344827586206896,0.512987012987013,0.02149574563367662,0.1970811820666707
7,31,0.5948275862068966,0.5025380710659898,0.0474418604651162,0.6363636363636364,0.5235294117647059,0.3092006033182504,0.5643146763503071,0.1783212318916833,0.6363636363636364,0.5948275862068966,0.04153605015673978,0.38599344445862377
8,0,0.2413793103448276,0.0939086294416243,0.1181395348837209,0.3051948051948052,0.1794117647058823,0.1334841628959276,0.20497362742178485,0.12581184888982425,0.3051948051948052,0.2413793103448276,0.06381549484997759,0.0791617785319606
8,1,0.043103448275862,0.1192893401015228,0.1711627906976744,0.2402597402597402,0.2588235294117647,0.1033182503770739,0.1653690145122224,0.13724052053737415,0.2588235294117647,0.2402597402597402,0.018563789152024474,0.028128493974848262
8,2,0.2025862068965517,0.0761421319796954,0.5311627906976745,0.2077922077922078,0.0911764705882352,0.3529411764705882,0.14442425431417252,0.44205198358413134,0.5311627906976745,0.3529411764705882,0.17822161422708627,-0.29762772926995884
8,3,0.0301724137931034,0.0050761421319796,0.1293023255813953,0.0194805194805194,0.0147058823529411,0.0399698340874811,0.017358739439635874,0.08463607983443819,0.1293023255813953,0.0399698340874811,0.08933249149391419,-0.06727734039480232
8,4,0.0646551724137931,0.0228426395939086,0.041860465116279,0.0909090909090909,0.0147058823529411,0.0294117647058823,0.04827819631743342,0.03563611491108065,0.0909090909090909,0.0646551724137931,0.026253918495297804,0.01264208140635277
8,5,0.4913793103448275,0.4111675126903553,0.0437209302325581,0.2532467532467532,0.1176470588235294,0.2051282051282051,0.31836015877636636,0.1244245676803816,0.4913793103448275,0.4111675126903553,0.08021179765447223,0.19393559109598477
8,6,0.1379310344827586,0.0862944162436548,0.0669767441860465,0.1883116883116883,0.0294117647058823,0.0180995475113122,0.110487225935996,0.04253814584867935,0.1883116883116883,0.1379310344827586,0.0503806538289297,0.06794908008731665
8,7,0.4137931034482758,0.2030456852791878,0.1088372093023255,0.2597402597402597,0.0970588235294117,0.1357466063348416,0.24340946799928376,0.12229190781858354,0.4137931034482758,0.2597402597402597,0.15405284370801609,0.12111756018070022
8,8,0.1594827586206896,0.2233502538071066,0.1320930232558139,0.2207792207792207,0.3176470588235294,0.11236802413273,0.23031482300763656,0.12223052369427195,0.3176470588235294,0.2233502538071066,0.09429680501642279,0.1080842993133646
8,9,0.0948275862068965,0.1192893401015228,0.0260465116279069,0.1948051948051948,0.1176470588235294,0.0120663650075414,0.13164229498428587,0.01905643831772415,0.1948051948051948,0.1192893401015228,0.07551585470367199,0.11258585666656172
8,10,0.2284482758620689,0.0862944162436548,0.3441860465116279,0.3311688311688311,0.0705882352941176,0.1063348416289592,0.1791249396421681,0.22526044407029355,0.3441860465116279,0.3311688311688311,0.013017215342796762,-0.046135504428125446
8,11,0.0258620689655172,0.0076142131979695,0.3497674418604651,0.0974025974025974,0.1705882352941176,0.1070889894419306,0.07536677871505043,0.22842821565119786,0.3497674418604651,0.1705882352941176,0.1791792065663475,-0.15306143693614743
8,12,0.3275862068965517,0.3299492385786802,0.0260465116279069,0.3636363636363636,0.4235294117647059,0.035444947209653,0.36117530521907537,0.03074572941877995,0.4235294117647059,0.3636363636363636,0.059893048128342286,0.3304295758002954
8,13,0.0387931034482758,0.0913705583756345,0.1581395348837209,0.0519480519480519,0.0529411764705882,0.028657616892911,0.05876322256063761,0.09339857588831595,0.1581395348837209,0.0913705583756345,0.0667689765080864,-0.034635353327678337
8,14,0.2844827586206896,0.1675126903553299,0.0409302325581395,0.2532467532467532,0.0676470588235294,0.1018099547511312,0.19322231526157552,0.07137009365463534,0.2844827586206896,0.2532467532467532,0.031236005373936393,0.12185222160694018
8,15,0.6681034482758621,0.5989847715736041,0.1637209302325581,0.6883116883116883,0.6058823529411764,0.1666666666666666,0.6403205652755828,0.16519379844961235,0.6883116883116883,0.6681034482758621,0.02020824003582622,0.47512676682597044
8,16,0.1120689655172413,0.0431472081218274,0.3888372093023255,0.2142857142857142,0.238235294117647,0.1659125188536953,0.15193429551060747,0.2773748640780104,0.3888372093023255,0.238235294117647,0.15060191518467853,-0.1254405685674029
8,17,0.168103448275862,0.1548223350253807,0.1469767441860465,0.2662337662337662,0.1764705882352941,0.0874811463046757,0.19140753444257574,0.1172289452453611,0.2662337662337662,0.1764705882352941,0.08976317799847211,0.07417858919721465
8,18,0.2025862068965517,0.149746192893401,0.0753488372093023,0.2012987012987013,0.1411764705882353,0.057315233785822,0.17370189291922233,0.06633203549756214,0.2025862068965517,0.2012987012987013,0.0012875055978504024,0.10736985742166019
8,19,0.0646551724137931,0.0406091370558375,0.0409302325581395,0.1428571428571428,0.1352941176470588,0.0467571644042232,0.09585389249345805,0.043843698481181345,0.1428571428571428,0.1352941176470588,0.007563025210084007,0.0520101940122767
8,20,0.2025862068965517,0.1700507614213198,0.1060465116279069,0.1688311688311688,0.088235294117647,0.1349924585218702,0.15742585781667182,0.12051948507488855,0.2025862068965517,0.1700507614213198,0.032535445475231906,0.03690637274178327
8,21,0.5301724137931034,0.182741116751269,0.1227906976744186,0.6038961038961039,0.2823529411764706,0.2202111613876319,0.3997906439042367,0.17150092953102525,0.6038961038961039,0.5301724137931034,0.0737236901030005,0.22828971437321144
8,22,0.2413793103448276,0.0812182741116751,0.04,0.2792207792207792,0.0470588235294117,0.0754147812971342,0.1622192968016734,0.0577073906485671,0.2792207792207792,0.2413793103448276,0.037841468875951606,0.10451190615310631
8,23,0.0387931034482758,0.0634517766497461,0.0530232558139534,0.0649350649350649,0.0617647058823529,0.0158371040723981,0.057236162728859924,0.03443017994317575,0.0649350649350649,0.0634517766497461,0.0014832882853187956,0.022805982785684173
8,24,0.2586206896551724,0.1928934010152284,0.041860465116279,0.2207792207792207,0.0970588235294117,0.0241327300150829,0.19233803374475827,0.03299659756568095,0.2586206896551724,0.2207792207792207,0.03784146887595169,0.1593414361790773
8,25,0.1206896551724138,0.065989847715736,0.0511627906976744,0.1883116883116883,0.0470588235294117,0.0369532428355957,0.10551250368231245,0.04405801676663505,0.1883116883116883,0.1206896551724138,0.06762203313927449,0.0614544869156774
8,26,0.7413793103448276,0.5126903553299492,0.0009302325581395,0.7597402597402597,0.5441176470588235,0.3959276018099547,0.639481893118465,0.1984289171840471,0.7597402597402597,0.7413793103448276,0.01836094939543209,0.44105297593441795
8,27,0.1637931034482758,0.0710659898477157,0.5479069767441861,0.1818181818181818,0.0441176470588235,0.2111613876319758,0.1151987305432492,0.37953418218808094,0.5479069767441861,0.2111613876319758,0.3367455891122103,-0.26433545164483174
8,28,0.0301724137931034,0.0380710659898477,0.0213953488372093,0.0584415584415584,0.0088235294117647,0.0098039215686274,0.03387714190906855,0.01559963520291835,0.0584415584415584,0.0380710659898477,0.0203704924517107,0.0182775067061502
8,29,0.0,0.0,0.3451162790697674,0.0584415584415584,0.1294117647058823,0.0467571644042232,0.04696333078686018,0.19593672173699528,0.3451162790697674,0.1294117647058823,0.21570451436388507,-0.1489733909501351
8,30,0.0862068965517241,0.1243654822335025,0.1590697674418604,0.1883116883116883,0.2264705882352941,0.1055806938159879,0.15633866383305225,0.13232523062892415,0.2264705882352941,0.1883116883116883,0.0381588999236058,0.024013433204128104
8,31,0.7672413793103449,0.5,0.0195348837209302,0.7077922077922078,0.5529411764705883,0.4547511312217194,0.6319936908932853,0.2371430074713248,0.7672413793103449,0.7077922077922078,0.05944917151813711,0.3948506834219605
9,0,0.1379310344827586,0.0837563451776649,0.0837209302325581,0.0779220779220779,0.1117647058823529,0.0369532428355957,0.10284354086621358,0.0603370865340769,0.1379310344827586,0.1117647058823529,0.026166328600405686,0.042506454332136685
9,1,0.1982758620689655,0.2309644670050761,0.1711627906976744,0.1233766233766233,0.1323529411764706,0.193815987933635,0.1712424734067839,0.1824893893156547,0.2309644670050761,0.1982758620689655,0.032688604936110616,-0.011246915908870808
9,2,0.8836206896551724,0.7360406091370558,0.2251162790697674,0.8311688311688312,0.5529411764705883,0.255656108597285,0.7509428266079119,0.2403861938335262,0.8836206896551724,0.8311688311688312,0.05245185848634115,0.5105566327743857
9,3,0.0560344827586206,0.0126903553299492,0.1534883720930232,0.0129870129870129,0.0117647058823529,0.0580693815987933,0.0233691392394839,0.10577887684590825,0.1534883720930232,0.0580693815987933,0.09541899049422992,-0.08240973760642435
9,4,0.6767241379310345,0.3350253807106599,0.0967441860465116,0.5714285714285714,0.1941176470588235,0.1093514328808446,0.44432393428227235,0.1030478094636781,0.6767241379310345,0.5714285714285714,0.10529556650246308,0.34127612481859426
9,5,0.396551724137931,0.2208121827411167,0.2483720930232558,0.3831168831168831,0.1470588235294117,0.1809954751131221,0.28688490338133565,0.21468378406818894,0.396551724137931,0.3831168831168831,0.013434841021047916,0.07220111931314671
9,6,0.0603448275862069,0.0431472081218274,0.1972093023255814,0.0909090909090909,0.0176470588235294,0.0475113122171945,0.053012046360163656,0.12236030727138794,0.1972093023255814,0.0909090909090909,0.1063002114164905,-0.06934826091122429
9,7,0.2758620689655172,0.1522842639593908,0.1813953488372093,0.3181818181818182,0.3029411764705882,0.0761689291101055,0.2623173318943286,0.12878213897365742,0.3181818181818182,0.3029411764705882,0.015240641711229963,0.13353519292067118
9,8,0.0301724137931034,0.0203045685279187,0.0130232558139534,0.0584415584415584,0.0147058823529411,0.0211161387631975,0.0309061057788804,0.01706969728857545,0.0584415584415584,0.0301724137931034,0.028269144648454998,0.01383640849030495
9,9,0.3663793103448275,0.3375634517766497,0.1283720930232558,0.3246753246753247,0.3529411764705882,0.0452488687782805,0.3453898158168476,0.08681048090076815,0.3663793103448275,0.3529411764705882,0.01343813387423931,0.25857933491607943
9,10,0.5560344827586207,0.416243654822335,0.1320930232558139,0.525974025974026,0.3235294117647059,0.1628959276018099,0.4554453938299219,0.1474944754288119,0.5560344827586207,0.525974025974026,0.03006045678459468,0.30795091840111
9,11,0.0732758620689655,0.0025380710659898,0.2306976744186046,0.0779220779220779,0.0205882352941176,0.1380090497737556,0.043581061587787705,0.18435336209618008,0.2306976744186046,0.1380090497737556,0.09268862464484898,-0.14077230050839237
9,12,0.293103448275862,0.248730964467005,0.0576744186046511,0.2467532467532467,0.1529411764705882,0.0512820512820512,0.23538220899167545,0.05447823494335115,0.293103448275862,0.248730964467005,0.044372483808857,0.1809039740483243
9,13,0.3146551724137931,0.1065989847715736,0.2604651162790697,0.3571428571428571,0.0970588235294117,0.1711915535444947,0.21886395946440884,0.21582833491178222,0.3571428571428571,0.3146551724137931,0.042487684729064,0.0030356245526266257
9,14,0.0560344827586206,0.1015228426395939,0.0316279069767441,0.1103896103896103,0.0705882352941176,0.0098039215686274,0.0846337927704856,0.02071591427268575,0.1103896103896103,0.1015228426395939,0.008866767750016408,0.06391787849779985
9,15,0.0,0.0,0.2781395348837209,0.0194805194805194,0.0235294117647058,0.0256410256410256,0.0107524828113063,0.15189028026237325,0.2781395348837209,0.0256410256410256,0.2524985092426953,-0.14113779745106694
9,16,0.0732758620689655,0.0,0.3423255813953488,0.0909090909090909,0.1588235294117647,0.0731523378582202,0.08075212059745528,0.20773895962678451,0.3423255813953488,0.1588235294117647,0.1835020519835841,-0.12698683902932922
9,17,0.3362068965517241,0.2563451776649746,0.0316279069767441,0.0844155844155844,0.0617647058823529,0.3137254901960784,0.18468309112865902,0.17267669858641127,0.3362068965517241,0.3137254901960784,0.02248140635564566,0.012006392542247751
9,18,0.4741379310344827,0.4416243654822335,0.0381395348837209,0.4675324675324675,0.3235294117647059,0.0444947209653092,0.4267060439534724,0.04131712792451505,0.4741379310344827,0.4675324675324675,0.006605463502015185,0.38538891602895736
9,19,0.3491379310344827,0.4035532994923858,0.1516279069767442,0.435064935064935,0.4852941176470588,0.0648567119155354,0.4182625708097156,0.1082423094461398,0.4852941176470588,0.435064935064935,0.05022918258212383,0.31002026136357574
9,20,0.0818965517241379,0.0253807106598984,0.36,0.0649350649350649,0.0294117647058823,0.0731523378582202,0.05040602300624587,0.21657616892911008,0.36,0.0818965517241379,0.2781034482758621,-0.16617014592286422
9,21,0.0301724137931034,0.0279187817258883,0.3190697674418604,0.0259740259740259,0.0441176470588235,0.1334841628959276,0.03204571713796027,0.226276965168894,0.3190697674418604,0.1334841628959276,0.1855856045459328,-0.19423124803093372
9,22,0.0,0.0050761421319796,0.0381395348837209,0.0,0.0029411764705882,0.0120663650075414,0.00200432965064195,0.02510294994563115,0.0381395348837209,0.0120663650075414,0.026073169876179497,-0.0230986202949892
9,23,0.3103448275862069,0.2512690355329949,0.067906976744186,0.1753246753246753,0.0411764705882352,0.143288084464555,0.19452875225802807,0.1055975306043705,0.3103448275862069,0.2512690355329949,0.059075792053212006,0.08893122165365758
9,24,0.0603448275862069,0.0406091370558375,0.3097674418604651,0.0714285714285714,0.05,0.0505279034690799,0.05559563401765395,0.1801476726647725,0.3097674418604651,0.0714285714285714,0.23833887043189372,-0.12455203864711854
9,25,0.4482758620689655,0.3451776649746192,0.04,0.2532467532467532,0.1029411764705882,0.1153846153846153,0.2874103641902316,0.07769230769230764,0.4482758620689655,0.3451776649746192,0.10309819709434631,0.20971805649792394
9,26,0.0517241379310344,0.0532994923857868,0.0623255813953488,0.0324675324675324,0.0205882352941176,0.0196078431372549,0.0395198495196178,0.04096671226630185,0.0623255813953488,0.0532994923857868,0.009026089009561998,-0.001446862746684048
9,27,0.0043103448275862,0.0025380710659898,0.3906976744186046,0.0454545454545454,0.1617647058823529,0.0693815987933635,0.053516916807618574,0.23003963660598403,0.3906976744186046,0.1617647058823529,0.2289329685362517,-0.17652271979836545
9,28,0.4827586206896552,0.3857868020304568,0.1125581395348837,0.1818181818181818,0.0970588235294117,0.1953242835595776,0.28685560701692636,0.15394121154723064,0.4827586206896552,0.3857868020304568,0.0969718186591984,0.13291439546969572
9,29,0.021551724137931,0.032994923857868,0.0334883720930232,0.0454545454545454,0.0176470588235294,0.0180995475113122,0.029412063068468452,0.025793959802167702,0.0454545454545454,0.0334883720930232,0.011966173361522198,0.00361810326630075
9,30,0.3060344827586206,0.1776649746192893,0.0948837209302325,0.3636363636363636,0.1,0.0588235294117647,0.23683395525356835,0.0768536251709986,0.3636363636363636,0.3060344827586206,0.057601880877742984,0.15998033008256973
9,31,0.1206896551724138,0.0812182741116751,0.0902325581395348,0.1688311688311688,0.0352941176470588,0.0120663650075414,0.10150830394057914,0.0511494615735381,0.1688311688311688,0.1206896551724138,0.048141513658755006,0.05035884236704104
10,0,0.1551724137931034,0.0913705583756345,0.081860465116279,0.0389610389610389,0.0352941176470588,0.0844645550527903,0.0801995321942089,0.08316251008453465,0.1551724137931034,0.0913705583756345,0.0638018554174689,-0.002962977890325749
10,1,0.7370689655172413,0.365482233502538,0.093953488372093,0.7597402597402597,0.3470588235294117,0.3650075414781297,0.5523375705723628,0.22948051492511135,0.7597402597402597,0.7370689655172413,0.02267129422301839,0.3228570556472514
10,2,0.3362068965517241,0.2538071065989847,0.1386046511627907,0.2922077922077922,0.1117647058823529,0.0972850678733031,0.24849662531021346,0.1179448595180469,0.3362068965517241,0.2922077922077922,0.043999104343931894,0.13055176579216657
10,3,0.0043103448275862,0.0,0.3432558139534883,0.0714285714285714,0.1823529411764705,0.0527903469079939,0.06452296435815702,0.1980230804307411,0.3432558139534883,0.1823529411764705,0.1609028727770178,-0.13350011607258408
10,4,0.418103448275862,0.33248730964467,0.0455813953488372,0.2857142857142857,0.2117647058823529,0.0671191553544494,0.3120174373792926,0.0563502753516433,0.418103448275862,0.33248730964467,0.085616138631192,0.2556671620276493
10,5,0.0,0.0025380710659898,0.4958139534883721,0.0389610389610389,0.1441176470588235,0.114630467571644,0.046404189271463045,0.30522221053000803,0.4958139534883721,0.1441176470588235,0.35169630642954863,-0.258818021258545
10,6,0.2672413793103448,0.215736040609137,0.0586046511627907,0.2207792207792207,0.0617647058823529,0.0867269984917043,0.19138033664526388,0.0726658248272475,0.2672413793103448,0.2207792207792207,0.04646215853112412,0.11871451181801639
10,7,0.1034482758620689,0.0406091370558375,0.0325581395348837,0.0974025974025974,0.05,0.0203619909502262,0.07286500258012595,0.02646006524255495,0.1034482758620689,0.0974025974025974,0.006045678459471501,0.04640493733757099
10,8,0.0,0.0,0.1069767441860465,0.0194805194805194,0.0088235294117647,0.0173453996983408,0.007076012223071025,0.06216107194219365,0.1069767441860465,0.0194805194805194,0.08749622470552709,-0.05508505971912262
10,9,0.3879310344827586,0.3680203045685279,0.1469767441860465,0.4090909090909091,0.3823529411764705,0.1206636500754147,0.38684879732966654,0.1338201971307306,0.4090909090909091,0.3879310344827586,0.021159874608150497,0.2530286001989359
10,10,0.1336206896551724,0.0964467005076142,0.0520930232558139,0.1298701298701298,0.0529411764705882,0.0414781297134238,0.10321967412587615,0.046785576484618854,0.1336206896551724,0.1298701298701298,0.003750559785042601,0.0564340976412573
10,11,0.2025862068965517,0.2258883248730964,0.0651162790697674,0.2207792207792207,0.2029411764705882,0.0542986425339366,0.21304873225486426,0.059707460801852,0.2258883248730964,0.2207792207792207,0.005109104093875716,0.15334127145301227
10,12,0.1939655172413793,0.116751269035533,0.0483720930232558,0.0974025974025974,0.0411764705882352,0.0942684766214178,0.11232396356693622,0.0713202848223368,0.1939655172413793,0.116751269035533,0.07721424820584631,0.041003678744599426
10,13,0.1853448275862069,0.0025380710659898,0.0865116279069767,0.1233766233766233,0.0176470588235294,0.1048265460030166,0.08222664521308735,0.09566908695499665,0.1853448275862069,0.1233766233766233,0.0619682042095836,-0.013442441741909297
10,14,0.4525862068965517,0.365482233502538,0.0102325581395348,0.4155844155844156,0.3,0.4268476621417797,0.3834132139958763,0.21854011014065725,0.4525862068965517,0.4268476621417797,0.025738544754771997,0.16487310385521906
10,15,0.1508620689655172,0.1269035532994923,0.0520930232558139,0.1493506493506493,0.1294117647058823,0.0324283559577677,0.13913200908038528,0.0422606896067908,0.1508620689655172,0.1493506493506493,0.0015114196148679204,0.09687131947359448
10,16,0.0387931034482758,0.0253807106598984,0.1451162790697674,0.0259740259740259,0.0147058823529411,0.0090497737556561,0.0262134306087853,0.07708302641271175,0.1451162790697674,0.0387931034482758,0.1063231756214916,-0.05086959580392646
10,17,0.0,0.0025380710659898,0.7609302325581395,0.0584415584415584,0.1970588235294117,0.1063348416289592,0.06450961325923997,0.4336325370935494,0.7609302325581395,0.1970588235294117,0.5638714090287278,-0.3691229238343094
10,18,0.5560344827586207,0.4086294416243655,0.0334883720930232,0.512987012987013,0.3441176470588235,0.248868778280543,0.4554421461072056,0.1411785751867831,0.5560344827586207,0.512987012987013,0.04304746977160767,0.31426357092042256
10,19,0.0344827586206896,0.0253807106598984,0.1888372093023256,0.0129870129870129,0.0264705882352941,0.057315233785822,0.024830267625723747,0.1230762215440738,0.1888372093023256,0.057315233785822,0.13152197551650358,-0.09824595391835006
10,20,0.125,0.1269035532994923,0.1981395348837209,0.1168831168831168,0.0735294117647058,0.1244343891402715,0.11057902048682873,0.16128696201199622,0.1981395348837209,0.1269035532994923,0.07123598158422861,-0.050707941525167485
10,21,0.1724137931034483,0.0913705583756345,0.1023255813953488,0.1623376623376623,0.038235294117647,0.0414781297134238,0.11608932698359802,0.0719018555543863,0.1724137931034483,0.1623376623376623,0.010076130765785979,0.044187471429211714
10,22,0.2629310344827586,0.1852791878172588,0.3116279069767442,0.2207792207792207,0.1647058823529411,0.2058823529411764,0.20842383135804476,0.25875512995896033,0.3116279069767442,0.2629310344827586,0.04869687249398558,-0.050331298600915564
10,23,0.0,0.0076142131979695,0.0753488372093023,0.0129870129870129,0.0058823529411764,0.0180995475113122,0.0066208947815397,0.046724192360307254,0.0753488372093023,0.0180995475113122,0.0572492896979901,-0.04010329757876756
10,24,0.0387931034482758,0.0025380710659898,0.173953488372093,0.0194805194805194,0.0117647058823529,0.0505279034690799,0.018144099969284476,0.11224069592058646,0.173953488372093,0.0505279034690799,0.12342558490301311,-0.09409659595130199
10,25,0.0646551724137931,0.0126903553299492,0.3627906976744186,0.1623376623376623,0.2176470588235294,0.1289592760180995,0.1143325622262335,0.24587498684625908,0.3627906976744186,0.2176470588235294,0.14514363885088924,-0.13154242462002558
10,26,0.3060344827586206,0.2918781725888325,0.0483720930232558,0.2727272727272727,0.1705882352941176,0.0324283559577677,0.26030704084221085,0.04040022449051175,0.3060344827586206,0.2918781725888325,0.014156310169788133,0.2199068163516991
10,27,0.021551724137931,0.0101522842639593,0.213953488372093,0.0454545454545454,0.0147058823529411,0.0444947209653092,0.0229661090523442,0.1292241046687011,0.213953488372093,0.0454545454545454,0.16849894291754758,-0.1062579956163569
10,28,0.1853448275862069,0.1700507614213198,0.1525581395348837,0.2142857142857142,0.088235294117647,0.0082956259426847,0.16447914935272195,0.0804268827387842,0.2142857142857142,0.1853448275862069,0.028940886699507284,0.08405226661393775
10,29,0.6681034482758621,0.6065989847715736,0.0604651162790697,0.564935064935065,0.4029411764705882,0.1591251885369532,0.5606446686132722,0.10979515240801145,0.6681034482758621,0.6065989847715736,0.06150446350428851,0.45084951620526076
10,30,0.0301724137931034,0.0025380710659898,0.1181395348837209,0.0259740259740259,0.0058823529411764,0.0211161387631975,0.016141715943573873,0.0696278368234592,0.1181395348837209,0.0301724137931034,0.08796712109061751,-0.05348612087988533
10,31,0.0,0.0,0.1413953488372093,0.0,0.0147058823529411,0.0226244343891402,0.003676470588235275,0.08200989161317475,0.1413953488372093,0.0226244343891402,0.1187709144480691,-0.07833342102493947
11,0,0.0043103448275862,0.0,0.0706976744186046,0.0,0.0,0.0082956259426847,0.00107758620689655,0.039496650180644646,0.0706976744186046,0.0082956259426847,0.062402048475919895,-0.0384190639737481
11,1,0.1724137931034483,0.1040609137055837,0.0306976744186046,0.1493506493506493,0.1147058823529411,0.0271493212669683,0.1351328096281556,0.02892349784278645,0.1724137931034483,0.1493506493506493,0.023063143752798998,0.10620931178536916
11,2,0.7801724137931034,0.5558375634517766,0.0027906976744186,0.7922077922077922,0.5823529411764706,0.444947209653092,0.6776426776572857,0.22386895366375528,0.7922077922077922,0.7801724137931034,0.012035378414688824,0.45377372399353044
11,3,0.1422413793103448,0.065989847715736,0.0567441860465116,0.1428571428571428,0.1911764705882352,0.0565610859728506,0.1355662101178647,0.0566526360096811,0.1911764705882352,0.1428571428571428,0.048319327731092404,0.07891357410818362
11,4,0.3663793103448275,0.2893401015228426,0.1609302325581395,0.3636363636363636,0.0941176470588235,0.1078431372549019,0.27836835564071427,0.1343866849065207,0.3663793103448275,0.3636363636363636,0.0027429467084639225,0.14398167073419357
11,5,0.4482758620689655,0.248730964467005,0.093953488372093,0.2402597402597402,0.1352941176470588,0.1274509803921568,0.2681401711106924,0.1107022343821249,0.4482758620689655,0.248730964467005,0.19954489760196054,0.15743793672856748
11,6,0.7801724137931034,0.4416243654822335,0.0967441860465116,0.5909090909090909,0.2176470588235294,0.2933634992458522,0.5075882322519893,0.1950538426461819,0.7801724137931034,0.5909090909090909,0.18926332288401249,0.3125343896058075
11,7,0.3448275862068966,0.2182741116751269,0.0613953488372093,0.2207792207792207,0.0705882352941176,0.057315233785822,0.21361728848884043,0.05935529131151565,0.3448275862068966,0.2207792207792207,0.12404836542767589,0.15426199717732478
11,8,0.1551724137931034,0.065989847715736,0.1451162790697674,0.1753246753246753,0.1,0.0686274509803921,0.12412173420837866,0.10687186502507975,0.1753246753246753,0.1551724137931034,0.020152261531571902,0.017249869183298905
11,9,0.0948275862068965,0.0939086294416243,0.0344186046511627,0.0909090909090909,0.0470588235294117,0.0196078431372549,0.08167603252175586,0.0270132238942088,0.0948275862068965,0.0939086294416243,0.0009189567652722053,0.054662808627547056
11,10,0.1508620689655172,0.1040609137055837,0.2530232558139534,0.1623376623376623,0.0352941176470588,0.2541478129713423,0.11313869066395552,0.25358553439264786,0.2541478129713423,0.2530232558139534,0.0011245571573889057,-0.14044684372869234
11,11,0.1206896551724138,0.1091370558375634,0.0353488372093023,0.1168831168831168,0.088235294117647,0.0241327300150829,0.10873628050268525,0.0297407836121926,0.1206896551724138,0.1168831168831168,0.0038065382892970012,0.07899549689049265
11,12,0.0387931034482758,0.0025380710659898,0.3627906976744186,0.0584415584415584,0.0088235294117647,0.0716440422322775,0.027149065591897177,0.21721736995334806,0.3627906976744186,0.0716440422322775,0.29114665544214113,-0.1900683043614509
11,13,0.1594827586206896,0.1903553299492385,0.0846511627906976,0.1948051948051948,0.188235294117647,0.0678733031674208,0.1832196443731925,0.07626223297905921,0.1948051948051948,0.1903553299492385,0.004449864855956276,0.10695741139413328
11,14,0.2370689655172413,0.1065989847715736,0.0827906976744186,0.1038961038961039,0.0323529411764705,0.0987933634992458,0.11997924884034733,0.0907920305868322,0.2370689655172413,0.1065989847715736,0.13046998074566768,0.029187218253515126
11,15,0.7586206896551724,0.5253807106598984,0.0009302325581395,0.7987012987012987,0.5705882352941176,0.3914027149321267,0.6633227335776217,0.1961664737451331,0.7987012987012987,0.7586206896551724,0.040080609046126314,0.46715625983248865
11,16,0.5560344827586207,0.482233502538071,0.0772093023255813,0.538961038961039,0.3794117647058823,0.116892911010558,0.4891601972409032,0.09705110666806965,0.5560344827586207,0.538961038961039,0.01707344379758169,0.39210909057283355
11,17,0.4051724137931034,0.416243654822335,0.0409302325581395,0.3441558441558441,0.1294117647058823,0.0603318250377073,0.3237459193692912,0.0506310287979234,0.416243654822335,0.4051724137931034,0.011071241029231571,0.2731148905713678
11,18,0.5474137931034483,0.4187817258883248,0.013953488372093,0.5064935064935064,0.488235294117647,0.3521870286576169,0.49023107990073167,0.18307025851485495,0.5474137931034483,0.5064935064935064,0.04092028660994185,0.30716082138587675
11,19,0.0862068965517241,0.0507614213197969,0.0390697674418604,0.0454545454545454,0.0205882352941176,0.0482654600301659,0.050752774655046,0.04366761373601315,0.0862068965517241,0.0507614213197969,0.035445475231927204,0.00708516091903285
11,20,0.0,0.0,0.1004651162790697,0.0129870129870129,0.0235294117647058,0.035444947209653,0.009129106187929675,0.06795503174436135,0.1004651162790697,0.035444947209653,0.06502016906941671,-0.05882592555643167
11,21,0.0517241379310344,0.0456852791878172,0.1748837209302325,0.0909090909090909,0.0911764705882352,0.0761689291101055,0.06987374465404442,0.125526325020169,0.1748837209302325,0.0911764705882352,0.08370725034199729,-0.05565258036612458
11,22,0.271551724137931,0.2436548223350254,0.0390697674418604,0.1558441558441558,0.1058823529411764,0.1244343891402715,0.19423326381457215,0.08175207829106595,0.271551724137931,0.2436548223350254,0.027896901802905605,0.1124811855235062
11,23,0.0775862068965517,0.0761421319796954,0.0204651162790697,0.0649350649350649,0.0617647058823529,0.0090497737556561,0.07010702742341622,0.0147574450173629,0.0775862068965517,0.0761421319796954,0.0014440749168563027,0.055349582406053324
11,24,0.4913793103448275,0.4720812182741117,0.0465116279069767,0.3441558441558441,0.2794117647058823,0.0769230769230769,0.3967570343701664,0.0617173524150268,0.4913793103448275,0.4720812182741117,0.01929809207071581,0.3350396819551396
11,25,0.0,0.0025380710659898,0.3376744186046511,0.0,0.0029411764705882,0.0505279034690799,0.0013698118841445,0.19410116103686548,0.3376744186046511,0.0505279034690799,0.2871465151355712,-0.19273134915272097
11,26,0.0991379310344827,0.0913705583756345,0.0344186046511627,0.1103896103896103,0.0617647058823529,0.0226244343891402,0.0906657014205201,0.028521519520151452,0.1103896103896103,0.0991379310344827,0.011251679355127595,0.062144181900368654
11,27,0.0172413793103448,0.0025380710659898,0.5330232558139535,0.1233766233766233,0.2441176470588235,0.11236802413273,0.09681843020294535,0.3226956399733417,0.5330232558139535,0.2441176470588235,0.28890560875513,-0.22587720977039638
11,28,0.0948275862068965,0.0736040609137055,0.0948837209302325,0.1428571428571428,0.0852941176470588,0.0384615384615384,0.0991457269062009,0.06667262969588546,0.1428571428571428,0.0948837209302325,0.04797342192691029,0.03247309721031544
11,29,0.1810344827586207,0.1091370558375634,0.0930232558139534,0.1233766233766233,0.0470588235294117,0.0723981900452488,0.11515174637555478,0.0827107229296011,0.1810344827586207,0.1233766233766233,0.057657859381997384,0.032441023445953676
11,30,0.6810344827586207,0.4263959390862944,0.0781395348837209,0.3181818181818182,0.0764705882352941,0.3770739064856712,0.37552070706550683,0.22760672068469603,0.6810344827586207,0.4263959390862944,0.25463854367232625,0.1479139863808108
11,31,0.1034482758620689,0.0736040609137055,0.1674418604651162,0.0714285714285714,0.0294117647058823,0.1591251885369532,0.06947316822755702,0.1632835245010347,0.1674418604651162,0.1591251885369532,0.008316671928162989,-0.09381035627347768
12,0,0.1508620689655172,0.0609137055837563,0.2930232558139535,0.1818181818181818,0.1352941176470588,0.0656108597285067,0.13222201850362852,0.1793170577712301,0.2930232558139535,0.1818181818181818,0.1112050739957717,-0.047095039267601585
12,1,0.3879310344827586,0.2005076142131979,0.0995348837209302,0.2662337662337662,0.1117647058823529,0.085972850678733,0.2416092802030189,0.0927538671998316,0.3879310344827586,0.2662337662337662,0.12169726824899241,0.14885541300318728
12,2,0.7887931034482759,0.5304568527918782,0.0167441860465116,0.7597402597402597,0.4941176470588235,0.4140271493212669,0.6432769657598093,0.21538566768388925,0.7887931034482759,0.7597402597402597,0.029052843708016196,0.4278912980759201
12,3,0.5431034482758621,0.4289340101522843,0.0762790697674418,0.448051948051948,0.3352941176470588,0.1221719457013574,0.4388458810317883,0.0992255077343996,0.5431034482758621,0.448051948051948,0.09505150022391412,0.3396203732973887
12,4,0.5905172413793104,0.5786802030456852,0.0455813953488372,0.6298701298701299,0.5147058823529411,0.1282051282051282,0.5784433641620166,0.0868932617769827,0.6298701298701299,0.5905172413793104,0.039352888490819526,0.4915501023850339
12,5,0.3448275862068966,0.2436548223350254,0.0409302325581395,0.3636363636363636,0.2558823529411764,0.0339366515837104,0.3020002812798655,0.037433442070924944,0.3636363636363636,0.3448275862068966,0.018808777429467016,0.26456683920894053
12,6,0.3103448275862069,0.2182741116751269,0.1367441860465116,0.3441558441558441,0.2323529411764706,0.0693815987933635,0.27628193114841215,0.10306289241993755,0.3441558441558441,0.3103448275862069,0.0338110165696372,0.1732190387284746
12,7,0.521551724137931,0.2944162436548223,0.0781395348837209,0.3896103896103896,0.2117647058823529,0.2360482654600301,0.35433576582137394,0.1570939001718755,0.521551724137931,0.3896103896103896,0.13194133452754148,0.19724186564949844
12,8,0.0301724137931034,0.0228426395939086,0.1060465116279069,0.0389610389610389,0.0264705882352941,0.0369532428355957,0.029611670145836252,0.0714998772317513,0.1060465116279069,0.0389610389610389,0.06708547266686801,-0.04188820708591505
12,9,0.1939655172413793,0.1294416243654822,0.0381395348837209,0.2077922077922078,0.1058823529411764,0.0218702865761689,0.15927042558506144,0.0300049107299449,0.2077922077922078,0.1939655172413793,0.013826690550828497,0.12926551485511653
12,10,0.2629310344827586,0.1573604060913705,0.2074418604651162,0.1623376623376623,0.2294117647058823,0.1372549019607843,0.20301021690441845,0.17234838121295026,0.2629310344827586,0.2294117647058823,0.03351926977687633,0.030661835691468187
12,11,0.0474137931034482,0.0126903553299492,0.0874418604651162,0.0389610389610389,0.0235294117647058,0.0475113122171945,0.030648649789785522,0.06747658634115536,0.0874418604651162,0.0475113122171945,0.03993054824792171,-0.03682793655136984
12,12,0.1508620689655172,0.1243654822335025,0.0483720930232558,0.1363636363636363,0.1588235294117647,0.0324283559577677,0.14260367924360517,0.04040022449051175,0.1588235294117647,0.1508620689655172,0.007961460446247487,0.10220345475309342
12,13,0.0905172413793103,0.1015228426395939,0.0762790697674418,0.1363636363636363,0.0647058823529411,0.0256410256410256,0.0982774006838704,0.050960047704233694,0.1363636363636363,0.1015228426395939,0.034840793724042404,0.04731735297963671
12,14,0.2284482758620689,0.1751269035532995,0.0827906976744186,0.2142857142857142,0.1,0.1508295625942684,0.17946522342527063,0.1168101301343435,0.2284482758620689,0.2142857142857142,0.014162561576354704,0.06265509329092712
12,15,0.2413793103448276,0.149746192893401,0.0604651162790697,0.2272727272727272,0.1676470588235294,0.1184012066365007,0.19651132233362129,0.0894331614577852,0.2413793103448276,0.2272727272727272,0.014106583072100387,0.10707816087583609
12,16,0.2887931034482758,0.2588832487309644,0.027906976744186,0.2597402597402597,0.1176470588235294,0.030920060331825,0.23126591768575736,0.0294135185380055,0.2887931034482758,0.2597402597402597,0.029052843708016085,0.20185239914775185
12,17,0.0517241379310344,0.0406091370558375,0.0520930232558139,0.0909090909090909,0.1058823529411764,0.0158371040723981,0.0722811797092848,0.033965063664105996,0.1058823529411764,0.0909090909090909,0.014973262032085502,0.0383161160451788
12,18,0.6077586206896551,0.4796954314720812,0.0688372093023255,0.5194805194805194,0.2823529411764706,0.1040723981900452,0.47232187820468163,0.08645480374618535,0.6077586206896551,0.5194805194805194,0.0882781012091357,0.3858670744584963
12,19,0.2543103448275862,0.1421319796954314,0.1293023255813953,0.2207792207792207,0.1,0.1862745098039215,0.17930538632555956,0.1577884176926584,0.2543103448275862,0.2207792207792207,0.0335311240483655,0.021516968632901173
12,20,0.418103448275862,0.383248730964467,0.0893023255813953,0.3311688311688311,0.2764705882352941,0.1101055806938159,0.35224789966111353,0.0997039531376056,0.418103448275862,0.383248730964467,0.034854717311395,0.2525439465235079
12,21,0.1551724137931034,0.1472081218274111,0.0837209302325581,0.2922077922077922,0.2058823529411764,0.0791855203619909,0.20011767019237076,0.0814532252972745,0.2922077922077922,0.2058823529411764,0.08632543926661579,0.11866444489509625
12,22,0.25,0.1116751269035533,0.0827906976744186,0.2077922077922078,0.1176470588235294,0.0686274509803921,0.17177859837982262,0.07570907432740534,0.25,0.2077922077922078,0.042207792207792194,0.09606952405241728
12,23,0.1077586206896551,0.0634517766497461,0.2195348837209302,0.0714285714285714,0.05,0.0542986425339366,0.07315974219199314,0.1369167631274334,0.2195348837209302,0.1077586206896551,0.1117762630312751,-0.06375702093544025
12,24,0.043103448275862,0.0507614213197969,0.5153488372093024,0.2207792207792207,0.138235294117647,0.1018099547511312,0.11321984612313166,0.3085793959802168,0.5153488372093024,0.2207792207792207,0.29456961643008167,-0.19535954985708512
12,25,0.1810344827586207,0.1624365482233502,0.0446511627906976,0.1428571428571428,0.0705882352941176,0.0429864253393665,0.13922910228330782,0.04381879406503205,0.1810344827586207,0.1624365482233502,0.018597934535270477,0.09541030821827576
12,26,0.7370689655172413,0.5152284263959391,0.0046511627906976,0.7597402597402597,0.5411764705882353,0.365761689291101,0.6383035305604189,0.1852064260408993,0.7597402597402597,0.7370689655172413,0.02267129422301839,0.45309710451951957
12,27,0.1422413793103448,0.0710659898477157,0.5934883720930233,0.3246753246753247,0.1352941176470588,0.2812971342383107,0.16831920287011098,0.437392753165667,0.5934883720930233,0.3246753246753247,0.2688130474176986,-0.269073550295556
12,28,0.2801724137931034,0.1421319796954314,0.0195348837209302,0.1623376623376623,0.0235294117647058,0.1289592760180995,0.15204286689772573,0.07424707986951486,0.2801724137931034,0.1623376623376623,0.11783475145544112,0.07779578702821087
12,29,0.0172413793103448,0.0050761421319796,0.5013953488372093,0.0779220779220779,0.1941176470588235,0.0942684766214178,0.07358931160580645,0.29783191272931353,0.5013953488372093,0.1941176470588235,0.30727770177838576,-0.22424260112350708
12,30,0.0517241379310344,0.0177664974619289,0.0548837209302325,0.0324675324675324,0.0352941176470588,0.0248868778280542,0.034313071376888625,0.03988529937914335,0.0548837209302325,0.0517241379310344,0.0031595829991981003,-0.005572228002254723
12,31,0.0086206896551724,0.0,0.4697674418604651,0.0389610389610389,0.1,0.0935143288084464,0.036895432154052825,0.28164088533445575,0.4697674418604651,0.1,0.36976744186046506,-0.24474545318040292
13,0,0.0,0.0050761421319796,0.4613953488372093,0.1103896103896103,0.1558823529411764,0.0814479638009049,0.06783702636569157,0.27142165631905707,0.4613953488372093,0.1558823529411764,0.30551299589603287,-0.20358462995336551
13,1,0.0129310344827586,0.0050761421319796,0.3386046511627907,0.0259740259740259,0.0176470588235294,0.0535444947209653,0.015407065353073374,0.196074572941878,0.3386046511627907,0.0535444947209653,0.2850601564418254,-0.18066750758880462
13,2,0.3232758620689655,0.248730964467005,0.1683720930232558,0.2597402597402597,0.1088235294117647,0.1244343891402715,0.23514265392199873,0.14640324108176364,0.3232758620689655,0.2597402597402597,0.06353560232870581,0.0887394128402351
13,3,0.0818965517241379,0.0482233502538071,0.081860465116279,0.1558441558441558,0.1147058823529411,0.0972850678733031,0.10016748504376047,0.08957276649479104,0.1558441558441558,0.1147058823529411,0.04113827349121471,0.010594718548969428
13,4,0.418103448275862,0.3629441624365482,0.0353488372093023,0.3311688311688311,0.1735294117647058,0.0784313725490196,0.3214364634114868,0.05689010487916095,0.418103448275862,0.3629441624365482,0.05515928583931379,0.26454635853232583
13,5,0.5387931034482759,0.215736040609137,0.1367441860465116,0.5194805194805194,0.1323529411764706,0.1349924585218702,0.3515906511786007,0.13586832228419088,0.5387931034482759,0.5194805194805194,0.01931258396775648,0.21572232889440984
13,6,0.0646551724137931,0.0025380710659898,0.3423255813953488,0.0649350649350649,0.1029411764705882,0.0512820512820512,0.058767371221359,0.1968038163387,0.3423255813953488,0.1029411764705882,0.2393844049247606,-0.138036445117341
13,7,0.2025862068965517,0.1624365482233502,0.041860465116279,0.0649350649350649,0.0294117647058823,0.0972850678733031,0.11484239619021228,0.06957276649479105,0.2025862068965517,0.1624365482233502,0.0401496586732015,0.045269629695421226
13,8,0.0172413793103448,0.0,0.3506976744186046,0.0454545454545454,0.0147058823529411,0.0279034690799396,0.019350451779457822,0.18930057174927212,0.3506976744186046,0.0454545454545454,0.3052431289640592,-0.1699501199698143
13,9,0.2758620689655172,0.248730964467005,0.0288372093023255,0.2012987012987013,0.1588235294117647,0.0610859728506787,0.22117881603574704,0.044961591076502105,0.2758620689655172,0.248730964467005,0.027131104498512193,0.17621722495924494
13,10,0.021551724137931,0.0,0.1451162790697674,0.0194805194805194,0.0147058823529411,0.0188536953242835,0.013934531492847874,0.08198498719702545,0.1451162790697674,0.021551724137931,0.1235645549318364,-0.06805045570417757
13,11,0.5387931034482759,0.4111675126903553,0.0186046511627906,0.5844155844155844,0.3147058823529411,0.229260935143288,0.46227052072678915,0.12393279315303929,0.5844155844155844,0.5387931034482759,0.045622480967308476,0.33833772757374986
13,12,0.1293103448275862,0.1878172588832487,0.2493023255813953,0.2987012987012987,0.4,0.0776772247360482,0.2539572256030334,0.16348977515872176,0.4,0.2987012987012987,0.10129870129870133,0.09046745044431165
13,13,0.0129310344827586,0.0076142131979695,0.1553488372093023,0.0,0.0147058823529411,0.0377073906485671,0.0088127825084173,0.09652811392893469,0.1553488372093023,0.0377073906485671,0.11764144656073519,-0.08771533142051739
13,14,0.0818965517241379,0.0837563451776649,0.1609302325581395,0.0844155844155844,0.0970588235294117,0.0475113122171945,0.08678182621169972,0.104220772387667,0.1609302325581395,0.0970588235294117,0.06387140902872782,-0.01743894617596728
13,15,0.0689655172413793,0.0685279187817258,0.0855813953488372,0.0454545454545454,0.0823529411764705,0.0497737556561085,0.06632523066353026,0.06767757550247284,0.0855813953488372,0.0823529411764705,0.003228454172366696,-0.0013523448389425874
13,16,0.1939655172413793,0.2055837563451776,0.0688372093023255,0.2402597402597402,0.1617647058823529,0.0422322775263951,0.2003934299321625,0.055534743414360294,0.2402597402597402,0.2055837563451776,0.034675983914562614,0.1448586865178022
13,17,0.0043103448275862,0.0050761421319796,0.0390697674418604,0.0129870129870129,0.0117647058823529,0.0113122171945701,0.008534551457232899,0.02519099231821525,0.0390697674418604,0.0129870129870129,0.0260827544548475,-0.016656440860982353
13,18,0.1810344827586207,0.1573604060913705,0.1060465116279069,0.1038961038961039,0.038235294117647,0.0927601809954751,0.12013157171593551,0.09940334631169101,0.1810344827586207,0.1573604060913705,0.023674076667250188,0.020728225404244502
13,19,0.1767241379310344,0.0761421319796954,0.0083720930232558,0.0454545454545454,0.0147058823529411,0.1312217194570135,0.07825667442955409,0.06979690624013465,0.1767241379310344,0.1312217194570135,0.045502418474020895,0.008459768189419431
13,20,0.2629310344827586,0.2385786802030456,0.0483720930232558,0.2662337662337662,0.1264705882352941,0.0761689291101055,0.22355351728871614,0.06227051106668065,0.2662337662337662,0.2629310344827586,0.0033027317510075926,0.1612830062220355
13,21,0.2068965517241379,0.1091370558375634,0.1758139534883721,0.1168831168831168,0.1029411764705882,0.1108597285067873,0.13396447522885158,0.1433368409975797,0.2068965517241379,0.1758139534883721,0.031082598235765813,-0.00937236576872813
13,22,0.3879310344827586,0.3604060913705584,0.0483720930232558,0.3831168831168831,0.2794117647058823,0.0542986425339366,0.3527164434190206,0.051335367778596194,0.3879310344827586,0.3831168831168831,0.004814151365875541,0.3013810756404244
13,23,0.8232758620689655,0.7030456852791879,0.0120930232558139,0.7662337662337663,0.5852941176470589,0.5256410256410257,0.7194623578072447,0.26886702444841976,0.8232758620689655,0.7662337662337663,0.05704209583519926,0.4505953333588249
13,24,0.3836206896551724,0.2639593908629442,0.0660465116279069,0.3961038961038961,0.2705882352941176,0.284313725490196,0.3285680529790326,0.17518011855905147,0.3961038961038961,0.3836206896551724,0.01248320644872375,0.1533879344199811
13,25,0.0689655172413793,0.0609137055837563,0.0520930232558139,0.0584415584415584,0.0911764705882352,0.0822021116138763,0.0698743129637323,0.0671475674348451,0.0911764705882352,0.0822021116138763,0.0089743589743589,0.0027267455288872006
13,26,0.1810344827586207,0.1319796954314721,0.361860465116279,0.0714285714285714,0.0264705882352941,0.3544494720965309,0.10272833446348957,0.35815496860640494,0.361860465116279,0.3544494720965309,0.007410993019748124,-0.2554266341429154
13,27,0.0301724137931034,0.015228426395939,0.1665116279069767,0.0649350649350649,0.0588235294117647,0.0912518853695324,0.042289858633968,0.12888175663825455,0.1665116279069767,0.0912518853695324,0.07525974253744432,-0.08659189800428654
13,28,0.3577586206896552,0.1878172588832487,0.2027906976744186,0.3051948051948052,0.2323529411764706,0.1138763197586727,0.2707809064860449,0.15833350871654564,0.3577586206896552,0.3051948051948052,0.05256381549485001,0.11244739776949927
13,29,0.0086206896551724,0.0,0.4186046511627907,0.0519480519480519,0.1205882352941176,0.0490196078431372,0.04528924422433547,0.23381212950296396,0.4186046511627907,0.1205882352941176,0.2980164158686731,-0.18852288527862848
13,30,0.2241379310344827,0.1649746192893401,0.0511627906976744,0.2337662337662337,0.0852941176470588,0.0482654600301659,0.1770432254342788,0.04971412536392015,0.2337662337662337,0.2241379310344827,0.009628302731750998,0.12732910007035866
13,31,0.3663793103448275,0.2411167512690355,0.1041860465116279,0.3636363636363636,0.1647058823529411,0.0701357466063348,0.28395957690079193,0.08716089655898135,0.3663793103448275,0.3636363636363636,0.0027429467084639225,0.19679868034181058
14,0,0.6767241379310345,0.33248730964467,0.0948837209302325,0.6233766233766234,0.3970588235294117,0.2601809954751131,0.507411723620435,0.1775323582026728,0.6767241379310345,0.6233766233766234,0.05334751455441111,0.3298793654177622
14,1,0.4568965517241379,0.4390862944162436,0.0102325581395348,0.3441558441558441,0.3617647058823529,0.3981900452488687,0.4004758490446446,0.20421130169420174,0.4568965517241379,0.4390862944162436,0.017810257307894317,0.19626454735044288
14,2,0.3793103448275862,0.2360406091370558,0.4753488372093023,0.3116883116883117,0.0823529411764705,0.1832579185520362,0.252348051707356,0.32930337788066927,0.4753488372093023,0.3793103448275862,0.09603849238171613,-0.07695532617331324
14,3,0.4267241379310345,0.2715736040609137,0.1041860465116279,0.3246753246753247,0.0941176470588235,0.1304675716440422,0.2792726784315241,0.11732680907783505,0.4267241379310345,0.3246753246753247,0.1020488132557098,0.16194586935368904
14,4,0.2112068965517241,0.1522842639593908,0.0697674418604651,0.1233766233766233,0.0970588235294117,0.0603318250377073,0.14598165185428746,0.06504963344908621,0.2112068965517241,0.1522842639593908,0.058922632592333296,0.08093201840520126
14,5,0.375,0.248730964467005,0.0716279069767441,0.2532467532467532,0.1794117647058823,0.1576168929110105,0.2640973706049102,0.1146223999438773,0.375,0.2532467532467532,0.12175324675324678,0.14947497066103288
14,6,0.1163793103448275,0.1421319796954314,0.0437209302325581,0.1558441558441558,0.1205882352941176,0.0452488687782805,0.13373592029463308,0.0444848995054193,0.1558441558441558,0.1421319796954314,0.013712176148724414,0.08925102078921378
14,7,0.4741379310344827,0.4086294416243655,0.0102325581395348,0.3506493506493506,0.3735294117647059,0.3604826546003016,0.40173653376822616,0.1853576063699182,0.4741379310344827,0.4086294416243655,0.06550848941011722,0.21637892739830797
14,8,0.0086206896551724,0.0,0.0883720930232558,0.0129870129870129,0.0,0.0165912518853695,0.005401925660546324,0.05248167245431265,0.0883720930232558,0.0165912518853695,0.0717808411378863,-0.04707974679376632
14,9,0.6551724137931034,0.5380710659898477,0.1404651162790697,0.487012987012987,0.2794117647058823,0.282051282051282,0.48991705787545503,0.21125819916517585,0.6551724137931034,0.5380710659898477,0.11710134780325576,0.2786588587102792
14,10,0.7155172413793104,0.6522842639593909,0.1897674418604651,0.6233766233766234,0.538235294117647,0.1923076923076923,0.6323533557082429,0.1910375670840787,0.7155172413793104,0.6522842639593909,0.06323297741991951,0.4413157886241642
14,11,0.4439655172413793,0.3248730964467005,0.0651162790697674,0.3961038961038961,0.2588235294117647,0.1334841628959276,0.35594150980093514,0.09930022098284749,0.4439655172413793,0.3961038961038961,0.04786162113748316,0.2566412888180877
14,12,0.2241379310344827,0.1624365482233502,0.0502325581395348,0.2532467532467532,0.2176470588235294,0.0377073906485671,0.2143670728320289,0.043969974394050954,0.2532467532467532,0.2241379310344827,0.029108822212270513,0.17039709843797796
14,13,0.7413793103448276,0.5913705583756346,0.0548837209302325,0.7207792207792207,0.5,0.1749622926093514,0.6383822723749207,0.11492300676979195,0.7413793103448276,0.7207792207792207,0.020600089565606883,0.5234592656051288
14,14,0.0,0.0,0.5181395348837209,0.0389610389610389,0.0823529411764705,0.0723981900452488,0.030328495034377352,0.29526886246448486,0.5181395348837209,0.0823529411764705,0.43578659370725037,-0.2649403674301075
14,15,0.7370689655172413,0.4720812182741117,0.0744186046511627,0.6103896103896104,0.4117647058823529,0.2413273001508295,0.5578261250158291,0.1578729524009961,0.7370689655172413,0.6103896103896104,0.12667935512763095,0.399953172614833
14,16,0.1206896551724138,0.0710659898477157,0.0753488372093023,0.1168831168831168,0.0411764705882352,0.033182503770739,0.08745380812287037,0.05426567049002065,0.1206896551724138,0.1168831168831168,0.0038065382892970012,0.033188137632849724
14,17,0.3017241379310345,0.1928934010152284,0.0604651162790697,0.2597402597402597,0.1294117647058823,0.1131221719457013,0.22094239084810124,0.08679364411238549,0.3017241379310345,0.2597402597402597,0.04198387819077476,0.13414874673571575
14,18,0.6120689655172413,0.5152284263959391,0.0306976744186046,0.5194805194805194,0.5117647058823529,0.2119155354449472,0.5396356543190133,0.1213066049317759,0.6120689655172413,0.5194805194805194,0.0925884460367219,0.41832904938723736
14,19,0.4137931034482758,0.3020304568527919,0.04,0.3246753246753247,0.2,0.083710407239819,0.31012472124409807,0.061855203619909496,0.4137931034482758,0.3246753246753247,0.08911777877295113,0.24826951762418858
14,20,0.8491379310344828,0.7385786802030457,0.1395348837209302,0.8181818181818182,0.6911764705882353,0.2971342383107089,0.7742687250018956,0.21833456101581955,0.8491379310344828,0.8181818181818182,0.03095611285266453,0.555934163986076
14,21,0.0948275862068965,0.0837563451776649,0.1488372093023255,0.1298701298701298,0.1,0.0701357466063348,0.1021135153136728,0.10948647795433014,0.1488372093023255,0.1298701298701298,0.018967079432195694,-0.007372962640657343
14,22,0.0,0.0076142131979695,0.5627906976744186,0.0779220779220779,0.2205882352941176,0.1259426847662141,0.07653113160354125,0.3443666912203163,0.5627906976744186,0.2205882352941176,0.34220246238030094,-0.2678355596167751
14,23,0.5646551724137931,0.3223350253807107,0.2306976744186046,0.5324675324675324,0.3176470588235294,0.2149321266968326,0.4342761972713914,0.22281490055771858,0.5646551724137931,0.5324675324675324,0.03218763994626073,0.2114612967136728
14,24,0.4482758620689655,0.2233502538071066,0.093953488372093,0.2532467532467532,0.1088235294117647,0.1802413273001508,0.25842409963364754,0.1370974078361219,0.4482758620689655,0.2532467532467532,0.1950291088222123,0.12132669179752564
14,25,0.1120689655172413,0.0964467005076142,0.107906976744186,0.0844155844155844,0.0470588235294117,0.1070889894419306,0.0849975184924629,0.1074979830930583,0.1120689655172413,0.107906976744186,0.004161988773055292,-0.022500464600595405
14,26,0.5517241379310345,0.5,0.0688372093023255,0.487012987012987,0.3794117647058823,0.0927601809954751,0.479537222412476,0.0807986951489003,0.5517241379310345,0.5,0.051724137931034475,0.39873852726357567
14,27,0.0905172413793103,0.0888324873096446,0.0576744186046511,0.1428571428571428,0.0529411764705882,0.0558069381598793,0.09378701200417149,0.056740678382265194,0.1428571428571428,0.0905172413793103,0.05233990147783249,0.03704633362190629
14,28,0.125,0.1116751269035533,0.0865116279069767,0.1103896103896103,0.1411764705882353,0.0392156862745098,0.12206030197034973,0.06286365709074325,0.1411764705882353,0.125,0.016176470588235292,0.05919664487960648
14,29,0.3879310344827586,0.2817258883248731,0.081860465116279,0.3441558441558441,0.2323529411764706,0.088235294117647,0.3115414270349866,0.085047879616963,0.3879310344827586,0.3441558441558441,0.043775190326914515,0.2264935474180236
14,30,0.0818965517241379,0.0888324873096446,0.2223255813953488,0.1558441558441558,0.2294117647058823,0.0874811463046757,0.13899623989595516,0.15490336385001224,0.2294117647058823,0.2223255813953488,0.007086183310533484,-0.01590712395405708
14,31,0.3017241379310345,0.2081218274111675,0.067906976744186,0.3181818181818182,0.2235294117647059,0.1101055806938159,0.26288929882218154,0.08900627871900095,0.3181818181818182,0.3017241379310345,0.0164576802507837,0.17388302010318057
15,0,0.2068965517241379,0.1040609137055837,0.0762790697674418,0.2012987012987013,0.1264705882352941,0.0505279034690799,0.15968168874092925,0.06340348661826084,0.2068965517241379,0.2012987012987013,0.00559785042543659,0.09627820212266841
15,1,0.1034482758620689,0.0710659898477157,0.0967441860465116,0.1168831168831168,0.0705882352941176,0.1500754147812971,0.09049640447175475,0.12340980041390434,0.1500754147812971,0.1168831168831168,0.033192297898180304,-0.03291339594214959
15,2,0.3232758620689655,0.2385786802030456,0.0641860465116279,0.2207792207792207,0.1529411764705882,0.1365007541478129,0.233893734880455,0.1003434003297204,0.3232758620689655,0.2385786802030456,0.08469718186591993,0.13355033455073462
15,3,0.2370689655172413,0.0736040609137055,0.3906976744186046,0.2662337662337662,0.1647058823529411,0.1259426847662141,0.18540316875441354,0.2583201795924093,0.3906976744186046,0.2662337662337662,0.12446390818483838,-0.07291701083799579
15,4,0.1594827586206896,0.1294416243654822,0.0632558139534883,0.1623376623376623,0.1764705882352941,0.0339366515837104,0.15693315838978206,0.04859623276859935,0.1764705882352941,0.1623376623376623,0.014132925897631793,0.10833692562118272
15,5,0.4396551724137931,0.3705583756345177,0.0381395348837209,0.2922077922077922,0.2764705882352941,0.2262443438914027,0.34472298212284924,0.1321919393875618,0.4396551724137931,0.3705583756345177,0.06909679677927538,0.21253104273528745
15,6,0.0,0.0025380710659898,0.0288372093023255,0.0,0.0,0.0052790346907993,0.00063451776649745,0.0170581219965624,0.0288372093023255,0.0052790346907993,0.0235581746115262,-0.01642360423006495
15,7,0.0172413793103448,0.015228426395939,0.3534883720930232,0.1103896103896103,0.2088235294117647,0.0784313725490196,0.0879207363769147,0.2159598723210214,0.3534883720930232,0.2088235294117647,0.14466484268125848,-0.1280391359441067
15,8,0.1034482758620689,0.0736040609137055,0.12,0.1818181818181818,0.0970588235294117,0.0746606334841629,0.11398233553084197,0.09733031674208145,0.1818181818181818,0.12,0.0618181818181818,0.01665201878876052
15,9,0.1077586206896551,0.116751269035533,0.3367441860465116,0.1753246753246753,0.2147058823529411,0.114630467571644,0.1536351118507011,0.22568732680907777,0.3367441860465116,0.2147058823529411,0.12203830369357047,-0.07205221495837666
15,10,0.5129310344827587,0.398477157360406,0.1181395348837209,0.512987012987013,0.4323529411764706,0.1598793363499245,0.4641870365016621,0.1390094356168227,0.512987012987013,0.5129310344827587,5.597850425431705e-05,0.3251776008848394
15,11,0.0344827586206896,0.0,0.3590697674418605,0.1168831168831168,0.2,0.1153846153846153,0.0878414688759516,0.2372271914132379,0.3590697674418605,0.2,0.15906976744186047,-0.1493857225372863
15,12,0.0387931034482758,0.0279187817258883,0.0316279069767441,0.0194805194805194,0.0058823529411764,0.0271493212669683,0.023018689398964974,0.0293886141218562,0.0387931034482758,0.0316279069767441,0.007165196471531701,-0.006369924722891225
15,13,0.2801724137931034,0.2208121827411167,0.3320930232558139,0.2142857142857142,0.138235294117647,0.1915535444947209,0.21337640123439533,0.26182328387526743,0.3320930232558139,0.2801724137931034,0.05192060946271049,-0.0484468826408721
15,14,0.8146551724137931,0.616751269035533,0.0195348837209302,0.8051948051948052,0.6529411764705882,0.4411764705882353,0.7223856057786798,0.23035567715458274,0.8146551724137931,0.8051948051948052,0.009460367218987908,0.4920299286240971
15,15,0.3793103448275862,0.3375634517766497,0.0781395348837209,0.3181818181818182,0.188235294117647,0.1003016591251885,0.3058227272259253,0.0892205970044547,0.3793103448275862,0.3375634517766497,0.041746893050936484,0.2166021302214706
15,16,0.0,0.0025380710659898,0.293953488372093,0.0844155844155844,0.2088235294117647,0.1116138763197586,0.07394429622333473,0.2027836823459258,0.293953488372093,0.2088235294117647,0.0851299589603283,-0.12883938612259108
15,17,0.0301724137931034,0.0203045685279187,0.0520930232558139,0.0194805194805194,0.0264705882352941,0.0165912518853695,0.024107022509208903,0.0343421375705917,0.0520930232558139,0.0301724137931034,0.0219206094627105,-0.010235115061382798
15,18,0.2413793103448276,0.2258883248730964,0.0762790697674418,0.3636363636363636,0.2764705882352941,0.0625942684766214,0.2768436467723954,0.0694366691220316,0.3636363636363636,0.2764705882352941,0.08716577540106951,0.2074069776503638
15,19,0.3793103448275862,0.3020304568527919,0.0632558139534883,0.3961038961038961,0.2294117647058823,0.1734539969834087,0.3267141156225391,0.11835490546844848,0.3961038961038961,0.3793103448275862,0.016793551276309937,0.20835921015409062
15,20,0.1206896551724138,0.0761421319796954,0.2074418604651162,0.0519480519480519,0.0735294117647058,0.0271493212669683,0.08057731271621672,0.11729559086604224,0.2074418604651162,0.1206896551724138,0.0867522052927024,-0.03671827814982552
15,21,0.2327586206896551,0.065989847715736,0.4744186046511628,0.3311688311688311,0.2647058823529412,0.2202111613876319,0.22365579548179082,0.34731488301939734,0.4744186046511628,0.3311688311688311,0.1432497734823317,-0.12365908753760652
15,22,0.4568965517241379,0.3451776649746192,0.1776744186046511,0.5064935064935064,0.3323529411764706,0.1772247360482654,0.4102301660921835,0.17744957732645827,0.5064935064935064,0.4568965517241379,0.04959695476936854,0.23278058876572522
15,23,0.2887931034482758,0.2005076142131979,0.1032558139534883,0.2142857142857142,0.088235294117647,0.0776772247360482,0.1979554315162087,0.09046651934476825,0.2887931034482758,0.2142857142857142,0.07450738916256161,0.10748891217144045
15,24,0.0560344827586206,0.0406091370558375,0.1962790697674418,0.0714285714285714,0.0588235294117647,0.0520361990950226,0.05672393016369855,0.1241576344312322,0.1962790697674418,0.0714285714285714,0.12485049833887041,-0.06743370426753366
15,25,0.7586206896551724,0.5177664974619289,0.0213953488372093,0.8051948051948052,0.5647058823529412,0.4245852187028657,0.6615719686662118,0.2229902837700375,0.8051948051948052,0.7586206896551724,0.046574115539632865,0.43858168489617433
15,26,0.6077586206896551,0.2690355329949238,0.0697674418604651,0.5909090909090909,0.2794117647058823,0.3099547511312217,0.43677875232488805,0.18986109649584337,0.6077586206896551,0.5909090909090909,0.0168495297805642,0.24691765582904468
15,27,0.2672413793103448,0.2411167512690355,0.0706976744186046,0.3116883116883117,0.15,0.1455505279034691,0.242511610566923,0.10812410116103685,0.3116883116883117,0.2672413793103448,0.044446932377966875,0.13438750940588615
15,28,0.0,0.0025380710659898,0.5674418604651162,0.0714285714285714,0.138235294117647,0.0806938159879336,0.05305048415305205,0.3240678382265249,0.5674418604651162,0.138235294117647,0.42920656634746923,-0.2710173540734728
15,29,0.125,0.1269035532994923,0.1041860465116279,0.1233766233766233,0.1029411764705882,0.1425339366515837,0.11955533828667596,0.1233599915816058,0.1425339366515837,0.1269035532994923,0.01563038335209141,-0.0038046532949298356
15,30,0.1810344827586207,0.215736040609137,0.0344186046511627,0.1363636363636363,0.1588235294117647,0.0527903469079939,0.17298942228578967,0.043604475779578294,0.215736040609137,0.1810344827586207,0.03470155785051632,0.12938494650621138
15,31,0.4655172413793103,0.4213197969543147,0.0576744186046511,0.2922077922077922,0.1852941176470588,0.3378582202111614,0.341084737047119,0.19776631940790626,0.4655172413793103,0.4213197969543147,0.04419744442499557,0.14331841763921274
16,0,0.3362068965517241,0.3223350253807107,0.1423255813953488,0.3116883116883117,0.3264705882352941,0.1274509803921568,0.32417520546401013,0.1348882808937528,0.3362068965517241,0.3264705882352941,0.009736308316429965,0.18928692457025734
16,1,0.5646551724137931,0.4619289340101523,0.0074418604651162,0.6103896103896104,0.4558823529411764,0.3808446455505279,0.523214017438683,0.19414325300782204,0.6103896103896104,0.5646551724137931,0.04573443797581722,0.329070764430861
16,2,0.7974137931034483,0.7690355329949239,0.1934883720930232,0.7857142857142857,0.7,0.2549019607843137,0.7630409029531644,0.22419516643866844,0.7974137931034483,0.7857142857142857,0.011699507389162589,0.538845736514496
16,3,0.3146551724137931,0.3121827411167512,0.3032558139534884,0.3506493506493506,0.2147058823529411,0.1749622926093514,0.298048286633209,0.2391090532814199,0.3506493506493506,0.3146551724137931,0.035994178235557506,0.05893923335178908
16,4,0.2327586206896551,0.1675126903553299,0.0632558139534883,0.3311688311688311,0.2147058823529411,0.0414781297134238,0.2365365061416893,0.05236697183345605,0.3311688311688311,0.2327586206896551,0.098410210479176,0.18416953430823324
16,5,0.2887931034482758,0.2614213197969543,0.0465116279069767,0.3311688311688311,0.3,0.1402714932126696,0.2953458136035153,0.09339156055982314,0.3311688311688311,0.3,0.031168831168831124,0.20195425304369216
16,6,0.2629310344827586,0.2715736040609137,0.0483720930232558,0.2142857142857142,0.2264705882352941,0.0633484162895927,0.24381523526617013,0.055860254656424246,0.2715736040609137,0.2629310344827586,0.008642569578155068,0.1879549806097459
16,7,0.0474137931034482,0.0558375634517766,0.6883720930232559,0.1233766233766233,0.1235294117647058,0.1380090497737556,0.08753934792413848,0.41319057139850573,0.6883720930232559,0.1380090497737556,0.5503630432495003,-0.32565122347436726
16,8,0.0043103448275862,0.0076142131979695,0.347906976744186,0.0714285714285714,0.0735294117647058,0.0889894419306184,0.03922063530470822,0.21844820933740222,0.347906976744186,0.0889894419306184,0.2589175348135676,-0.17922757403269401
16,9,0.0862068965517241,0.1421319796954314,0.08,0.1948051948051948,0.188235294117647,0.0452488687782805,0.1528448412924993,0.06262443438914025,0.1948051948051948,0.188235294117647,0.006569900687547786,0.09022040690335906
16,10,0.1206896551724138,0.1852791878172588,0.1934883720930232,0.1363636363636363,0.2941176470588235,0.0912518853695324,0.1841125316030331,0.1423701287312778,0.2941176470588235,0.1934883720930232,0.10062927496580029,0.04174240287175529
16,11,0.0129310344827586,0.0253807106598984,0.4409302325581395,0.0584415584415584,0.1676470588235294,0.0731523378582202,0.0661000906019362,0.25704128520817987,0.4409302325581395,0.1676470588235294,0.2732831737346101,-0.19094119460624367
16,12,0.0043103448275862,0.0126903553299492,0.2604651162790697,0.0129870129870129,0.0529411764705882,0.0324283559577677,0.020732222403784126,0.1464467361184187,0.2604651162790697,0.0529411764705882,0.2075239398084815,-0.1257145137146346
16,13,0.2370689655172413,0.2258883248730964,0.0688372093023255,0.2792207792207792,0.2588235294117647,0.1131221719457013,0.2502503997557204,0.0909796906240134,0.2792207792207792,0.2588235294117647,0.020397249809014528,0.159270709131707
16,14,0.6422413793103449,0.3908629441624365,0.0362790697674418,0.6233766233766234,0.4176470588235294,0.2594268476621418,0.5185320014182335,0.14785295871479182,0.6422413793103449,0.6233766233766234,0.0188647559337215,0.3706790427034417
16,15,0.1293103448275862,0.1040609137055837,0.427906976744186,0.1623376623376623,0.1058823529411764,0.1644042232277526,0.12539781845300216,0.2961555999859693,0.427906976744186,0.1644042232277526,0.2635027535164334,-0.17075778153296714
16,16,0.0474137931034482,0.1802030456852792,0.5451162790697675,0.0909090909090909,0.2588235294117647,0.2420814479638009,0.14433736477739573,0.3935988635167842,0.5451162790697675,0.2588235294117647,0.2862927496580028,-0.24926149873938847
16,17,0.3534482758620689,0.2969543147208122,0.0204651162790697,0.4025974025974026,0.3676470588235294,0.1606334841628959,0.35516176300095326,0.0905493002209828,0.4025974025974026,0.3676470588235294,0.03495034377387324,0.26461246277997047
16,18,0.1853448275862069,0.1294416243654822,0.0753488372093023,0.2857142857142857,0.188235294117647,0.1138763197586727,0.19718400794590546,0.09461257848398749,0.2857142857142857,0.188235294117647,0.0974789915966387,0.10257142946191797
16,19,0.7672413793103449,0.5329949238578681,0.0009302325581395,0.7922077922077922,0.5852941176470589,0.4253393665158371,0.6694345532557661,0.2131347995369883,0.7922077922077922,0.7672413793103449,0.024966412897447388,0.45629975371877773
16,20,0.2198275862068965,0.2614213197969543,0.1237209302325581,0.3506493506493506,0.3294117647058823,0.0776772247360482,0.2903275053397709,0.10069907748430315,0.3506493506493506,0.3294117647058823,0.021237585943468307,0.18962842785546777
16,21,0.3405172413793103,0.2106598984771573,0.2753488372093023,0.4090909090909091,0.3911764705882353,0.1070889894419306,0.337861129883903,0.19121891332561647,0.4090909090909091,0.3911764705882353,0.017914438502673824,0.14664221655828652
16,22,0.5862068965517241,0.3781725888324873,0.0306976744186046,0.577922077922078,0.3294117647058823,0.2601809954751131,0.4679283320030429,0.14543933494685884,0.5862068965517241,0.577922077922078,0.00828481862964614,0.32248899705618406
16,23,0.0043103448275862,0.0,0.2781395348837209,0.0129870129870129,0.0117647058823529,0.0377073906485671,0.007265515924238,0.157923462766144,0.2781395348837209,0.0377073906485671,0.2404321442351538,-0.150657946841906
16,24,0.7112068965517241,0.467005076142132,0.1283720930232558,0.6103896103896104,0.4970588235294118,0.3401206636500754,0.5714151016532195,0.23424637833666562,0.7112068965517241,0.6103896103896104,0.10081728616211372,0.3371687233165539
16,25,0.2887931034482758,0.2639593908629442,0.1023255813953488,0.2792207792207792,0.288235294117647,0.0867269984917043,0.2800521419124115,0.09452628994352655,0.2887931034482758,0.288235294117647,0.0005578093306288223,0.18552585196888496
16,26,0.0344827586206896,0.0710659898477157,0.0446511627906976,0.0519480519480519,0.0764705882352941,0.0475113122171945,0.05849184716293782,0.04608123750394605,0.0764705882352941,0.0710659898477157,0.0054045983875783965,0.012410609658991774
16,27,0.5172413793103449,0.4289340101522843,0.0762790697674418,0.512987012987013,0.4588235294117647,0.1402714932126696,0.4794964829653517,0.10827528149005569,0.5172413793103449,0.512987012987013,0.004254366323331871,0.371221201475296
16,28,0.2543103448275862,0.1878172588832487,0.0511627906976744,0.2467532467532467,0.1970588235294117,0.0497737556561085,0.22148491849837335,0.05046827317689145,0.2543103448275862,0.2467532467532467,0.007557098074339491,0.1710166453214819
16,29,0.5,0.4517766497461929,0.0595348837209302,0.538961038961039,0.5294117647058824,0.3122171945701357,0.5050373633532785,0.18587603914553294,0.538961038961039,0.5294117647058824,0.009549274255156615,0.31916132420774557
16,30,0.3103448275862069,0.2512690355329949,0.0251162790697674,0.1558441558441558,0.0852941176470588,0.5015082956259427,0.2006880341526041,0.26331228734785506,0.5015082956259427,0.3103448275862069,0.19116346803973577,-0.06262425319525095
16,31,0.7801724137931034,0.5761421319796954,0.2102325581395349,0.8116883116883117,0.5911764705882353,0.3831070889894419,0.6897948320123365,0.2966698235644884,0.8116883116883117,0.7801724137931034,0.031515897895208256,0.3931250084478481
17,0,0.7887931034482759,0.6928934010152284,0.0083720930232558,0.7922077922077922,0.7441176470588236,0.3378582202111614,0.7545029859325301,0.1731151566172086,0.7922077922077922,0.7887931034482759,0.0034146887595163378,0.5813878293153214
17,1,0.4655172413793103,0.3451776649746192,0.0632558139534883,0.487012987012987,0.3205882352941177,0.1764705882352941,0.4045740321652585,0.11986320109439119,0.487012987012987,0.4655172413793103,0.021495745633676733,0.2847108310708673
17,2,0.5603448275862069,0.4898477157360406,0.0186046511627906,0.4025974025974026,0.3735294117647059,0.4245852187028657,0.456579839421089,0.22159493493282814,0.5603448275862069,0.4898477157360406,0.07049711185016627,0.23498490448826084
17,3,0.5043103448275862,0.3756345177664975,0.1888372093023256,0.487012987012987,0.4647058823529412,0.3099547511312217,0.457915932990003,0.24939598021677362,0.5043103448275862,0.487012987012987,0.01729735781459918,0.20851995277322938
17,4,0.3275862068965517,0.3350253807106599,0.0176744186046511,0.1558441558441558,0.2176470588235294,0.222473604826546,0.2590257005687242,0.12007401171559855,0.3350253807106599,0.3275862068965517,0.007439173814108191,0.13895168885312564
17,5,0.6379310344827587,0.3807106598984771,0.2195348837209302,0.5714285714285714,0.3941176470588235,0.3378582202111614,0.49604697821715765,0.2786965519660458,0.6379310344827587,0.5714285714285714,0.06650246305418728,0.21735042625111184
17,6,0.3275862068965517,0.2106598984771573,0.1097674418604651,0.3116883116883117,0.2529411764705882,0.1561085972850678,0.2757188983831522,0.13293801957276644,0.3275862068965517,0.3116883116883117,0.01589789520824003,0.1427808788103858
17,7,0.5258620689655172,0.2309644670050761,0.4437209302325581,0.5194805194805194,0.2470588235294117,0.2398190045248869,0.3808414697451311,0.3417699673787225,0.5258620689655172,0.5194805194805194,0.006381549484997806,0.039071502366408606
17,8,0.3620689655172414,0.2436548223350254,0.1088372093023255,0.4675324675324675,0.2676470588235294,0.222473604826546,0.3352258285520659,0.16565540706443574,0.4675324675324675,0.3620689655172414,0.10546350201522614,0.16957042148763016
17,9,0.3491379310344827,0.3680203045685279,0.1460465116279069,0.4090909090909091,0.4235294117647059,0.090497737556561,0.38744463911465643,0.11827212459223396,0.4235294117647059,0.4090909090909091,0.01443850267379676,0.26917251452242247
17,10,0.3017241379310345,0.398477157360406,0.1981395348837209,0.4675324675324675,0.4852941176470588,0.1493212669683258,0.4132569701177417,0.17373040092602335,0.4852941176470588,0.4675324675324675,0.0177616501145913,0.23952656919171836
17,11,0.6293103448275862,0.3883248730964467,0.1693023255813953,0.6298701298701299,0.4411764705882353,0.2375565610859728,0.5221704545955995,0.20342944333368407,0.6298701298701299,0.6293103448275862,0.0005597850425437256,0.31874101126191545
17,12,0.2629310344827586,0.116751269035533,0.0344186046511627,0.422077922077922,0.2264705882352941,0.0301659125188536,0.25705770345787693,0.03229225858500815,0.422077922077922,0.2629310344827586,0.15914688759516338,0.22476544487286879
17,13,0.6293103448275862,0.6243654822335025,0.0502325581395348,0.6558441558441559,0.6558823529411765,0.530920060331825,0.6413505839616053,0.2905763092356799,0.6558823529411765,0.6558441558441559,3.819709702057583e-05,0.3507742747259254
17,14,0.7456896551724138,0.5583756345177665,0.1860465116279069,0.7987012987012987,0.5705882352941176,0.2443438914027149,0.6683387059213992,0.2151952015153109,0.7987012987012987,0.7456896551724138,0.05301164352888488,0.4531435044060883
17,15,0.0387931034482758,0.0939086294416243,0.2288372093023256,0.2012987012987013,0.2941176470588235,0.1063348416289592,0.15702952031185624,0.16758602546564239,0.2941176470588235,0.2288372093023256,0.06528043775649789,-0.010556505153786144
17,16,0.6379310344827587,0.6116751269035533,0.0167441860465116,0.487012987012987,0.4235294117647059,0.4381598793363499,0.5400371400410011,0.22745203269143077,0.6379310344827587,0.6116751269035533,0.026255907579205373,0.31258510734957035
17,17,0.0172413793103448,0.0532994923857868,0.2213953488372093,0.0519480519480519,0.138235294117647,0.083710407239819,0.06518105444045763,0.15255287803851414,0.2213953488372093,0.138235294117647,0.08316005471956228,-0.08737182359805651
17,18,0.6594827586206896,0.4568527918781725,0.0520930232558139,0.5714285714285714,0.4852941176470588,0.385369532428356,0.5432645598936231,0.21873127784208493,0.6594827586206896,0.5714285714285714,0.08805418719211822,0.3245332820515382
17,19,0.0387931034482758,0.0304568527918781,0.5469767441860465,0.1298701298701298,0.15,0.1357466063348416,0.08728002152757092,0.34136167526044403,0.5469767441860465,0.15,0.39697674418604645,-0.2540816537328731
17,20,0.2327586206896551,0.1573604060913705,0.0641860465116279,0.2337662337662337,0.1235294117647058,0.0377073906485671,0.18685366807799128,0.0509467185800975,0.2337662337662337,0.2327586206896551,0.0010076130765785951,0.13590694949789378
17,21,0.3706896551724138,0.2868020304568528,0.1655813953488372,0.2727272727272727,0.2470588235294117,0.1734539969834087,0.29431944547148775,0.16951769616612294,0.3706896551724138,0.2868020304568528,0.083887624715561,0.1248017493053648
17,22,0.6379310344827587,0.434010152284264,0.0065116279069767,0.6428571428571429,0.488235294117647,0.4042232277526395,0.5507584059354531,0.2053674278298081,0.6428571428571429,0.6379310344827587,0.0049261083743842304,0.345390978105645
17,23,0.2456896551724137,0.1776649746192893,0.0790697674418604,0.3441558441558441,0.3,0.0633484162895927,0.2668776184868868,0.07120909186572655,0.3441558441558441,0.3,0.044155844155844115,0.19566852662116024
17,24,0.0344827586206896,0.1065989847715736,0.6176744186046511,0.1428571428571428,0.1147058823529411,0.1870286576168929,0.09966119215058677,0.402351538110772,0.6176744186046511,0.1870286576168929,0.4306457609877582,-0.30269034596018524
17,25,0.1810344827586207,0.1548223350253807,0.0334883720930232,0.1688311688311688,0.1852941176470588,0.0369532428355957,0.17249552606555726,0.03522080746430945,0.1852941176470588,0.1810344827586207,0.004259634888438113,0.13727471860124782
17,26,0.0344827586206896,0.0736040609137055,0.0306976744186046,0.0324675324675324,0.0794117647058823,0.169683257918552,0.05499152917695245,0.1001904661685783,0.169683257918552,0.0794117647058823,0.09027149321266968,-0.045198936991625846
17,27,0.271551724137931,0.2360406091370558,0.1302325581395348,0.3116883116883117,0.2617647058823529,0.0701357466063348,0.2702613377114128,0.10018415237293479,0.3116883116883117,0.271551724137931,0.04013658755038069,0.17007718533847802
17,28,0.5474137931034483,0.3857868020304568,0.2595348837209302,0.6233766233766234,0.5323529411764706,0.1357466063348416,0.5222325399217498,0.1976407450278859,0.6233766233766234,0.5474137931034483,0.07596283027317507,0.3245917948938639
17,29,0.5086206896551724,0.2461928934010152,0.0930232558139534,0.564935064935065,0.3382352941176471,0.22473604826546,0.4144959855272249,0.15887965203970672,0.564935064935065,0.5086206896551724,0.05631437527989258,0.25561633348751817
17,30,0.3620689655172414,0.4263959390862944,0.2381395348837209,0.4675324675324675,0.4529411764705882,0.1975867269984917,0.4272346371516479,0.2178631309411063,0.4675324675324675,0.4529411764705882,0.014591291061879341,0.2093715062105416
17,31,0.2672413793103448,0.248730964467005,0.0586046511627907,0.3311688311688311,0.2323529411764706,0.2677224736048265,0.26987352903066286,0.16316356238380858,0.3311688311688311,0.2677224736048265,0.06344635756400463,0.10670996664685428
18,0,0.0560344827586206,0.0634517766497461,0.6586046511627907,0.0779220779220779,0.1411764705882353,0.361236802413273,0.08464620197966997,0.5099207267880318,0.6586046511627907,0.361236802413273,0.29736784874951766,-0.4252745248083618
18,1,0.5301724137931034,0.467005076142132,0.0102325581395348,0.6298701298701299,0.5794117647058824,0.141025641025641,0.551614846127812,0.0756290995825879,0.6298701298701299,0.5794117647058824,0.05045836516424751,0.4759857465452241
18,2,0.6379310344827587,0.3883248730964467,0.2734883720930232,0.6558441558441559,0.5705882352941176,0.3642533936651583,0.5631720746793698,0.3188708828790907,0.6558441558441559,0.6379310344827587,0.017913121361397222,0.2443011918002791
18,3,0.1508620689655172,0.1040609137055837,0.1023255813953488,0.1233766233766233,0.1176470588235294,0.0603318250377073,0.1239866662178134,0.08132870321652805,0.1508620689655172,0.1233766233766233,0.027485445588893903,0.042657963001285354
18,4,0.1508620689655172,0.1294416243654822,0.1934883720930232,0.1818181818181818,0.1147058823529411,0.057315233785822,0.14420693937553059,0.1254018029394226,0.1934883720930232,0.1818181818181818,0.011670190274841397,0.018805136436107983
18,5,0.0043103448275862,0.0,0.3637209302325581,0.0519480519480519,0.1352941176470588,0.0490196078431372,0.04788812860567422,0.20637026903784764,0.3637209302325581,0.1352941176470588,0.2284268125854993,-0.1584821404321734
18,6,0.1163793103448275,0.116751269035533,0.6223255813953489,0.1428571428571428,0.1323529411764706,0.3197586726998491,0.12708516585349347,0.47104212704759896,0.6223255813953489,0.3197586726998491,0.3025669086954998,-0.34395696119410546
18,7,0.4224137931034483,0.3147208121827411,0.5962790697674418,0.5324675324675324,0.2911764705882353,0.4396681749622926,0.39019465208548926,0.5179736223648672,0.5962790697674418,0.5324675324675324,0.0638115372999094,-0.12777897027937796
18,8,0.2284482758620689,0.2411167512690355,0.0865116279069767,0.2727272727272727,0.288235294117647,0.0776772247360482,0.25763189849400603,0.08209442632151245,0.288235294117647,0.2727272727272727,0.015508021390374271,0.17553747217249357
18,9,0.7629310344827587,0.5101522842639594,0.0762790697674418,0.7792207792207793,0.5558823529411765,0.4705882352941176,0.6520466127271685,0.27343365253077967,0.7792207792207793,0.7629310344827587,0.016289744738020584,0.3786129601963888
18,10,0.8793103448275862,0.8857868020304569,0.1255813953488372,0.9285714285714286,0.9029411764705882,0.3054298642533937,0.899152437975015,0.21550562980111543,0.9285714285714286,0.9029411764705882,0.025630252100840356,0.6836468081738996
18,11,0.0905172413793103,0.0685279187817258,0.0474418604651162,0.1103896103896103,0.0911764705882352,0.0173453996983408,0.0901528102847204,0.0323936300817285,0.1103896103896103,0.0911764705882352,0.019213139801375095,0.0577591802029919
18,12,0.2543103448275862,0.2512690355329949,0.1386046511627907,0.3181818181818182,0.3117647058823529,0.138763197586727,0.283881476106188,0.13868392437475885,0.3181818181818182,0.3117647058823529,0.0064171122994652885,0.14519755173142918
18,13,0.4741379310344827,0.1776649746192893,0.1153488372093023,0.4545454545454545,0.3352941176470588,0.3137254901960784,0.3604106194615713,0.21453716370269035,0.4741379310344827,0.4545454545454545,0.019592476489028232,0.14587345575888097
18,14,0.3405172413793103,0.2131979695431472,0.133953488372093,0.2597402597402597,0.2176470588235294,0.2187028657616893,0.25777563237156165,0.17632817706689113,0.3405172413793103,0.2597402597402597,0.08077698163905056,0.08144745530467051
18,15,0.3362068965517241,0.3197969543147208,0.0455813953488372,0.3441558441558441,0.3588235294117647,0.1304675716440422,0.33974580610851346,0.08802448349643971,0.3588235294117647,0.3441558441558441,0.014667685255920604,0.25172132261207375
18,16,0.8318965517241379,0.7715736040609137,0.1069767441860465,0.8181818181818182,0.8058823529411765,0.447209653092006,0.8068835817270117,0.27709319863902626,0.8318965517241379,0.8181818181818182,0.013714733542319668,0.5297903830879854
18,17,0.3620689655172414,0.3172588832487309,0.1720930232558139,0.3961038961038961,0.3764705882352941,0.2277526395173454,0.36297558327629065,0.19992283138657965,0.3961038961038961,0.3764705882352941,0.019633307868602012,0.163052751889711
18,18,0.7025862068965517,0.5406091370558376,0.0474418604651162,0.7207792207792207,0.6,0.4479638009049774,0.6409936411829025,0.24770283068504678,0.7207792207792207,0.7025862068965517,0.01819301388266903,0.3932908104978557
18,19,0.25,0.1928934010152284,0.1516279069767442,0.2857142857142857,0.2823529411764706,0.0942684766214178,0.2527401569764962,0.122948191799081,0.2857142857142857,0.2823529411764706,0.003361344537815114,0.1297919651774152
18,20,0.0603448275862069,0.1319796954314721,0.0474418604651162,0.0779220779220779,0.0970588235294117,0.0301659125188536,0.09182635611729215,0.0388038864919849,0.1319796954314721,0.0970588235294117,0.03492087190206039,0.053022469625307246
18,21,0.0,0.0050761421319796,0.3544186046511628,0.0844155844155844,0.1941176470588235,0.1131221719457013,0.07090234340159687,0.23377038829843205,0.3544186046511628,0.1941176470588235,0.1603009575923393,-0.16286804489683518
18,22,0.521551724137931,0.3248730964467005,0.1386046511627907,0.4805194805194805,0.2794117647058823,0.171945701357466,0.40158901645249856,0.15527517626012835,0.521551724137931,0.4805194805194805,0.04103224361845054,0.2463138401923702
18,23,0.4310344827586206,0.482233502538071,0.1720930232558139,0.4935064935064935,0.5029411764705882,0.4057315233785822,0.4774289138184433,0.28891227331719804,0.5029411764705882,0.4935064935064935,0.00943468296409472,0.18851664050124528
18,24,0.2068965517241379,0.149746192893401,0.1367441860465116,0.2142857142857142,0.2058823529411764,0.1711915535444947,0.19420270296110737,0.15396786979550314,0.2142857142857142,0.2068965517241379,0.00738916256157629,0.04023483316560422
18,25,0.0905172413793103,0.1421319796954314,0.0437209302325581,0.0649350649350649,0.088235294117647,0.0444947209653092,0.09645489503186339,0.044107825598933656,0.1421319796954314,0.0905172413793103,0.051614738316121095,0.05234706943292973
18,26,0.4870689655172414,0.3730964467005076,0.1953488372093023,0.6363636363636364,0.6558823529411765,0.2654600301659125,0.5381028503806404,0.2304044336876074,0.6558823529411765,0.6363636363636364,0.01951871657754012,0.307698416693033
18,27,0.4051724137931034,0.3781725888324873,0.0483720930232558,0.3961038961038961,0.3382352941176471,0.2722473604826546,0.37942104821178346,0.16030972675295518,0.4051724137931034,0.3961038961038961,0.0090685176892073,0.21911132145882828
18,28,0.1939655172413793,0.2791878172588832,0.2130232558139534,0.2077922077922078,0.3470588235294117,0.2707390648567119,0.2570010914554705,0.24188116033533263,0.3470588235294117,0.2791878172588832,0.0678710062705285,0.015119931120137875
18,29,0.0948275862068965,0.1192893401015228,0.1367441860465116,0.0649350649350649,0.1058823529411764,0.0505279034690799,0.09623358604616516,0.09363604475779574,0.1367441860465116,0.1192893401015228,0.017454845944988792,0.0025975412883694204
18,30,0.7672413793103449,0.5329949238578681,0.0055813953488372,0.7922077922077922,0.5882352941176471,0.4607843137254901,0.6701698473734131,0.23318285453716367,0.7922077922077922,0.7672413793103449,0.024966412897447388,0.4369869928362494
18,31,0.7586206896551724,0.7461928934010152,0.0483720930232558,0.7792207792207793,0.7794117647058824,0.332579185520362,0.7658615317457123,0.19047563927180888,0.7794117647058824,0.7792207792207793,0.0001909854851031012,0.5753858924739034
19,0,0.0086206896551724,0.0406091370558375,0.7665116279069767,0.0194805194805194,0.0823529411764705,0.1078431372549019,0.03776582184199995,0.4371773825809393,0.7665116279069767,0.1078431372549019,0.6586684906520748,-0.39941156073893935
19,1,0.5818965517241379,0.5304568527918782,0.0232558139534883,0.512987012987013,0.5823529411764706,0.4351432880844645,0.551923339669875,0.2291995510189764,0.5823529411764706,0.5818965517241379,0.0004563894523327283,0.32272378865089857
19,2,0.0344827586206896,0.0076142131979695,0.3693023255813953,0.1493506493506493,0.2558823529411764,0.1244343891402715,0.1118324935276212,0.2468683573608334,0.3693023255813953,0.2558823529411764,0.11341997264021891,-0.1350358638332122
19,3,0.2413793103448276,0.2309644670050761,0.1227906976744186,0.2532467532467532,0.288235294117647,0.0829562594268476,0.253456456178576,0.1028734785506331,0.288235294117647,0.2532467532467532,0.03498854087089376,0.15058297762794287
19,4,0.1896551724137931,0.2182741116751269,0.1590697674418604,0.2987012987012987,0.2617647058823529,0.0980392156862745,0.24209882216814288,0.12855449156406745,0.2987012987012987,0.2617647058823529,0.03693659281894579,0.11354433060407543
19,5,0.4094827586206896,0.3045685279187817,0.3702325581395349,0.4415584415584415,0.3911764705882353,0.3190045248868778,0.386696549671537,0.34461854151320637,0.4415584415584415,0.4094827586206896,0.03207568293775187,0.042078008158330626
19,6,0.3922413793103448,0.4517766497461929,0.1265116279069767,0.4545454545454545,0.4705882352941176,0.1840120663650075,0.4422879297240275,0.15526184713599211,0.4705882352941176,0.4545454545454545,0.01604278074866311,0.28702608258803536
19,7,0.5775862068965517,0.4619289340101523,0.107906976744186,0.6818181818181818,0.5323529411764706,0.4034690799396682,0.5634215659753391,0.2556880283419271,0.6818181818181818,0.5775862068965517,0.10423197492163006,0.307733537633412
19,8,0.396551724137931,0.3730964467005076,0.0427906976744186,0.448051948051948,0.4764705882352941,0.1199095022624434,0.4235426767814202,0.081350099968431,0.4764705882352941,0.448051948051948,0.02841864018334611,0.3421925768129892
19,9,0.5387931034482759,0.5025380710659898,0.1106976744186046,0.5324675324675324,0.5117647058823529,0.2028657616892911,0.5213908532160377,0.15678171805394786,0.5387931034482759,0.5324675324675324,0.006325570980743489,0.36460913516208987
19,10,0.6077586206896551,0.4619289340101523,0.1432558139534883,0.6623376623376623,0.4735294117647058,0.3891402714932127,0.551388657200544,0.26619804272335046,0.6623376623376623,0.6077586206896551,0.0545790416480072,0.2851906144771935
19,11,0.2241379310344827,0.215736040609137,0.0074418604651162,0.1623376623376623,0.1117647058823529,0.0346907993966817,0.17849408496590874,0.02106632993089895,0.2241379310344827,0.215736040609137,0.008401890425345698,0.15742775503500978
19,12,0.8318965517241379,0.6116751269035533,0.001860465116279,0.7922077922077922,0.65,0.4434389140271493,0.7214448677088708,0.22264968957171416,0.8318965517241379,0.7922077922077922,0.03968875951634565,0.4987951781371567
19,13,0.6120689655172413,0.467005076142132,0.3972093023255814,0.6753246753246753,0.5264705882352941,0.3883861236802413,0.5702173263048357,0.39279771300291133,0.6753246753246753,0.6120689655172413,0.063255709807434,0.17741961330192435
19,14,0.5086206896551724,0.3934010152284264,0.0288372093023255,0.461038961038961,0.4,0.2993966817496229,0.4407651664806399,0.16411694552597422,0.5086206896551724,0.461038961038961,0.04758172861621135,0.2766482209546657
19,15,0.7543103448275862,0.5380710659898477,0.0269767441860465,0.8116883116883117,0.5970588235294118,0.5558069381598794,0.6752821365087893,0.2913918411729629,0.8116883116883117,0.7543103448275862,0.05737796686072549,0.3838902953358264
19,16,0.2068965517241379,0.2385786802030456,0.2809302325581395,0.2727272727272727,0.3852941176470588,0.1968325791855203,0.27587415557537875,0.23888140587182988,0.3852941176470588,0.2809302325581395,0.1043638850889193,0.03699274970354888
19,17,0.7112068965517241,0.5964467005076142,0.0130232558139534,0.7272727272727273,0.6058823529411764,0.4260935143288084,0.6602021693183105,0.2195583850713809,0.7272727272727273,0.7112068965517241,0.016065830721003205,0.4406437842469296
19,18,0.3017241379310345,0.3121827411167512,0.1376744186046511,0.3116883116883117,0.3411764705882353,0.0414781297134238,0.3166929153310832,0.08957627415903745,0.3411764705882353,0.3121827411167512,0.028993729471484098,0.22711664117204572
19,19,0.5043103448275862,0.4390862944162436,0.0437209302325581,0.4675324675324675,0.4176470588235294,0.2164404223227752,0.4571440413999567,0.13008067627766665,0.5043103448275862,0.4675324675324675,0.036777877295118666,0.32706336512229006
19,20,0.2327586206896551,0.215736040609137,0.121860465116279,0.2922077922077922,0.2529411764705882,0.1809954751131221,0.24841090749429312,0.15142797011470055,0.2922077922077922,0.2529411764705882,0.03926661573720397,0.09698293737959257
19,21,0.6163793103448276,0.5126903553299492,0.1460465116279069,0.551948051948052,0.5205882352941177,0.4819004524886878,0.5504014882292366,0.31397348205829734,0.6163793103448276,0.551948051948052,0.06443125839677566,0.2364280061709393
19,22,0.1594827586206896,0.0939086294416243,0.2334883720930232,0.2077922077922078,0.2029411764705882,0.1244343891402715,0.16603119308127748,0.17896138061664735,0.2334883720930232,0.2077922077922078,0.025696164300815394,-0.01293018753536987
19,23,0.4698275862068966,0.3553299492385787,0.1227906976744186,0.4285714285714285,0.3294117647058823,0.2171945701357466,0.3957851821806965,0.1699926339050826,0.4698275862068966,0.4285714285714285,0.04125615763546808,0.22579254827561393
19,24,0.3060344827586206,0.2944162436548223,0.1506976744186046,0.2727272727272727,0.1588235294117647,0.1025641025641025,0.25800038213812004,0.12663088849135357,0.3060344827586206,0.2944162436548223,0.011618239103798333,0.13136949364676648
19,25,0.7327586206896551,0.6522842639593909,0.2,0.7077922077922078,0.7176470588235294,0.4487179487179487,0.7026205378161958,0.3243589743589743,0.7327586206896551,0.7176470588235294,0.015111561866125722,0.3782615634572215
19,26,0.7068965517241379,0.565989847715736,0.0920930232558139,0.7922077922077922,0.7705882352941177,0.1055806938159879,0.7089206067354459,0.0988368585359009,0.7922077922077922,0.7705882352941177,0.021619556913674565,0.6100837481995449
19,27,0.6896551724137931,0.4644670050761421,0.5311627906976745,0.7337662337662337,0.5852941176470589,0.3680241327300151,0.618295632225807,0.4495934617138448,0.7337662337662337,0.6896551724137931,0.044111061352440584,0.16870217051196218
19,28,0.1293103448275862,0.1192893401015228,0.1255813953488372,0.1103896103896103,0.1117647058823529,0.0369532428355957,0.11768850030026806,0.08126731909221645,0.1293103448275862,0.1255813953488372,0.003728949478748994,0.036421181208051615
19,29,0.4439655172413793,0.1269035532994923,0.0911627906976744,0.3506493506493506,0.0735294117647058,0.0460030165912518,0.24876195823873198,0.0685829036444631,0.4439655172413793,0.3506493506493506,0.09331616659202868,0.1801790545942689
19,30,0.1120689655172413,0.0964467005076142,0.1274418604651162,0.1688311688311688,0.0970588235294117,0.0791855203619909,0.11860141459635899,0.10331369041355357,0.1688311688311688,0.1274418604651162,0.04138930836605259,0.015287724182805426
19,31,0.3189655172413793,0.3121827411167512,0.0809302325581395,0.3181818181818182,0.3823529411764705,0.2285067873303167,0.3329207544291048,0.1547185099442281,0.3823529411764705,0.3189655172413793,0.06338742393509122,0.1782022444848767
20,0,0.7155172413793104,0.5456852791878173,0.0130232558139534,0.7727272727272727,0.6205882352941177,0.5520361990950227,0.6636295071471295,0.282529727454488,0.7727272727272727,0.7155172413793104,0.05721003134796232,0.3810997796926415
20,1,0.6982758620689655,0.5304568527918782,0.0716279069767441,0.6623376623376623,0.5617647058823529,0.4291101055806938,0.6132087707702147,0.25036900627871894,0.6982758620689655,0.6623376623376623,0.03593819973130319,0.3628397644914958
20,2,0.2974137931034483,0.4086294416243655,0.093953488372093,0.2792207792207792,0.3794117647058823,0.1357466063348416,0.34116894466361886,0.1148500473534673,0.4086294416243655,0.3794117647058823,0.029217676918483204,0.22631889731015156
20,3,0.5732758620689655,0.4771573604060913,0.3934883720930232,0.5844155844155844,0.5617647058823529,0.5603318250377074,0.5491533781932485,0.47691009856536526,0.5844155844155844,0.5732758620689655,0.011139722346618863,0.07224327962788324
20,4,0.5905172413793104,0.3807106598984771,0.1060465116279069,0.6168831168831169,0.4264705882352941,0.4947209653092006,0.5036454015990496,0.30038373846855376,0.6168831168831169,0.5905172413793104,0.026365875503806535,0.20326166313049582
20,5,0.2974137931034483,0.3197969543147208,0.1404651162790697,0.3766233766233766,0.4029411764705882,0.1855203619909502,0.3491938251280335,0.16299273913500995,0.4029411764705882,0.3766233766233766,0.02631779984721161,0.18620108599302354
20,6,0.3017241379310345,0.149746192893401,0.1702325581395349,0.3701298701298701,0.1911764705882352,0.1870286576168929,0.2531941678856352,0.1786306078782139,0.3701298701298701,0.3017241379310345,0.06840573219883561,0.07456356000742131
20,7,0.0689655172413793,0.0812182741116751,0.0195348837209302,0.0909090909090909,0.0735294117647058,0.0218702865761689,0.07865557350671278,0.02070258514854955,0.0909090909090909,0.0812182741116751,0.009690816797415791,0.057952988358163225
20,8,0.6896551724137931,0.550761421319797,0.2027906976744186,0.7142857142857143,0.5529411764705883,0.3740573152337858,0.6269108711224731,0.2884240064541022,0.7142857142857143,0.6896551724137931,0.024630541871921152,0.3384868646683709
20,9,0.1724137931034483,0.1649746192893401,0.0641860465116279,0.1493506493506493,0.1117647058823529,0.0920060331825037,0.14962594190644765,0.0780960398470658,0.1724137931034483,0.1649746192893401,0.007439173814108191,0.07152990205938185
20,10,0.6293103448275862,0.4517766497461929,0.0744186046511627,0.6753246753246753,0.5470588235294118,0.251131221719457,0.5758676233569666,0.16277491318530984,0.6753246753246753,0.6293103448275862,0.04601433049708914,0.4130927101716568
20,11,0.4525862068965517,0.6294416243654822,0.2269767441860465,0.6753246753246753,0.7058823529411765,0.3469079939668175,0.6158087148819714,0.286942369076432,0.7058823529411765,0.6753246753246753,0.03055767761650119,0.3288663458055394
20,12,0.3362068965517241,0.4644670050761421,0.266046511627907,0.4285714285714285,0.5558823529411765,0.2564102564102564,0.4462819207851178,0.26122838401908166,0.5558823529411765,0.4644670050761421,0.09141534786503441,0.18505353676603614
20,13,0.0172413793103448,0.1345177664974619,0.3255813953488372,0.1363636363636363,0.4147058823529412,0.1598793363499245,0.17570716613109605,0.24273036584938085,0.4147058823529412,0.3255813953488372,0.08912448700410402,-0.0670231997182848
20,14,0.1724137931034483,0.1802030456852792,0.0641860465116279,0.2467532467532467,0.2705882352941176,0.0460030165912518,0.21748958020902295,0.055094531551439854,0.2705882352941176,0.2467532467532467,0.023834988540870877,0.16239504865758309
20,15,0.0603448275862069,0.0939086294416243,0.5572093023255814,0.1883116883116883,0.3558823529411765,0.2624434389140271,0.174611874570174,0.40982637061980426,0.5572093023255814,0.3558823529411765,0.20132694938440493,-0.23521449604963027
20,16,0.396551724137931,0.2461928934010152,0.0688372093023255,0.3376623376623376,0.1676470588235294,0.1070889894419306,0.2870135035062033,0.08796309937212804,0.396551724137931,0.3376623376623376,0.058889386475593386,0.19905040413407527
20,17,0.2413793103448276,0.3045685279187817,0.0753488372093023,0.2987012987012987,0.3764705882352941,0.0588235294117647,0.3052799313000505,0.0670861833105335,0.3764705882352941,0.3045685279187817,0.07190206031651242,0.23819374798951698
20,18,0.2629310344827586,0.3756345177664975,0.0902325581395348,0.3701298701298701,0.4352941176470588,0.1425339366515837,0.36099738500654627,0.11638324739555925,0.4352941176470588,0.3756345177664975,0.0596595998805613,0.24461413761098702
20,19,0.1594827586206896,0.1269035532994923,0.1851162790697674,0.1623376623376623,0.1617647058823529,0.1199095022624434,0.1526221700350493,0.1525128906661054,0.1851162790697674,0.1623376623376623,0.0227786167321051,0.00010927936894389312
20,20,0.2758620689655172,0.350253807106599,0.3218604651162791,0.4805194805194805,0.5676470588235294,0.279788838612368,0.41857060385378153,0.3008246518643235,0.5676470588235294,0.4805194805194805,0.08712757830404888,0.11774595198945803
20,21,0.3922413793103448,0.4111675126903553,0.0241860465116279,0.4285714285714285,0.4764705882352941,0.0822021116138763,0.42711272720185567,0.0531940790627521,0.4764705882352941,0.4285714285714285,0.0478991596638656,0.3739186481391036
20,22,0.646551724137931,0.6928934010152284,0.0288372093023255,0.7402597402597403,0.7058823529411765,0.2126696832579185,0.696396804588519,0.120753446280122,0.7402597402597403,0.7058823529411765,0.03437738731856377,0.5756433583083971
20,23,0.2887931034482758,0.1878172588832487,0.1497674418604651,0.2727272727272727,0.2676470588235294,0.1266968325791855,0.25424617347058165,0.1382321372198253,0.2887931034482758,0.2727272727272727,0.016065830721003094,0.11601403625075635
20,24,0.2284482758620689,0.1370558375634517,0.2083720930232558,0.2532467532467532,0.1441176470588235,0.2134238310708898,0.19071712843277433,0.21089796204707278,0.2532467532467532,0.2284482758620689,0.024798477384684325,-0.020180833614298455
20,25,0.0603448275862069,0.149746192893401,0.0920930232558139,0.0714285714285714,0.1352941176470588,0.3582202111613876,0.10420342738880953,0.22515661720860075,0.3582202111613876,0.149746192893401,0.2084740182679866,-0.12095318981979122
20,26,0.3620689655172414,0.3197969543147208,0.133953488372093,0.3506493506493506,0.3117647058823529,0.2156862745098039,0.3360699940909164,0.17481988144094845,0.3620689655172414,0.3506493506493506,0.011419614867890782,0.16125011264996797
20,27,0.5086206896551724,0.4060913705583756,0.0651162790697674,0.5,0.4264705882352941,0.3333333333333333,0.4602956621122105,0.19922480620155036,0.5086206896551724,0.5,0.008620689655172376,0.26107085591066015
20,28,0.8405172413793104,0.6142131979695431,0.0586046511627907,0.8636363636363636,0.6676470588235294,0.557315233785822,0.7465034654521866,0.30795994247430636,0.8636363636363636,0.8405172413793104,0.02311912225705326,0.43854352297788024
20,29,0.5689655172413793,0.4365482233502538,0.0660465116279069,0.5714285714285714,0.4852941176470588,0.3174962292609351,0.5155591074168158,0.191771370444421,0.5714285714285714,0.5689655172413793,0.0024630541871920597,0.32378773697239477
20,30,0.5991379310344828,0.5888324873096447,0.041860465116279,0.6558441558441559,0.6676470588235294,0.4826546003016591,0.6278654082529531,0.262257532708969,0.6676470588235294,0.6558441558441559,0.011802902979373475,0.3656078755439841
20,31,0.0991379310344827,0.1065989847715736,0.2297674418604651,0.0649350649350649,0.1176470588235294,0.0377073906485671,0.09707975989116265,0.1337374162545161,0.2297674418604651,0.1176470588235294,0.11212038303693571,-0.036657656363353455
21,0,0.0258620689655172,0.0456852791878172,0.0995348837209302,0.0259740259740259,0.0529411764705882,0.1447963800904977,0.037615637649487124,0.12216563190571395,0.1447963800904977,0.0995348837209302,0.0452614963695675,-0.08454999425622682
21,1,0.6163793103448276,0.565989847715736,0.107906976744186,0.5714285714285714,0.5176470588235295,0.3793363499245852,0.5678611970781662,0.24362166333438562,0.6163793103448276,0.5714285714285714,0.04495073891625623,0.32423953374378056
21,2,0.1594827586206896,0.1294416243654822,0.0269767441860465,0.1168831168831168,0.0676470588235294,0.035444947209653,0.11836363967320451,0.03121084569784975,0.1594827586206896,0.1294416243654822,0.030041134255207408,0.08715279397535476
21,3,0.1853448275862069,0.1345177664974619,0.067906976744186,0.2987012987012987,0.2470588235294117,0.0580693815987933,0.2164056790785948,0.06298817917148965,0.2987012987012987,0.2470588235294117,0.051642475171887,0.15341749990710513
21,4,0.7198275862068966,0.6548223350253807,0.055813953488372,0.6948051948051948,0.6235294117647059,0.3748114630467571,0.6732461319505445,0.21531270826756455,0.7198275862068966,0.6948051948051948,0.025022391401701816,0.45793342368297996
21,5,0.5689655172413793,0.4974619289340101,0.0772093023255813,0.6103896103896104,0.5176470588235295,0.3069381598793363,0.5486160288471323,0.19207373110245882,0.6103896103896104,0.5689655172413793,0.041424093148231034,0.3565422977446735
21,6,0.3620689655172414,0.2817258883248731,0.067906976744186,0.3831168831168831,0.288235294117647,0.1757164404223227,0.3287867577691611,0.12181170858325435,0.3831168831168831,0.3620689655172414,0.021047917599641697,0.20697504918590676
21,7,0.1637931034482758,0.1065989847715736,0.041860465116279,0.1883116883116883,0.0941176470588235,0.090497737556561,0.1382053558975903,0.06617910133642,0.1883116883116883,0.1637931034482758,0.02451858486341249,0.07202625456117032
21,8,0.25,0.2005076142131979,0.0325581395348837,0.2207792207792207,0.188235294117647,0.1546003016591252,0.2148805322775164,0.09357922059700445,0.25,0.2207792207792207,0.029220779220779314,0.12130131168051196
21,9,0.3793103448275862,0.4390862944162436,0.1293023255813953,0.4805194805194805,0.4617647058823529,0.2413273001508295,0.4401702064114158,0.1853148128661124,0.4805194805194805,0.4617647058823529,0.018754774637127603,0.2548553935453034
21,10,0.5474137931034483,0.5609137055837563,0.0855813953488372,0.512987012987013,0.6088235294117647,0.4019607843137255,0.5575345102714956,0.24377108983128135,0.6088235294117647,0.5609137055837563,0.04790982382800835,0.3137634204402142
21,11,0.1724137931034483,0.1624365482233502,0.1860465116279069,0.2402597402597402,0.288235294117647,0.1221719457013574,0.2158363439260464,0.15410922866463214,0.288235294117647,0.2402597402597402,0.04797555385790678,0.06172711526141425
21,12,0.3362068965517241,0.3426395939086294,0.3144186046511628,0.3441558441558441,0.4117647058823529,0.2187028657616893,0.35869176012463766,0.26656073520642604,0.4117647058823529,0.3441558441558441,0.06760886172650882,0.09213102491821162
21,13,0.3448275862068966,0.4213197969543147,0.1116279069767441,0.3831168831168831,0.3617647058823529,0.1455505279034691,0.3777572430401118,0.1285892174401066,0.4213197969543147,0.3831168831168831,0.03820291383743163,0.24916802560000523
21,14,0.5043103448275862,0.4543147208121827,0.1534883720930232,0.5,0.4911764705882352,0.2865761689291101,0.48745038405700103,0.22003227051106666,0.5043103448275862,0.5,0.004310344827586188,0.26741811354593437
21,15,0.1939655172413793,0.1954314720812182,0.041860465116279,0.2792207792207792,0.2911764705882353,0.06184012066365,0.23994855978290303,0.0518502928899645,0.2911764705882353,0.2792207792207792,0.011955691367456112,0.18809826689293851
21,16,0.6853448275862069,0.5380710659898477,0.0874418604651162,0.7337662337662337,0.5911764705882353,0.4336349924585219,0.6370896494826309,0.260538426461819,0.7337662337662337,0.6853448275862069,0.04842140618002688,0.3765512230208119
21,17,0.3362068965517241,0.2385786802030456,0.281860465116279,0.3441558441558441,0.3617647058823529,0.2895927601809955,0.3201765316982417,0.28572661264863725,0.3617647058823529,0.3441558441558441,0.017608861726508773,0.03444991904960443
21,18,0.0818965517241379,0.0583756345177665,0.1023255813953488,0.1298701298701298,0.1323529411764706,0.0686274509803921,0.10062381432212619,0.08547651618787044,0.1323529411764706,0.1298701298701298,0.0024828113063407875,0.015147298134255749
21,19,0.2025862068965517,0.0862944162436548,0.0902325581395348,0.1948051948051948,0.088235294117647,0.0565610859728506,0.14298027801576207,0.0733968220561927,0.2025862068965517,0.1948051948051948,0.007781012091356926,0.06958345595956937
21,20,0.2241379310344827,0.1573604060913705,0.1497674418604651,0.2662337662337662,0.3294117647058823,0.0806938159879336,0.24428596701637545,0.11523062892419934,0.3294117647058823,0.2662337662337662,0.06317799847211608,0.12905533809217612
21,21,0.168103448275862,0.1700507614213198,0.201860465116279,0.2142857142857142,0.2352941176470588,0.1251885369532428,0.1969335104074887,0.1635245010347609,0.2352941176470588,0.2142857142857142,0.021008403361344602,0.03340900937272778
21,22,0.0043103448275862,0.065989847715736,0.4372093023255814,0.0454545454545454,0.2441176470588235,0.0731523378582202,0.08996809626417278,0.2551808200919008,0.4372093023255814,0.2441176470588235,0.19309165526675792,-0.165212723827728
21,23,0.4439655172413793,0.3908629441624365,0.3153488372093023,0.461038961038961,0.4117647058823529,0.2639517345399698,0.42690803208128236,0.28965028587463604,0.461038961038961,0.4439655172413793,0.017073443797581744,0.13725774620664632
21,24,0.3706896551724138,0.3807106598984771,0.2595348837209302,0.5194805194805194,0.4117647058823529,0.1538461538461538,0.42066138510844076,0.206690518783542,0.5194805194805194,0.4117647058823529,0.10771581359816651,0.21397086632489876
21,25,0.2112068965517241,0.2233502538071066,0.1451162790697674,0.3571428571428571,0.3764705882352941,0.1553544494720965,0.2920426489342455,0.15023536427093195,0.3764705882352941,0.3571428571428571,0.019327731092437017,0.14180728466331352
21,26,0.5689655172413793,0.4746192893401015,0.1172093023255814,0.551948051948052,0.4823529411764706,0.3333333333333333,0.5194714499265009,0.22527131782945736,0.5689655172413793,0.551948051948052,0.017017465293327372,0.2942001320970435
21,27,0.728448275862069,0.5253807106598984,0.1637209302325581,0.7142857142857143,0.5911764705882353,0.5067873303167421,0.6398227928489792,0.33525413027465006,0.728448275862069,0.7142857142857143,0.014162561576354649,0.3045686625743292
21,28,0.4655172413793103,0.3807106598984771,0.0241860465116279,0.5324675324675324,0.4941176470588235,0.1282051282051282,0.4682032702010358,0.07619558735837804,0.5324675324675324,0.4941176470588235,0.03834988540870893,0.39200768284265775
21,29,0.5129310344827587,0.434010152284264,0.1404651162790697,0.512987012987013,0.4588235294117647,0.3250377073906486,0.47968793229145007,0.23275141183485915,0.512987012987013,0.5129310344827587,5.597850425431705e-05,0.24693652045659092
21,30,0.6724137931034483,0.4974619289340101,0.08,0.7012987012987013,0.55,0.3567119155354449,0.6052936058340399,0.21835595776772246,0.7012987012987013,0.6724137931034483,0.028884908195253023,0.3869376480663175
21,31,0.3448275862068966,0.3756345177664975,0.1423255813953488,0.4155844155844156,0.4852941176470588,0.3159879336349924,0.4053351593012171,0.2291567575151706,0.4852941176470588,0.4155844155844156,0.06970970206264321,0.17617840178604652
22,0,0.1594827586206896,0.1725888324873096,0.1646511627906976,0.2077922077922078,0.2117647058823529,0.1606334841628959,0.18790712619563998,0.16264232347679675,0.2117647058823529,0.2077922077922078,0.003972498090145105,0.025264802718843238
22,1,0.2198275862068965,0.2005076142131979,0.1320930232558139,0.2597402597402597,0.2764705882352941,0.114630467571644,0.23913651209891207,0.12336174541372895,0.2764705882352941,0.2597402597402597,0.016730328495034363,0.11577476668518312
22,2,0.4137931034482758,0.2512690355329949,0.0372093023255813,0.474025974025974,0.3058823529411765,0.1312217194570135,0.3612426164871053,0.08421551089129739,0.474025974025974,0.4137931034482758,0.060232870577698217,0.2770271055958079
22,3,0.043103448275862,0.0456852791878172,0.0893023255813953,0.0389610389610389,0.0352941176470588,0.0437405731523378,0.04076097101794423,0.06652144936686655,0.0893023255813953,0.0456852791878172,0.04361704639357809,-0.025760478348922318
22,4,0.1120689655172413,0.0761421319796954,0.293953488372093,0.1298701298701298,0.2441176470588235,0.2714932126696832,0.1405497186064725,0.2827233505208881,0.293953488372093,0.2714932126696832,0.022460275702409827,-0.1421736319144156
22,5,0.2974137931034483,0.2284263959390862,0.1367441860465116,0.2857142857142857,0.2588235294117647,0.2021116138763197,0.2675945010421462,0.16942789996141566,0.2974137931034483,0.2857142857142857,0.011699507389162589,0.09816660108073055
22,6,0.1422413793103448,0.1751269035532995,0.1134883720930232,0.2792207792207792,0.2470588235294117,0.0663650075414781,0.21091197140345877,0.08992668981725066,0.2792207792207792,0.2470588235294117,0.03216195569136751,0.12098528158620811
22,7,0.1336206896551724,0.1878172588832487,0.2902325581395348,0.1688311688311688,0.2735294117647059,0.0791855203619909,0.19094963228357395,0.18470903925076285,0.2902325581395348,0.2735294117647059,0.016703146374828892,0.006240593032811104
22,8,0.3922413793103448,0.3426395939086294,0.0846511627906976,0.3506493506493506,0.3029411764705882,0.1470588235294117,0.3471178750847283,0.11585499316005465,0.3922413793103448,0.3506493506493506,0.04159202866099421,0.23126288192467365
22,9,0.5301724137931034,0.4111675126903553,0.1051162790697674,0.5,0.4323529411764706,0.2858220211161387,0.46842321691498234,0.19546915009295304,0.5301724137931034,0.5,0.030172413793103425,0.2729540668220293
22,10,0.3577586206896552,0.0888324873096446,0.2930232558139535,0.3311688311688311,0.2235294117647059,0.1689291101055807,0.2503223377332092,0.2309761829597671,0.3577586206896552,0.3311688311688311,0.02658978952082408,0.01934615477344212
22,11,0.2284482758620689,0.3578680203045685,0.2241860465116279,0.3831168831168831,0.3735294117647059,0.3491704374057315,0.3357406477620566,0.2866782419586797,0.3831168831168831,0.3735294117647059,0.00958747135217719,0.049062405803376896
22,12,0.3318965517241379,0.2360406091370558,0.1488372093023255,0.3766233766233766,0.3852941176470588,0.2013574660633484,0.33246366378290726,0.17509733768283695,0.3852941176470588,0.3766233766233766,0.008670741023682205,0.15736632610007031
22,13,0.2456896551724137,0.1979695431472081,0.1460465116279069,0.3181818181818182,0.2647058823529412,0.1598793363499245,0.2566367247135953,0.1529629239889157,0.3181818181818182,0.2647058823529412,0.053475935828877,0.10367380072467958
22,14,0.2801724137931034,0.3375634517766497,0.2558139534883721,0.3246753246753247,0.4029411764705882,0.3122171945701357,0.3363380916789165,0.2840155740292539,0.4029411764705882,0.3375634517766497,0.06537772469393849,0.05232251764966256
22,15,0.0991379310344827,0.098984771573604,0.3246511627906976,0.1623376623376623,0.25,0.1138763197586727,0.15261509123643724,0.21926374127468515,0.3246511627906976,0.25,0.07465116279069761,-0.06664865003824791
22,16,0.5517241379310345,0.4873096446700508,0.1302325581395348,0.5454545454545454,0.5176470588235295,0.4992458521870286,0.52553384671979,0.3147392051632817,0.5517241379310345,0.5454545454545454,0.006269592476489061,0.2107946415565083
22,17,0.5775862068965517,0.4390862944162436,0.0716279069767441,0.6038961038961039,0.5176470588235295,0.3981900452488687,0.5345539160081072,0.2349089761128064,0.6038961038961039,0.5775862068965517,0.026309896999552218,0.29964493989530083
22,18,0.1853448275862069,0.182741116751269,0.1302325581395348,0.2402597402597402,0.3117647058823529,0.1025641025641025,0.23002759761989222,0.11639833035181865,0.3117647058823529,0.2402597402597402,0.07150496562261269,0.11362926726807357
22,19,0.5646551724137931,0.4035532994923858,0.1841860465116279,0.5194805194805194,0.4529411764705882,0.4653092006033182,0.48515754196432165,0.32474762355747305,0.5646551724137931,0.5194805194805194,0.04517465293327372,0.1604099184068486
22,20,0.4525862068965517,0.3934010152284264,0.1851162790697674,0.4935064935064935,0.4441176470588235,0.222473604826546,0.4459028406725738,0.2037949419481567,0.4935064935064935,0.4525862068965517,0.04092028660994179,0.2421078987244171
22,21,0.0862068965517241,0.0685279187817258,0.8334883720930233,0.4155844155844156,0.4705882352941176,0.3129713423831071,0.26022686655299576,0.5732298572380652,0.8334883720930233,0.4705882352941176,0.3629001367989057,-0.3130029906850694
22,22,0.5517241379310345,0.4441624365482233,0.1432558139534883,0.5909090909090909,0.4764705882352941,0.4110105580693816,0.5158165634059108,0.27713318601143494,0.5909090909090909,0.5517241379310345,0.039184952978056464,0.23868337739447582
22,23,0.4094827586206896,0.4263959390862944,0.1823255813953488,0.3766233766233766,0.3941176470588235,0.3235294117647059,0.40165493034729605,0.25292749658002733,0.4263959390862944,0.4094827586206896,0.016913180465604805,0.1487274337672687
22,24,0.4525862068965517,0.365482233502538,0.1032558139534883,0.487012987012987,0.3588235294117647,0.3295625942684766,0.4159762392059604,0.21640920411098247,0.487012987012987,0.4525862068965517,0.034426780116435296,0.19956703509497792
22,25,0.2844827586206896,0.3045685279187817,0.16,0.3441558441558441,0.4558823529411764,0.2654600301659125,0.34727237090912294,0.21273001508295625,0.4558823529411764,0.3441558441558441,0.1117265087853323,0.1345423558261667
22,26,0.043103448275862,0.0203045685279187,0.5172093023255814,0.2337662337662337,0.3441176470588235,0.1666666666666666,0.16032297440720947,0.341937984496124,0.5172093023255814,0.3441176470588235,0.1730916552667579,-0.18161501008891454
22,27,0.4956896551724138,0.4010152284263959,0.0641860465116279,0.538961038961039,0.4794117647058823,0.3883861236802413,0.4787694218164328,0.2262860850959346,0.538961038961039,0.4956896551724138,0.04327138378862516,0.25248333672049816
22,28,0.271551724137931,0.2233502538071066,0.1088372093023255,0.3506493506493506,0.3823529411764705,0.1108597285067873,0.30697606744271466,0.1098484689045564,0.3823529411764705,0.3506493506493506,0.03170359052711991,0.19712759853815826
22,29,0.4353448275862069,0.2944162436548223,0.3032558139534884,0.6038961038961039,0.4352941176470588,0.1945701357466063,0.442237823196048,0.24891297485004735,0.6038961038961039,0.4353448275862069,0.16855127630989702,0.19332484834600064
22,30,0.6853448275862069,0.5304568527918782,0.0288372093023255,0.7142857142857143,0.5911764705882353,0.5429864253393665,0.6303159663130087,0.285911817320846,0.7142857142857143,0.6853448275862069,0.02894088669950745,0.3444041489921627
22,31,0.0818965517241379,0.0583756345177665,0.0381395348837209,0.0454545454545454,0.1088235294117647,0.0512820512820512,0.07363756527705363,0.044710793082886044,0.1088235294117647,0.0818965517241379,0.026926977687626794,0.028926772194167588
23,0,0.5086206896551724,0.4365482233502538,0.1767441860465116,0.5454545454545454,0.4823529411764706,0.3582202111613876,0.49324409990911056,0.2674821986039496,0.5454545454545454,0.5086206896551724,0.03683385579937304,0.22576190130516094
23,1,0.0129310344827586,0.0050761421319796,0.361860465116279,0.0844155844155844,0.1705882352941176,0.0920060331825037,0.06825274908111005,0.22693324914939134,0.361860465116279,0.1705882352941176,0.1912722298221614,-0.15868050006828127
23,2,0.3103448275862069,0.2461928934010152,0.1469767441860465,0.3181818181818182,0.3264705882352941,0.1485671191553544,0.3002975318510836,0.14777193167070046,0.3264705882352941,0.3181818181818182,0.008288770053475947,0.15252560018038314
23,3,0.125,0.1472081218274111,0.2688372093023256,0.3506493506493506,0.4764705882352941,0.196078431372549,0.2748320151780139,0.23245782033743728,0.4764705882352941,0.3506493506493506,0.1258212375859435,0.04237419484057664
23,4,0.4224137931034483,0.3578680203045685,0.0781395348837209,0.3636363636363636,0.4176470588235294,0.1206636500754147,0.39039130896697744,0.0994015924795678,0.4224137931034483,0.4176470588235294,0.0047667342799188606,0.2909897164874096
23,5,0.1034482758620689,0.1446700507614213,0.1367441860465116,0.0714285714285714,0.1117647058823529,0.0784313725490196,0.10782790098360362,0.1075877792977656,0.1446700507614213,0.1367441860465116,0.00792586471490972,0.00024012168583802118
23,6,0.2844827586206896,0.266497461928934,0.0948837209302325,0.3246753246753247,0.3,0.1304675716440422,0.29391388630623705,0.11267564628713736,0.3246753246753247,0.3,0.024675324675324684,0.1812382400190997
23,7,0.5862068965517241,0.4365482233502538,0.16,0.5,0.4147058823529412,0.5618401206636501,0.48436525056372975,0.36092006033182505,0.5862068965517241,0.5618401206636501,0.02436677588807401,0.1234451902319047
23,8,0.5387931034482759,0.4086294416243655,0.1116279069767441,0.564935064935065,0.4705882352941176,0.4532428355957767,0.49573646132545596,0.2824353712862604,0.564935064935065,0.5387931034482759,0.026141961486789045,0.21330109003919556
23,9,0.1422413793103448,0.149746192893401,0.0046511627906976,0.0974025974025974,0.1058823529411764,0.0550527903469079,0.12381813063687991,0.02985197656880275,0.149746192893401,0.1422413793103448,0.007504813583056186,0.09396615406807715
23,10,0.146551724137931,0.1091370558375634,0.0855813953488372,0.0324675324675324,0.0558823529411764,0.2466063348416289,0.0860096663460508,0.16609386509523305,0.2466063348416289,0.146551724137931,0.1000546107036979,-0.08008419874918225
23,11,0.3922413793103448,0.2055837563451776,0.2465116279069767,0.512987012987013,0.3411764705882353,0.17420814479638,0.3629971548076927,0.21035988635167835,0.512987012987013,0.3922413793103448,0.12074563367666818,0.15263726845601433
23,12,0.0948275862068965,0.1421319796954314,0.0827906976744186,0.1038961038961039,0.1264705882352941,0.1244343891402715,0.11683156450843149,0.10361254340734505,0.1421319796954314,0.1264705882352941,0.015661391460137286,0.013219021101086442
23,13,0.1551724137931034,0.1700507614213198,0.1646511627906976,0.1688311688311688,0.1941176470588235,0.1583710407239819,0.17204299777610388,0.16151110175733974,0.1941176470588235,0.1700507614213198,0.0240668856375037,0.010531896018764142
23,14,0.1551724137931034,0.1598984771573604,0.0911627906976744,0.1753246753246753,0.2088235294117647,0.083710407239819,0.17480477392172597,0.0874365989687467,0.2088235294117647,0.1753246753246753,0.033498854087089414,0.08736817495297927
23,15,0.1551724137931034,0.1675126903553299,0.1376744186046511,0.1818181818181818,0.2235294117647059,0.1319758672699849,0.18200817443283024,0.134825142937318,0.2235294117647059,0.1818181818181818,0.0417112299465241,0.04718303149551223
23,16,0.0603448275862069,0.1852791878172588,0.3162790697674418,0.1558441558441558,0.2735294117647059,0.085972850678733,0.16874939575308184,0.2011259602230874,0.3162790697674418,0.2735294117647059,0.04274965800273589,-0.03237656447000556
23,17,0.5129310344827587,0.4467005076142132,0.0186046511627906,0.538961038961039,0.4558823529411764,0.2156862745098039,0.48861873349979684,0.11714546283629726,0.538961038961039,0.5129310344827587,0.0260300044782803,0.37147327066349956
23,18,0.6724137931034483,0.4644670050761421,0.2474418604651163,0.7532467532467533,0.5794117647058824,0.3567119155354449,0.6173848290330565,0.3020768880002806,0.7532467532467533,0.6724137931034483,0.08083296014330499,0.3153079410327759
23,19,0.4655172413793103,0.3477157360406091,0.1962790697674418,0.4025974025974026,0.3764705882352941,0.1689291101055807,0.39807524206315403,0.18260408993651125,0.4655172413793103,0.4025974025974026,0.06291983878190766,0.21547115212664278
23,20,0.4224137931034483,0.3401015228426396,0.0586046511627907,0.3961038961038961,0.3352941176470588,0.2481146304675716,0.3734783324242607,0.15335964081518114,0.4224137931034483,0.3961038961038961,0.026309896999552163,0.22011869160907957
23,21,0.2543103448275862,0.233502538071066,0.1813953488372093,0.2857142857142857,0.3323529411764706,0.169683257918552,0.2764700274473521,0.17553930337788065,0.3323529411764706,0.2857142857142857,0.046638655462184875,0.10093072406947146
23,22,0.2198275862068965,0.1421319796954314,0.1395348837209302,0.1818181818181818,0.188235294117647,0.1349924585218702,0.18300326045953919,0.1372636711214002,0.2198275862068965,0.188235294117647,0.03159229208924949,0.045739589338138986
23,23,0.3146551724137931,0.3299492385786802,0.1897674418604651,0.3376623376623376,0.45,0.1485671191553544,0.3580666871637027,0.16916728050790975,0.45,0.3376623376623376,0.1123376623376624,0.18889940665579297
23,24,0.2543103448275862,0.266497461928934,0.147906976744186,0.3441558441558441,0.3294117647058823,0.1093514328808446,0.2985938539045616,0.1286292048125153,0.3441558441558441,0.3294117647058823,0.014744079449961811,0.1699646490920463
23,25,0.25,0.2385786802030456,0.1404651162790697,0.2532467532467532,0.2352941176470588,0.1515837104072398,0.24427988777421442,0.14602441334315475,0.2532467532467532,0.25,0.00324675324675322,0.09825547443105967
23,26,0.1206896551724138,0.1624365482233502,0.1441860465116279,0.1623376623376623,0.2352941176470588,0.1085972850678733,0.17018949584512127,0.12639166578975058,0.2352941176470588,0.1624365482233502,0.07285756942370858,0.04379783005537069
23,27,0.2155172413793103,0.2258883248730964,0.1088372093023255,0.2727272727272727,0.1794117647058823,0.1236802413273001,0.22338615092139041,0.1162587253148128,0.2727272727272727,0.2258883248730964,0.046838947854176305,0.10712742560657762
23,28,0.7068965517241379,0.6040609137055838,0.187906976744186,0.7792207792207793,0.6264705882352941,0.4117647058823529,0.6791622082214487,0.29983584131326946,0.7792207792207793,0.7068965517241379,0.07232422749664136,0.3793263669081792
23,29,0.4353448275862069,0.4187817258883248,0.0176744186046511,0.3636363636363636,0.438235294117647,0.2375565610859728,0.4139995528071356,0.12761548984531196,0.438235294117647,0.4353448275862069,0.0028904665314400946,0.2863840629618236
23,30,0.1206896551724138,0.1116751269035533,0.0697674418604651,0.2012987012987013,0.2147058823529411,0.090497737556561,0.16209234143190238,0.08013258970851306,0.2147058823529411,0.2012987012987013,0.013407181054239797,0.08195975172338932
23,31,0.5689655172413793,0.4289340101522843,0.0725581395348837,0.5064935064935064,0.4617647058823529,0.3868778280542986,0.4915394349423807,0.22971798379459116,0.5689655172413793,0.5064935064935064,0.0624720107478729,0.26182145114778954
24,0,0.2241379310344827,0.1928934010152284,0.1730232558139534,0.1753246753246753,0.2735294117647059,0.1161387631975867,0.21647135478477308,0.14458100950577005,0.2735294117647059,0.2241379310344827,0.0493914807302232,0.07189034527900304
24,1,0.1163793103448275,0.2309644670050761,0.413953488372093,0.2857142857142857,0.3558823529411765,0.27526395173454,0.24723510400134147,0.3446087200533165,0.413953488372093,0.3558823529411765,0.05807113543091652,-0.09737361605197503
24,2,0.1637931034482758,0.1573604060913705,0.2046511627906976,0.2467532467532467,0.3117647058823529,0.1485671191553544,0.21991786554381149,0.176609140973026,0.3117647058823529,0.2467532467532467,0.06501145912910619,0.043308724570785495
24,3,0.4827586206896552,0.4467005076142132,0.0260465116279069,0.6428571428571429,0.4352941176470588,0.1840120663650075,0.5019025972020175,0.10502928899645719,0.6428571428571429,0.4827586206896552,0.1600985221674877,0.39687330820556027
24,4,0.4698275862068966,0.4187817258883248,0.1934883720930232,0.4025974025974026,0.4205882352941176,0.444947209653092,0.4279487374966854,0.31921779087305757,0.4698275862068966,0.444947209653092,0.024880376553804595,0.10873094662362781
24,5,0.0689655172413793,0.0913705583756345,0.0055813953488372,0.0389610389610389,0.0617647058823529,0.0188536953242835,0.0652654551151014,0.012217545336560349,0.0913705583756345,0.0689655172413793,0.022405041134255205,0.053047909778541055
24,6,0.4612068965517241,0.3121827411167512,0.2437209302325581,0.4285714285714285,0.4029411764705882,0.1221719457013574,0.40122556067762294,0.18294643796695775,0.4612068965517241,0.4285714285714285,0.032635467980295596,0.21827912271066519
24,7,0.1163793103448275,0.0862944162436548,0.0223255813953488,0.0649350649350649,0.0941176470588235,0.0414781297134238,0.09043160964559269,0.0319018555543863,0.1163793103448275,0.0941176470588235,0.022261663286004,0.058529754091206386
24,8,0.4784482758620689,0.4314720812182741,0.053953488372093,0.5454545454545454,0.4676470588235294,0.2043740573152337,0.4807554903396044,0.12916377284366334,0.5454545454545454,0.4784482758620689,0.06700626959247652,0.3515917174959411
24,9,0.3491379310344827,0.3096446700507614,0.0316279069767441,0.3441558441558441,0.3205882352941177,0.0829562594268476,0.3308816701338015,0.05729208320179585,0.3491379310344827,0.3441558441558441,0.004982086878638603,0.27358958693200564
24,10,0.4310344827586206,0.3959390862944162,0.5358139534883721,0.487012987012987,0.4411764705882353,0.6704374057315233,0.43879075666356476,0.6031256796099478,0.6704374057315233,0.5358139534883721,0.1346234522431512,-0.16433492294638302
24,11,0.4094827586206896,0.3857868020304568,0.0437209302325581,0.435064935064935,0.3852941176470588,0.1900452488687782,0.40390715334078503,0.11688308955066815,0.435064935064935,0.4094827586206896,0.025582176444245375,0.2870240637901169
24,12,0.0474137931034482,0.065989847715736,0.0837209302325581,0.0844155844155844,0.0735294117647058,0.0339366515837104,0.06783715924986859,0.05882879090813425,0.0844155844155844,0.0837209302325581,0.0006946541830263053,0.009008368341734345
24,13,0.3793103448275862,0.1675126903553299,0.1023255813953488,0.4805194805194805,0.2617647058823529,0.1033182503770739,0.32227680539618736,0.10282191588621134,0.4805194805194805,0.3793103448275862,0.10120913569189433,0.21945488950997602
24,14,0.1551724137931034,0.215736040609137,0.095813953488372,0.2467532467532467,0.3,0.1138763197586727,0.22941542528887177,0.10484513662352235,0.3,0.2467532467532467,0.05324675324675329,0.12457028866534942
24,15,0.3793103448275862,0.3781725888324873,0.1004651162790697,0.4025974025974026,0.3911764705882353,0.2352941176470588,0.38781420171142783,0.16787961696306425,0.4025974025974026,0.3911764705882353,0.011420932009167328,0.21993458474836358
24,16,0.5258620689655172,0.4238578680203045,0.107906976744186,0.422077922077922,0.4176470588235294,0.4110105580693816,0.44736122947181833,0.2594587674067838,0.5258620689655172,0.4238578680203045,0.10200420094521273,0.18790246206503453
24,17,0.4741379310344827,0.3934010152284264,0.0827906976744186,0.4285714285714285,0.4411764705882353,0.3672699849170437,0.4343217113556432,0.22503034129573116,0.4741379310344827,0.4411764705882353,0.032961460446247426,0.20929137005991202
24,18,0.0474137931034482,0.0279187817258883,0.1674418604651162,0.0454545454545454,0.1352941176470588,0.088235294117647,0.06402030948273517,0.1278385772913816,0.1674418604651162,0.1352941176470588,0.032147742818057407,-0.06381826780864643
24,19,0.2241379310344827,0.2233502538071066,0.1516279069767442,0.2987012987012987,0.3647058823529411,0.1221719457013574,0.27772384147395723,0.1368999263390508,0.3647058823529411,0.2987012987012987,0.06600458365164241,0.14082391513490644
24,20,0.0344827586206896,0.015228426395939,0.0065116279069767,0.0064935064935064,0.0117647058823529,0.0105580693815987,0.016992349348121973,0.0085348486442877,0.0344827586206896,0.015228426395939,0.0192543322247506,0.008457500703834272
24,21,0.1594827586206896,0.1725888324873096,0.201860465116279,0.2272727272727272,0.288235294117647,0.1078431372549019,0.21189490312459336,0.15485180118559044,0.288235294117647,0.2272727272727272,0.06096256684491977,0.057043101939002916
24,22,0.1853448275862069,0.1598984771573604,0.0874418604651162,0.2077922077922078,0.2323529411764706,0.1131221719457013,0.19634711342806144,0.10028201620540875,0.2323529411764706,0.2077922077922078,0.02456073338426279,0.09606509722265269
24,23,0.2284482758620689,0.1928934010152284,0.041860465116279,0.2337662337662337,0.2235294117647059,0.0889894419306184,0.21965933060205922,0.06542495352344871,0.2337662337662337,0.2284482758620689,0.005317957904164811,0.1542343770786105
24,24,0.3232758620689655,0.3172588832487309,0.081860465116279,0.3116883116883117,0.3705882352941176,0.229260935143288,0.3307028230750314,0.15556070012978349,0.3705882352941176,0.3232758620689655,0.04731237322515208,0.17514212294524792
24,25,0.2758620689655172,0.1421319796954314,0.1516279069767442,0.1688311688311688,0.188235294117647,0.143288084464555,0.1937651279024411,0.1474579957206496,0.2758620689655172,0.188235294117647,0.08762677484787018,0.0463071321817915
24,26,0.2844827586206896,0.4111675126903553,0.2046511627906976,0.3311688311688311,0.5176470588235295,0.2254901960784313,0.3861165403258513,0.21507067943456443,0.5176470588235295,0.4111675126903553,0.10647954613317417,0.17104586089128687
24,27,0.2758620689655172,0.0964467005076142,0.3041860465116279,0.2857142857142857,0.25,0.2971342383107089,0.22700576379685428,0.3006601424111684,0.3041860465116279,0.2971342383107089,0.007051808200918996,-0.07365437861431412
24,28,0.2284482758620689,0.1979695431472081,0.2251162790697674,0.3506493506493506,0.2617647058823529,0.1380090497737556,0.2597079688852451,0.1815626644217615,0.3506493506493506,0.2617647058823529,0.0888846447669977,0.07814530446348361
24,29,0.646551724137931,0.4873096446700508,0.0334883720930232,0.6038961038961039,0.5235294117647059,0.2307692307692307,0.5653217211171979,0.13212880143112696,0.646551724137931,0.6038961038961039,0.04265562024182712,0.433192919686071
24,30,0.7456896551724138,0.6700507614213198,0.0037209302325581,0.7402597402597403,0.6852941176470588,0.5618401206636501,0.7103235686251332,0.2827805254481041,0.7456896551724138,0.7402597402597403,0.005429914912673528,0.4275430431770291
24,31,0.2543103448275862,0.2284263959390862,0.081860465116279,0.2142857142857142,0.25,0.1018099547511312,0.23675561376309665,0.09183520993370509,0.2543103448275862,0.25,0.004310344827586188,0.14492040382939156
25,0,0.3534482758620689,0.33248730964467,0.0334883720930232,0.4025974025974026,0.3529411764705882,0.1101055806938159,0.36036854114368244,0.07179697639341956,0.4025974025974026,0.3534482758620689,0.049149126735333726,0.2885715647502629
25,1,0.1982758620689655,0.2055837563451776,0.0660465116279069,0.2142857142857142,0.2411764705882353,0.0814479638009049,0.21483045082202315,0.07374723771440589,0.2411764705882353,0.2142857142857142,0.026890756302521107,0.14108321310761726
25,2,0.2586206896551724,0.1954314720812182,0.1767441860465116,0.2662337662337662,0.2794117647058823,0.1591251885369532,0.24992442316900976,0.1679346872917324,0.2794117647058823,0.2662337662337662,0.013177998472116093,0.08198973587727737
25,3,0.1982758620689655,0.1954314720812182,0.0195348837209302,0.2662337662337662,0.2,0.030920060331825,0.21498527509598747,0.025227472026377602,0.2662337662337662,0.2,0.0662337662337662,0.18975780306960988
25,4,0.0905172413793103,0.0812182741116751,0.0167441860465116,0.0324675324675324,0.0705882352941176,0.0482654600301659,0.06869782081315885,0.03250482303833875,0.0905172413793103,0.0812182741116751,0.009298967267635197,0.0361929977748201
25,5,0.021551724137931,0.0126903553299492,0.0837209302325581,0.0259740259740259,0.0764705882352941,0.0384615384615384,0.03417167341930005,0.061091234347048246,0.0837209302325581,0.0764705882352941,0.007250341997264001,-0.026919560927748193
25,6,0.1034482758620689,0.0837563451776649,0.135813953488372,0.0454545454545454,0.0764705882352941,0.0648567119155354,0.07728243868239332,0.10033533270195369,0.135813953488372,0.1034482758620689,0.0323656776263031,-0.02305289401956037
25,7,0.168103448275862,0.0888324873096446,0.0195348837209302,0.1688311688311688,0.0852941176470588,0.1930618401206636,0.12776530551593357,0.1062983619207969,0.1930618401206636,0.1688311688311688,0.0242306712894948,0.021466943595136664
25,8,0.1594827586206896,0.1395939086294416,0.1348837209302325,0.2142857142857142,0.2176470588235294,0.0965309200603318,0.18275236008984372,0.11570732049528215,0.2176470588235294,0.2142857142857142,0.0033613445378151974,0.06704503959456157
25,9,0.1551724137931034,0.1370558375634517,0.0874418604651162,0.2597402597402597,0.2029411764705882,0.0248868778280542,0.18872742189185074,0.0561643691465852,0.2597402597402597,0.2029411764705882,0.05679908326967151,0.13256305274526553
25,10,0.2068965517241379,0.1903553299492385,0.1293023255813953,0.1883116883116883,0.2588235294117647,0.1349924585218702,0.21109677484920736,0.13214739205163273,0.2588235294117647,0.2068965517241379,0.051926977687626774,0.07894938279757463
25,11,0.0344827586206896,0.0177664974619289,0.0074418604651162,0.0064935064935064,0.0176470588235294,0.0120663650075414,0.019097455349913577,0.0097541127363288,0.0344827586206896,0.0177664974619289,0.0167162611587607,0.009343342613584776
25,12,0.1379310344827586,0.149746192893401,0.0437209302325581,0.1688311688311688,0.188235294117647,0.0897435897435897,0.16118592258124387,0.0667322599880739,0.188235294117647,0.1688311688311688,0.019404125286478197,0.09445366259316997
25,13,0.1637931034482758,0.1319796954314721,0.0344186046511627,0.0844155844155844,0.0705882352941176,0.0346907993966817,0.11269415464736247,0.034554702023922204,0.1637931034482758,0.1319796954314721,0.03181340801680371,0.07813945262344027
25,14,0.1077586206896551,0.1446700507614213,0.1497674418604651,0.1298701298701298,0.1823529411764705,0.1108597285067873,0.14116293562441917,0.13031358518362618,0.1823529411764705,0.1497674418604651,0.032585499316005406,0.010849350440792993
25,15,0.25,0.1878172588832487,0.1460465116279069,0.1818181818181818,0.2529411764705882,0.1380090497737556,0.21814415429300468,0.14202778070083127,0.2529411764705882,0.25,0.002941176470588225,0.07611637359217341
25,16,0.0172413793103448,0.0177664974619289,0.0055813953488372,0.0194805194805194,0.0147058823529411,0.0037707390648567,0.01729856965143355,0.00467606720684695,0.0194805194805194,0.0177664974619289,0.0017140220185904997,0.0126225024445866
25,17,0.6767241379310345,0.5076142131979695,0.147906976744186,0.7467532467532467,0.5147058823529411,0.4788838612368024,0.611449370058798,0.31339541899049417,0.7467532467532467,0.6767241379310345,0.07002910882221225,0.2980539510683038
25,18,0.4094827586206896,0.3527918781725888,0.0502325581395348,0.3831168831168831,0.3852941176470588,0.248868778280543,0.3826714093893051,0.1495506682100389,0.4094827586206896,0.3852941176470588,0.024188640973630826,0.2331207411792662
25,19,0.2370689655172413,0.2055837563451776,0.2083720930232558,0.3311688311688311,0.3147058823529411,0.1380090497737556,0.2721318588460478,0.1731905713985057,0.3311688311688311,0.3147058823529411,0.01646294881589,0.0989412874475421
25,20,0.1810344827586207,0.1725888324873096,0.1506976744186046,0.2142857142857142,0.2352941176470588,0.1184012066365007,0.2008007867946758,0.13454944052755263,0.2352941176470588,0.2142857142857142,0.021008403361344602,0.06625134626712317
25,21,0.4267241379310345,0.3781725888324873,0.0772093023255813,0.3766233766233766,0.3764705882352941,0.2209653092006033,0.3894976729055481,0.14908730576309231,0.4267241379310345,0.3781725888324873,0.0485515490985472,0.24041036714245578
25,22,0.2155172413793103,0.2411167512690355,0.0251162790697674,0.2792207792207792,0.2176470588235294,0.0588235294117647,0.23837545767316362,0.04196990424076605,0.2792207792207792,0.2411167512690355,0.038104027951743696,0.19640555343239757
25,23,0.2887931034482758,0.248730964467005,0.0111627906976744,0.3376623376623376,0.2588235294117647,0.0754147812971342,0.28350248374734577,0.0432887859974043,0.3376623376623376,0.2887931034482758,0.04886923421406181,0.24021369774994147
25,24,0.0689655172413793,0.0609137055837563,0.0269767441860465,0.0324675324675324,0.1117647058823529,0.0407239819004524,0.06852786529375522,0.033850363043249454,0.1117647058823529,0.0689655172413793,0.04279918864097361,0.03467750225050577
25,25,0.0991379310344827,0.0786802030456852,0.0911627906976744,0.1363636363636363,0.0764705882352941,0.0663650075414781,0.09766308966977458,0.07876389911957625,0.1363636363636363,0.0991379310344827,0.03722570532915359,0.018899190550198328
25,26,0.2155172413793103,0.2360406091370558,0.1134883720930232,0.2597402597402597,0.3058823529411765,0.1176470588235294,0.2542951157994506,0.1155677154582763,0.3058823529411765,0.2597402597402597,0.04614209320091678,0.13872740034117428
25,27,0.0474137931034482,0.0431472081218274,0.0455813953488372,0.0454545454545454,0.0411764705882352,0.0294117647058823,0.044298004317014056,0.03749658002735975,0.0474137931034482,0.0455813953488372,0.0018323977546109982,0.006801424289654308
25,28,0.521551724137931,0.4035532994923858,0.1051162790697674,0.6298701298701299,0.5352941176470588,0.361236802413273,0.5225673177868764,0.2331765407415202,0.6298701298701299,0.5352941176470588,0.0945760122230711,0.2893907770453562
25,29,0.125,0.1294416243654822,0.0493023255813953,0.1948051948051948,0.188235294117647,0.0874811463046757,0.15937052832208098,0.06839173594303549,0.1948051948051948,0.188235294117647,0.006569900687547786,0.09097879237904549
25,30,0.3620689655172414,0.3477157360406091,0.093953488372093,0.3246753246753247,0.2911764705882353,0.1613876319758672,0.3314091242053526,0.1276705601739801,0.3620689655172414,0.3477157360406091,0.014353229476632257,0.20373856403137253
25,31,0.0732758620689655,0.065989847715736,0.0176744186046511,0.0714285714285714,0.0676470588235294,0.0135746606334841,0.06958533500920057,0.0156245396190676,0.0732758620689655,0.0714285714285714,0.0018472906403941003,0.053960795390132966
26,0,0.1508620689655172,0.1294416243654822,0.0530232558139534,0.1298701298701298,0.1147058823529411,0.0950226244343891,0.1312199263885176,0.07402294012417125,0.1508620689655172,0.1298701298701298,0.020991939095387407,0.05719698626434634
26,1,0.1120689655172413,0.0913705583756345,0.1088372093023255,0.1753246753246753,0.1705882352941176,0.1153846153846153,0.13733810862791718,0.1121109123434704,0.1753246753246753,0.1705882352941176,0.004736440030557704,0.02522719628444678
26,2,0.5862068965517241,0.4390862944162436,0.0669767441860465,0.5,0.55,0.2579185520361991,0.518823297741992,0.1624476481111228,0.5862068965517241,0.55,0.036206896551724044,0.3563756496308692
26,3,0.1810344827586207,0.1878172588832487,0.0474418604651162,0.2207792207792207,0.1941176470588235,0.1500754147812971,0.19593715236997838,0.09875863762320665,0.2207792207792207,0.1941176470588235,0.02666157372039718,0.09717851474677174
26,4,0.6120689655172413,0.2741116751269035,0.1209302325581395,0.6168831168831169,0.3558823529411765,0.2858220211161387,0.4647365276171096,0.2033761268371391,0.6168831168831169,0.6120689655172413,0.004814151365875596,0.26136040077997047
26,5,0.1767241379310344,0.1700507614213198,0.16,0.2597402597402597,0.2676470588235294,0.1885369532428356,0.2185405544790358,0.1742684766214178,0.2676470588235294,0.2597402597402597,0.007906799083269689,0.044272077857618
26,6,0.021551724137931,0.0177664974619289,0.2027906976744186,0.0649350649350649,0.1,0.0648567119155354,0.0510633216337312,0.133823704794977,0.2027906976744186,0.1,0.10279069767441859,-0.08276038316124579
26,7,0.0818965517241379,0.0736040609137055,0.0111627906976744,0.0714285714285714,0.038235294117647,0.035444947209653,0.06629111954601545,0.023303868953663702,0.0818965517241379,0.0736040609137055,0.008292490810432401,0.04298725059235175
26,8,0.1896551724137931,0.1675126903553299,0.1506976744186046,0.2467532467532467,0.2852941176470588,0.1138763197586727,0.22230380679235712,0.13228699708863864,0.2852941176470588,0.2467532467532467,0.03854087089381211,0.09001680970371848
26,9,0.8146551724137931,0.6548223350253807,0.1190697674418604,0.8571428571428571,0.6647058823529411,0.6726998491704375,0.747831561733743,0.3958848083061489,0.8571428571428571,0.8146551724137931,0.042487684729063946,0.3519467534275941
26,10,0.0517241379310344,0.0355329949238578,0.0390697674418604,0.0519480519480519,0.0294117647058823,0.0128205128205128,0.0421542373772066,0.0259451401311866,0.0519480519480519,0.0517241379310344,0.00022391401701750413,0.01620909724602
26,11,0.1853448275862069,0.1573604060913705,0.0976744186046511,0.2207792207792207,0.2147058823529411,0.0920060331825037,0.1945475842024348,0.0948402258935774,0.2207792207792207,0.2147058823529411,0.006073338426279579,0.09970735830885738
26,12,0.0301724137931034,0.0228426395939086,0.0148837209302325,0.0064935064935064,0.0058823529411764,0.0113122171945701,0.016347728205423698,0.0130979690624013,0.0301724137931034,0.0228426395939086,0.0073297741991948,0.0032497591430223974
26,13,0.0560344827586206,0.0786802030456852,0.3516279069767442,0.0649350649350649,0.1911764705882352,0.0490196078431372,0.09770655533190148,0.20032375740994068,0.3516279069767442,0.1911764705882352,0.16045143638850898,-0.1026172020780392
26,14,0.1637931034482758,0.2842639593908629,0.2241860465116279,0.2012987012987013,0.4352941176470588,0.1885369532428356,0.2711624704462247,0.20636149987723174,0.4352941176470588,0.2842639593908629,0.15103015825619587,0.06480097056899298
26,15,0.0818965517241379,0.1573604060913705,0.2474418604651163,0.1948051948051948,0.288235294117647,0.1907993966817496,0.18057436168458754,0.21912062857343295,0.288235294117647,0.2474418604651163,0.040793433652530686,-0.03854626688884541
26,16,0.2801724137931034,0.2385786802030456,0.1869767441860465,0.2662337662337662,0.2588235294117647,0.1975867269984917,0.26095209741041997,0.1922817355922691,0.2801724137931034,0.2662337662337662,0.013938647559337214,0.06867036181815087
26,17,0.0689655172413793,0.1065989847715736,0.0455813953488372,0.0974025974025974,0.1617647058823529,0.0324283559577677,0.10868295132447581,0.03900487565330245,0.1617647058823529,0.1065989847715736,0.05516572111077929,0.06967807567117336
26,18,0.3793103448275862,0.2081218274111675,0.1776744186046511,0.2662337662337662,0.2411764705882353,0.1297134238310709,0.2737106022651888,0.15369392121786102,0.3793103448275862,0.2662337662337662,0.11307657859381998,0.12001668104732777
26,19,0.2370689655172413,0.1675126903553299,0.1069767441860465,0.1558441558441558,0.1941176470588235,0.0708898944193061,0.18863586469388763,0.0889333193026763,0.2370689655172413,0.1941176470588235,0.04295131845841779,0.09970254539121133
26,20,0.0474137931034482,0.0482233502538071,0.1990697674418604,0.0454545454545454,0.1,0.0580693815987933,0.06027292220295017,0.12856957452032686,0.1990697674418604,0.1,0.09906976744186038,-0.0682966523173767
26,21,0.1982758620689655,0.2538071065989847,0.0753488372093023,0.2922077922077922,0.2794117647058823,0.116892911010558,0.25592563139540614,0.09612087410993014,0.2922077922077922,0.2794117647058823,0.01279602750190989,0.159804757285476
26,22,0.0387931034482758,0.0710659898477157,0.4409302325581395,0.1103896103896103,0.2205882352941176,0.1297134238310709,0.11020923474492986,0.2853218281946052,0.4409302325581395,0.2205882352941176,0.2203419972640219,-0.17511259344967536
26,23,0.2629310344827586,0.2842639593908629,0.0930232558139534,0.2662337662337662,0.2676470588235294,0.0965309200603318,0.27026895473272927,0.0947770879371426,0.2842639593908629,0.2676470588235294,0.016616900567333504,0.17549186679558668
26,24,0.3491379310344827,0.2918781725888325,0.053953488372093,0.3506493506493506,0.3411764705882353,0.0799396681749622,0.33321048121522523,0.0669465782735276,0.3506493506493506,0.3491379310344827,0.0015114196148678927,0.26626390294169766
26,25,0.6206896551724138,0.449238578680203,0.055813953488372,0.6623376623376623,0.5441176470588235,0.334841628959276,0.5690958858122757,0.195327791223824,0.6623376623376623,0.6206896551724138,0.041648007165248524,0.37376809458845167
26,26,0.4612068965517241,0.3807106598984771,0.0902325581395348,0.5,0.4352941176470588,0.3687782805429864,0.44430291852431497,0.2295054193412606,0.5,0.4612068965517241,0.03879310344827591,0.21479749918305438
26,27,0.3405172413793103,0.3375634517766497,0.0948837209302325,0.3181818181818182,0.2823529411764706,0.2111613876319758,0.31965386312856214,0.15302255428110417,0.3405172413793103,0.3375634517766497,0.0029537896026605726,0.16663130884745797
26,28,0.7801724137931034,0.5406091370558376,0.0381395348837209,0.7662337662337663,0.6176470588235294,0.5942684766214178,0.6761655939765592,0.31620400575256935,0.7801724137931034,0.7662337662337663,0.013938647559337158,0.3599615882239898
26,29,0.0818965517241379,0.1116751269035533,0.053953488372093,0.1233766233766233,0.1705882352941176,0.0761689291101055,0.12188413432460803,0.06506120874109925,0.1705882352941176,0.1233766233766233,0.04721161191749429,0.05682292558350878
26,30,0.146551724137931,0.1954314720812182,0.1776744186046511,0.2272727272727272,0.3235294117647059,0.1085972850678733,0.22319633381414555,0.1431358518362622,0.3235294117647059,0.2272727272727272,0.09625668449197869,0.08006048197788335
26,31,0.2586206896551724,0.2030456852791878,0.1041860465116279,0.2662337662337662,0.2558823529411764,0.2933634992458522,0.24594562352732569,0.19877477287874004,0.2933634992458522,0.2662337662337662,0.027129733012085988,0.047170850648585644
27,0,0.1939655172413793,0.1573604060913705,0.1413953488372093,0.2077922077922078,0.2323529411764706,0.0942684766214178,0.19786776807535705,0.11783191272931355,0.2323529411764706,0.2077922077922078,0.02456073338426279,0.0800358553460435
27,1,0.1767241379310344,0.1624365482233502,0.1181395348837209,0.2077922077922078,0.2088235294117647,0.0806938159879336,0.1889441058395893,0.09941667543582725,0.2088235294117647,0.2077922077922078,0.0010313216195569075,0.08952743040376204
27,2,0.1508620689655172,0.2284263959390862,0.1097674418604651,0.2337662337662337,0.3176470588235294,0.4087481146304675,0.23267543937359164,0.2592577782454663,0.4087481146304675,0.3176470588235294,0.09110105580693811,-0.026582338871874667
27,3,0.2284482758620689,0.2005076142131979,0.0455813953488372,0.2922077922077922,0.2823529411764706,0.22473604826546,0.2508791558648824,0.1351587218071486,0.2922077922077922,0.2823529411764706,0.00985485103132161,0.1157204340577338
27,4,0.021551724137931,0.0101522842639593,0.0083720930232558,0.0064935064935064,0.0058823529411764,0.006787330316742,0.011019966959143276,0.0075797116699989,0.021551724137931,0.0101522842639593,0.011399439873971701,0.0034402552891443757
27,5,0.1982758620689655,0.1472081218274111,0.0520930232558139,0.1558441558441558,0.1529411764705882,0.0580693815987933,0.16356732905278015,0.055081202427303605,0.1982758620689655,0.1558441558441558,0.042431706224809684,0.10848612662547655
27,6,0.1336206896551724,0.0203045685279187,0.3609302325581395,0.1168831168831168,0.1558823529411764,0.0444947209653092,0.10667268200184607,0.20271247676172435,0.3609302325581395,0.1558823529411764,0.2050478796169631,-0.09603979475987828
27,7,0.5862068965517241,0.5177664974619289,0.0251162790697674,0.6623376623376623,0.5911764705882353,0.3491704374057315,0.5893718817348877,0.18714335823774944,0.6623376623376623,0.5911764705882353,0.07116119174942703,0.40222852349713833
27,8,0.2543103448275862,0.1015228426395939,0.0697674418604651,0.2077922077922078,0.2323529411764706,0.1470588235294117,0.19899458410896464,0.1084131326949384,0.2543103448275862,0.2323529411764706,0.021957403651115592,0.09058145141402625
27,9,0.1336206896551724,0.0406091370558375,0.3162790697674418,0.0974025974025974,0.1617647058823529,0.1199095022624434,0.10834928249899003,0.2180942860149426,0.3162790697674418,0.1617647058823529,0.1545143638850889,-0.10974500351595257
27,10,0.1767241379310344,0.1700507614213198,0.1069767441860465,0.2012987012987013,0.238235294117647,0.1025641025641025,0.19657722369217562,0.1047704233750745,0.238235294117647,0.2012987012987013,0.03693659281894568,0.09180680031710112
27,11,0.293103448275862,0.2182741116751269,0.095813953488372,0.3116883116883117,0.2970588235294117,0.114630467571644,0.28003117379217807,0.10522221053000799,0.3116883116883117,0.2970588235294117,0.014629488158899973,0.17480896326217008
27,12,0.3491379310344827,0.299492385786802,0.2186046511627907,0.3831168831168831,0.4705882352941176,0.3273001508295626,0.3755838588080713,0.2729524009961767,0.4705882352941176,0.3831168831168831,0.08747135217723451,0.10263145781189464
27,13,0.1293103448275862,0.1421319796954314,0.1088372093023255,0.1168831168831168,0.2323529411764706,0.0633484162895927,0.15516959564565125,0.0860928127959591,0.2323529411764706,0.1421319796954314,0.0902209614810392,0.06907678284969215
27,14,0.2068965517241379,0.1472081218274111,0.0874418604651162,0.2012987012987013,0.2,0.0784313725490196,0.18885084371256255,0.0829366165070679,0.2068965517241379,0.2012987012987013,0.00559785042543659,0.10591422720549465
27,15,0.0258620689655172,0.0253807106598984,0.1562790697674418,0.0454545454545454,0.0911764705882352,0.0784313725490196,0.04696844891704905,0.1173552211582307,0.1562790697674418,0.0911764705882352,0.06510259917920659,-0.07038677224118164
27,16,0.0086206896551724,0.0177664974619289,0.1646511627906976,0.0259740259740259,0.0823529411764705,0.035444947209653,0.033678538566899424,0.1000480550001753,0.1646511627906976,0.0823529411764705,0.0822982216142271,-0.06636951643327588
27,17,0.0689655172413793,0.0279187817258883,0.3395348837209302,0.0844155844155844,0.2176470588235294,0.0769230769230769,0.09973673555159535,0.20822898032200354,0.3395348837209302,0.2176470588235294,0.12188782489740083,-0.1084922447704082
27,18,0.2112068965517241,0.248730964467005,0.0790697674418604,0.3506493506493506,0.3,0.0754147812971342,0.27764680291701993,0.0772422743694973,0.3506493506493506,0.3,0.05064935064935061,0.20040452854752264
27,19,0.2198275862068965,0.1725888324873096,0.0781395348837209,0.2272727272727272,0.2647058823529412,0.1085972850678733,0.22109875707996862,0.0933684099757971,0.2647058823529412,0.2272727272727272,0.03743315508021397,0.12773034710417153
27,20,0.1853448275862069,0.1548223350253807,0.0260465116279069,0.0519480519480519,0.0911764705882352,0.0558069381598793,0.12082292128696868,0.040926724893893096,0.1853448275862069,0.1548223350253807,0.030522492560826203,0.07989619639307559
27,21,0.2327586206896551,0.2309644670050761,0.0753488372093023,0.2142857142857142,0.2235294117647059,0.1749622926093514,0.22538455343628783,0.12515556490932683,0.2327586206896551,0.2309644670050761,0.0017941536845789974,0.100228988526961
27,22,0.2327586206896551,0.2284263959390862,0.1013953488372093,0.3766233766233766,0.3529411764705882,0.1591251885369532,0.29768739243067655,0.13026026868708124,0.3766233766233766,0.3529411764705882,0.02368220015278838,0.1674271237435953
27,23,0.2844827586206896,0.248730964467005,0.1572093023255814,0.3311688311688311,0.3617647058823529,0.1546003016591252,0.30653681503471963,0.1559048019923533,0.3617647058823529,0.3311688311688311,0.030595874713521765,0.15063201304236634
27,24,0.0775862068965517,0.0736040609137055,0.0911627906976744,0.0649350649350649,0.1029411764705882,0.0361990950226244,0.07976662730397757,0.0636809428601494,0.1029411764705882,0.0911627906976744,0.011778385772913805,0.01608568444382817
27,25,0.1896551724137931,0.1421319796954314,0.0595348837209302,0.2727272727272727,0.1941176470588235,0.0957767722473604,0.19965801797383018,0.0776558279841453,0.2727272727272727,0.1941176470588235,0.0786096256684492,0.12200218998968487
27,26,0.146551724137931,0.1370558375634517,0.147906976744186,0.2077922077922078,0.2705882352941176,0.1138763197586727,0.19049700119692703,0.13089164825142935,0.2705882352941176,0.2077922077922078,0.06279602750190977,0.05960535294549768
27,27,0.0474137931034482,0.0253807106598984,0.0223255813953488,0.0324675324675324,0.0352941176470588,0.0158371040723981,0.03513903846948445,0.01908134273387345,0.0474137931034482,0.0352941176470588,0.012119675456389395,0.016057695735611
27,28,0.1379310344827586,0.1802030456852792,0.0893023255813953,0.1168831168831168,0.2029411764705882,0.114630467571644,0.1594895933804357,0.10196639657651965,0.2029411764705882,0.1802030456852792,0.022738130785309008,0.057523196803916044
27,29,0.6551724137931034,0.5203045685279187,0.0530232558139534,0.7012987012987013,0.5882352941176471,0.3959276018099547,0.6162527444343426,0.22447542881195404,0.7012987012987013,0.6551724137931034,0.046126287505597885,0.3917773156223886
27,30,0.168103448275862,0.1624365482233502,0.0241860465116279,0.2077922077922078,0.1617647058823529,0.0301659125188536,0.17502422754344324,0.02717597951524075,0.2077922077922078,0.168103448275862,0.03968875951634582,0.14784824802820248
27,31,0.1163793103448275,0.065989847715736,0.266046511627907,0.1038961038961039,0.2,0.0950226244343891,0.12156631548916685,0.18053456803114803,0.266046511627907,0.2,0.06604651162790698,-0.05896825254198118
28,0,0.0129310344827586,0.0101522842639593,0.027906976744186,0.0194805194805194,0.0264705882352941,0.0203619909502262,0.017258606615632853,0.024134483847206102,0.027906976744186,0.0264705882352941,0.001436388508891901,-0.006875877231573249
28,1,0.1551724137931034,0.1649746192893401,0.0669767441860465,0.1818181818181818,0.2176470588235294,0.0927601809954751,0.17990306843103868,0.0798684625907608,0.2176470588235294,0.1818181818181818,0.03582887700534759,0.10003460584027787
28,2,0.0948275862068965,0.0888324873096446,0.2344186046511628,0.1558441558441558,0.1588235294117647,0.1485671191553544,0.1245819396931154,0.1914928619032586,0.2344186046511628,0.1588235294117647,0.0755950752393981,-0.06691092221014319
28,3,0.0129310344827586,0.0025380710659898,0.4595348837209302,0.0259740259740259,0.0852941176470588,0.1108597285067873,0.03168431229245827,0.28519730611385874,0.4595348837209302,0.1108597285067873,0.34867515521414294,-0.25351299382140047
28,4,0.1810344827586207,0.2106598984771573,0.1506976744186046,0.2077922077922078,0.2735294117647059,0.1093514328808446,0.21825400019817293,0.1300245536497246,0.2735294117647059,0.2106598984771573,0.06286951328754861,0.08822944654844833
28,5,0.125,0.0583756345177665,0.3069767441860465,0.1558441558441558,0.1941176470588235,0.1003016591251885,0.13333435935518645,0.2036392016556175,0.3069767441860465,0.1941176470588235,0.11285909712722297,-0.07030484230043105
28,6,0.0689655172413793,0.0634517766497461,0.0716279069767441,0.0519480519480519,0.0823529411764705,0.1184012066365007,0.06667957175391195,0.0950145568066224,0.1184012066365007,0.0823529411764705,0.03604826546003019,-0.02833498505271044
28,7,0.0948275862068965,0.1573604060913705,0.1134883720930232,0.0714285714285714,0.1676470588235294,0.1055806938159879,0.12281590563759195,0.10953453295450555,0.1676470588235294,0.1573604060913705,0.010286652732158896,0.013281372683086407
28,8,0.0775862068965517,0.1345177664974619,0.0967441860465116,0.1038961038961039,0.2,0.0505279034690799,0.12900001932252936,0.07363604475779575,0.2,0.1345177664974619,0.06548223350253812,0.0553639745647336
28,9,0.0129310344827586,0.0025380710659898,0.001860465116279,0.0,0.0,0.0030165912518853,0.0038672763871871,0.00243852818408215,0.0129310344827586,0.0030165912518853,0.0099144432308733,0.00142874820310495
28,10,0.1163793103448275,0.065989847715736,0.2725581395348837,0.1298701298701298,0.25,0.0625942684766214,0.14055982198267333,0.16757620400575257,0.2725581395348837,0.25,0.022558139534883725,-0.02701638202307924
28,11,0.168103448275862,0.1522842639593908,0.0986046511627907,0.1623376623376623,0.2441176470588235,0.1244343891402715,0.18171075540793463,0.1115195201515311,0.2441176470588235,0.168103448275862,0.0760141987829615,0.07019123525640353
28,12,0.1206896551724138,0.1649746192893401,0.0595348837209302,0.1298701298701298,0.2147058823529411,0.0588235294117647,0.1575600716712062,0.05917920656634745,0.2147058823529411,0.1649746192893401,0.04973126306360101,0.09838086510485874
28,13,0.0344827586206896,0.015228426395939,0.1237209302325581,0.0194805194805194,0.0411764705882352,0.0301659125188536,0.0275920437713458,0.07694342137570585,0.1237209302325581,0.0411764705882352,0.0825444596443229,-0.04935137760436005
28,14,0.1336206896551724,0.1624365482233502,0.0409302325581395,0.1883116883116883,0.2588235294117647,0.0512820512820512,0.1857981139004939,0.04610614192009535,0.2588235294117647,0.1883116883116883,0.07051184110007638,0.13969197198039854
28,15,0.1422413793103448,0.1319796954314721,0.2046511627906976,0.2662337662337662,0.2588235294117647,0.1289592760180995,0.19981959259683696,0.16680521940439855,0.2662337662337662,0.2588235294117647,0.007410236822001537,0.03301437319243841
28,16,0.2025862068965517,0.149746192893401,0.2120930232558139,0.1688311688311688,0.2323529411764706,0.1176470588235294,0.188379127449398,0.16487004103967165,0.2323529411764706,0.2120930232558139,0.020259917920656706,0.02350908640972635
28,17,0.2629310344827586,0.215736040609137,0.0204651162790697,0.2597402597402597,0.2294117647058823,0.1319758672699849,0.24195477488450942,0.07622049177452729,0.2629310344827586,0.2597402597402597,0.003190774742498903,0.16573428310998212
28,18,0.2758620689655172,0.2385786802030456,0.0855813953488372,0.2207792207792207,0.3176470588235294,0.1289592760180995,0.2632167571928282,0.10727033568346836,0.3176470588235294,0.2758620689655172,0.04178498985801221,0.15594642150935986
28,19,0.1336206896551724,0.1345177664974619,0.0744186046511627,0.1493506493506493,0.2058823529411764,0.0444947209653092,0.15584286461111502,0.05945666280823596,0.2058823529411764,0.1493506493506493,0.056531703590527116,0.09638620180287906
28,20,0.0172413793103448,0.0101522842639593,0.0613953488372093,0.0064935064935064,0.0058823529411764,0.0098039215686274,0.009942380752246726,0.035599635202918346,0.0613953488372093,0.0172413793103448,0.0441539695268645,-0.025657254450671622
28,21,0.4568965517241379,0.3934010152284264,0.0893023255813953,0.435064935064935,0.3823529411764705,0.2594268476621418,0.41692886079849245,0.17436458662176854,0.4568965517241379,0.435064935064935,0.021831616659202913,0.2425642741767239
28,22,0.1637931034482758,0.1446700507614213,0.1144186046511628,0.1818181818181818,0.2,0.0346907993966817,0.17257033400696975,0.07455470202392225,0.2,0.1818181818181818,0.018181818181818216,0.0980156319830475
28,23,0.0129310344827586,0.1040609137055837,0.3553488372093023,0.0454545454545454,0.2058823529411764,0.0588235294117647,0.09208221164601603,0.20708618331053352,0.3553488372093023,0.2058823529411764,0.14946648426812592,-0.1150039716645175
28,24,0.0948275862068965,0.0913705583756345,0.16,0.1103896103896103,0.2029411764705882,0.0693815987933635,0.12488223286068237,0.11469079939668175,0.2029411764705882,0.16,0.042941176470588205,0.010191433464000615
28,25,0.1379310344827586,0.1878172588832487,0.3497674418604651,0.2467532467532467,0.3029411764705882,0.3054298642533937,0.21886067914746055,0.32759865305692937,0.3497674418604651,0.3054298642533937,0.04433757760707141,-0.10873797390946882
28,26,0.0560344827586206,0.0076142131979695,0.3302325581395349,0.0779220779220779,0.1529411764705882,0.0429864253393665,0.07362798758731405,0.18660949173945068,0.3302325581395349,0.1529411764705882,0.1772913816689467,-0.11298150415213663
28,27,0.1163793103448275,0.1446700507614213,0.0716279069767441,0.1883116883116883,0.1647058823529411,0.0467571644042232,0.15351673294271956,0.05919253569048365,0.1883116883116883,0.1647058823529411,0.0236058059587472,0.09432419725223591
28,28,0.0862068965517241,0.0786802030456852,0.1674418604651162,0.1038961038961039,0.1588235294117647,0.0739064856711915,0.10690168322631947,0.12067417306815384,0.1674418604651162,0.1588235294117647,0.008618331053351497,-0.013772489841834365
28,29,0.1767241379310344,0.1954314720812182,0.0232558139534883,0.1363636363636363,0.1705882352941176,0.1214177978883861,0.16977687041750164,0.07233680592093719,0.1954314720812182,0.1767241379310344,0.018707334150183802,0.09744006449656445
28,30,0.0905172413793103,0.1065989847715736,0.0734883720930232,0.1168831168831168,0.1117647058823529,0.0633484162895927,0.10644101222908842,0.06841839419130795,0.1168831168831168,0.1117647058823529,0.005118411000763892,0.03802261803778047
28,31,0.021551724137931,0.0253807106598984,0.0111627906976744,0.0389610389610389,0.0147058823529411,0.0233785822021116,0.02514983902795235,0.017270686449892998,0.0389610389610389,0.0253807106598984,0.013580328301140497,0.00787915257805935
29,0,0.6206896551724138,0.467005076142132,0.0065116279069767,0.6948051948051948,0.5558823529411765,0.2941176470588235,0.5845955697652292,0.15031463748290008,0.6948051948051948,0.6206896551724138,0.07411553963278095,0.4342809322823291
29,1,0.1077586206896551,0.149746192893401,0.0762790697674418,0.1298701298701298,0.1970588235294117,0.0761689291101055,0.1461084417456494,0.07622399943877364,0.1970588235294117,0.149746192893401,0.04731263063601071,0.06988444230687577
29,2,0.021551724137931,0.0101522842639593,0.0055813953488372,0.0,0.0058823529411764,0.0060331825037707,0.009396590335766676,0.00580728892630395,0.021551724137931,0.0101522842639593,0.011399439873971701,0.0035893014094627263
29,3,0.1939655172413793,0.0862944162436548,0.2288372093023256,0.1753246753246753,0.2147058823529411,0.1802413273001508,0.16757262279066262,0.2045392683012382,0.2288372093023256,0.2147058823529411,0.014131326949384487,-0.036966645510575574
29,4,0.6724137931034483,0.631979695431472,0.2167441860465116,0.6298701298701299,0.6058823529411764,0.6153846153846154,0.6350364928365566,0.4160644007155635,0.6724137931034483,0.631979695431472,0.040434097671976255,0.2189720921209931
29,5,0.0387931034482758,0.1598984771573604,0.1702325581395349,0.0454545454545454,0.2,0.0535444947209653,0.1110365315150454,0.1118885264302501,0.2,0.1702325581395349,0.02976744186046512,-0.0008519949152046985
29,6,0.1551724137931034,0.1294416243654822,0.1116279069767441,0.1688311688311688,0.1764705882352941,0.0942684766214178,0.15747894880626212,0.10294819179908095,0.1764705882352941,0.1688311688311688,0.007639419404125297,0.05453075700718117
29,7,0.271551724137931,0.1878172588832487,0.1237209302325581,0.2207792207792207,0.3147058823529411,0.1538461538461538,0.24871352153833537,0.13878354203935594,0.3147058823529411,0.271551724137931,0.04315415821501012,0.10992997949897942
29,8,0.4913793103448275,0.416243654822335,0.1190697674418604,0.4025974025974026,0.4411764705882353,0.2677224736048265,0.4378492095882001,0.19339612052334343,0.4913793103448275,0.4411764705882353,0.05020283975659223,0.2444530890648567
29,9,0.2327586206896551,0.2791878172588832,0.053953488372093,0.2987012987012987,0.3647058823529411,0.2767722473604826,0.29383840475069456,0.16536286786628782,0.3647058823529411,0.2987012987012987,0.06600458365164241,0.12847553688440674
29,10,0.3663793103448275,0.5152284263959391,0.1488372093023255,0.2727272727272727,0.4176470588235294,0.3340874811463046,0.3929955170728922,0.24146234522431503,0.5152284263959391,0.4176470588235294,0.0975813675724097,0.15153317184857718
29,11,0.1077586206896551,0.116751269035533,0.0753488372093023,0.1558441558441558,0.2294117647058823,0.0641025641025641,0.15244145256880656,0.0697257006559332,0.2294117647058823,0.1558441558441558,0.07356760886172647,0.08271575191287336
29,12,0.0732758620689655,0.032994923857868,0.0567441860465116,0.0714285714285714,0.0294117647058823,0.0452488687782805,0.0517777805153218,0.05099652741239605,0.0732758620689655,0.0714285714285714,0.0018472906403941003,0.0007812531029257538
29,13,0.4525862068965517,0.4289340101522843,0.1190697674418604,0.422077922077922,0.4176470588235294,0.3205128205128205,0.43031129948757185,0.21979129397734043,0.4525862068965517,0.4289340101522843,0.02365219674426744,0.21052000551023142
29,14,0.1077586206896551,0.0050761421319796,0.36,0.1233766233766233,0.1588235294117647,0.0987933634992458,0.09875872890250567,0.2293966817496229,0.36,0.1588235294117647,0.2011764705882353,-0.13063795284711724
29,15,0.0732758620689655,0.0862944162436548,0.0688372093023255,0.0714285714285714,0.1,0.0844645550527903,0.08274971243529793,0.07665088217755789,0.1,0.0862944162436548,0.013705583756345202,0.006098830257740037
29,16,0.1379310344827586,0.1218274111675127,0.0632558139534883,0.1428571428571428,0.1588235294117647,0.0527903469079939,0.1403597794797947,0.0580230804307411,0.1588235294117647,0.1428571428571428,0.015966386554621903,0.0823366990490536
29,17,0.2112068965517241,0.1903553299492385,0.0846511627906976,0.1948051948051948,0.2294117647058823,0.0995475113122171,0.20644479650300993,0.09209933705145736,0.2294117647058823,0.2112068965517241,0.0182048681541582,0.11434545945155257
29,18,0.0129310344827586,0.0,0.0027906976744186,0.0129870129870129,0.0029411764705882,0.002262443438914,0.007214805985089925,0.0025265705566663,0.0129870129870129,0.0129310344827586,5.5978504254299705e-05,0.004688235428423625
29,19,0.5603448275862069,0.4898477157360406,0.1646511627906976,0.6233766233766234,0.5264705882352941,0.3092006033182504,0.5500099387335412,0.23692588305447398,0.6233766233766234,0.5603448275862069,0.06303179579041651,0.3130840556790672
29,20,0.2198275862068965,0.1903553299492385,0.0576744186046511,0.1428571428571428,0.2176470588235294,0.0558069381598793,0.1926717794592018,0.056740678382265194,0.2198275862068965,0.2176470588235294,0.0021805273833671035,0.13593110107693662
29,21,0.1034482758620689,0.1395939086294416,0.0288372093023255,0.1038961038961039,0.2323529411764706,0.1070889894419306,0.14482280739102127,0.06796309937212805,0.2323529411764706,0.1395939086294416,0.092759032547029,0.07685970801889322
29,22,0.168103448275862,0.1675126903553299,0.067906976744186,0.1623376623376623,0.1705882352941176,0.0414781297134238,0.16713550906574295,0.0546925532288049,0.1705882352941176,0.168103448275862,0.0024847870182556075,0.11244295583693806
29,23,0.0689655172413793,0.1142131979695431,0.0372093023255813,0.1038961038961039,0.1176470588235294,0.0339366515837104,0.10118046948263891,0.03557297695464585,0.1176470588235294,0.1142131979695431,0.0034338608539862953,0.06560749252799306
29,24,0.0301724137931034,0.0177664974619289,0.1506976744186046,0.0259740259740259,0.0588235294117647,0.0708898944193061,0.03318411666020572,0.11079378441895535,0.1506976744186046,0.0708898944193061,0.0798077799992985,-0.07760966775874963
29,25,0.1379310344827586,0.1522842639593908,0.0576744186046511,0.0974025974025974,0.1176470588235294,0.0399698340874811,0.12631623866706904,0.0488221263460661,0.1522842639593908,0.1379310344827586,0.014353229476632201,0.07749411232100294
29,26,0.2370689655172413,0.2030456852791878,0.0251162790697674,0.3116883116883117,0.3147058823529411,0.0429864253393665,0.26662721120942046,0.034051352204566954,0.3147058823529411,0.3116883116883117,0.003017570664629432,0.2325758590048535
29,27,0.1551724137931034,0.1522842639593908,0.12,0.1818181818181818,0.1852941176470588,0.0550527903469079,0.1686422443044337,0.08752639517345395,0.1852941176470588,0.1818181818181818,0.003475935828877008,0.08111584913097974
29,28,0.0387931034482758,0.0380710659898477,0.0167441860465116,0.0259740259740259,0.0235294117647058,0.0414781297134238,0.0315919017942138,0.0291111578799677,0.0414781297134238,0.0387931034482758,0.002685026265148001,0.002480743914246096
29,29,0.0474137931034482,0.0076142131979695,0.3460465116279069,0.0389610389610389,0.1029411764705882,0.0377073906485671,0.0492325554332612,0.191876951138237,0.3460465116279069,0.1029411764705882,0.2431053351573187,-0.14264439570497578
29,30,0.3362068965517241,0.3527918781725888,0.0697674418604651,0.2922077922077922,0.4147058823529412,0.2066365007541478,0.3489781123212616,0.13820197130730644,0.4147058823529412,0.3527918781725888,0.06191400418035242,0.21077614101395514
29,31,0.1077586206896551,0.1192893401015228,0.0362790697674418,0.1428571428571428,0.1117647058823529,0.028657616892911,0.1204174523826684,0.0324683433301764,0.1428571428571428,0.1192893401015228,0.023567802755619996,0.08794910905249201
30,0,0.4827586206896552,0.3553299492385787,0.1562790697674418,0.4285714285714285,0.3529411764705882,0.1463046757164404,0.40490029374256264,0.1512918727419411,0.4827586206896552,0.4285714285714285,0.0541871921182267,0.25360842100062153
30,1,0.3577586206896552,0.2588832487309644,0.0223255813953488,0.2987012987012987,0.3529411764705882,0.2194570135746606,0.3170710861481266,0.1208912974850047,0.3577586206896552,0.3529411764705882,0.004817444219066991,0.1961797886631219
30,2,0.271551724137931,0.2411167512690355,0.3376744186046511,0.2662337662337662,0.3176470588235294,0.3265460030165912,0.27413732511606553,0.33211021081062114,0.3376744186046511,0.3265460030165912,0.011128415588059881,-0.05797288569455561
30,3,0.146551724137931,0.1319796954314721,0.0902325581395348,0.1623376623376623,0.2205882352941176,0.0610859728506787,0.16536432930029576,0.07565926549510675,0.2205882352941176,0.1623376623376623,0.058250572956455304,0.08970506380518901
30,4,0.0258620689655172,0.0203045685279187,0.0074418604651162,0.0,0.0147058823529411,0.0173453996983408,0.015218129961594249,0.0123936300817285,0.0258620689655172,0.0203045685279187,0.005557500437598499,0.002824499879865749
30,5,0.5948275862068966,0.5050761421319797,0.1367441860465116,0.525974025974026,0.5294117647058824,0.4223227752639517,0.5388223797546962,0.27953348065523165,0.5948275862068966,0.5294117647058824,0.06541582150101422,0.2592888990994645
30,6,0.0991379310344827,0.1040609137055837,0.0809302325581395,0.1233766233766233,0.1676470588235294,0.0384615384615384,0.12355563173505477,0.05969588550983895,0.1676470588235294,0.1233766233766233,0.04427043544690609,0.06385974622521581
30,7,0.6681034482758621,0.550761421319797,0.0260465116279069,0.6298701298701299,0.6147058823529412,0.5015082956259427,0.6158602204546826,0.2637774036269248,0.6681034482758621,0.6298701298701299,0.038233318405732186,0.35208281682775777
30,8,0.1120689655172413,0.0964467005076142,0.0204651162790697,0.0844155844155844,0.0852941176470588,0.0361990950226244,0.09455634202187467,0.028332105650847053,0.1120689655172413,0.0964467005076142,0.015622265009627101,0.06622423637102762
30,9,0.1767241379310344,0.1370558375634517,0.0781395348837209,0.1818181818181818,0.1647058823529411,0.085972850678733,0.16507600991640226,0.08205619278122694,0.1818181818181818,0.1767241379310344,0.005094043887147404,0.08301981713517531
30,10,0.8146551724137931,0.7182741116751269,0.1088372093023255,0.7662337662337663,0.6941176470588235,0.5180995475113123,0.7483201743453776,0.3134683784068189,0.8146551724137931,0.7662337662337663,0.04842140618002688,0.43485179593855866
30,11,0.125,0.1116751269035533,0.1302325581395348,0.1103896103896103,0.15,0.0452488687782805,0.1242661843232909,0.08774071345890765,0.15,0.1302325581395348,0.019767441860465196,0.03652547086438325
30,12,0.3836206896551724,0.4517766497461929,0.0623255813953488,0.3051948051948052,0.4058823529411764,0.2880844645550527,0.3866186243843367,0.17520502297520074,0.4517766497461929,0.4058823529411764,0.0458942968050165,0.21141360140913595
30,13,0.1637931034482758,0.065989847715736,0.1367441860465116,0.1038961038961039,0.0852941176470588,0.0535444947209653,0.10474329317679364,0.09514434038373845,0.1637931034482758,0.1367441860465116,0.02704891740176421,0.009598952793055185
30,14,0.4741379310344827,0.434010152284264,0.266046511627907,0.564935064935065,0.4764705882352941,0.3981900452488687,0.4873884341222765,0.3321182784383878,0.564935064935065,0.4764705882352941,0.08846447669977087,0.1552701556838887
30,15,0.2413793103448276,0.2131979695431472,0.013953488372093,0.3571428571428571,0.2970588235294117,0.1998491704374057,0.2771947401400609,0.10690132940474935,0.3571428571428571,0.2970588235294117,0.06008403361344539,0.17029341073531157
30,16,0.2801724137931034,0.2588832487309644,0.3767441860465116,0.3896103896103896,0.3205882352941177,0.1764705882352941,0.31231357185714376,0.2766073871409028,0.3896103896103896,0.3767441860465116,0.012866203563877965,0.03570618471624093
30,17,0.0172413793103448,0.0076142131979695,0.3413953488372093,0.0649350649350649,0.1147058823529411,0.033182503770739,0.05112413494908008,0.18728892630397415,0.3413953488372093,0.1147058823529411,0.2266894664842682,-0.13616479135489407
30,18,0.2241379310344827,0.2766497461928934,0.0493023255813953,0.1883116883116883,0.2058823529411764,0.0957767722473604,0.2237454296200602,0.07253954891437786,0.2766497461928934,0.2241379310344827,0.05251181515841069,0.15120588070568233
30,19,0.1767241379310344,0.2005076142131979,0.1655813953488372,0.2012987012987013,0.2647058823529412,0.0603318250377073,0.2108090839489687,0.11295661019327224,0.2647058823529412,0.2012987012987013,0.06340718105423987,0.09785247375569645
30,20,0.1379310344827586,0.149746192893401,0.1758139534883721,0.1558441558441558,0.2058823529411764,0.1131221719457013,0.16235093404037296,0.1444680627170367,0.2058823529411764,0.1758139534883721,0.030068399452804317,0.01788287132333627
30,21,0.5818965517241379,0.416243654822335,0.0744186046511627,0.422077922077922,0.4,0.2232277526395173,0.4550545321560987,0.14882317864534,0.5818965517241379,0.422077922077922,0.1598186296462159,0.3062313535107587
30,22,0.168103448275862,0.1878172588832487,0.1376744186046511,0.1688311688311688,0.1676470588235294,0.083710407239819,0.17309973370345222,0.11069241292223506,0.1878172588832487,0.1688311688311688,0.018986090052079907,0.06240732078121716
30,23,0.2025862068965517,0.1700507614213198,0.1116279069767441,0.2207792207792207,0.2235294117647059,0.1070889894419306,0.2042364002154495,0.10935844820933735,0.2235294117647059,0.2207792207792207,0.002750190985485207,0.09487795200611215
30,24,0.293103448275862,0.1954314720812182,0.1013953488372093,0.2532467532467532,0.238235294117647,0.1787330316742081,0.2450042419303701,0.1400641902557087,0.293103448275862,0.2532467532467532,0.03985669502910877,0.10494005167466139
30,25,0.3922413793103448,0.3426395939086294,0.0762790697674418,0.435064935064935,0.4029411764705882,0.0920060331825037,0.39322177118862434,0.08414255147497274,0.435064935064935,0.4029411764705882,0.032123758594346796,0.3090792197136516
30,26,0.1163793103448275,0.065989847715736,0.0269767441860465,0.1038961038961039,0.1058823529411764,0.0444947209653092,0.09803690372446094,0.03573573257567785,0.1163793103448275,0.1058823529411764,0.0104969574036511,0.06230117114878309
30,27,0.0948275862068965,0.0406091370558375,0.0306976744186046,0.0584415584415584,0.0470588235294117,0.0233785822021116,0.06023427630842603,0.027038128310358102,0.0948275862068965,0.0584415584415584,0.03638602776533811,0.03319614799806793
30,28,0.2327586206896551,0.2385786802030456,0.0483720930232558,0.2792207792207792,0.2764705882352941,0.1349924585218702,0.2567571670871935,0.091682275772563,0.2792207792207792,0.2764705882352941,0.0027501909854851236,0.1650748913146305
30,29,0.1379310344827586,0.1751269035532995,0.1255813953488372,0.1883116883116883,0.188235294117647,0.0603318250377073,0.17240123011634834,0.09295661019327225,0.1883116883116883,0.188235294117647,7.639419404129044e-05,0.07944461992307608
30,30,0.1293103448275862,0.1269035532994923,0.08,0.1298701298701298,0.1647058823529411,0.0482654600301659,0.13769747758753736,0.06413273001508295,0.1647058823529411,0.1298701298701298,0.03483575248281129,0.07356474757245442
30,31,0.3060344827586206,0.3197969543147208,0.0306976744186046,0.3051948051948052,0.4441176470588235,0.1749622926093514,0.3437859723317425,0.102829983513978,0.4441176470588235,0.3197969543147208,0.12432069274410268,0.24095598881776453
31,0,0.6120689655172413,0.5,0.1227906976744186,0.6493506493506493,0.6705882352941176,0.5399698340874811,0.6080019625405021,0.3313802658809499,0.6705882352941176,0.6493506493506493,0.02123758594346825,0.2766216966595522
31,1,0.1508620689655172,0.1446700507614213,0.2297674418604651,0.1428571428571428,0.2029411764705882,0.0625942684766214,0.16033260976366737,0.14618085516854326,0.2297674418604651,0.2029411764705882,0.026826265389876897,0.014151754595124105
31,2,0.0603448275862069,0.0532994923857868,0.0102325581395348,0.0649350649350649,0.0470588235294117,0.0271493212669683,0.05640955210911758,0.01869093970325155,0.0649350649350649,0.0603448275862069,0.004590237348858002,0.03771861240586603
31,3,0.6163793103448276,0.5431472081218274,0.0846511627906976,0.6103896103896104,0.5852941176470589,0.4238310708898944,0.5888025616258311,0.254241116840296,0.6163793103448276,0.6103896103896104,0.005989699955217254,0.3345614447855351
31,4,0.3663793103448275,0.3477157360406091,0.0493023255813953,0.5194805194805194,0.5441176470588235,0.27526395173454,0.44442330323119483,0.16228313865796765,0.5441176470588235,0.5194805194805194,0.024637127578304052,0.2821401645732272
31,5,0.1982758620689655,0.1370558375634517,0.1655813953488372,0.1948051948051948,0.188235294117647,0.0942684766214178,0.17959304713881474,0.1299249359851275,0.1982758620689655,0.1948051948051948,0.0034706672637707103,0.049668111153687244
31,6,0.6982758620689655,0.583756345177665,0.0093023255813953,0.6428571428571429,0.5205882352941177,0.255656108597285,0.6113693963494727,0.13247921708934016,0.6982758620689655,0.6428571428571429,0.05541871921182262,0.47889017926013255
31,7,0.2327586206896551,0.1954314720812182,0.0111627906976744,0.2272727272727272,0.2558823529411764,0.0814479638009049,0.2278362932461942,0.046305377249289646,0.2558823529411764,0.2327586206896551,0.023123732251521284,0.18153091599690455
31,8,0.7241379310344828,0.5558375634517766,0.0390697674418604,0.6038961038961039,0.5088235294117647,0.3190045248868778,0.598173781948532,0.1790371461643691,0.7241379310344828,0.6038961038961039,0.12024182713837883,0.4191366357841629
31,9,0.2801724137931034,0.215736040609137,0.0306976744186046,0.2077922077922078,0.2205882352941176,0.143288084464555,0.23107222437214145,0.0869928794415798,0.2801724137931034,0.2205882352941176,0.05958417849898581,0.14407934493056165
31,10,0.2198275862068965,0.1573604060913705,0.0948837209302325,0.1883116883116883,0.2941176470588235,0.0874811463046757,0.21490433191719469,0.0911824336174541,0.2941176470588235,0.2198275862068965,0.07429006085192699,0.12372189829974059
31,11,0.1896551724137931,0.1802030456852792,0.1330232558139535,0.2207792207792207,0.3029411764705882,0.0995475113122171,0.2233946538372203,0.11628538356308529,0.3029411764705882,0.2207792207792207,0.08216195569136753,0.107109270274135
31,12,0.1551724137931034,0.1269035532994923,0.1525581395348837,0.1818181818181818,0.2529411764705882,0.1116138763197586,0.17920883134534143,0.13208600792732114,0.2529411764705882,0.1818181818181818,0.07112299465240643,0.04712282341802029
31,13,0.6206896551724138,0.4796954314720812,0.0102325581395348,0.6493506493506493,0.538235294117647,0.3076923076923077,0.5719927575281979,0.15896243291592124,0.6493506493506493,0.6206896551724138,0.028660994178235533,0.4130303246122766
31,14,0.0258620689655172,0.0431472081218274,0.04,0.0389610389610389,0.0352941176470588,0.033182503770739,0.03581610842386058,0.036591251885369505,0.0431472081218274,0.04,0.003147208121827401,-0.0007751434615089273
31,15,0.0560344827586206,0.0634517766497461,0.1293023255813953,0.0649350649350649,0.1411764705882353,0.0452488687782805,0.08139944873291673,0.08727559717983789,0.1411764705882353,0.1293023255813953,0.011874145006840003,-0.0058761484469211644
31,16,0.396551724137931,0.383248730964467,0.0995348837209302,0.4935064935064935,0.4323529411764706,0.2496229260935143,0.4264149724463405,0.17457890490722225,0.4935064935064935,0.4323529411764706,0.0611535523300229,0.25183606753911825
31,17,0.0775862068965517,0.0304568527918781,0.2641860465116279,0.0714285714285714,0.0970588235294117,0.035444947209653,0.06913261366160323,0.14981549686064047,0.2641860465116279,0.0970588235294117,0.16712722298221622,-0.08068288319903724
31,18,0.1853448275862069,0.1192893401015228,0.0483720930232558,0.1558441558441558,0.1323529411764706,0.0444947209653092,0.14820781617708903,0.0464334069942825,0.1853448275862069,0.1558441558441558,0.029500671742051093,0.10177440918280653
31,19,0.4525862068965517,0.2842639593908629,0.0604651162790697,0.3896103896103896,0.3558823529411765,0.1395173453996983,0.3705857272097452,0.099991230839384,0.4525862068965517,0.3896103896103896,0.06297581728616214,0.2705944963703612
31,20,0.1810344827586207,0.149746192893401,0.0986046511627907,0.2337662337662337,0.2705882352941176,0.1357466063348416,0.20878378617809323,0.11717562874881615,0.2705882352941176,0.2337662337662337,0.03682200152788387,0.09160815742927708
31,21,0.0948275862068965,0.0736040609137055,0.0204651162790697,0.1493506493506493,0.3,0.0233785822021116,0.15444557411781282,0.021921849240590652,0.3,0.1493506493506493,0.1506493506493507,0.13252372487722217
31,22,0.0646551724137931,0.0634517766497461,0.015813953488372,0.0584415584415584,0.0676470588235294,0.0188536953242835,0.06354889158215675,0.01733382440632775,0.0676470588235294,0.0646551724137931,0.0029918864097362996,0.046215067175829
31,23,0.1637931034482758,0.0761421319796954,0.2716279069767441,0.1688311688311688,0.2029411764705882,0.0799396681749622,0.15292689518243205,0.17578378757585317,0.2716279069767441,0.2029411764705882,0.0686867305061559,-0.02285689239342112
31,24,0.1034482758620689,0.1319796954314721,0.0455813953488372,0.1363636363636363,0.2117647058823529,0.0686274509803921,0.14588907838488255,0.05710442316461464,0.2117647058823529,0.1363636363636363,0.07540106951871661,0.0887846552202679
31,25,0.0732758620689655,0.1116751269035533,0.0837209302325581,0.0909090909090909,0.1588235294117647,0.0558069381598793,0.1086709023233436,0.0697639341962187,0.1588235294117647,0.1116751269035533,0.047148402508211396,0.03890696812712491
31,26,0.6724137931034483,0.5939086294416244,0.0362790697674418,0.5974025974025974,0.5911764705882353,0.4547511312217194,0.6137253726339763,0.24551510049458058,0.6724137931034483,0.5974025974025974,0.07501119570085091,0.3682102721393957
31,27,0.0991379310344827,0.0228426395939086,0.3841860465116279,0.2662337662337662,0.2470588235294117,0.2481146304675716,0.1588182900978923,0.3161503384895997,0.3841860465116279,0.2662337662337662,0.1179522802778617,-0.15733204839170742
31,28,0.2413793103448276,0.2131979695431472,0.0920930232558139,0.2337662337662337,0.2823529411764706,0.0867269984917043,0.24267411370766978,0.0894100108737591,0.2823529411764706,0.2413793103448276,0.04097363083164299,0.15326410283391068
31,29,0.3232758620689655,0.2538071065989847,0.0176744186046511,0.3116883116883117,0.2529411764705882,0.0814479638009049,0.28542811420671255,0.049561191202778,0.3232758620689655,0.3116883116883117,0.011587550380653844,0.23586692300393455
31,30,0.0517241379310344,0.0609137055837563,0.0102325581395348,0.0324675324675324,0.0852941176470588,0.0233785822021116,0.05759987340734547,0.0168055701708232,0.0852941176470588,0.0609137055837563,0.0243804120633025,0.04079430323652227
31,31,0.1896551724137931,0.0279187817258883,0.08,0.2922077922077922,0.2529411764705882,0.3122171945701357,0.19068073070451547,0.19610859728506785,0.3122171945701357,0.2922077922077922,0.020009402362343498,-0.005427866580552387
