seed,treebank,timestep,normalized_progress,depth,position_state,top1,top5,mrr,mean_rank,n_positions
42,UD_English-EWT,0,0.0,0,masked,0.0,6.486766995329527e-05,0.00020855302515578007,14376.204462895692,15416
42,UD_English-EWT,0,0.0,0,visible,0.0,0.0,3.125e-05,32000.0,732
42,UD_English-EWT,0,0.0,1,masked,0.0,0.0,0.0017107900159206713,7788.952970939284,15416
42,UD_English-EWT,0,0.0,1,visible,0.03415300546448088,0.9877049180327869,0.39469489981785066,2.8346994535519126,732
42,UD_English-EWT,0,0.0,2,masked,6.486766995329527e-05,0.00012973533990659055,0.0008459984704917662,9584.133822003114,15416
42,UD_English-EWT,0,0.0,2,visible,0.0,0.0,0.0001312486423015838,7622.096994535519,732
42,UD_English-EWT,0,0.0,3,masked,0.0,6.486766995329527e-05,0.0007867251360449097,10403.52672548002,15416
42,UD_English-EWT,0,0.0,3,visible,0.0,0.0,0.00012725845725593786,7861.401639344263,732
42,UD_English-EWT,0,0.0,4,masked,0.0,0.0006486766995329528,0.002080835089766031,9555.420277633628,15416
42,UD_English-EWT,0,0.0,4,visible,0.0,0.0,0.0001284914363923103,7786.542349726776,732
42,UD_English-EWT,0,0.0,5,masked,0.0,0.0007784120394395433,0.002730335404733084,8126.266216917488,15416
42,UD_English-EWT,0,0.0,5,visible,0.0,0.0,0.00012370885320230497,8088.811475409836,732
42,UD_English-EWT,0,0.0,6,masked,6.486766995329527e-05,0.00019460300985988584,0.0023841091685381623,7557.214517384536,15416
42,UD_English-EWT,0,0.0,6,visible,0.0,0.0,0.00012385305481659383,8078.6598360655735,732
42,UD_English-EWT,0,0.0,7,masked,6.486766995329527e-05,0.00934094447327452,0.007256769727876244,7036.336274001038,15416
42,UD_English-EWT,0,0.0,7,visible,0.0,0.0,0.00012538261103662004,7979.295081967213,732
42,UD_English-EWT,0,0.0,8,masked,6.486766995329527e-05,0.00012973533990659055,0.0006272449833665847,9102.4019849507,15416
42,UD_English-EWT,0,0.0,8,visible,0.0,0.0,0.00012864510259718995,7783.061475409836,732
42,UD_English-EWT,0,0.0,9,masked,6.486766995329527e-05,0.0002594706798131811,0.0012550612469374681,8178.926115723923,15416
42,UD_English-EWT,0,0.0,9,visible,0.0,0.0,0.0001299315130184375,7713.780054644809,732
42,UD_English-EWT,0,0.0,10,masked,6.486766995329527e-05,0.0034379865075246496,0.0052492181109692875,6038.352361183186,15416
42,UD_English-EWT,0,0.0,10,visible,0.0,0.0,0.00013012194537360212,7711.493169398907,732
42,UD_English-EWT,0,0.0,11,masked,6.486766995329527e-05,0.00019460300985988584,0.0013032487565136006,7106.2085495589,15416
42,UD_English-EWT,0,0.0,11,visible,0.0,0.0,0.00013539734199601898,7427.245901639344,732
42,UD_English-EWT,0,0.0,12,masked,6.486766995329527e-05,0.0002594706798131811,0.0016144453090305953,6462.022119875454,15416
42,UD_English-EWT,0,0.0,12,visible,0.0,0.0,0.00013843782793031414,7280.437158469946,732
42,UD_English-EWT,0,0.0,13,masked,6.486766995329527e-05,0.00012973533990659055,0.0013042236244984796,6867.285936689154,15416
42,UD_English-EWT,0,0.0,13,visible,0.0,0.0,0.00013810743659081797,7300.725409836065,732
42,UD_English-EWT,0,0.0,14,masked,6.486766995329527e-05,0.00012973533990659055,0.0011551615998762021,6862.113842760768,15416
42,UD_English-EWT,0,0.0,14,visible,0.0,0.0,0.00013977633761077645,7222.064207650274,732
42,UD_English-EWT,0,0.0,15,masked,6.486766995329527e-05,0.00019460300985988584,0.0013966155626090263,6569.465620134924,15416
42,UD_English-EWT,0,0.0,15,visible,0.0,0.0,0.00014306706043505201,7075.285519125683,732
42,UD_English-EWT,0,0.0,16,masked,0.0,0.0,0.00043748031991681615,9057.80611053451,15416
42,UD_English-EWT,0,0.0,16,visible,0.0,0.0,0.00014227554753920303,7127.562841530054,732
42,UD_English-EWT,0,0.0,17,masked,0.0,0.0,0.0007243846578806182,7942.5880254281265,15416
42,UD_English-EWT,0,0.0,17,visible,0.0,0.0,0.00015354189879949047,6594.946721311476,732
42,UD_English-EWT,0,0.0,18,masked,0.0,0.0,0.0012869520191885458,7065.51478982875,15416
42,UD_English-EWT,0,0.0,18,visible,0.0,0.0,0.0001493255171384303,6765.11475409836,732
42,UD_English-EWT,0,0.0,19,masked,0.0,0.0,0.0019573431487659877,6171.84814478464,15416
42,UD_English-EWT,0,0.0,19,visible,0.0,0.0,0.00014622449298894245,6898.098360655737,732
42,UD_English-EWT,0,0.0,20,masked,0.0,0.0,0.001493296055880902,6773.990788790867,15416
42,UD_English-EWT,0,0.0,20,visible,0.0,0.0,0.00014712291226176,6842.00956284153,732
42,UD_English-EWT,0,0.0,21,masked,0.0,0.0,0.0025515980525021745,6057.043785677219,15416
42,UD_English-EWT,0,0.0,21,visible,0.0,0.0,0.0001439597478168825,6986.3005464480875,732
42,UD_English-EWT,0,0.0,22,masked,0.0,0.0,0.0018641475258036027,6549.331927867151,15416
42,UD_English-EWT,0,0.0,22,visible,0.0,0.0,0.00014540612538158123,6914.472677595629,732
42,UD_English-EWT,0,0.0,23,masked,0.0,0.0,0.0014456492367920174,6932.890243902439,15416
42,UD_English-EWT,0,0.0,23,visible,0.0,0.0,0.0001474072664045256,6826.896174863388,732
42,UD_English-EWT,0,0.0,24,masked,0.0,0.0,0.0015622582486306397,6706.492151011936,15416
42,UD_English-EWT,0,0.0,24,visible,0.0,0.0,0.00015210636895737634,6619.170765027322,732
42,UD_English-EWT,0,0.0,25,masked,0.0,0.0,0.0015735624191597231,6775.2904774260505,15416
42,UD_English-EWT,0,0.0,25,visible,0.0,0.0,0.00015443842192666796,6516.9057377049185,732
42,UD_English-EWT,0,0.0,26,masked,0.0,0.0,0.0016376026310870309,6506.663401660612,15416
42,UD_English-EWT,0,0.0,26,visible,0.0,0.0,0.0001545298946241787,6513.4713114754095,732
42,UD_English-EWT,0,0.0,27,masked,0.0,0.0007784120394395433,0.0036284880087358584,5279.635962636222,15416
42,UD_English-EWT,0,0.0,27,visible,0.0,0.0,0.00014728081288372614,6822.879781420765,732
42,UD_English-EWT,0,0.0,28,masked,0.00012973533990659055,0.0024001037882719254,0.007180798378431152,4677.391541255838,15416
42,UD_English-EWT,0,0.0,28,visible,0.0,0.0,0.0001595890836807805,6293.439890710382,732
42,UD_English-EWT,0,0.0,29,masked,0.0,0.03470420342501297,0.021278505764853857,3593.4216398546964,15416
42,UD_English-EWT,0,0.0,29,visible,0.0,0.0,0.0001746165671163763,5745.314207650274,732
42,UD_English-EWT,0,0.0,30,masked,0.013492475350285417,0.07634924753502854,0.05029829043047554,2581.6905812143227,15416
42,UD_English-EWT,0,0.0,30,visible,0.0,0.0,0.00013941014417379055,7191.46174863388,732
42,UD_English-EWT,0,0.0,31,masked,0.03035806953814219,0.10515049299429165,0.07591418373997408,1911.490334717177,15416
42,UD_English-EWT,0,0.0,31,visible,0.0,0.0,4.633671787271256e-05,21612.464480874318,732
42,UD_English-EWT,0,0.0,32,masked,0.022314478463933574,0.11046964193046185,0.07321094778798788,1619.0098598858328,15416
42,UD_English-EWT,0,0.0,32,visible,0.0,0.0,4.6855395099850194e-05,21498.33606557377,732
42,UD_English-EWT,16,0.25,0,masked,0.0,9.889240506329114e-05,0.0002225293387755345,14458.413370253165,10112
42,UD_English-EWT,16,0.25,0,visible,0.0001656726308813784,0.0001656726308813784,0.00038674613852958113,25725.445162359178,6036
42,UD_English-EWT,16,0.25,1,masked,0.0,0.0,0.0011250863101734561,7405.683742088608,10112
42,UD_English-EWT,16,0.25,1,visible,0.0001656726308813784,0.04555997349237906,0.017546680390734048,17692.310801855532,6036
42,UD_English-EWT,16,0.25,2,masked,0.00019778481012658228,0.0018789556962025317,0.0029885262825949917,6626.3498813291135,10112
42,UD_English-EWT,16,0.25,2,visible,0.0,0.0001656726308813784,0.00044177771345952537,16923.21603711067,6036
42,UD_English-EWT,16,0.25,3,masked,0.00039556962025316455,0.0014833860759493672,0.002241198735024146,7422.789359177215,10112
42,UD_English-EWT,16,0.25,3,visible,0.0003313452617627568,0.0009940357852882703,0.001063435005584113,16844.976143141153,6036
42,UD_English-EWT,16,0.25,4,masked,0.00019778481012658228,0.0014833860759493672,0.002200103093140563,8259.995648734177,10112
42,UD_English-EWT,16,0.25,4,visible,0.0008283631544068919,0.00414181577203446,0.0031053535369580084,14224.259940357853,6036
42,UD_English-EWT,16,0.25,5,masked,0.0005933544303797469,0.0017800632911392405,0.002355308622052615,9578.221617879746,10112
42,UD_English-EWT,16,0.25,5,visible,0.0028164347249834327,0.009774685222001325,0.0070323213445817835,12154.053512259774,6036
42,UD_English-EWT,16,0.25,6,masked,0.0016811708860759494,0.0037579113924050634,0.004014825634823338,9316.32634493671,10112
42,UD_English-EWT,16,0.25,6,visible,0.005301524188204109,0.016732935719019217,0.012017753146342548,10056.43223989397,6036
42,UD_English-EWT,16,0.25,7,masked,0.0014833860759493672,0.004153481012658227,0.0041208590619987535,8762.010581487342,10112
42,UD_English-EWT,16,0.25,7,visible,0.008117958913187541,0.02186878727634195,0.01605254404802734,9239.513916500993,6036
42,UD_English-EWT,16,0.25,8,masked,0.001384493670886076,0.004549050632911392,0.0038627591613087514,9722.065763449367,10112
42,UD_English-EWT,16,0.25,8,visible,0.010106030483764083,0.025513585155732273,0.01847566561423443,9104.306825712392,6036
42,UD_English-EWT,16,0.25,9,masked,0.0010878164556962025,0.0044501582278481016,0.0038410718781965755,9554.41149129747,10112
42,UD_English-EWT,16,0.25,9,visible,0.010106030483764083,0.021537442014579192,0.017431145405502935,8928.333664678596,6036
42,UD_English-EWT,16,0.25,10,masked,0.0004944620253164557,0.005834651898734177,0.004395845018731714,8589.467662183544,10112
42,UD_English-EWT,16,0.25,10,visible,0.009609012591119947,0.025347912524850896,0.01860451909377029,7982.392478462558,6036
42,UD_English-EWT,16,0.25,11,masked,0.0016811708860759494,0.0060324367088607595,0.004978437646489062,9197.919699367088,10112
42,UD_English-EWT,16,0.25,11,visible,0.01027170311464546,0.024188204108681246,0.01869021457187013,8921.236414844268,6036
42,UD_English-EWT,16,0.25,12,masked,0.0023734177215189874,0.007911392405063292,0.006896438272069593,8422.882515822785,10112
42,UD_English-EWT,16,0.25,12,visible,0.011762756792577865,0.027501656726308814,0.020542400760220625,8410.215871438038,6036
42,UD_English-EWT,16,0.25,13,masked,0.0016811708860759494,0.005933544303797469,0.005328955912966701,8731.885680379746,10112
42,UD_English-EWT,16,0.25,13,visible,0.00927766732935719,0.026176275679257788,0.018719686550506872,9754.519383697812,6036
42,UD_English-EWT,16,0.25,14,masked,0.002768987341772152,0.0068235759493670885,0.006325499636789559,9208.136867088608,10112
42,UD_English-EWT,16,0.25,14,visible,0.009609012591119947,0.027833001988071572,0.01949224263991039,10789.019880715705,6036
42,UD_English-EWT,16,0.25,15,masked,0.0029667721518987344,0.009691455696202531,0.00781536874289402,8834.8515625,10112
42,UD_English-EWT,16,0.25,15,visible,0.01027170311464546,0.02766732935719019,0.020249109040216023,10610.253147779988,6036
42,UD_English-EWT,16,0.25,16,masked,0.0037579113924050634,0.010680379746835443,0.009027067243796077,8668.838706487342,10112
42,UD_English-EWT,16,0.25,16,visible,0.012259774685222002,0.029655400927766733,0.022174605252760632,11993.796719681908,6036
42,UD_English-EWT,16,0.25,17,masked,0.007021360759493671,0.02442642405063291,0.017470853595759832,7442.395075158228,10112
42,UD_English-EWT,16,0.25,17,visible,0.015738899933730947,0.04357190192180252,0.031041138656806865,9088.021868787277,6036
42,UD_English-EWT,16,0.25,18,masked,0.007416930379746835,0.027393196202531646,0.02061635065046486,6980.058643196203,10112
42,UD_English-EWT,16,0.25,18,visible,0.015076209410205434,0.05185553346587144,0.03513359458250618,7902.530483764082,6036
42,UD_English-EWT,16,0.25,19,masked,0.00870253164556962,0.03392009493670886,0.024359201723269518,6529.635482594937,10112
42,UD_English-EWT,16,0.25,19,visible,0.01872100728959576,0.05947647448641485,0.04074014631050876,7985.454771371769,6036
42,UD_English-EWT,16,0.25,20,masked,0.008801424050632911,0.03500791139240506,0.025327538201195023,6628.8650118670885,10112
42,UD_English-EWT,16,0.25,20,visible,0.020046388336646785,0.0644466534128562,0.04376739136623314,7481.914678595096,6036
42,UD_English-EWT,16,0.25,21,masked,0.00949367088607595,0.038271360759493674,0.028023089201386076,5935.453817246836,10112
42,UD_English-EWT,16,0.25,21,visible,0.026010603048376407,0.08797216699801193,0.057951187398841024,6518.254970178927,6036
42,UD_English-EWT,16,0.25,22,masked,0.009592563291139241,0.03916139240506329,0.029146819472660027,5735.563785601265,10112
42,UD_English-EWT,16,0.25,22,visible,0.02584493041749503,0.08714380384360504,0.05729096647981749,6657.815937707091,6036
42,UD_English-EWT,16,0.25,23,masked,0.010482594936708861,0.04371044303797468,0.03229252455416579,5281.527294303797,10112
42,UD_English-EWT,16,0.25,23,visible,0.025679257786613653,0.08863485752153744,0.05903559534415381,6243.305168986083,6036
42,UD_English-EWT,16,0.25,24,masked,0.012856012658227849,0.04865506329113924,0.036108259618385756,5286.093156645569,10112
42,UD_English-EWT,16,0.25,24,visible,0.021371769383697812,0.0775347912524851,0.051697514901125945,6791.382538104705,6036
42,UD_English-EWT,16,0.25,25,masked,0.012757120253164557,0.05419303797468354,0.03831389298340898,4996.037183544304,10112
42,UD_English-EWT,16,0.25,25,visible,0.017064280980781974,0.07173624917163685,0.046057072366645496,6500.870112657389,6036
42,UD_English-EWT,16,0.25,26,masked,0.014042721518987342,0.059533227848101264,0.042028108594036696,4810.61758306962,10112
42,UD_English-EWT,16,0.25,26,visible,0.016070245195493705,0.061298873426110005,0.04194580216090721,6454.5337972167,6036
42,UD_English-EWT,16,0.25,27,masked,0.015625,0.06991693037974683,0.04760785222264825,3977.0456882911394,10112
42,UD_English-EWT,16,0.25,27,visible,0.012922465208747515,0.05417495029821073,0.03711903758723127,5565.977137176938,6036
42,UD_English-EWT,16,0.25,28,masked,0.01829509493670886,0.08751977848101265,0.057199524670588565,3546.236253955696,10112
42,UD_English-EWT,16,0.25,28,visible,0.008946322067594433,0.041749502982107355,0.03047264709132182,5072.523194168323,6036
42,UD_English-EWT,16,0.25,29,masked,0.018888449367088608,0.09553006329113924,0.06184400399913509,2962.8924050632913,10112
42,UD_English-EWT,16,0.25,29,visible,0.010106030483764083,0.03876739562624255,0.030428970239746108,4504.330185553346,6036
42,UD_English-EWT,16,0.25,30,masked,0.01997626582278481,0.10087025316455696,0.06679350234041274,2450.6541732594937,10112
42,UD_English-EWT,16,0.25,30,visible,0.012756792577866136,0.04108681245858184,0.03265805198046148,4021.529655400928,6036
42,UD_English-EWT,16,0.25,31,masked,0.030755537974683545,0.1439873417721519,0.09219052452001608,1521.2010482594937,10112
42,UD_English-EWT,16,0.25,31,visible,0.009774685222001325,0.033797216699801194,0.028405687663800746,4527.735420808483,6036
42,UD_English-EWT,16,0.25,32,masked,0.047567246835443035,0.17039161392405064,0.11389266394095914,757.6850276898734,10112
42,UD_English-EWT,16,0.25,32,visible,0.00828363154406892,0.025347912524850896,0.022594624801533705,4296.737243207423,6036
42,UD_English-EWT,32,0.5,0,masked,0.0,0.0,0.00019780196556840225,14347.886775684323,5626
42,UD_English-EWT,32,0.5,0,visible,9.503896597605019e-05,9.503896597605019e-05,0.0003413135986324295,25318.292529937273,10522
42,UD_English-EWT,32,0.5,1,masked,0.0,0.0,0.0008886274034792514,8002.778350515464,5626
42,UD_English-EWT,32,0.5,1,visible,9.503896597605019e-05,0.008078312107964265,0.006158000227426732,18787.777608819615,10522
42,UD_English-EWT,32,0.5,2,masked,0.00035549235691432633,0.001244223249200142,0.003006833266043011,7417.369889797369,5626
42,UD_English-EWT,32,0.5,2,visible,0.0,0.0004751948298802509,0.0005489184600782705,16465.72058544003,10522
42,UD_English-EWT,32,0.5,3,masked,0.0,0.001244223249200142,0.001712599698560214,8550.578563810877,5626
42,UD_English-EWT,32,0.5,3,visible,9.503896597605019e-05,0.0012355065576886524,0.0009599994840041236,17178.860007603118,10522
42,UD_English-EWT,32,0.5,4,masked,0.00035549235691432633,0.001066477070742979,0.0018792834032000981,9409.621933878421,5626
42,UD_English-EWT,32,0.5,4,visible,0.00038015586390420075,0.003231324843185706,0.0022990928692607038,15104.607203953621,10522
42,UD_English-EWT,32,0.5,5,masked,0.0014219694276573053,0.0033771773906861,0.0031235876751628303,10489.021685033771,5626
42,UD_English-EWT,32,0.5,5,visible,0.001995818285497054,0.007888234176012166,0.0054980253858209205,13264.05407717164,10522
42,UD_English-EWT,32,0.5,6,masked,0.0019552079630287948,0.0035549235691432635,0.004282301296479896,10023.099360113758,5626
42,UD_English-EWT,32,0.5,6,visible,0.0038965976050180573,0.012069948678958373,0.008883678767593864,11238.66175632009,10522
42,UD_English-EWT,32,0.5,7,masked,0.002310700319943121,0.006932100959829364,0.005781255166647998,9427.149129043726,5626
42,UD_English-EWT,32,0.5,7,visible,0.005417221060634861,0.014540961794335677,0.010891786535744484,10578.289013495532,10522
42,UD_English-EWT,32,0.5,8,masked,0.002310700319943121,0.006398862424457874,0.005310736451283368,10326.5346605048,5626
42,UD_English-EWT,32,0.5,8,visible,0.006462649686371412,0.01653678007983273,0.012099083277044785,10926.31933092568,10522
42,UD_English-EWT,32,0.5,9,masked,0.0014219694276573053,0.006221116246000711,0.004540169121142511,10565.156061144686,5626
42,UD_English-EWT,32,0.5,9,visible,0.005607298992586961,0.014540961794335677,0.011161676775301464,10298.058258886143,10522
42,UD_English-EWT,32,0.5,10,masked,0.0007109847138286527,0.005687877710629221,0.004465312842261307,9482.846071809456,5626
42,UD_English-EWT,32,0.5,10,visible,0.0059874548564911615,0.014921117658239879,0.011723019297802421,9410.962364569474,10522
42,UD_English-EWT,32,0.5,11,masked,0.0017774617845716318,0.007465339495200853,0.005695608320250156,9727.124600071098,5626
42,UD_English-EWT,32,0.5,11,visible,0.005702337958563011,0.01539631248812013,0.011993299099161475,10002.371127162136,10522
42,UD_English-EWT,32,0.5,12,masked,0.0039104159260575895,0.009242801279772485,0.008365444354867827,8870.903661571276,5626
42,UD_English-EWT,32,0.5,12,visible,0.0059874548564911615,0.01653678007983273,0.012795104163521667,9496.268675156814,10522
42,UD_English-EWT,32,0.5,13,masked,0.0037326697476004265,0.010487024528972627,0.008271385989162735,8964.28563810878,5626
42,UD_English-EWT,32,0.5,13,visible,0.006082493822467212,0.01615662421592853,0.012273764336436442,10772.930906671736,10522
42,UD_English-EWT,32,0.5,14,masked,0.005687877710629221,0.012975471027372912,0.010788759294492254,9249.672591539282,5626
42,UD_English-EWT,32,0.5,14,visible,0.007698156244060065,0.018817715263257935,0.014416642472626778,11335.394316669835,10522
42,UD_English-EWT,32,0.5,15,masked,0.006398862424457874,0.01795236402417348,0.013548241784973263,8763.357980803412,5626
42,UD_English-EWT,32,0.5,15,visible,0.006652727618323513,0.020243299752898687,0.013936827845520366,11579.218589621745,10522
42,UD_English-EWT,32,0.5,16,masked,0.00835407038748667,0.02132954141485958,0.016240213667195406,8540.686455741201,5626
42,UD_English-EWT,32,0.5,16,visible,0.005702337958563011,0.021383767344611292,0.0141211456737757,12859.545998859532,10522
42,UD_English-EWT,32,0.5,17,masked,0.0135087095627444,0.03963739779594739,0.02914715169278867,7177.186100248845,5626
42,UD_English-EWT,32,0.5,17,visible,0.00978901349553317,0.030032313248431856,0.021787456143967432,9767.08078312108,10522
42,UD_English-EWT,32,0.5,18,masked,0.015641663704230358,0.047991468183434055,0.03553009291941337,6659.747778172769,5626
42,UD_English-EWT,32,0.5,18,visible,0.009503896597605019,0.036304885002851166,0.024774963731465705,8574.91684090477,10522
42,UD_English-EWT,32,0.5,19,masked,0.01955207963028795,0.06292214717383576,0.04277947091561018,6249.820476359759,5626
42,UD_English-EWT,32,0.5,19,visible,0.011689792815054173,0.04352784641703098,0.029119687211082122,8823.13790153963,10522
42,UD_English-EWT,32,0.5,20,masked,0.023107003199431212,0.06576608602915038,0.048292752080648614,6060.044258798436,5626
42,UD_English-EWT,32,0.5,20,visible,0.013970727998479376,0.04704428815814484,0.0331032318794942,8104.820851549135,10522
42,UD_English-EWT,32,0.5,21,masked,0.020974049057945254,0.0728759331674369,0.050691801656828864,5394.170103092783,5626
42,UD_English-EWT,32,0.5,21,visible,0.01701197490971298,0.06519673065957042,0.04340025082189958,6908.284926819996,10522
42,UD_English-EWT,32,0.5,22,masked,0.020974049057945254,0.07447564877355137,0.053069266802613986,5135.265730536794,5626
42,UD_English-EWT,32,0.5,22,visible,0.01644174111385668,0.06320091237407337,0.04277078940512687,6917.845371602357,10522
42,UD_English-EWT,32,0.5,23,masked,0.025062211162460008,0.08727337362246712,0.06135842027920684,4624.113224315677,5626
42,UD_English-EWT,32,0.5,23,visible,0.017867325603497432,0.06614712031933093,0.045561255213645215,6236.4150351644175,10522
42,UD_English-EWT,32,0.5,24,masked,0.02861713473160327,0.0984713828652684,0.0676385838825332,4597.019018841095,5626
42,UD_English-EWT,32,0.5,24,visible,0.01511119559019198,0.06196540581638472,0.040933340644937706,6791.560824938225,10522
42,UD_English-EWT,32,0.5,25,masked,0.030927835051546393,0.10344827586206896,0.0723798756326706,4438.87326697476,5626
42,UD_English-EWT,32,0.5,25,visible,0.012830260406766774,0.05835392510929481,0.03822386921639552,6465.73617183045,10522
42,UD_English-EWT,32,0.5,26,masked,0.03021685033771774,0.10913615357269818,0.07539301979578973,4229.100959829364,5626
42,UD_English-EWT,32,0.5,26,visible,0.010264208325413419,0.0498004181714503,0.03393906497953294,6261.718779699677,10522
42,UD_English-EWT,32,0.5,27,masked,0.031816565943832205,0.12211162460007109,0.08228536657331204,3544.87557767508,5626
42,UD_English-EWT,32,0.5,27,visible,0.007222961414179814,0.04324272951910283,0.029815930583962372,5320.275898118229,10522
42,UD_English-EWT,32,0.5,28,masked,0.03643796658371845,0.1466405972271596,0.09649857627500363,3060.6290437255598,5626
42,UD_English-EWT,32,0.5,28,visible,0.00522714312868276,0.03459418361528226,0.025382833191375073,4734.366185135906,10522
42,UD_English-EWT,32,0.5,29,masked,0.036615712762175616,0.1558833985069321,0.10153026403258535,2597.8695343050126,5626
42,UD_English-EWT,32,0.5,29,visible,0.004656909332826459,0.029842235316479757,0.024863501379157566,4094.4946778179055,10522
42,UD_English-EWT,32,0.5,30,masked,0.0323498044792037,0.1626377532883043,0.10260884035001071,2220.410415926058,5626
42,UD_English-EWT,32,0.5,30,visible,0.005417221060634861,0.027276183235126403,0.024408314154831516,3542.5413419501997,10522
42,UD_English-EWT,32,0.5,31,masked,0.043903306078919305,0.20049768929968007,0.1271723215983733,1381.7026306434411,5626
42,UD_English-EWT,32,0.5,31,visible,0.004942026230754609,0.02680098840524615,0.024456984843426587,3278.6795286067286,10522
42,UD_English-EWT,32,0.5,32,masked,0.04870245289726271,0.22076075364379666,0.13681510881908998,474.9132598649129,5626
42,UD_English-EWT,32,0.5,32,visible,0.005702337958563011,0.020528416650826838,0.019968862917921312,2991.9036304885003,10522
42,UD_English-EWT,47,0.75,0,masked,0.0,0.0,0.0002238709955873641,14314.217308907138,3166
42,UD_English-EWT,47,0.75,0,visible,7.702973347712218e-05,0.00023108920043136651,0.0004148723530598112,25228.196117701435,12982
42,UD_English-EWT,47,0.75,1,masked,0.0,0.0,0.0006411420266359703,9058.46178142767,3166
42,UD_English-EWT,47,0.75,1,visible,7.702973347712218e-05,0.002387921737790787,0.003543643649003918,19472.898397781544,12982
42,UD_English-EWT,47,0.75,2,masked,0.0003158559696778269,0.0003158559696778269,0.0023294963980339915,8173.321225521162,3166
42,UD_English-EWT,47,0.75,2,visible,0.0,0.0003081189339084887,0.0004964624099009599,16653.378986288706,12982
42,UD_English-EWT,47,0.75,3,masked,0.0,0.0006317119393556538,0.001122058631172699,9799.042956411877,3166
42,UD_English-EWT,47,0.75,3,visible,0.00015405946695424435,0.0010013865352025881,0.0008407974014346107,17811.091203204436,12982
42,UD_English-EWT,47,0.75,4,masked,0.0,0.0003158559696778269,0.0011274149718585535,10802.918509159823,3166
42,UD_English-EWT,47,0.75,4,visible,0.0006162378678169774,0.0033122785395162534,0.0023357865031256087,15787.823910029272,12982
42,UD_English-EWT,47,0.75,5,masked,0.0009475679090334807,0.00410612760581175,0.0030735712005260226,11324.101705622235,3166
42,UD_English-EWT,47,0.75,5,visible,0.0020027730704051763,0.00639346787860114,0.0050427779825226995,13923.104452318596,12982
42,UD_English-EWT,47,0.75,6,masked,0.002526847757422615,0.006317119393556538,0.005288352706405465,10500.771320277954,3166
42,UD_English-EWT,47,0.75,6,visible,0.0032352488060391313,0.009320597750731782,0.007242872701685525,11787.335002310892,12982
42,UD_English-EWT,47,0.75,7,masked,0.003474415666456096,0.007896399241945672,0.007120213832331081,9869.709096651926,3166
42,UD_English-EWT,47,0.75,7,visible,0.004467724541673086,0.011092281620705592,0.008894375740256293,11132.179017100601,12982
42,UD_English-EWT,47,0.75,8,masked,0.0022109917877447885,0.005369551484523057,0.005121098657019043,10747.317751105496,3166
42,UD_English-EWT,47,0.75,8,visible,0.005006932676012941,0.012401787089816669,0.009941057004603156,11657.355954398397,12982
42,UD_English-EWT,47,0.75,9,masked,0.0015792798483891346,0.00505369551484523,0.004158963728771905,10807.740998104864,3166
42,UD_English-EWT,47,0.75,9,visible,0.004467724541673086,0.012940995224156525,0.009659836744629866,10882.410183330765,12982
42,UD_English-EWT,47,0.75,10,masked,0.0009475679090334807,0.005685407454200884,0.0043666272185337385,9775.479153506001,3166
42,UD_English-EWT,47,0.75,10,visible,0.006085348944692651,0.0142505006932676,0.011113282756369164,9889.216453551071,12982
42,UD_English-EWT,47,0.75,11,masked,0.0012634238787113076,0.00505369551484523,0.0049336611858870625,9716.620972836386,3166
42,UD_English-EWT,47,0.75,11,visible,0.005238021876444308,0.013634262825450624,0.010658267556506425,10387.59813588045,12982
42,UD_English-EWT,47,0.75,12,masked,0.002842703727100442,0.010423246999368288,0.008551793267326838,8732.88313329122,3166
42,UD_English-EWT,47,0.75,12,visible,0.005623170543829918,0.016484362964104143,0.012077379188442396,9834.120012324758,12982
42,UD_English-EWT,47,0.75,13,masked,0.004737839545167404,0.013897662665824383,0.011031049964459003,8748.61686670878,3166
42,UD_English-EWT,47,0.75,13,visible,0.006085348944692651,0.015174857494993067,0.011637998032918012,11114.048836851025,12982
42,UD_English-EWT,47,0.75,14,masked,0.0066329753632343655,0.01737207833228048,0.013150466467977502,9003.938723941883,3166
42,UD_English-EWT,47,0.75,14,visible,0.006547527345555385,0.018024957633646588,0.013171012212908085,11501.294484671083,12982
42,UD_English-EWT,47,0.75,15,masked,0.0082122552116235,0.021794061907770057,0.01683908283740571,8556.792166771951,3166
42,UD_English-EWT,47,0.75,15,visible,0.005623170543829918,0.017562779232783855,0.012780500040138892,11774.24549376059,12982
42,UD_English-EWT,47,0.75,16,masked,0.010423246999368288,0.02337334175615919,0.019272923803793255,8261.92166771952,3166
42,UD_English-EWT,47,0.75,16,visible,0.006085348944692651,0.018641195501463564,0.013400593019158668,13193.772608226776,12982
42,UD_English-EWT,47,0.75,17,masked,0.017687934301958308,0.053379658875552745,0.037407712777766174,6838.325331648768,3166
42,UD_English-EWT,47,0.75,17,visible,0.009705746418117393,0.028809120320443693,0.021131709853789083,9962.060006162379,12982
42,UD_English-EWT,47,0.75,18,masked,0.017687934301958308,0.06285533796588756,0.0432468449904394,6287.2103600758055,3166
42,UD_English-EWT,47,0.75,18,visible,0.00847327068248344,0.03535664766599907,0.023500841165060172,8800.19118779849,12982
42,UD_English-EWT,47,0.75,19,masked,0.02242577384712571,0.06885660138976626,0.05064302150415374,5956.110549589387,3166
42,UD_English-EWT,47,0.75,19,visible,0.012632876290248035,0.04213526421198582,0.029307559953622296,9045.838468648899,12982
42,UD_English-EWT,47,0.75,20,masked,0.026847757422615286,0.08180669614655717,0.059142409046000696,5682.81364497789,3166
42,UD_English-EWT,47,0.75,20,visible,0.01170851948852257,0.044985364350639344,0.030507567131041465,8292.053997843168,12982
42,UD_English-EWT,47,0.75,21,masked,0.030322173089071383,0.08496525584333543,0.06484092360395183,5042.747315224257,3166
42,UD_English-EWT,47,0.75,21,visible,0.014635649360653213,0.0604683407795409,0.03999584787334978,6969.515791095363,12982
42,UD_English-EWT,47,0.75,22,masked,0.028427037271004423,0.09191408717624763,0.0658147940094539,4831.687302590019,3166
42,UD_English-EWT,47,0.75,22,visible,0.014635649360653213,0.06108457864735788,0.040308060580400075,6963.619781235557,12982
42,UD_English-EWT,47,0.75,23,masked,0.032849020846494,0.10265319014529374,0.07502863122481972,4219.052116234997,3166
42,UD_English-EWT,47,0.75,23,visible,0.015405946695424434,0.06370358958558003,0.0423826306977542,6238.099368356186,12982
42,UD_English-EWT,47,0.75,24,masked,0.03663929248262792,0.1184459886291851,0.08283743627534473,4228.532217308907,3166
42,UD_English-EWT,47,0.75,24,visible,0.013172084424587891,0.05854259744261285,0.03797823467892087,6723.942766908027,12982
42,UD_English-EWT,47,0.75,25,masked,0.03663929248262792,0.1266582438408086,0.08785884118553572,4094.1860391661403,3166
42,UD_English-EWT,47,0.75,25,visible,0.010476043752888615,0.055076259436142354,0.0358204923975816,6405.952318594977,12982
42,UD_English-EWT,47,0.75,26,masked,0.03663929248262792,0.13834491471888818,0.09277481506471837,3921.850284270373,3166
42,UD_English-EWT,47,0.75,26,visible,0.009166538283777538,0.0476043752888615,0.031994629852284615,6211.152518872284,12982
42,UD_English-EWT,47,0.75,27,masked,0.037586860391661404,0.15161086544535693,0.10097146583443323,3234.190145293746,3166
42,UD_English-EWT,47,0.75,27,visible,0.007240794946849484,0.03967031274071792,0.028874985841282202,5260.345940533046,12982
42,UD_English-EWT,47,0.75,28,masked,0.039481996209728365,0.18888186986734049,0.11743613548788126,2650.318066961466,3166
42,UD_English-EWT,47,0.75,28,visible,0.005083962409490063,0.03258357726082268,0.025116530132993597,4641.98713603451,12982
42,UD_English-EWT,47,0.75,29,masked,0.04042956411876184,0.20625394819962098,0.12365740592549376,2238.1437144662036,3166
42,UD_English-EWT,47,0.75,29,visible,0.004544754275150208,0.02981050685564628,0.024606352876487426,3958.01971961177,12982
42,UD_English-EWT,47,0.75,30,masked,0.037586860391661404,0.21099178774478838,0.12557076799928787,1991.6525584333544,3166
42,UD_English-EWT,47,0.75,30,visible,0.005083962409490063,0.02657525804960715,0.024323794187348743,3363.703743645047,12982
42,UD_English-EWT,47,0.75,31,masked,0.04421983575489577,0.25300063171193937,0.14842795880786708,1398.1547694251421,3166
42,UD_English-EWT,47,0.75,31,visible,0.004390694808195964,0.025342782313973192,0.02489433611508962,2957.2519642582038,12982
42,UD_English-EWT,47,0.75,32,masked,0.041692987997473153,0.253632343651295,0.1465071301368199,363.4728363866077,3166
42,UD_English-EWT,47,0.75,32,visible,0.00462178400862733,0.020335849637960254,0.020099225840379008,2664.4642582036668,12982
42,UD_English-EWT,63,1.0,0,visible,6.192717364379489e-05,0.0004954173891503591,0.0005176398237152483,25096.715320782758,16148
42,UD_English-EWT,63,1.0,1,visible,0.0001857815209313847,0.0013004706465196928,0.0018337270569008374,20473.226343819668,16148
42,UD_English-EWT,63,1.0,2,visible,0.0,0.00030963586821897447,0.0005145528883302218,16721.0535670052,16148
42,UD_English-EWT,63,1.0,3,visible,0.00012385434728758978,0.0008050532573693337,0.0007233886861530747,19138.95956155561,16148
42,UD_English-EWT,63,1.0,4,visible,0.0006811989100817438,0.0024770869457517958,0.0019034838741360817,16984.943088927423,16148
42,UD_English-EWT,63,1.0,5,visible,0.0013623978201634877,0.005387664107010156,0.003937195265265869,14687.53585583354,16148
42,UD_English-EWT,63,1.0,6,visible,0.002229378251176616,0.006750061927173644,0.005357443169593686,12752.88952192222,16148
42,UD_English-EWT,63,1.0,7,visible,0.0027247956403269754,0.008174386920980926,0.006084811019244201,11971.24355957394,16148
42,UD_English-EWT,63,1.0,8,visible,0.002972504334902155,0.009041367351994055,0.006798725015341214,12589.958818429526,16148
42,UD_English-EWT,63,1.0,9,visible,0.0033440673767649244,0.008917513004706465,0.007146761221771158,11325.453554619768,16148
42,UD_English-EWT,63,1.0,10,visible,0.0032821402031211295,0.00935100322021303,0.007454271749841445,10398.295516472628,16148
42,UD_English-EWT,63,1.0,11,visible,0.0039014119395590786,0.011084964082239286,0.008435720747316864,10682.17420113946,16148
42,UD_English-EWT,63,1.0,12,visible,0.005201882586078771,0.011951944513252415,0.009977095295379292,10224.75408719346,16148
42,UD_English-EWT,63,1.0,13,visible,0.004768392370572207,0.01139459995045826,0.009217331684936696,11502.466373544712,16148
42,UD_English-EWT,63,1.0,14,visible,0.0058830814961605155,0.014986376021798364,0.011263242042254233,11792.345058211544,16148
42,UD_English-EWT,63,1.0,15,visible,0.005511518454297746,0.016224919494674264,0.011650493506188788,12022.42351994055,16148
42,UD_English-EWT,63,1.0,16,visible,0.005759227148872926,0.016162992321030467,0.012135339216485857,13481.02446123359,16148
42,UD_English-EWT,63,1.0,17,visible,0.008917513004706465,0.02817686400792668,0.019821806365556197,10159.994302700024,16148
42,UD_English-EWT,63,1.0,18,visible,0.00910329452563785,0.03251176616299232,0.02274110048327509,8930.443708199158,16148
42,UD_English-EWT,63,1.0,19,visible,0.011084964082239286,0.0400049541738915,0.027535099053630448,9161.886363636364,16148
42,UD_English-EWT,63,1.0,20,visible,0.011766162992321031,0.04526876393361407,0.030140923876863325,8373.304310131285,16148
42,UD_English-EWT,63,1.0,21,visible,0.015110230369085955,0.06198910081743869,0.03983097900169435,6960.9753529848895,16148
42,UD_English-EWT,63,1.0,22,visible,0.014367104285360416,0.05969779539261828,0.039684982776529605,6922.054743621501,16148
42,UD_English-EWT,63,1.0,23,visible,0.014676740153579391,0.06279415407480803,0.04166550290348851,6151.084282883329,16148
42,UD_English-EWT,63,1.0,24,visible,0.010775328214020313,0.05573445627941541,0.03637264745506784,6521.974919494674,16148
42,UD_English-EWT,63,1.0,25,visible,0.008855585831062671,0.054000495417389154,0.03491637761702518,6172.347535298489,16148
42,UD_English-EWT,63,1.0,26,visible,0.008112459747337132,0.047064651969284124,0.03175086989442258,5972.986499876146,16148
42,UD_English-EWT,63,1.0,27,visible,0.006378498885310875,0.0400049541738915,0.029032353036451238,5021.517091899926,16148
42,UD_English-EWT,63,1.0,28,visible,0.005201882586078771,0.03238791181570473,0.026199386201470585,4369.515605647758,16148
42,UD_English-EWT,63,1.0,29,visible,0.005449591280653951,0.031149368342828835,0.02692575657587724,3722.808583106267,16148
42,UD_English-EWT,63,1.0,30,visible,0.005201882586078771,0.028548427049789448,0.026679194166587,3143.628127322269,16148
42,UD_English-EWT,63,1.0,31,visible,0.004768392370572207,0.02867228139707704,0.028444851400837447,2656.0628560812484,16148
42,UD_English-EWT,63,1.0,32,visible,0.005078028238791181,0.023098835769135496,0.022490251482082186,2343.5150483031953,16148
43,UD_English-EWT,0,0.0,0,masked,0.0,6.486766995329527e-05,0.00020855302515578007,14376.204462895692,15416
43,UD_English-EWT,0,0.0,0,visible,0.0,0.0,3.125e-05,32000.0,732
43,UD_English-EWT,0,0.0,1,masked,0.0,0.0,0.0017107900159206713,7788.952970939284,15416
43,UD_English-EWT,0,0.0,1,visible,0.03415300546448088,0.9877049180327869,0.39469489981785066,2.8346994535519126,732
43,UD_English-EWT,0,0.0,2,masked,6.486766995329527e-05,0.00012973533990659055,0.0008459984704917662,9584.133822003114,15416
43,UD_English-EWT,0,0.0,2,visible,0.0,0.0,0.0001312486423015838,7622.096994535519,732
43,UD_English-EWT,0,0.0,3,masked,0.0,6.486766995329527e-05,0.0007867251360449097,10403.52672548002,15416
43,UD_English-EWT,0,0.0,3,visible,0.0,0.0,0.00012725845725593786,7861.401639344263,732
43,UD_English-EWT,0,0.0,4,masked,0.0,0.0006486766995329528,0.002080835089766031,9555.420277633628,15416
43,UD_English-EWT,0,0.0,4,visible,0.0,0.0,0.0001284914363923103,7786.542349726776,732
43,UD_English-EWT,0,0.0,5,masked,0.0,0.0007784120394395433,0.002730335404733084,8126.266216917488,15416
43,UD_English-EWT,0,0.0,5,visible,0.0,0.0,0.00012370885320230497,8088.811475409836,732
43,UD_English-EWT,0,0.0,6,masked,6.486766995329527e-05,0.00019460300985988584,0.0023841091685381623,7557.214517384536,15416
43,UD_English-EWT,0,0.0,6,visible,0.0,0.0,0.00012385305481659383,8078.6598360655735,732
43,UD_English-EWT,0,0.0,7,masked,6.486766995329527e-05,0.00934094447327452,0.007256769727876244,7036.336274001038,15416
43,UD_English-EWT,0,0.0,7,visible,0.0,0.0,0.00012538261103662004,7979.295081967213,732
43,UD_English-EWT,0,0.0,8,masked,6.486766995329527e-05,0.00012973533990659055,0.0006272449833665847,9102.4019849507,15416
43,UD_English-EWT,0,0.0,8,visible,0.0,0.0,0.00012864510259718995,7783.061475409836,732
43,UD_English-EWT,0,0.0,9,masked,6.486766995329527e-05,0.0002594706798131811,0.0012550612469374681,8178.926115723923,15416
43,UD_English-EWT,0,0.0,9,visible,0.0,0.0,0.0001299315130184375,7713.780054644809,732
43,UD_English-EWT,0,0.0,10,masked,6.486766995329527e-05,0.0034379865075246496,0.0052492181109692875,6038.352361183186,15416
43,UD_English-EWT,0,0.0,10,visible,0.0,0.0,0.00013012194537360212,7711.493169398907,732
43,UD_English-EWT,0,0.0,11,masked,6.486766995329527e-05,0.00019460300985988584,0.0013032487565136006,7106.2085495589,15416
43,UD_English-EWT,0,0.0,11,visible,0.0,0.0,0.00013539734199601898,7427.245901639344,732
43,UD_English-EWT,0,0.0,12,masked,6.486766995329527e-05,0.0002594706798131811,0.0016144453090305953,6462.022119875454,15416
43,UD_English-EWT,0,0.0,12,visible,0.0,0.0,0.00013843782793031414,7280.437158469946,732
43,UD_English-EWT,0,0.0,13,masked,6.486766995329527e-05,0.00012973533990659055,0.0013042236244984796,6867.285936689154,15416
43,UD_English-EWT,0,0.0,13,visible,0.0,0.0,0.00013810743659081797,7300.725409836065,732
43,UD_English-EWT,0,0.0,14,masked,6.486766995329527e-05,0.00012973533990659055,0.0011551615998762021,6862.113842760768,15416
43,UD_English-EWT,0,0.0,14,visible,0.0,0.0,0.00013977633761077645,7222.064207650274,732
43,UD_English-EWT,0,0.0,15,masked,6.486766995329527e-05,0.00019460300985988584,0.0013966155626090263,6569.465620134924,15416
43,UD_English-EWT,0,0.0,15,visible,0.0,0.0,0.00014306706043505201,7075.285519125683,732
43,UD_English-EWT,0,0.0,16,masked,0.0,0.0,0.00043748031991681615,9057.80611053451,15416
43,UD_English-EWT,0,0.0,16,visible,0.0,0.0,0.00014227554753920303,7127.562841530054,732
43,UD_English-EWT,0,0.0,17,masked,0.0,0.0,0.0007243846578806182,7942.5880254281265,15416
43,UD_English-EWT,0,0.0,17,visible,0.0,0.0,0.00015354189879949047,6594.946721311476,732
43,UD_English-EWT,0,0.0,18,masked,0.0,0.0,0.0012869520191885458,7065.51478982875,15416
43,UD_English-EWT,0,0.0,18,visible,0.0,0.0,0.0001493255171384303,6765.11475409836,732
43,UD_English-EWT,0,0.0,19,masked,0.0,0.0,0.0019573431487659877,6171.84814478464,15416
43,UD_English-EWT,0,0.0,19,visible,0.0,0.0,0.00014622449298894245,6898.098360655737,732
43,UD_English-EWT,0,0.0,20,masked,0.0,0.0,0.001493296055880902,6773.990788790867,15416
43,UD_English-EWT,0,0.0,20,visible,0.0,0.0,0.00014712291226176,6842.00956284153,732
43,UD_English-EWT,0,0.0,21,masked,0.0,0.0,0.0025515980525021745,6057.043785677219,15416
43,UD_English-EWT,0,0.0,21,visible,0.0,0.0,0.0001439597478168825,6986.3005464480875,732
43,UD_English-EWT,0,0.0,22,masked,0.0,0.0,0.0018641475258036027,6549.331927867151,15416
43,UD_English-EWT,0,0.0,22,visible,0.0,0.0,0.00014540612538158123,6914.472677595629,732
43,UD_English-EWT,0,0.0,23,masked,0.0,0.0,0.0014456492367920174,6932.890243902439,15416
43,UD_English-EWT,0,0.0,23,visible,0.0,0.0,0.0001474072664045256,6826.896174863388,732
43,UD_English-EWT,0,0.0,24,masked,0.0,0.0,0.0015622582486306397,6706.492151011936,15416
43,UD_English-EWT,0,0.0,24,visible,0.0,0.0,0.00015210636895737634,6619.170765027322,732
43,UD_English-EWT,0,0.0,25,masked,0.0,0.0,0.0015735624191597231,6775.2904774260505,15416
43,UD_English-EWT,0,0.0,25,visible,0.0,0.0,0.00015443842192666796,6516.9057377049185,732
43,UD_English-EWT,0,0.0,26,masked,0.0,0.0,0.0016376026310870309,6506.663401660612,15416
43,UD_English-EWT,0,0.0,26,visible,0.0,0.0,0.0001545298946241787,6513.4713114754095,732
43,UD_English-EWT,0,0.0,27,masked,0.0,0.0007784120394395433,0.0036284880087358584,5279.635962636222,15416
43,UD_English-EWT,0,0.0,27,visible,0.0,0.0,0.00014728081288372614,6822.879781420765,732
43,UD_English-EWT,0,0.0,28,masked,0.00012973533990659055,0.0024001037882719254,0.007180798378431152,4677.391541255838,15416
43,UD_English-EWT,0,0.0,28,visible,0.0,0.0,0.0001595890836807805,6293.439890710382,732
43,UD_English-EWT,0,0.0,29,masked,0.0,0.03470420342501297,0.021278505764853857,3593.4216398546964,15416
43,UD_English-EWT,0,0.0,29,visible,0.0,0.0,0.0001746165671163763,5745.314207650274,732
43,UD_English-EWT,0,0.0,30,masked,0.013492475350285417,0.07634924753502854,0.05029829043047554,2581.6905812143227,15416
43,UD_English-EWT,0,0.0,30,visible,0.0,0.0,0.00013941014417379055,7191.46174863388,732
43,UD_English-EWT,0,0.0,31,masked,0.03035806953814219,0.10515049299429165,0.07591418373997408,1911.490334717177,15416
43,UD_English-EWT,0,0.0,31,visible,0.0,0.0,4.633671787271256e-05,21612.464480874318,732
43,UD_English-EWT,0,0.0,32,masked,0.022314478463933574,0.11046964193046185,0.07321094778798788,1619.0098598858328,15416
43,UD_English-EWT,0,0.0,32,visible,0.0,0.0,4.6855395099850194e-05,21498.33606557377,732
43,UD_English-EWT,16,0.25,0,masked,0.0,0.00011706860220088972,0.0002382985503457327,14298.870639194569,8542
43,UD_English-EWT,16,0.25,0,visible,0.0,0.00013147515119642388,0.0002878277507741157,25564.816855114383,7606
43,UD_English-EWT,16,0.25,1,masked,0.0,0.0,0.001122066935410443,7483.628424256614,8542
43,UD_English-EWT,16,0.25,1,visible,0.0,0.015251117538785169,0.010523752227715361,18163.839994740993,7606
43,UD_English-EWT,16,0.25,2,masked,0.00023413720440177945,0.001638960430812456,0.003146282829014062,6722.2627019433385,8542
43,UD_English-EWT,16,0.25,2,visible,0.0,0.0006573757559821193,0.0005435988897182949,16496.769655535103,7606
43,UD_English-EWT,16,0.25,3,masked,0.0004682744088035589,0.0017560290330133458,0.0024956091217149226,7445.034184031842,8542
43,UD_English-EWT,16,0.25,3,visible,0.00013147515119642388,0.001183276360767815,0.0010241136703438142,16966.04601630292,7606
43,UD_English-EWT,16,0.25,4,masked,0.0005853430110044487,0.001990166237415125,0.0025658919370675185,8351.837508780145,8542
43,UD_English-EWT,16,0.25,4,visible,0.001051801209571391,0.004207204838285564,0.0032935858330722513,14567.289771233236,7606
43,UD_English-EWT,16,0.25,5,masked,0.0012877546242097868,0.002809646452821353,0.0030817823422316154,9971.876960899086,8542
43,UD_English-EWT,16,0.25,5,visible,0.0027609781751249014,0.009334735734946096,0.007013335659403871,12684.653562976597,7606
43,UD_English-EWT,16,0.25,6,masked,0.0009365488176071178,0.00421446967923203,0.003705384582085559,9576.68988527277,8542
43,UD_English-EWT,16,0.25,6,visible,0.005390481199053379,0.01590849329476729,0.011462363079518452,10686.442282408625,7606
43,UD_English-EWT,16,0.25,7,masked,0.0025755092484195737,0.006087567314446265,0.005623961243844637,9231.713416061812,8542
43,UD_English-EWT,16,0.25,7,visible,0.007231133315803313,0.017749145411517224,0.013692322527667628,9928.149092821457,7606
43,UD_English-EWT,16,0.25,8,masked,0.0023413720440177946,0.00807773355186139,0.006017844101007619,9958.593420744557,8542
43,UD_English-EWT,16,0.25,8,visible,0.008282934525374704,0.02208782540099921,0.01609145716540347,10008.569024454378,7606
43,UD_English-EWT,16,0.25,9,masked,0.0018730976352142356,0.006087567314446265,0.004980941802133255,10019.251229220323,8542
43,UD_English-EWT,16,0.25,9,visible,0.008808835130160399,0.020773073889034974,0.016201340958945275,9657.320404943466,7606
43,UD_English-EWT,16,0.25,10,masked,0.001990166237415125,0.006321704518848045,0.005534872468070665,9127.587801451651,8542
43,UD_English-EWT,16,0.25,10,visible,0.008414409676571128,0.023665527215356297,0.01710865041242667,8629.921772285039,7606
43,UD_English-EWT,16,0.25,11,masked,0.0022243034418169046,0.006555841723249824,0.005491427227712486,9503.202528681808,8542
43,UD_English-EWT,16,0.25,11,visible,0.00946621088614252,0.021298974493820667,0.016825791709091282,9438.471075466738,7606
43,UD_English-EWT,16,0.25,12,masked,0.002809646452821353,0.009248419573870287,0.0074314064050234555,8804.117771013814,8542
43,UD_English-EWT,16,0.25,12,visible,0.009597686037338944,0.024059952668945568,0.01817632266933241,8791.681961609256,7606
43,UD_English-EWT,16,0.25,13,masked,0.00433153828143292,0.011004448606883634,0.008872173060648008,8935.649262467807,8542
43,UD_English-EWT,16,0.25,13,visible,0.008282934525374704,0.02169339994740994,0.015865165973309815,10151.362214041546,7606
43,UD_English-EWT,16,0.25,14,masked,0.004799812690236479,0.011238585811285413,0.009422798769898221,9214.56017326153,8542
43,UD_English-EWT,16,0.25,14,visible,0.010780962398106757,0.024454378122534842,0.018928765776837896,10956.037864843545,7606
43,UD_English-EWT,16,0.25,15,masked,0.004799812690236479,0.012058066026691641,0.010067986327429406,9046.710489346757,8542
43,UD_English-EWT,16,0.25,15,visible,0.009729161188535366,0.026689455692874047,0.018731277005607085,10925.440047331054,7606
43,UD_English-EWT,16,0.25,16,masked,0.004682744088035589,0.014633575275111214,0.011513034412647536,8741.175251697494,8542
43,UD_English-EWT,16,0.25,16,visible,0.009729161188535366,0.026295030239284777,0.018623548725298616,12303.47922692611,7606
43,UD_English-EWT,16,0.25,17,masked,0.0077265277452587214,0.026457504097401077,0.019500960538307164,7386.872044017794,8542
43,UD_English-EWT,16,0.25,17,visible,0.012227189061267421,0.03641861688140941,0.02611351354633783,9445.15619247962,7606
43,UD_English-EWT,16,0.25,18,masked,0.010419105595879186,0.03313041442285179,0.024718539921645268,6921.231561695154,8542
43,UD_English-EWT,16,0.25,18,visible,0.01327899027083881,0.04299237444123061,0.029867630971748195,8127.038785169603,7606
43,UD_English-EWT,16,0.25,19,masked,0.01299461484429876,0.039335050339498946,0.02973362249521585,6569.118824631234,8542
43,UD_English-EWT,16,0.25,19,visible,0.01564554299237444,0.04917170654746253,0.034306701538307824,8287.38785169603,7606
43,UD_English-EWT,16,0.25,20,masked,0.01276047763989698,0.04120814797471318,0.030970422659740295,6548.001287754624,8542
43,UD_English-EWT,16,0.25,20,visible,0.017617670260320798,0.05548251380489087,0.03883091771753212,7686.313962661057,7606
43,UD_English-EWT,16,0.25,21,masked,0.01287754624209787,0.04518848044954343,0.03283163784465921,5834.265043315383,8542
43,UD_English-EWT,16,0.25,21,visible,0.024059952668945568,0.07770181435708651,0.05315241774812938,6615.830002629503,7606
43,UD_English-EWT,16,0.25,22,masked,0.013228752048700538,0.04635916647155233,0.03456253404673384,5639.136853195972,8542
43,UD_English-EWT,16,0.25,22,visible,0.022482250854588482,0.07494083618196161,0.05186663531995972,6669.021036024192,7606
43,UD_English-EWT,16,0.25,23,masked,0.014165300866307656,0.05326621400140482,0.03897568013799132,5155.816904706157,8542
43,UD_English-EWT,16,0.25,23,visible,0.0231396266105706,0.07954246647383645,0.05343761908011272,6161.693531422561,7606
43,UD_English-EWT,16,0.25,24,masked,0.01697494731912901,0.057246546476235075,0.04307746373552483,5208.01486771248,8542
43,UD_English-EWT,16,0.25,24,visible,0.01893242177228504,0.06849855377333684,0.04551784227650214,6730.908887720221,7606
43,UD_English-EWT,16,0.25,25,masked,0.01744322172793257,0.0648560056192929,0.04640098481010595,4964.5851088738,8542
43,UD_English-EWT,16,0.25,25,visible,0.015251117538785169,0.061135945306337106,0.0414307735610075,6473.378911385748,7606
43,UD_English-EWT,16,0.25,26,masked,0.019784593771950364,0.07000702411613205,0.05014288095066646,4820.688012175135,8542
43,UD_English-EWT,16,0.25,26,visible,0.012095713910070997,0.05153825926899816,0.0354739364423936,6322.242308703655,7606
43,UD_English-EWT,16,0.25,27,masked,0.02130648560056193,0.08007492390540857,0.05601691460208315,4120.261999531725,8542
43,UD_English-EWT,16,0.25,27,visible,0.008414409676571128,0.045753352616355505,0.03099981061524727,5376.973179069156,7606
43,UD_English-EWT,16,0.25,28,masked,0.023296651837977054,0.09786935143994381,0.06609839527252039,3702.1261999531725,8542
43,UD_English-EWT,16,0.25,28,visible,0.006705232711017617,0.03720746778858796,0.027041284697615162,4817.4889560873,7606
43,UD_English-EWT,16,0.25,29,masked,0.022945446031374387,0.11133224069304612,0.07128617983133137,3148.2698431280733,8542
43,UD_English-EWT,16,0.25,29,visible,0.005259006047856955,0.02813568235603471,0.0242187744269849,4256.178937680778,7606
43,UD_English-EWT,16,0.25,30,masked,0.023764926246780612,0.11718567080309061,0.07578546548584006,2695.219269491922,8542
43,UD_English-EWT,16,0.25,30,visible,0.00473310544307126,0.027741256902445437,0.023838059295503044,3761.3699710754668,7606
43,UD_English-EWT,16,0.25,31,masked,0.03371575743385624,0.15464762350737532,0.09837298139250492,1634.2165769140715,8542
43,UD_English-EWT,16,0.25,31,visible,0.004470155140678412,0.024848803576124113,0.021970464224297145,3946.403628714173,7606
43,UD_English-EWT,16,0.25,32,masked,0.0443690002341372,0.18262701943338797,0.11613071138333192,743.141067665652,8542
43,UD_English-EWT,16,0.25,32,visible,0.004601630291874836,0.019063896923481462,0.01738301407598122,3668.4500394425454,7606
43,UD_English-EWT,32,0.5,0,masked,0.0,0.0,0.00022956604614851925,14287.71355009563,6797
43,UD_English-EWT,32,0.5,0,visible,0.0,0.00021388086835632552,0.000340425436654719,25415.653833814566,9351
43,UD_English-EWT,32,0.5,1,masked,0.0,0.0,0.0009959101657950515,7782.148447844637,6797
43,UD_English-EWT,32,0.5,1,visible,0.0,0.009945460378569138,0.007213781259067013,18559.17153245642,9351
43,UD_English-EWT,32,0.5,2,masked,0.00029424746211563924,0.0014712373105781962,0.003208651754091032,6968.08062380462,6797
43,UD_English-EWT,32,0.5,2,visible,0.00010694043417816276,0.00042776173671265103,0.0006049577224553319,16528.227462303497,9351
43,UD_English-EWT,32,0.5,3,masked,0.00029424746211563924,0.0016183610416360158,0.002156331004459667,7902.786817713697,6797
43,UD_English-EWT,32,0.5,3,visible,0.00010694043417816276,0.0010694043417816277,0.0009705303570275394,17091.65757672976,9351
43,UD_English-EWT,32,0.5,4,masked,0.00044137119317345886,0.0016183610416360158,0.0022026112360330804,8889.295571575694,6797
43,UD_English-EWT,32,0.5,4,visible,0.0012832852101379532,0.003742915196235697,0.003229920942764052,14865.239653512994,9351
43,UD_English-EWT,32,0.5,5,masked,0.0016183610416360158,0.00397234073856113,0.003642217155318724,10326.188318375755,6797
43,UD_English-EWT,32,0.5,5,visible,0.0028873917228103944,0.009410758207678322,0.006972881958645464,13028.700673724736,9351
43,UD_English-EWT,32,0.5,6,masked,0.001176989848462557,0.0042665882006767695,0.003940483561560736,9892.481830219214,6797
43,UD_English-EWT,32,0.5,6,visible,0.005133140840551813,0.012618971233023206,0.009908475779803343,11084.450753930061,9351
43,UD_English-EWT,32,0.5,7,masked,0.002353979696925114,0.006326320435486244,0.005790678129832067,9433.00279535089,6797
43,UD_English-EWT,32,0.5,7,visible,0.005667843011442626,0.014436958614051972,0.011260611135221194,10379.402737675115,9351
43,UD_English-EWT,32,0.5,8,masked,0.003089598352214212,0.008238928939237899,0.006420849118837406,10248.395762836546,6797
43,UD_English-EWT,32,0.5,8,visible,0.005988664313977115,0.01625494599508074,0.01261731025749774,10607.581221259758,9351
43,UD_English-EWT,32,0.5,9,masked,0.002648227159040753,0.006767691628659703,0.0056817836845271495,10306.865676033543,6797
43,UD_English-EWT,32,0.5,9,visible,0.0068441877874024165,0.016041065126724416,0.012798897253029117,10117.146294513956,9351
43,UD_English-EWT,32,0.5,10,masked,0.002795350890098573,0.007061939090775342,0.006470899771539337,9416.300720906282,6797
43,UD_English-EWT,32,0.5,10,visible,0.006523366484867929,0.017965992941931345,0.013248143830968338,9232.259009731579,9351
43,UD_English-EWT,32,0.5,11,masked,0.002353979696925114,0.00794468147712226,0.006218302818570793,9592.57304693247,6797
43,UD_English-EWT,32,0.5,11,visible,0.007485830392471394,0.017110469468506043,0.013584359219660485,9827.16971446904,9351
43,UD_English-EWT,32,0.5,12,masked,0.0033838458143298513,0.009563042518758275,0.008175568675113114,8824.986611740474,6797
43,UD_English-EWT,32,0.5,12,visible,0.007806651695005881,0.019997861191316437,0.015086112625695796,9323.024275478558,9351
43,UD_English-EWT,32,0.5,13,masked,0.004560835662792409,0.012358393408856848,0.00975428713154248,8800.184198911284,6797
43,UD_English-EWT,32,0.5,13,visible,0.006523366484867929,0.018072933376109507,0.013381559678041624,10581.272698107154,9351
43,UD_English-EWT,32,0.5,14,masked,0.005149330587023687,0.013094012064145948,0.010436107743420771,9072.842577607767,6797
43,UD_English-EWT,32,0.5,14,visible,0.008020532563362208,0.02128114640145439,0.015681289930918108,11203.639503796385,9351
43,UD_English-EWT,32,0.5,15,masked,0.006326320435486244,0.0157422392231867,0.012790944586150616,8804.47829924967,6797
43,UD_English-EWT,32,0.5,15,visible,0.008234413431718534,0.021388086835632553,0.015676749388149294,11451.748583039247,9351
43,UD_English-EWT,32,0.5,16,masked,0.008238928939237899,0.018390466382227452,0.015296991998638846,8385.985728998088,6797
43,UD_English-EWT,32,0.5,16,visible,0.008555234734253021,0.021174205967276226,0.01639631606585071,12753.092931237301,9351
43,UD_English-EWT,32,0.5,17,masked,0.010298661174047374,0.036339561571281445,0.026180618949045217,7016.91246138002,6797
43,UD_English-EWT,32,0.5,17,visible,0.010800983851994439,0.03325847502940862,0.0235905246400825,9712.744198481445,9351
43,UD_English-EWT,32,0.5,18,masked,0.014565249374724143,0.04443136677946153,0.03221591362405271,6633.968221274092,6797
43,UD_English-EWT,32,0.5,18,visible,0.010587102983638113,0.03978184151427655,0.026861566883723226,8415.933055288204,9351
43,UD_English-EWT,32,0.5,19,masked,0.017360600264822716,0.05031631602177431,0.03855202328111514,6338.225687803442,6797
43,UD_English-EWT,32,0.5,19,visible,0.012939792535557694,0.04416639931558122,0.030345080502273792,8613.436637792749,9351
43,UD_English-EWT,32,0.5,20,masked,0.01971457996174783,0.05708400765043402,0.04263760464545033,6157.727232602619,6797
43,UD_English-EWT,32,0.5,20,visible,0.01315367340391402,0.04929954015613303,0.03300379532599979,7919.115495668912,9351
43,UD_English-EWT,32,0.5,21,masked,0.01956745623069001,0.064440194203325,0.0469520346252049,5463.534500514933,6797
43,UD_English-EWT,32,0.5,21,visible,0.017752112073575018,0.06726553309806438,0.04435413161382235,6740.477702919474,9351
43,UD_English-EWT,32,0.5,22,masked,0.019420332499632192,0.06767691628659703,0.048421386118968304,5283.228924525526,6797
43,UD_English-EWT,32,0.5,22,visible,0.01700352903432788,0.06534060528285744,0.04405615125515943,6776.0433108758425,9351
43,UD_English-EWT,32,0.5,23,masked,0.021627188465499485,0.07679858761218185,0.05511784681758644,4773.152273061645,6797
43,UD_English-EWT,32,0.5,23,visible,0.019249278152069296,0.0691904609132713,0.04695454553247918,6176.817024917121,9351
43,UD_English-EWT,32,0.5,24,masked,0.02412829189348242,0.08739149624834486,0.060201063273492846,4807.111519788142,6797
43,UD_English-EWT,32,0.5,24,visible,0.014436958614051972,0.059672762271414825,0.03984919186456679,6714.559084589883,9351
43,UD_English-EWT,32,0.5,25,masked,0.025893776666176253,0.09430631160806238,0.06505175935927628,4615.146388112403,6797
43,UD_English-EWT,32,0.5,25,visible,0.01315367340391402,0.05774783445620789,0.0383510723576689,6457.912201903539,9351
43,UD_English-EWT,32,0.5,26,masked,0.030748859791084302,0.1004855083124908,0.0709349761251732,4466.947329704281,6797
43,UD_English-EWT,32,0.5,26,visible,0.010800983851994439,0.050155063629558336,0.03366153134501421,6281.487434498984,9351
43,UD_English-EWT,32,0.5,27,masked,0.028836251287332648,0.11328527291452112,0.07596521590607136,3817.0617919670444,6797
43,UD_English-EWT,32,0.5,27,visible,0.0075927708266495565,0.041920650197839804,0.029656700696049827,5308.392043631698,9351
43,UD_English-EWT,32,0.5,28,masked,0.03177872590848904,0.13697219361483007,0.08752614184094167,3368.9798440488453,6797
43,UD_English-EWT,32,0.5,28,visible,0.005881723879798952,0.032937653726874135,0.02558236112594112,4733.956903005026,9351
43,UD_English-EWT,32,0.5,29,masked,0.029424746211563924,0.14594674120935708,0.09148291877437954,2880.7591584522584,6797
43,UD_English-EWT,32,0.5,29,visible,0.005133140840551813,0.02833921505721313,0.024081187672093815,4142.413003956796,9351
43,UD_English-EWT,32,0.5,30,masked,0.030013241135795204,0.15050757687214947,0.0952085682131663,2485.0366338090334,6797
43,UD_English-EWT,32,0.5,30,visible,0.005347021708908138,0.02748369158378783,0.024129093645072326,3631.9792535557694,9351
43,UD_English-EWT,32,0.5,31,masked,0.037075180226570546,0.1850816536707371,0.11476531959034526,1495.0422245108136,6797
43,UD_English-EWT,32,0.5,31,visible,0.004491498235482836,0.024168538124264786,0.022821103093635105,3508.5915944818735,9351
43,UD_English-EWT,32,0.5,32,masked,0.040459026040900396,0.1942033249963219,0.12240493296962113,570.7281153450051,6797
43,UD_English-EWT,32,0.5,32,visible,0.004919259972195487,0.01892845684953481,0.018383706760679887,3237.5742701315367,9351
43,UD_English-EWT,47,0.75,0,masked,0.0,0.0,0.00023365633212262376,14313.144385026739,3553
43,UD_English-EWT,47,0.75,0,visible,7.939658594680428e-05,0.00055577610162763,0.0005606063763383699,25267.533545057562,12595
43,UD_English-EWT,47,0.75,1,masked,0.0,0.0,0.0006727687438976882,8824.121024486349,3553
43,UD_English-EWT,47,0.75,1,visible,0.00015879317189360857,0.0026200873362445414,0.003839587652190909,19430.467645891225,12595
43,UD_English-EWT,47,0.75,2,masked,0.0,0.0005629045876723895,0.0022391875045110984,7544.325921756263,3553
43,UD_English-EWT,47,0.75,2,visible,7.939658594680428e-05,0.0007145692735212386,0.0006336096759062469,16657.94616911473,12595
43,UD_English-EWT,47,0.75,3,masked,0.0005629045876723895,0.0008443568815085843,0.001692495992748123,9196.840416549396,3553
43,UD_English-EWT,47,0.75,3,visible,0.00015879317189360857,0.0009527590313616514,0.0009728397928734552,17720.270265978565,12595
43,UD_English-EWT,47,0.75,4,masked,0.0005629045876723895,0.0008443568815085843,0.0015463682864116507,10271.491415705039,3553
43,UD_English-EWT,47,0.75,4,visible,0.0009527590313616514,0.002937673680031759,0.0025323290160054594,15675.242556570067,12595
43,UD_English-EWT,47,0.75,5,masked,0.0008443568815085843,0.0019701660568533634,0.002131775459632887,10870.849141570503,3553
43,UD_English-EWT,47,0.75,5,visible,0.0023818975784041284,0.007145692735212386,0.005436620347405177,13904.645494243747,12595
43,UD_English-EWT,47,0.75,6,masked,0.0025330706445257528,0.004503236701379116,0.004650333111062396,10100.540106951872,3553
43,UD_English-EWT,47,0.75,6,visible,0.00333465660976578,0.01055974593092497,0.007657375808641245,11908.274473997619,12595
43,UD_English-EWT,47,0.75,7,masked,0.003658879819870532,0.007599211933577259,0.0071603016278292755,9391.009569377991,3553
43,UD_English-EWT,47,0.75,7,visible,0.0036522429535529974,0.010956728860658991,0.008162958724756773,11197.64565303692,12595
43,UD_English-EWT,47,0.75,8,masked,0.0019701660568533634,0.008443568815085843,0.005845889631368156,10286.29721362229,3553
43,UD_English-EWT,47,0.75,8,visible,0.00500198491464867,0.012465263993648274,0.00971572735447991,11737.028900357285,12595
43,UD_English-EWT,47,0.75,9,masked,0.0030959752321981426,0.006754855052068675,0.006283306517124495,10221.915564311848,3553
43,UD_English-EWT,47,0.75,9,visible,0.005081381500595474,0.011830091306073839,0.00933764162886263,10936.20666931322,12595
43,UD_English-EWT,47,0.75,10,masked,0.0033774275260343373,0.007880664227413453,0.006917509920340849,9191.67351533915,3553
43,UD_English-EWT,47,0.75,10,visible,0.004128622469233823,0.011274315204446208,0.008798441127226811,10012.207145692735,12595
43,UD_English-EWT,47,0.75,11,masked,0.0030959752321981426,0.007317759639741064,0.006770533937614764,9252.692372642838,3553
43,UD_English-EWT,47,0.75,11,visible,0.0054783644303294955,0.012703453751488685,0.010333484395575056,10469.873441842,12595
43,UD_English-EWT,47,0.75,12,masked,0.0053475935828877,0.01294680551646496,0.010930177893102713,8294.266535322264,3553
43,UD_English-EWT,47,0.75,12,visible,0.0059547439460103215,0.01460897181421199,0.01155285701923473,9891.541802302501,12595
43,UD_English-EWT,47,0.75,13,masked,0.006754855052068675,0.016324233042499296,0.01302367871147866,8318.231916690122,3553
43,UD_English-EWT,47,0.75,13,visible,0.006272330289797539,0.014847161572052401,0.011422455926367127,11116.070504168321,12595
43,UD_English-EWT,47,0.75,14,masked,0.007599211933577259,0.018012946805516464,0.014206032179895467,8461.11961722488,3553
43,UD_English-EWT,47,0.75,14,visible,0.00722508932115919,0.0166732830488289,0.013223497438862333,11574.154346963081,12595
43,UD_English-EWT,47,0.75,15,masked,0.009569377990430622,0.02476780185758514,0.018415683676396292,8066.148606811145,3553
43,UD_English-EWT,47,0.75,15,visible,0.006748709805478364,0.018102421595871377,0.013307513848497403,11911.560301707026,12595
43,UD_English-EWT,47,0.75,16,masked,0.011820996341120181,0.028145229383619477,0.02188525458385588,7920.594708696876,3553
43,UD_English-EWT,47,0.75,16,visible,0.006510520047637951,0.018658197697499008,0.013455845300426848,13272.63429932513,12595
43,UD_English-EWT,47,0.75,17,masked,0.01942020827469744,0.05572755417956656,0.04109890314749276,6374.217562623136,3553
43,UD_English-EWT,47,0.75,17,visible,0.009289400555776102,0.02834458118300913,0.020448090311361484,10053.809051210797,12595
43,UD_English-EWT,47,0.75,18,masked,0.02082746974387841,0.06951871657754011,0.04875183883782985,5896.445820433437,3553
43,UD_English-EWT,47,0.75,18,visible,0.010321556173084558,0.03342596268360461,0.024313518178553355,8798.902183406113,12595
43,UD_English-EWT,47,0.75,19,masked,0.028708133971291867,0.08330987897551365,0.05918149517114588,5753.447227694905,3553
43,UD_English-EWT,47,0.75,19,visible,0.011353711790393014,0.04088924176260421,0.027707130356410137,9021.390869392617,12595
43,UD_English-EWT,47,0.75,20,masked,0.030959752321981424,0.09456797072896145,0.06583460742433539,5489.19223191669,3553
43,UD_English-EWT,47,0.75,20,visible,0.012385867407701468,0.043826915442635964,0.03052299395571755,8262.995791980944,12595
43,UD_English-EWT,47,0.75,21,masked,0.030678300028145228,0.10357444413171968,0.07188247736118962,4827.161835068956,3553
43,UD_English-EWT,47,0.75,21,visible,0.015799920603414053,0.06081778483525208,0.04050781361023078,6984.958475585549,12595
43,UD_English-EWT,47,0.75,22,masked,0.029833943146636645,0.10610751477624543,0.07308262961747607,4669.743596960315,3553
43,UD_English-EWT,47,0.75,22,visible,0.014688368400158794,0.05867407701468837,0.03979279818637642,6943.613021040095,12595
43,UD_English-EWT,47,0.75,23,masked,0.03518153672952434,0.1235575569940895,0.08509884648230856,4145.89586265128,3553
43,UD_English-EWT,47,0.75,23,visible,0.014847161572052401,0.06383485510123064,0.04168468628553486,6267.109090909091,12595
43,UD_English-EWT,47,0.75,24,masked,0.04024767801857585,0.1393188854489164,0.09313442696139876,4171.360821840698,3553
43,UD_English-EWT,47,0.75,24,visible,0.011274315204446208,0.05454545454545454,0.03584108088853924,6742.067963477571,12595
43,UD_English-EWT,47,0.75,25,masked,0.040529130312412044,0.15536166619757952,0.09913969869545416,4015.8753166338306,3553
43,UD_English-EWT,47,0.75,25,visible,0.008654227868201667,0.05224295355299722,0.033451749499444905,6455.828820960699,12595
43,UD_English-EWT,47,0.75,26,masked,0.04249929636926541,0.16042780748663102,0.10510335541795926,3884.300309597523,3553
43,UD_English-EWT,47,0.75,26,visible,0.008019055180627233,0.044382691544263594,0.03041702665770859,6261.643032949583,12595
43,UD_English-EWT,47,0.75,27,masked,0.04137348719392063,0.18012946805516464,0.11139939134349808,3279.275260343372,3553
43,UD_English-EWT,47,0.75,27,visible,0.006351726875744343,0.03779277491067884,0.02770078286804031,5275.237554585153,12595
43,UD_English-EWT,47,0.75,28,masked,0.04615817618913594,0.20883760202645651,0.12675000341970094,2884.6177877849705,3553
43,UD_English-EWT,47,0.75,28,visible,0.0054783644303294955,0.03017070265978563,0.024768266660423657,4653.0374751885665,12595
43,UD_English-EWT,47,0.75,29,masked,0.045876723895299745,0.21784407542921475,0.13212336529441804,2478.1640866873063,3553
43,UD_English-EWT,47,0.75,29,visible,0.005160778086542279,0.028741564112743152,0.02459250313507074,3989.4786026200873,12595
43,UD_English-EWT,47,0.75,30,masked,0.03884041654939488,0.21868843231072332,0.12985524922348918,2163.1502955249084,3553
43,UD_English-EWT,47,0.75,30,visible,0.004763795156808257,0.027312425565700675,0.024397788641404423,3396.995791980945,12595
43,UD_English-EWT,47,0.75,31,masked,0.043343653250773995,0.2518998029833943,0.1471379290840814,1530.841823810864,3553
43,UD_English-EWT,47,0.75,31,visible,0.004763795156808257,0.02628026994839222,0.02526983731494895,3004.9758634378722,12595
43,UD_English-EWT,47,0.75,32,masked,0.03546298902336054,0.236982831410076,0.13884938149079953,414.65184351252464,3553
43,UD_English-EWT,47,0.75,32,visible,0.004605001984914649,0.01945216355696705,0.019908385619851646,2729.8153235410878,12595
43,UD_English-EWT,63,1.0,0,visible,6.192717364379489e-05,0.0004954173891503591,0.0005176398237152483,25096.715320782758,16148
43,UD_English-EWT,63,1.0,1,visible,0.0001857815209313847,0.0013004706465196928,0.0018337270569008374,20473.226343819668,16148
43,UD_English-EWT,63,1.0,2,visible,0.0,0.00030963586821897447,0.0005145528883302218,16721.0535670052,16148
43,UD_English-EWT,63,1.0,3,visible,0.00012385434728758978,0.0008050532573693337,0.0007233886861530747,19138.95956155561,16148
43,UD_English-EWT,63,1.0,4,visible,0.0006811989100817438,0.0024770869457517958,0.0019034838741360817,16984.943088927423,16148
43,UD_English-EWT,63,1.0,5,visible,0.0013623978201634877,0.005387664107010156,0.003937195265265869,14687.53585583354,16148
43,UD_English-EWT,63,1.0,6,visible,0.002229378251176616,0.006750061927173644,0.005357443169593686,12752.88952192222,16148
43,UD_English-EWT,63,1.0,7,visible,0.0027247956403269754,0.008174386920980926,0.006084811019244201,11971.24355957394,16148
43,UD_English-EWT,63,1.0,8,visible,0.002972504334902155,0.009041367351994055,0.006798725015341214,12589.958818429526,16148
43,UD_English-EWT,63,1.0,9,visible,0.0033440673767649244,0.008917513004706465,0.007146761221771158,11325.453554619768,16148
43,UD_English-EWT,63,1.0,10,visible,0.0032821402031211295,0.00935100322021303,0.007454271749841445,10398.295516472628,16148
43,UD_English-EWT,63,1.0,11,visible,0.0039014119395590786,0.011084964082239286,0.008435720747316864,10682.17420113946,16148
43,UD_English-EWT,63,1.0,12,visible,0.005201882586078771,0.011951944513252415,0.009977095295379292,10224.75408719346,16148
43,UD_English-EWT,63,1.0,13,visible,0.004768392370572207,0.01139459995045826,0.009217331684936696,11502.466373544712,16148
43,UD_English-EWT,63,1.0,14,visible,0.0058830814961605155,0.014986376021798364,0.011263242042254233,11792.345058211544,16148
43,UD_English-EWT,63,1.0,15,visible,0.005511518454297746,0.016224919494674264,0.011650493506188788,12022.42351994055,16148
43,UD_English-EWT,63,1.0,16,visible,0.005759227148872926,0.016162992321030467,0.012135339216485857,13481.02446123359,16148
43,UD_English-EWT,63,1.0,17,visible,0.008917513004706465,0.02817686400792668,0.019821806365556197,10159.994302700024,16148
43,UD_English-EWT,63,1.0,18,visible,0.00910329452563785,0.03251176616299232,0.02274110048327509,8930.443708199158,16148
43,UD_English-EWT,63,1.0,19,visible,0.011084964082239286,0.0400049541738915,0.027535099053630448,9161.886363636364,16148
43,UD_English-EWT,63,1.0,20,visible,0.011766162992321031,0.04526876393361407,0.030140923876863325,8373.304310131285,16148
43,UD_English-EWT,63,1.0,21,visible,0.015110230369085955,0.06198910081743869,0.03983097900169435,6960.9753529848895,16148
43,UD_English-EWT,63,1.0,22,visible,0.014367104285360416,0.05969779539261828,0.039684982776529605,6922.054743621501,16148
43,UD_English-EWT,63,1.0,23,visible,0.014676740153579391,0.06279415407480803,0.04166550290348851,6151.084282883329,16148
43,UD_English-EWT,63,1.0,24,visible,0.010775328214020313,0.05573445627941541,0.03637264745506784,6521.974919494674,16148
43,UD_English-EWT,63,1.0,25,visible,0.008855585831062671,0.054000495417389154,0.03491637761702518,6172.347535298489,16148
43,UD_English-EWT,63,1.0,26,visible,0.008112459747337132,0.047064651969284124,0.03175086989442258,5972.986499876146,16148
43,UD_English-EWT,63,1.0,27,visible,0.006378498885310875,0.0400049541738915,0.029032353036451238,5021.517091899926,16148
43,UD_English-EWT,63,1.0,28,visible,0.005201882586078771,0.03238791181570473,0.026199386201470585,4369.515605647758,16148
43,UD_English-EWT,63,1.0,29,visible,0.005449591280653951,0.031149368342828835,0.02692575657587724,3722.808583106267,16148
43,UD_English-EWT,63,1.0,30,visible,0.005201882586078771,0.028548427049789448,0.026679194166587,3143.628127322269,16148
43,UD_English-EWT,63,1.0,31,visible,0.004768392370572207,0.02867228139707704,0.028444851400837447,2656.0628560812484,16148
43,UD_English-EWT,63,1.0,32,visible,0.005078028238791181,0.023098835769135496,0.022490251482082186,2343.5150483031953,16148
44,UD_English-EWT,0,0.0,0,masked,0.0,6.486766995329527e-05,0.00020855302515578007,14376.204462895692,15416
44,UD_English-EWT,0,0.0,0,visible,0.0,0.0,3.125e-05,32000.0,732
44,UD_English-EWT,0,0.0,1,masked,0.0,0.0,0.0017107900159206713,7788.952970939284,15416
44,UD_English-EWT,0,0.0,1,visible,0.03415300546448088,0.9877049180327869,0.39469489981785066,2.8346994535519126,732
44,UD_English-EWT,0,0.0,2,masked,6.486766995329527e-05,0.00012973533990659055,0.0008459984704917662,9584.133822003114,15416
44,UD_English-EWT,0,0.0,2,visible,0.0,0.0,0.0001312486423015838,7622.096994535519,732
44,UD_English-EWT,0,0.0,3,masked,0.0,6.486766995329527e-05,0.0007867251360449097,10403.52672548002,15416
44,UD_English-EWT,0,0.0,3,visible,0.0,0.0,0.00012725845725593786,7861.401639344263,732
44,UD_English-EWT,0,0.0,4,masked,0.0,0.0006486766995329528,0.002080835089766031,9555.420277633628,15416
44,UD_English-EWT,0,0.0,4,visible,0.0,0.0,0.0001284914363923103,7786.542349726776,732
44,UD_English-EWT,0,0.0,5,masked,0.0,0.0007784120394395433,0.002730335404733084,8126.266216917488,15416
44,UD_English-EWT,0,0.0,5,visible,0.0,0.0,0.00012370885320230497,8088.811475409836,732
44,UD_English-EWT,0,0.0,6,masked,6.486766995329527e-05,0.00019460300985988584,0.0023841091685381623,7557.214517384536,15416
44,UD_English-EWT,0,0.0,6,visible,0.0,0.0,0.00012385305481659383,8078.6598360655735,732
44,UD_English-EWT,0,0.0,7,masked,6.486766995329527e-05,0.00934094447327452,0.007256769727876244,7036.336274001038,15416
44,UD_English-EWT,0,0.0,7,visible,0.0,0.0,0.00012538261103662004,7979.295081967213,732
44,UD_English-EWT,0,0.0,8,masked,6.486766995329527e-05,0.00012973533990659055,0.0006272449833665847,9102.4019849507,15416
44,UD_English-EWT,0,0.0,8,visible,0.0,0.0,0.00012864510259718995,7783.061475409836,732
44,UD_English-EWT,0,0.0,9,masked,6.486766995329527e-05,0.0002594706798131811,0.0012550612469374681,8178.926115723923,15416
44,UD_English-EWT,0,0.0,9,visible,0.0,0.0,0.0001299315130184375,7713.780054644809,732
44,UD_English-EWT,0,0.0,10,masked,6.486766995329527e-05,0.0034379865075246496,0.0052492181109692875,6038.352361183186,15416
44,UD_English-EWT,0,0.0,10,visible,0.0,0.0,0.00013012194537360212,7711.493169398907,732
44,UD_English-EWT,0,0.0,11,masked,6.486766995329527e-05,0.00019460300985988584,0.0013032487565136006,7106.2085495589,15416
44,UD_English-EWT,0,0.0,11,visible,0.0,0.0,0.00013539734199601898,7427.245901639344,732
44,UD_English-EWT,0,0.0,12,masked,6.486766995329527e-05,0.0002594706798131811,0.0016144453090305953,6462.022119875454,15416
44,UD_English-EWT,0,0.0,12,visible,0.0,0.0,0.00013843782793031414,7280.437158469946,732
44,UD_English-EWT,0,0.0,13,masked,6.486766995329527e-05,0.00012973533990659055,0.0013042236244984796,6867.285936689154,15416
44,UD_English-EWT,0,0.0,13,visible,0.0,0.0,0.00013810743659081797,7300.725409836065,732
44,UD_English-EWT,0,0.0,14,masked,6.486766995329527e-05,0.00012973533990659055,0.0011551615998762021,6862.113842760768,15416
44,UD_English-EWT,0,0.0,14,visible,0.0,0.0,0.00013977633761077645,7222.064207650274,732
44,UD_English-EWT,0,0.0,15,masked,6.486766995329527e-05,0.00019460300985988584,0.0013966155626090263,6569.465620134924,15416
44,UD_English-EWT,0,0.0,15,visible,0.0,0.0,0.00014306706043505201,7075.285519125683,732
44,UD_English-EWT,0,0.0,16,masked,0.0,0.0,0.00043748031991681615,9057.80611053451,15416
44,UD_English-EWT,0,0.0,16,visible,0.0,0.0,0.00014227554753920303,7127.562841530054,732
44,UD_English-EWT,0,0.0,17,masked,0.0,0.0,0.0007243846578806182,7942.5880254281265,15416
44,UD_English-EWT,0,0.0,17,visible,0.0,0.0,0.00015354189879949047,6594.946721311476,732
44,UD_English-EWT,0,0.0,18,masked,0.0,0.0,0.0012869520191885458,7065.51478982875,15416
44,UD_English-EWT,0,0.0,18,visible,0.0,0.0,0.0001493255171384303,6765.11475409836,732
44,UD_English-EWT,0,0.0,19,masked,0.0,0.0,0.0019573431487659877,6171.84814478464,15416
44,UD_English-EWT,0,0.0,19,visible,0.0,0.0,0.00014622449298894245,6898.098360655737,732
44,UD_English-EWT,0,0.0,20,masked,0.0,0.0,0.001493296055880902,6773.990788790867,15416
44,UD_English-EWT,0,0.0,20,visible,0.0,0.0,0.00014712291226176,6842.00956284153,732
44,UD_English-EWT,0,0.0,21,masked,0.0,0.0,0.0025515980525021745,6057.043785677219,15416
44,UD_English-EWT,0,0.0,21,visible,0.0,0.0,0.0001439597478168825,6986.3005464480875,732
44,UD_English-EWT,0,0.0,22,masked,0.0,0.0,0.0018641475258036027,6549.331927867151,15416
44,UD_English-EWT,0,0.0,22,visible,0.0,0.0,0.00014540612538158123,6914.472677595629,732
44,UD_English-EWT,0,0.0,23,masked,0.0,0.0,0.0014456492367920174,6932.890243902439,15416
44,UD_English-EWT,0,0.0,23,visible,0.0,0.0,0.0001474072664045256,6826.896174863388,732
44,UD_English-EWT,0,0.0,24,masked,0.0,0.0,0.0015622582486306397,6706.492151011936,15416
44,UD_English-EWT,0,0.0,24,visible,0.0,0.0,0.00015210636895737634,6619.170765027322,732
44,UD_English-EWT,0,0.0,25,masked,0.0,0.0,0.0015735624191597231,6775.2904774260505,15416
44,UD_English-EWT,0,0.0,25,visible,0.0,0.0,0.00015443842192666796,6516.9057377049185,732
44,UD_English-EWT,0,0.0,26,masked,0.0,0.0,0.0016376026310870309,6506.663401660612,15416
44,UD_English-EWT,0,0.0,26,visible,0.0,0.0,0.0001545298946241787,6513.4713114754095,732
44,UD_English-EWT,0,0.0,27,masked,0.0,0.0007784120394395433,0.0036284880087358584,5279.635962636222,15416
44,UD_English-EWT,0,0.0,27,visible,0.0,0.0,0.00014728081288372614,6822.879781420765,732
44,UD_English-EWT,0,0.0,28,masked,0.00012973533990659055,0.0024001037882719254,0.007180798378431152,4677.391541255838,15416
44,UD_English-EWT,0,0.0,28,visible,0.0,0.0,0.0001595890836807805,6293.439890710382,732
44,UD_English-EWT,0,0.0,29,masked,0.0,0.03470420342501297,0.021278505764853857,3593.4216398546964,15416
44,UD_English-EWT,0,0.0,29,visible,0.0,0.0,0.0001746165671163763,5745.314207650274,732
44,UD_English-EWT,0,0.0,30,masked,0.013492475350285417,0.07634924753502854,0.05029829043047554,2581.6905812143227,15416
44,UD_English-EWT,0,0.0,30,visible,0.0,0.0,0.00013941014417379055,7191.46174863388,732
44,UD_English-EWT,0,0.0,31,masked,0.03035806953814219,0.10515049299429165,0.07591418373997408,1911.490334717177,15416
44,UD_English-EWT,0,0.0,31,visible,0.0,0.0,4.633671787271256e-05,21612.464480874318,732
44,UD_English-EWT,0,0.0,32,masked,0.022314478463933574,0.11046964193046185,0.07321094778798788,1619.0098598858328,15416
44,UD_English-EWT,0,0.0,32,visible,0.0,0.0,4.6855395099850194e-05,21498.33606557377,732
44,UD_English-EWT,16,0.25,0,masked,0.0,0.00010070493454179255,0.0002295563864796789,14377.456998992951,9930
44,UD_English-EWT,16,0.25,0,visible,0.0001608234158893535,0.000321646831778707,0.000480264720558424,25836.919588292054,6218
44,UD_English-EWT,16,0.25,1,masked,0.0,0.00010070493454179255,0.00122766646011804,7349.86253776435,9930
44,UD_English-EWT,16,0.25,1,visible,0.000321646831778707,0.04374396912190415,0.01691813769302323,17949.76712769379,6218
44,UD_English-EWT,16,0.25,2,masked,0.00010070493454179255,0.0021148036253776435,0.0031935917762665974,6587.483484390735,9930
44,UD_English-EWT,16,0.25,2,visible,0.0,0.0001608234158893535,0.0004259266347216663,16685.5172081055,6218
44,UD_English-EWT,16,0.25,3,masked,0.0004028197381671702,0.0017119838872104733,0.002317986609389977,7341.794864048338,9930
44,UD_English-EWT,16,0.25,3,visible,0.0001608234158893535,0.0009649404953361209,0.0008974137506673854,16957.89819877774,6218
44,UD_English-EWT,16,0.25,4,masked,0.0006042296072507553,0.0016112789526686808,0.002588213602115122,8055.88026183283,9930
44,UD_English-EWT,16,0.25,4,visible,0.000643293663557414,0.0038597619813444837,0.0027619727777524147,14525.240431006754,6218
44,UD_English-EWT,16,0.25,5,masked,0.001107754279959718,0.002416918429003021,0.0028580853232221836,9493.577744209466,9930
44,UD_English-EWT,16,0.25,5,visible,0.002894821486008363,0.008845287873914441,0.006544054604657202,12638.380829848826,6218
44,UD_English-EWT,16,0.25,6,masked,0.0016112789526686808,0.0032225579053373615,0.003604753073419853,9213.650956696878,9930
44,UD_English-EWT,16,0.25,6,visible,0.004824702476680605,0.012383403023480219,0.010279806491190016,10512.77742039241,6218
44,UD_English-EWT,16,0.25,7,masked,0.0013091641490433031,0.00473313192346425,0.004316662178303123,8729.975226586103,9930
44,UD_English-EWT,16,0.25,7,visible,0.008041170794467674,0.019620456738501126,0.01499772598406375,9653.151817304599,6218
44,UD_English-EWT,16,0.25,8,masked,0.0016112789526686808,0.00433031218529708,0.003965604116717355,9596.570996978851,9930
44,UD_English-EWT,16,0.25,8,visible,0.00916693470569315,0.02541009971051785,0.0177259252257902,9548.229173367643,6218
44,UD_English-EWT,16,0.25,9,masked,0.0013091641490433031,0.0030211480362537764,0.003361047201738486,9705.405840886204,9930
44,UD_English-EWT,16,0.25,9,visible,0.009006111289803796,0.022676101640398842,0.017013660299374362,9277.464940495336,6218
44,UD_English-EWT,16,0.25,10,masked,0.0012084592145015106,0.005035246727089627,0.004474806696526224,8573.589526686808,9930
44,UD_English-EWT,16,0.25,10,visible,0.008845287873914441,0.023319395303956256,0.017524298878828795,8263.701350916694,6218
44,UD_English-EWT,16,0.25,11,masked,0.0014098690835850957,0.004229607250755287,0.004230047961911755,9250.628197381671,9930
44,UD_English-EWT,16,0.25,11,visible,0.007558700546799614,0.022836925056288194,0.01653382630170995,9145.115310389192,6218
44,UD_English-EWT,16,0.25,12,masked,0.0018126888217522659,0.006646525679758308,0.006005138505593861,8449.171198388722,9930
44,UD_English-EWT,16,0.25,12,visible,0.009006111289803796,0.024123512383403024,0.018175574731817846,8601.659858475394,6218
44,UD_English-EWT,16,0.25,13,masked,0.0016112789526686808,0.006747230614300101,0.0055216193730151155,8717.018026183283,9930
44,UD_English-EWT,16,0.25,13,visible,0.00916693470569315,0.025249276294628496,0.01790051387691317,9943.6346091991,6218
44,UD_English-EWT,16,0.25,14,masked,0.002215508559919436,0.008157099697885197,0.006467984672087769,9249.217119838871,9930
44,UD_English-EWT,16,0.25,14,visible,0.010453522032807977,0.027018333869411385,0.019430862015997596,10840.584914763589,6218
44,UD_English-EWT,16,0.25,15,masked,0.003121852970795569,0.00866062437059416,0.007446835013782965,8777.696978851964,9930
44,UD_English-EWT,16,0.25,15,visible,0.008845287873914441,0.02637504020585397,0.01862037702055515,10689.763428755226,6218
44,UD_English-EWT,16,0.25,16,masked,0.003524672708962739,0.011178247734138972,0.008882012819107735,8537.592950654582,9930
44,UD_English-EWT,16,0.25,16,visible,0.0077195239626889674,0.025570923126407206,0.01758443792204928,12055.956095207463,6218
44,UD_English-EWT,16,0.25,17,masked,0.007653575025176234,0.022759315206445117,0.01776803256673888,7382.988116817724,9930
44,UD_English-EWT,16,0.25,17,visible,0.011900932775812159,0.03586362174332583,0.025830304494047843,9257.08057253136,6218
44,UD_English-EWT,16,0.25,18,masked,0.01027190332326284,0.030715005035246726,0.02305211713403487,6895.983383685801,9930
44,UD_English-EWT,16,0.25,18,visible,0.012383403023480219,0.0435831457060148,0.03015063773586509,7788.548568671598,6218
44,UD_English-EWT,16,0.25,19,masked,0.00986908358509567,0.033736153071500505,0.02568584567007844,6361.481470292044,9930
44,UD_English-EWT,16,0.25,19,visible,0.014474107430041815,0.05065937600514635,0.03526733793020105,7933.314731424895,6218
44,UD_English-EWT,16,0.25,20,masked,0.010876132930513595,0.03736153071500504,0.027307937034143703,6476.003222557905,9930
44,UD_English-EWT,16,0.25,20,visible,0.01704728208427147,0.059987134126728854,0.040575651752324714,7409.173528465744,6218
44,UD_English-EWT,16,0.25,21,masked,0.010876132930513595,0.04068479355488419,0.029473615537233114,5760.052970795569,9930
44,UD_English-EWT,16,0.25,21,visible,0.02444515921518173,0.08443229334191059,0.055704777856659796,6476.045995496945,6218
44,UD_English-EWT,16,0.25,22,masked,0.012890231621349446,0.03947633434038268,0.0314685928685931,5512.993856998993,9930
44,UD_English-EWT,16,0.25,22,visible,0.02492762946284979,0.08411064651013188,0.05592089127951679,6612.731103248633,6218
44,UD_English-EWT,16,0.25,23,masked,0.013293051359516616,0.04702920443101712,0.03482557298112594,5090.399295065458,9930
44,UD_English-EWT,16,0.25,23,visible,0.02492762946284979,0.08652299774847218,0.056496367046791986,6219.777420392409,6218
44,UD_English-EWT,16,0.25,24,masked,0.014803625377643504,0.050251762336354484,0.03739831472699785,5061.555488418932,9930
44,UD_English-EWT,16,0.25,24,visible,0.01945963332261177,0.07494371180443872,0.0489320203923487,6798.519459633322,6218
44,UD_English-EWT,16,0.25,25,masked,0.01500503524672709,0.054682779456193355,0.039487957810070064,4765.972910372609,9930
44,UD_English-EWT,16,0.25,25,visible,0.016243165004824704,0.06931489224831136,0.04481332024244282,6536.4585075587,6218
44,UD_English-EWT,16,0.25,26,masked,0.016012084592145016,0.05891238670694864,0.04260444004342259,4583.012890231621,9930
44,UD_English-EWT,16,0.25,26,visible,0.01334834351881634,0.0577356063042779,0.038806552732886794,6447.834673528466,6218
44,UD_English-EWT,16,0.25,27,masked,0.016112789526686808,0.06827794561933535,0.046814562786306066,3806.489828801611,9930
44,UD_English-EWT,16,0.25,27,visible,0.009006111289803796,0.04776455451913798,0.03315300560334759,5501.621582502412,6218
44,UD_English-EWT,16,0.25,28,masked,0.021953675730110776,0.08348439073514602,0.05867068437122596,3409.7039274924473,9930
44,UD_English-EWT,16,0.25,28,visible,0.005467996140238018,0.039562560308780956,0.026982043992327513,5045.333386941139,6218
44,UD_English-EWT,16,0.25,29,masked,0.02175226586102719,0.09345417925478348,0.0632151571845904,2862.8506545820746,9930
44,UD_English-EWT,16,0.25,29,visible,0.005789642972016726,0.035381151495657764,0.026050179405855977,4551.547925377935,6218
44,UD_English-EWT,16,0.25,30,masked,0.024269889224572003,0.10221550855991944,0.07001120137829872,2397.610171198389,9930
44,UD_English-EWT,16,0.25,30,visible,0.0069154068832422,0.03312962367320682,0.026211537176456082,4104.788195561274,6218
44,UD_English-EWT,16,0.25,31,masked,0.03282980866062437,0.14269889224572005,0.09376172832048674,1536.0471299093656,9930
44,UD_English-EWT,16,0.25,31,visible,0.005467996140238018,0.02894821486008363,0.023375983936621533,4428.145384367964,6218
44,UD_English-EWT,16,0.25,32,masked,0.05236656596173213,0.1809667673716012,0.12035576507601145,757.6480362537765,9930
44,UD_English-EWT,16,0.25,32,visible,0.005307172724348665,0.02203280797684143,0.01867854930217992,4200.719845609521,6218
44,UD_English-EWT,32,0.5,0,masked,0.0,0.00015363343063450608,0.0002356189398482029,14471.277922876017,6509
44,UD_English-EWT,32,0.5,0,visible,0.00010374520178441747,0.0005187260089220873,0.000514816766806813,25437.16215375039,9639
44,UD_English-EWT,32,0.5,1,masked,0.0,0.00015363343063450608,0.000996234112707284,7890.184206483331,6509
44,UD_English-EWT,32,0.5,1,visible,0.00020749040356883493,0.011411972196285921,0.006896889678259803,18825.14939309057,9639
44,UD_English-EWT,32,0.5,2,masked,0.0,0.0015363343063450607,0.0030880123168464542,6958.025656782916,6509
44,UD_English-EWT,32,0.5,2,visible,0.0,0.0005187260089220873,0.0005444347508447646,16641.09378566241,9639
44,UD_English-EWT,32,0.5,3,masked,0.00030726686126901216,0.0015363343063450607,0.0021477964765771363,8073.905208173299,6509
44,UD_English-EWT,32,0.5,3,visible,0.00010374520178441747,0.0011411972196285923,0.000999475669533264,17382.587509077704,9639
44,UD_English-EWT,32,0.5,4,masked,0.0004609002919035182,0.0016899677369795667,0.0020529049623187095,8905.337225380243,6509
44,UD_English-EWT,32,0.5,4,visible,0.0005187260089220873,0.003112356053532524,0.002493191100111738,15147.303765950825,9639
44,UD_English-EWT,32,0.5,5,masked,0.0009218005838070364,0.002765401751421109,0.002801422843882394,10093.706406514057,6509
44,UD_English-EWT,32,0.5,5,visible,0.002386139641041602,0.007262164124909223,0.005712895274139604,13449.56738250856,9639
44,UD_English-EWT,32,0.5,6,masked,0.002304501459517591,0.0050699032109387,0.004996630184216979,9632.112459671225,6509
44,UD_English-EWT,32,0.5,6,visible,0.0040460628695922814,0.011515717398070339,0.008933236160409338,11281.240377632534,9639
44,UD_English-EWT,32,0.5,7,masked,0.0024581348901520973,0.00783530496235981,0.006279762307179622,9178.081118451375,6509
44,UD_English-EWT,32,0.5,7,visible,0.0056022408963585435,0.01514679946052495,0.01108622249897295,10490.702458761283,9639
44,UD_English-EWT,32,0.5,8,masked,0.002611768320786603,0.006606237517283761,0.005721121155593187,9954.288677216162,6509
44,UD_English-EWT,32,0.5,8,visible,0.006743438115987136,0.01836290071584189,0.01312985586654217,10805.089117128333,9639
44,UD_English-EWT,32,0.5,9,masked,0.0016899677369795667,0.003994469196497158,0.0037617098203380937,10224.520970963282,6509
44,UD_English-EWT,32,0.5,9,visible,0.006432202510633883,0.01753293910156655,0.01258967637102452,10278.412387177093,9639
44,UD_English-EWT,32,0.5,10,masked,0.0015363343063450607,0.005223536641573206,0.004808604775557367,9165.156245198956,6509
44,UD_English-EWT,32,0.5,10,visible,0.006847183317771553,0.017947919908704223,0.013299027848816846,9251.040875609504,9639
44,UD_English-EWT,32,0.5,11,masked,0.0018436011676140728,0.005991703794745736,0.0053474574448602085,9330.165309571363,6509
44,UD_English-EWT,32,0.5,11,visible,0.006432202510633883,0.01732544869799772,0.012651375421181742,9977.367776740326,9639
44,UD_English-EWT,32,0.5,12,masked,0.002765401751421109,0.009525272699339376,0.007358052844078045,8438.676294361652,6509
44,UD_English-EWT,32,0.5,12,visible,0.00778089013383131,0.019504097935470484,0.014886408089083331,9389.348583877996,9639
44,UD_English-EWT,32,0.5,13,masked,0.0033799354739591334,0.008910738976801351,0.007791853752573292,8547.797357504993,6509
44,UD_English-EWT,32,0.5,13,visible,0.006535947712418301,0.019089117128332816,0.013749776208294241,10716.640211640211,9639
44,UD_English-EWT,32,0.5,14,masked,0.004762636349669688,0.011061607005684437,0.009366096115837086,8881.528959901674,6509
44,UD_English-EWT,32,0.5,14,visible,0.00819587094096898,0.021579001971158834,0.01568869275629952,11391.783794999481,9639
44,UD_English-EWT,32,0.5,15,masked,0.0049162697803041945,0.013673375326471041,0.011190184123993745,8587.294361653096,6509
44,UD_English-EWT,32,0.5,15,visible,0.006847183317771553,0.02251270878721859,0.015077748288085148,11508.097520489677,9639
44,UD_English-EWT,32,0.5,16,masked,0.0050699032109387,0.01797511138423721,0.013355924790843871,8270.640497772316,6509
44,UD_English-EWT,32,0.5,16,visible,0.0071584189231248055,0.022201473181865338,0.01569586078716756,12907.932980599648,9639
44,UD_English-EWT,32,0.5,17,masked,0.01136887386695345,0.04025195882624059,0.02834941172542729,6754.068059609771,6509
44,UD_English-EWT,32,0.5,17,visible,0.011826953003423592,0.03184977694781616,0.02351518044506777,9820.873534599024,9639
44,UD_English-EWT,32,0.5,18,masked,0.01567060992471962,0.04624366262098633,0.0351822079787938,6303.266246735289,6509
44,UD_English-EWT,32,0.5,18,visible,0.011308226994501505,0.035480859010270774,0.02619780940524058,8592.056022408964,9639
44,UD_English-EWT,32,0.5,19,masked,0.01920417882931326,0.057151636196036255,0.04201695762632956,5868.628207097864,6509
44,UD_English-EWT,32,0.5,19,visible,0.012656914617698932,0.043365494345886504,0.03061848615549283,8799.846353356157,9639
44,UD_English-EWT,32,0.5,20,masked,0.020125979413120294,0.06283607312951298,0.045689083301679735,5721.517283760946,6509
44,UD_English-EWT,32,0.5,20,visible,0.014316837846249611,0.0499014420583048,0.03397513656042739,8044.6860670194,9639
44,UD_English-EWT,32,0.5,21,masked,0.021662313719465354,0.06636964203410663,0.05098555553836172,5009.088185589184,6509
44,UD_English-EWT,32,0.5,21,visible,0.018259155514057476,0.0665006743438116,0.044557409001329415,6840.765328353564,9639
44,UD_English-EWT,32,0.5,22,masked,0.022123214011368873,0.07236134582885236,0.05377143610151005,4788.323244738055,6509
44,UD_English-EWT,32,0.5,22,visible,0.016910467890860047,0.06857557837949994,0.04388382020458612,6927.104782653802,9639
44,UD_English-EWT,32,0.5,23,masked,0.024888615762789983,0.08987555692118605,0.06295891596927858,4285.600092180059,6509
44,UD_English-EWT,32,0.5,23,visible,0.017947919908704223,0.06795310716879345,0.04563299986317,6352.428052702562,9639
44,UD_English-EWT,32,0.5,24,masked,0.029497618681825166,0.09724996159164234,0.0691522026440469,4307.471808265479,6509
44,UD_English-EWT,32,0.5,24,visible,0.015873015873015872,0.059964726631393295,0.040572074268936664,6874.191409897292,9639
44,UD_English-EWT,32,0.5,25,masked,0.028422184667383624,0.10523889998463666,0.07238284657164432,4128.024888615762,6509
44,UD_English-EWT,32,0.5,25,visible,0.012864405021267766,0.055088702147525676,0.037871715975516786,6607.906733063596,9639
44,UD_English-EWT,32,0.5,26,masked,0.03210938700261177,0.11015516976494086,0.0777371446871242,3948.786142264557,6509
44,UD_English-EWT,32,0.5,26,visible,0.010063284573088494,0.048656499636891795,0.03311446285619342,6445.1112148563125,9639
44,UD_English-EWT,32,0.5,27,masked,0.029497618681825166,0.1288984483023506,0.08250846790242751,3328.7182362882163,6509
44,UD_English-EWT,32,0.5,27,visible,0.007469654528478058,0.03983815748521631,0.028919467101657614,5482.157173980703,9639
44,UD_English-EWT,32,0.5,28,masked,0.03595022276847442,0.15286526348133353,0.09768642186060499,2909.333999078199,6509
44,UD_English-EWT,32,0.5,28,visible,0.005913476501711796,0.032161012553169416,0.025262025381906323,4901.599024795103,9639
44,UD_English-EWT,32,0.5,29,masked,0.033338454447687814,0.15977876785988632,0.1006876889389178,2480.1095406360423,6509
44,UD_English-EWT,32,0.5,29,visible,0.005913476501711796,0.030708579728187572,0.024830446989016312,4272.158937649134,9639
44,UD_English-EWT,32,0.5,30,masked,0.028422184667383624,0.16300506990321093,0.10168057694877498,2149.0623751728376,6509
44,UD_English-EWT,32,0.5,30,visible,0.006847183317771553,0.02956738250855898,0.02522755071356904,3662.282601929661,9639
44,UD_English-EWT,32,0.5,31,masked,0.03610385619910893,0.20709786449531417,0.12274100259292073,1419.4357044092794,6509
44,UD_English-EWT,32,0.5,31,visible,0.005394750492789709,0.025625064840751114,0.023998362123755633,3412.943147629422,9639
44,UD_English-EWT,32,0.5,32,masked,0.04148102627131664,0.2124750345675219,0.13005789536520124,508.6105392533415,6509
44,UD_English-EWT,32,0.5,32,visible,0.0056022408963585435,0.020852785558667913,0.01950550765879343,3184.74883286648,9639
44,UD_English-EWT,47,0.75,0,masked,0.0,0.0,0.00021428812814428853,14479.421564956945,5342
44,UD_English-EWT,47,0.75,0,visible,9.254118082546733e-05,0.0004627059041273367,0.0004951752801268709,25376.73903387007,10806
44,UD_English-EWT,47,0.75,1,masked,0.0,0.00018719580681392738,0.0009273763514447191,8203.96593036316,5342
44,UD_English-EWT,47,0.75,1,visible,0.00018508236165093466,0.009254118082546734,0.005549327039660554,19121.92578197298,10806
44,UD_English-EWT,47,0.75,2,masked,0.00018719580681392738,0.001497566454511419,0.003128966175761734,7056.333582927742,5342
44,UD_English-EWT,47,0.75,2,visible,0.0,0.0004627059041273367,0.0005209769320497191,16749.58411993337,10806
44,UD_English-EWT,47,0.75,3,masked,0.0005615874204417821,0.0018719580681392737,0.002185561400519275,8492.241856982404,5342
44,UD_English-EWT,47,0.75,3,visible,0.000277623542476402,0.0010179529890801406,0.0010327629535589733,17631.55376642606,10806
44,UD_English-EWT,47,0.75,4,masked,0.0007487832272557095,0.0011231748408835642,0.00197542791892387,9308.390303257207,5342
44,UD_English-EWT,47,0.75,4,visible,0.0009254118082546734,0.0026836942439385524,0.002604934399056807,15426.37553211179,10806
44,UD_English-EWT,47,0.75,5,masked,0.0013103706476974915,0.002995132909022838,0.003008662236888199,10316.735679520778,5342
44,UD_English-EWT,47,0.75,5,visible,0.00277623542476402,0.008421247455117527,0.006039869558788919,13725.689524338331,10806
44,UD_English-EWT,47,0.75,6,masked,0.0022463496817671283,0.005615874204417821,0.005105751255056872,9872.377573942344,5342
44,UD_English-EWT,47,0.75,6,visible,0.00416435313714603,0.01073477697575421,0.00857215313174098,11572.974551175274,10806
44,UD_English-EWT,47,0.75,7,masked,0.0022463496817671283,0.005803070011231749,0.005740891955676691,9199.197865967802,5342
44,UD_English-EWT,47,0.75,7,visible,0.00555247084952804,0.012215435868961688,0.010191803055325892,10822.652507866,10806
44,UD_English-EWT,47,0.75,8,masked,0.002620741295394983,0.005803070011231749,0.005348625567473003,9991.461063272183,5342
44,UD_English-EWT,47,0.75,8,visible,0.006477882657782714,0.016379789006107717,0.012194983589134187,11299.362298722932,10806
44,UD_English-EWT,47,0.75,9,masked,0.0018719580681392737,0.004679895170348184,0.003972490631356907,10177.807001123176,5342
44,UD_English-EWT,47,0.75,9,visible,0.006107717934480844,0.015361836017027578,0.011674896521439696,10634.929761243753,10806
44,UD_English-EWT,47,0.75,10,masked,0.0016847622613253464,0.005990265818045676,0.005037297383008428,9090.60052414826,5342
44,UD_English-EWT,47,0.75,10,visible,0.0060151767536553765,0.015732000740329447,0.011840944022390134,9675.176198408291,10806
44,UD_English-EWT,47,0.75,11,masked,0.0022463496817671283,0.005803070011231749,0.00538682989159011,9224.898539872707,5342
44,UD_English-EWT,47,0.75,11,visible,0.005274847307051638,0.016102165463631316,0.011587346535338201,10295.269387377382,10806
44,UD_English-EWT,47,0.75,12,masked,0.0020591538749532012,0.008985398727068513,0.007380230624053797,8233.553163609135,5342
44,UD_English-EWT,47,0.75,12,visible,0.007125670923560984,0.018415694984268,0.013799610555928586,9738.101147510642,10806
44,UD_English-EWT,47,0.75,13,masked,0.002995132909022838,0.011044552602021715,0.008393153690184242,8306.212841632347,5342
44,UD_English-EWT,47,0.75,13,visible,0.007033129742735517,0.017582824356838795,0.013303366785621532,10985.79270775495,10806
44,UD_English-EWT,47,0.75,14,masked,0.0054286783976038935,0.011793335829277425,0.010569940907701778,8690.223511793336,5342
44,UD_English-EWT,47,0.75,14,visible,0.008421247455117527,0.02008143623912641,0.01523056670744985,11596.371275217472,10806
44,UD_English-EWT,47,0.75,15,masked,0.005803070011231749,0.018345189067764882,0.013378511913490222,8232.16154998128,5342
44,UD_English-EWT,47,0.75,15,visible,0.006848047381084583,0.019711271515824542,0.014513656424447555,11802.630297982601,10806
44,UD_English-EWT,47,0.75,16,masked,0.006177461624859603,0.021901909397229503,0.015813862744087092,7864.973792587046,5342
44,UD_English-EWT,47,0.75,16,visible,0.006477882657782714,0.020914306866555616,0.014660162380926328,13189.794188413844,10806
44,UD_English-EWT,47,0.75,17,masked,0.014788468738300262,0.04586297266941221,0.03346520712294297,6355.769561961812,5342
44,UD_English-EWT,47,0.75,17,visible,0.01110494169905608,0.030353507310753286,0.02264466520350361,9950.15806033685,10806
44,UD_English-EWT,47,0.75,18,masked,0.019093972295020592,0.055597154623736426,0.041596496915327345,5881.02583302134,5342
44,UD_English-EWT,47,0.75,18,visible,0.011012400518230613,0.0362761428835832,0.025650925762355406,8748.826485285952,10806
44,UD_English-EWT,47,0.75,19,masked,0.023025084238113065,0.0677648820666417,0.05007656386382141,5524.276862598278,5342
44,UD_English-EWT,47,0.75,19,visible,0.011752729964834351,0.04293910790301684,0.029064888072423325,8975.09874143994,10806
44,UD_English-EWT,47,0.75,20,masked,0.023961063272182705,0.07431673530512917,0.054651877354648076,5297.502995132909,5342
44,UD_English-EWT,47,0.75,20,visible,0.013140847677216362,0.04784379048676661,0.031894926129996296,8202.810105496947,10806
44,UD_English-EWT,47,0.75,21,masked,0.026020217147135906,0.08461250467989517,0.06111498742055627,4624.066267315612,5342
44,UD_English-EWT,47,0.75,21,visible,0.015454377197853045,0.06376087358874699,0.04144783892277351,6953.614103275958,10806
44,UD_English-EWT,47,0.75,22,masked,0.027704979408461252,0.09004118307749906,0.0649868311869925,4437.353238487458,5342
44,UD_English-EWT,47,0.75,22,visible,0.01591708310198038,0.06644456783268554,0.042741841142238016,6981.070979085694,10806
44,UD_English-EWT,47,0.75,23,masked,0.03313365780606514,0.10763758891800823,0.07602872394584972,3902.5258330213405,5342
44,UD_English-EWT,47,0.75,23,visible,0.017027577271885988,0.06727743846011475,0.04445992321781586,6355.056265037942,10806
44,UD_English-EWT,47,0.75,24,masked,0.03538000748783227,0.11662298764507675,0.08114821335636403,3914.1284163234745,5342
44,UD_English-EWT,47,0.75,24,visible,0.014158800666296502,0.05857856746252082,0.03903527956238301,6864.938737738294,10806
44,UD_English-EWT,47,0.75,25,masked,0.035941594908274054,0.12504679895170348,0.08607884590890676,3776.207225758143,5342
44,UD_English-EWT,47,0.75,25,visible,0.012400518230612622,0.053673884878771054,0.03704144811578243,6617.9964834351285,10806
44,UD_English-EWT,47,0.75,26,masked,0.036503182328715834,0.13440658929239985,0.09057143593997867,3585.8412579558217,5342
44,UD_English-EWT,47,0.75,26,visible,0.009439200444197668,0.04793633166759208,0.03254890920572711,6464.490745881917,10806
44,UD_English-EWT,47,0.75,27,masked,0.03500561587420442,0.14956944964432797,0.09678403050176852,3002.3919880194685,5342
44,UD_English-EWT,47,0.75,27,visible,0.0075883768276883215,0.039330001850823616,0.029137238361993667,5502.525633907088,10806
44,UD_English-EWT,47,0.75,28,masked,0.04193186072631973,0.1785847997004867,0.11270222015880675,2555.9943841257955,5342
44,UD_English-EWT,47,0.75,28,visible,0.006385341476957246,0.031741625023135295,0.02566751268043786,4902.436239126411,10806
44,UD_English-EWT,47,0.75,29,masked,0.03687757394234369,0.18476226132534632,0.11457457062194291,2171.0679520778735,5342
44,UD_English-EWT,47,0.75,29,visible,0.006662965019433648,0.03146400148065889,0.025798517145245753,4228.221358504535,10806
44,UD_English-EWT,47,0.75,30,masked,0.03332085361287907,0.19393485585922876,0.11708284853729346,1862.576563084987,5342
44,UD_English-EWT,47,0.75,30,visible,0.006848047381084583,0.028225060151767536,0.025952728214511105,3605.7071071626874,10806
44,UD_English-EWT,47,0.75,31,masked,0.0355672032946462,0.23006364657431674,0.13336529083193743,1334.1746536877574,5342
44,UD_English-EWT,47,0.75,31,visible,0.00555247084952804,0.025818989450305387,0.02527123885230772,3220.194058856191,10806
44,UD_English-EWT,47,0.75,32,masked,0.038936727817296894,0.22482216398352678,0.13441879021854616,466.19992512167727,5342
44,UD_English-EWT,47,0.75,32,visible,0.005274847307051638,0.022487506940588563,0.020562105417103592,2977.27577271886,10806
44,UD_English-EWT,63,1.0,0,visible,6.192717364379489e-05,0.0004954173891503591,0.0005176398237152483,25096.715320782758,16148
44,UD_English-EWT,63,1.0,1,visible,0.0001857815209313847,0.0013004706465196928,0.0018337270569008374,20473.226343819668,16148
44,UD_English-EWT,63,1.0,2,visible,0.0,0.00030963586821897447,0.0005145528883302218,16721.0535670052,16148
44,UD_English-EWT,63,1.0,3,visible,0.00012385434728758978,0.0008050532573693337,0.0007233886861530747,19138.95956155561,16148
44,UD_English-EWT,63,1.0,4,visible,0.0006811989100817438,0.0024770869457517958,0.0019034838741360817,16984.943088927423,16148
44,UD_English-EWT,63,1.0,5,visible,0.0013623978201634877,0.005387664107010156,0.003937195265265869,14687.53585583354,16148
44,UD_English-EWT,63,1.0,6,visible,0.002229378251176616,0.006750061927173644,0.005357443169593686,12752.88952192222,16148
44,UD_English-EWT,63,1.0,7,visible,0.0027247956403269754,0.008174386920980926,0.006084811019244201,11971.24355957394,16148
44,UD_English-EWT,63,1.0,8,visible,0.002972504334902155,0.009041367351994055,0.006798725015341214,12589.958818429526,16148
44,UD_English-EWT,63,1.0,9,visible,0.0033440673767649244,0.008917513004706465,0.007146761221771158,11325.453554619768,16148
44,UD_English-EWT,63,1.0,10,visible,0.0032821402031211295,0.00935100322021303,0.007454271749841445,10398.295516472628,16148
44,UD_English-EWT,63,1.0,11,visible,0.0039014119395590786,0.011084964082239286,0.008435720747316864,10682.17420113946,16148
44,UD_English-EWT,63,1.0,12,visible,0.005201882586078771,0.011951944513252415,0.009977095295379292,10224.75408719346,16148
44,UD_English-EWT,63,1.0,13,visible,0.004768392370572207,0.01139459995045826,0.009217331684936696,11502.466373544712,16148
44,UD_English-EWT,63,1.0,14,visible,0.0058830814961605155,0.014986376021798364,0.011263242042254233,11792.345058211544,16148
44,UD_English-EWT,63,1.0,15,visible,0.005511518454297746,0.016224919494674264,0.011650493506188788,12022.42351994055,16148
44,UD_English-EWT,63,1.0,16,visible,0.005759227148872926,0.016162992321030467,0.012135339216485857,13481.02446123359,16148
44,UD_English-EWT,63,1.0,17,visible,0.008917513004706465,0.02817686400792668,0.019821806365556197,10159.994302700024,16148
44,UD_English-EWT,63,1.0,18,visible,0.00910329452563785,0.03251176616299232,0.02274110048327509,8930.443708199158,16148
44,UD_English-EWT,63,1.0,19,visible,0.011084964082239286,0.0400049541738915,0.027535099053630448,9161.886363636364,16148
44,UD_English-EWT,63,1.0,20,visible,0.011766162992321031,0.04526876393361407,0.030140923876863325,8373.304310131285,16148
44,UD_English-EWT,63,1.0,21,visible,0.015110230369085955,0.06198910081743869,0.03983097900169435,6960.9753529848895,16148
44,UD_English-EWT,63,1.0,22,visible,0.014367104285360416,0.05969779539261828,0.039684982776529605,6922.054743621501,16148
44,UD_English-EWT,63,1.0,23,visible,0.014676740153579391,0.06279415407480803,0.04166550290348851,6151.084282883329,16148
44,UD_English-EWT,63,1.0,24,visible,0.010775328214020313,0.05573445627941541,0.03637264745506784,6521.974919494674,16148
44,UD_English-EWT,63,1.0,25,visible,0.008855585831062671,0.054000495417389154,0.03491637761702518,6172.347535298489,16148
44,UD_English-EWT,63,1.0,26,visible,0.008112459747337132,0.047064651969284124,0.03175086989442258,5972.986499876146,16148
44,UD_English-EWT,63,1.0,27,visible,0.006378498885310875,0.0400049541738915,0.029032353036451238,5021.517091899926,16148
44,UD_English-EWT,63,1.0,28,visible,0.005201882586078771,0.03238791181570473,0.026199386201470585,4369.515605647758,16148
44,UD_English-EWT,63,1.0,29,visible,0.005449591280653951,0.031149368342828835,0.02692575657587724,3722.808583106267,16148
44,UD_English-EWT,63,1.0,30,visible,0.005201882586078771,0.028548427049789448,0.026679194166587,3143.628127322269,16148
44,UD_English-EWT,63,1.0,31,visible,0.004768392370572207,0.02867228139707704,0.028444851400837447,2656.0628560812484,16148
44,UD_English-EWT,63,1.0,32,visible,0.005078028238791181,0.023098835769135496,0.022490251482082186,2343.5150483031953,16148
