layer,head,object_adj_to_noun,object_det_to_noun,object_to_verb,subject_adj_to_noun,subject_det_to_noun,subject_to_verb,adjacent_mean,distant_mean,max_relation,second_relation,selectivity,adjacency_bias
0,0,0.1810344827586207,0.098984771573604,0.0148837209302325,0.2662337662337662,0.2352941176470588,0.2473604826546003,0.19538678455326242,0.1311221017924164,0.2662337662337662,0.2473604826546003,0.0188732835791659,0.06426468276084601
0,1,0.0043103448275862,0.0,0.1916279069767441,0.0129870129870129,0.0088235294117647,0.0158371040723981,0.0065302218065909495,0.1037325055245711,0.1916279069767441,0.0158371040723981,0.17579080290434598,-0.09720228371798015
0,2,0.3275862068965517,0.0482233502538071,0.015813953488372,0.5909090909090909,0.0588235294117647,0.1493212669683258,0.2563855443678036,0.0825676102283489,0.5909090909090909,0.3275862068965517,0.2633228840125392,0.17381793413945468
0,3,0.2284482758620689,0.0558375634517766,0.2530232558139534,0.2922077922077922,0.2529411764705882,0.1975867269984917,0.20735870199805648,0.22530499140622257,0.2922077922077922,0.2530232558139534,0.03918453639383879,-0.01794628940816609
0,4,0.0086206896551724,0.0,0.0362790697674418,0.0,0.0294117647058823,0.0082956259426847,0.009508113590263675,0.022287347855063252,0.0362790697674418,0.0294117647058823,0.006867305061559501,-0.012779234264799577
0,5,0.0043103448275862,0.0,0.1525581395348837,0.0129870129870129,0.0058823529411764,0.0165912518853695,0.005794927688943875,0.0845746957101266,0.1525581395348837,0.0165912518853695,0.1359668876495142,-0.07877976802118272
0,6,0.0043103448275862,0.0,0.3534883720930232,0.0064935064935064,0.0088235294117647,0.0173453996983408,0.004906845183214326,0.185416885895682,0.3534883720930232,0.0173453996983408,0.3361429723946824,-0.18051004071246768
0,7,0.0086206896551724,0.0,0.4706976744186046,0.0064935064935064,0.0029411764705882,0.0113122171945701,0.00451384315481675,0.24100494580658735,0.4706976744186046,0.0113122171945701,0.4593854572240345,-0.2364911026517706
0,8,0.0387931034482758,0.0025380710659898,0.0316279069767441,0.0779220779220779,0.0088235294117647,0.0324283559577677,0.03201919546202705,0.0320281314672559,0.0779220779220779,0.0387931034482758,0.039128974473802106,-8.936005228853128e-06
0,9,0.0,0.0050761421319796,0.0093023255813953,0.0064935064935064,0.0029411764705882,0.0158371040723981,0.00362770627401855,0.0125697148268967,0.0158371040723981,0.0093023255813953,0.006534778491002799,-0.008942008552878149
0,10,0.168103448275862,0.0482233502538071,0.0976744186046511,0.3506493506493506,0.1441176470588235,0.0791855203619909,0.1777734490594608,0.088429969483321,0.3506493506493506,0.168103448275862,0.1825459023734886,0.08934347957613979
0,11,0.0,0.0,0.3237209302325581,0.0,0.0,0.0052790346907993,0.0,0.1644999824616787,0.3237209302325581,0.0052790346907993,0.3184418955417588,-0.1644999824616787
0,12,0.0043103448275862,0.0,0.4446511627906976,0.0064935064935064,0.0,0.006787330316742,0.00270096283027315,0.2257192465537198,0.4446511627906976,0.006787330316742,0.4378638324739556,-0.22301828372344665
0,13,0.0,0.0050761421319796,0.1544186046511627,0.0,0.0029411764705882,0.0218702865761689,0.00200432965064195,0.0881444456136658,0.1544186046511627,0.0218702865761689,0.1325483180749938,-0.08614011596302384
0,14,0.0258620689655172,0.0076142131979695,0.0372093023255813,0.0974025974025974,0.0235294117647058,0.0226244343891402,0.038602072832697475,0.02991686835736075,0.0974025974025974,0.0372093023255813,0.060193295077016096,0.008685204475336723
0,15,0.0905172413793103,0.0253807106598984,0.1804651162790697,0.2012987012987013,0.1588235294117647,0.1289592760180995,0.11900504568741868,0.1547121961485846,0.2012987012987013,0.1804651162790697,0.020833585019631617,-0.03570715046116593
0,16,0.0086206896551724,0.0050761421319796,0.3395348837209302,0.0324675324675324,0.0705882352941176,0.0806938159879336,0.0291881498872005,0.2101143498544319,0.3395348837209302,0.0806938159879336,0.25884106773299664,-0.1809261999672314
0,17,0.0043103448275862,0.0050761421319796,0.0251162790697674,0.0259740259740259,0.0058823529411764,0.0324283559577677,0.010310716468692025,0.028772317513767548,0.0324283559577677,0.0259740259740259,0.006454329983741798,-0.01846160104507552
0,18,0.0732758620689655,0.0101522842639593,0.0613953488372093,0.1038961038961039,0.0176470588235294,0.2594268476621418,0.05124282726313953,0.16041109824967556,0.2594268476621418,0.1038961038961039,0.1555307437660379,-0.10916827098653603
0,19,0.3879310344827586,0.33248730964467,0.0725581395348837,0.3376623376623376,0.4529411764705882,0.1184012066365007,0.3777554645650886,0.09547967308569219,0.4529411764705882,0.3879310344827586,0.06501014198782956,0.2822757914793964
0,20,0.0991379310344827,0.0050761421319796,0.0651162790697674,0.1883116883116883,0.0205882352941176,0.059577677224736,0.07827849919306704,0.0623469781472517,0.1883116883116883,0.0991379310344827,0.08917375727720558,0.015931521045815335
0,21,0.6120689655172413,0.4390862944162436,0.2260465116279069,0.6818181818181818,0.5617647058823529,0.2669683257918552,0.5736845369085048,0.24650741870988105,0.6818181818181818,0.6120689655172413,0.06974921630094044,0.32717711819862383
0,22,0.0043103448275862,0.0025380710659898,0.0111627906976744,0.0129870129870129,0.0,0.004524886877828,0.004958857220147225,0.0078438387877512,0.0129870129870129,0.0111627906976744,0.0018242222893384997,-0.002884981567603975
0,23,0.0086206896551724,0.0,0.4846511627906977,0.0129870129870129,0.0029411764705882,0.0113122171945701,0.0061372197781933745,0.2479816899926339,0.4846511627906977,0.0129870129870129,0.4716641498036848,-0.24184447021444053
0,24,0.0086206896551724,0.0,0.4651162790697674,0.0064935064935064,0.0029411764705882,0.0105580693815987,0.00451384315481675,0.23783717422568304,0.4651162790697674,0.0105580693815987,0.4545582096881687,-0.23332333107086628
0,25,0.0,0.0,0.0716279069767441,0.0,0.0,0.0052790346907993,0.0,0.038453470833771694,0.0716279069767441,0.0052790346907993,0.0663488722859448,-0.038453470833771694
0,26,0.0086206896551724,0.0,0.4790697674418605,0.0064935064935064,0.0058823529411764,0.0128205128205128,0.0052491372724638,0.24594514013118662,0.4790697674418605,0.0128205128205128,0.4662492546213477,-0.24069600285872284
0,27,0.0,0.0,0.0762790697674418,0.0,0.0029411764705882,0.0037707390648567,0.00073529411764705,0.04002490441614925,0.0762790697674418,0.0037707390648567,0.0725083307025851,-0.0392896102985022
1,0,0.0,0.0025380710659898,0.147906976744186,0.0454545454545454,0.1911764705882352,0.0995475113122171,0.059792271777192596,0.12372724402820154,0.1911764705882352,0.147906976744186,0.04326949384404921,-0.06393497225100894
1,1,0.1034482758620689,0.0913705583756345,0.0790697674418604,0.0454545454545454,0.1058823529411764,0.0301659125188536,0.08653893315835631,0.054617839980357,0.1058823529411764,0.1034482758620689,0.002434077079107505,0.031921093177999314
1,2,0.043103448275862,0.098984771573604,0.0697674418604651,0.2597402597402597,0.2676470588235294,0.1342383107088989,0.16736888460331378,0.102002876284682,0.2676470588235294,0.2597402597402597,0.007906799083269689,0.06536600831863178
1,3,0.0086206896551724,0.0025380710659898,0.4613953488372093,0.1038961038961039,0.2205882352941176,0.1199095022624434,0.08391077497784594,0.29065242554982634,0.4613953488372093,0.2205882352941176,0.24080711354309167,-0.2067416505719804
1,4,0.0,0.0025380710659898,0.0502325581395348,0.0649350649350649,0.2294117647058823,0.1063348416289592,0.07422122517673424,0.078283699884247,0.2294117647058823,0.1063348416289592,0.12307692307692308,-0.004062474707512753
1,5,0.0,0.0025380710659898,0.0641860465116279,0.1038961038961039,0.2264705882352941,0.114630467571644,0.08322619079934696,0.08940825704163595,0.2264705882352941,0.114630467571644,0.1118401206636501,-0.006182066242288994
1,6,0.021551724137931,0.0050761421319796,0.0046511627906976,0.0,0.0,0.006787330316742,0.00665696656747765,0.0057192465537198,0.021551724137931,0.006787330316742,0.014764393821189001,0.0009377200137578503
1,7,0.3620689655172414,0.2258883248730964,0.1311627906976744,0.3766233766233766,0.2970588235294117,0.1990950226244343,0.3154098726357816,0.16512890666105434,0.3766233766233766,0.3620689655172414,0.014554411106135201,0.15028096597472723
1,8,0.8017241379310345,0.5609137055837563,0.001860465116279,0.8116883116883117,0.6,0.4419306184012066,0.6935815388007757,0.22189554175874282,0.8116883116883117,0.8017241379310345,0.009964173757277206,0.47168599704203285
1,9,0.0301724137931034,0.1040609137055837,0.0027906976744186,0.0259740259740259,0.0147058823529411,0.0158371040723981,0.043728308956413525,0.009313900873408349,0.1040609137055837,0.0301724137931034,0.0738884999124803,0.03441440808300518
1,10,0.3362068965517241,0.4593908629441624,0.2046511627906976,0.3116883116883117,0.5294117647058824,0.3476621417797888,0.40917445897252014,0.2761566522852432,0.5294117647058824,0.4593908629441624,0.07002090176171993,0.13301780668727692
1,11,0.043103448275862,0.0279187817258883,0.3497674418604651,0.1038961038961039,0.2029411764705882,0.083710407239819,0.09446487759211061,0.21673892455014204,0.3497674418604651,0.2029411764705882,0.1468262653898769,-0.12227404695803143
1,12,0.0043103448275862,0.0,0.4334883720930232,0.0064935064935064,0.0294117647058823,0.0271493212669683,0.010053904006743726,0.23031884667999575,0.4334883720930232,0.0294117647058823,0.4040766073871409,-0.22026494267325203
1,13,0.7931034482758621,0.5177664974619289,0.001860465116279,0.8051948051948052,0.5676470588235294,0.4374057315233786,0.6709279524390315,0.2196330983198288,0.8051948051948052,0.7931034482758621,0.012091356918943141,0.45129485411920267
1,14,0.0043103448275862,0.0,0.4493023255813953,0.0064935064935064,0.0058823529411764,0.0248868778280542,0.00417155106556725,0.23709460170472477,0.4493023255813953,0.0248868778280542,0.4244154477533411,-0.23292305063915753
1,15,0.0043103448275862,0.0,0.3562790697674418,0.0064935064935064,0.0147058823529411,0.0211161387631975,0.006377433418508425,0.18869760426531965,0.3562790697674418,0.0211161387631975,0.33516293100424427,-0.1823201708468112
1,16,0.0,0.0,0.1888372093023256,0.0064935064935064,0.0,0.0082956259426847,0.0016233766233766,0.09856641762250515,0.1888372093023256,0.0082956259426847,0.18054158335964088,-0.09694304099912855
1,17,0.0,0.0,0.3153488372093023,0.0064935064935064,0.0147058823529411,0.0279034690799396,0.0052998472116118755,0.17162615314462096,0.3153488372093023,0.0279034690799396,0.28744536812936267,-0.1663263059330091
1,18,0.0129310344827586,0.0025380710659898,0.3041860465116279,0.0129870129870129,0.0029411764705882,0.0233785822021116,0.007849323751587374,0.16378231435686974,0.3041860465116279,0.0233785822021116,0.2808074643095163,-0.15593299060528237
1,19,0.1422413793103448,0.0,0.4362790697674418,0.1753246753246753,0.0441176470588235,0.0603318250377073,0.09042092542346089,0.24830544740257454,0.4362790697674418,0.1753246753246753,0.26095439444276647,-0.15788452197911365
1,20,0.0129310344827586,0.0025380710659898,0.3841860465116279,0.1038961038961039,0.2147058823529411,0.1101055806938159,0.08351777294944836,0.24714581360272192,0.3841860465116279,0.2147058823529411,0.1694801641586868,-0.16362804065327358
1,21,0.0172413793103448,0.0101522842639593,0.0027906976744186,0.0129870129870129,0.0029411764705882,0.0475113122171945,0.010830463257976299,0.02515100494580655,0.0475113122171945,0.0172413793103448,0.0302699329068497,-0.01432054168783025
1,22,0.1379310344827586,0.1472081218274111,0.0688372093023255,0.1363636363636363,0.1352941176470588,0.0512820512820512,0.1391992275802162,0.060059630292188346,0.1472081218274111,0.1379310344827586,0.009277087344652518,0.07913959728802784
1,23,0.0344827586206896,0.0025380710659898,0.3404651162790698,0.1233766233766233,0.2205882352941176,0.1357466063348416,0.09524642208935508,0.23810586130695569,0.3404651162790698,0.2205882352941176,0.11987688098495217,-0.1428594392176006
1,24,0.0689655172413793,0.0050761421319796,0.347906976744186,0.1428571428571428,0.2058823529411764,0.085972850678733,0.10569528879291952,0.21693991371145951,0.347906976744186,0.2058823529411764,0.14202462380300962,-0.11124462491854
1,25,0.7112068965517241,0.4771573604060913,0.0223255813953488,0.538961038961039,0.2794117647058823,0.5150829562594268,0.5016842651561841,0.2687042688273878,0.7112068965517241,0.538961038961039,0.17224585759068511,0.23297999632879635
1,26,0.0172413793103448,0.0076142131979695,0.0837209302325581,0.0064935064935064,0.0147058823529411,0.0460030165912518,0.01151374533869045,0.06486197341190494,0.0837209302325581,0.0460030165912518,0.0377179136413063,-0.053348228073214495
1,27,0.1379310344827586,0.0025380710659898,0.1637209302325581,0.1298701298701298,0.0529411764705882,0.0505279034690799,0.0808201029723666,0.107124416850819,0.1637209302325581,0.1379310344827586,0.025789895749799507,-0.026304313878452404
2,0,0.0,0.0,0.0065116279069767,0.0,0.0,0.0007541478129713,0.0,0.003632887859974,0.0065116279069767,0.0007541478129713,0.0057574800940054,-0.003632887859974
2,1,0.0043103448275862,0.0025380710659898,0.0446511627906976,0.0194805194805194,0.0029411764705882,0.006787330316742,0.0073175279611709,0.0257192465537198,0.0446511627906976,0.0194805194805194,0.0251706433101782,-0.0184017185925489
2,2,0.0,0.0,0.3581395348837209,0.0064935064935064,0.0,0.0060331825037707,0.0016233766233766,0.18208635869374581,0.3581395348837209,0.0064935064935064,0.3516460283902145,-0.1804629820703692
2,3,0.0,0.0,0.173953488372093,0.0064935064935064,0.0,0.0037707390648567,0.0016233766233766,0.08886211371847486,0.173953488372093,0.0064935064935064,0.1674599818785866,-0.08723873709509826
2,4,0.0,0.0,0.0046511627906976,0.0,0.0,0.0,0.0,0.0023255813953488,0.0046511627906976,0.0,0.0046511627906976,-0.0023255813953488
2,5,0.0086206896551724,0.0,0.3172093023255814,0.0129870129870129,0.0029411764705882,0.0120663650075414,0.0061372197781933745,0.1646378336665614,0.3172093023255814,0.0129870129870129,0.30422228933856854,-0.15850061388836803
2,6,0.396551724137931,0.3883248730964467,0.281860465116279,0.3311688311688311,0.4941176470588235,0.2051282051282051,0.40254076886550805,0.24349433512224206,0.4941176470588235,0.396551724137931,0.0975659229208925,0.159046433743266
2,7,0.0,0.0,0.7237209302325581,0.0064935064935064,0.0058823529411764,0.0399698340874811,0.0030939648586707,0.3818453821600196,0.7237209302325581,0.0399698340874811,0.683751096145077,-0.3787514173013489
2,8,0.0474137931034482,0.1649746192893401,0.0948837209302325,0.1038961038961039,0.2441176470588235,0.002262443438914,0.1401005408369289,0.048573082184573256,0.2441176470588235,0.1649746192893401,0.0791430277694834,0.09152745865235565
2,9,0.0043103448275862,0.0,0.0837209302325581,0.0064935064935064,0.0088235294117647,0.006787330316742,0.004906845183214326,0.04525413027465005,0.0837209302325581,0.0088235294117647,0.0748974008207934,-0.040347285091435724
2,10,0.0043103448275862,0.0025380710659898,0.6465116279069767,0.0194805194805194,0.0088235294117647,0.0226244343891402,0.008788116196465025,0.33456803114805844,0.6465116279069767,0.0226244343891402,0.6238871935178365,-0.3257799149515934
2,11,0.0,0.0,0.8,0.0,0.0,0.0248868778280542,0.0,0.4124434389140271,0.8,0.0248868778280542,0.7751131221719458,-0.4124434389140271
2,12,0.0,0.0,0.2493023255813953,0.0,0.0058823529411764,0.0098039215686274,0.0014705882352941,0.12955312357501136,0.2493023255813953,0.0098039215686274,0.23949840401276792,-0.12808253533971725
2,13,0.0,0.0,0.5618604651162791,0.0064935064935064,0.0,0.0165912518853695,0.0016233766233766,0.2892258585008243,0.5618604651162791,0.0165912518853695,0.5452692132309096,-0.2876024818774477
2,14,0.0387931034482758,0.015228426395939,0.0120930232558139,0.0,0.0117647058823529,0.0075414781297134,0.016446558931641923,0.00981725069276365,0.0387931034482758,0.015228426395939,0.0235646770523368,0.0066293082388782735
2,15,0.1163793103448275,0.0025380710659898,0.0520930232558139,0.1818181818181818,0.0029411764705882,0.0279034690799396,0.07591918492489683,0.03999824616787675,0.1818181818181818,0.1163793103448275,0.0654388714733543,0.03592093875702008
2,16,0.3362068965517241,0.3071065989847715,0.0186046511627906,0.3246753246753247,0.3735294117647059,0.1357466063348416,0.33537955799413155,0.07717562874881609,0.3735294117647059,0.3362068965517241,0.0373225152129818,0.25820392924531543
2,17,0.0129310344827586,0.0279187817258883,0.0037209302325581,0.0,0.0117647058823529,0.0233785822021116,0.01315363052274995,0.01354975621733485,0.0279187817258883,0.0233785822021116,0.004540199523776701,-0.0003961256945848989
2,18,0.0043103448275862,0.0,0.0046511627906976,0.0064935064935064,0.0,0.0060331825037707,0.00270096283027315,0.00534217264723415,0.0064935064935064,0.0060331825037707,0.0004603239897357,-0.002641209816961
2,19,0.0344827586206896,0.0101522842639593,0.0595348837209302,0.0519480519480519,0.0088235294117647,0.0218702865761689,0.026351656061116377,0.04070258514854955,0.0595348837209302,0.0519480519480519,0.007586831772878298,-0.01435092908743317
2,20,0.1163793103448275,0.1065989847715736,0.0734883720930232,0.1558441558441558,0.1529411764705882,0.0384615384615384,0.13294090685778626,0.0559749552772808,0.1558441558441558,0.1529411764705882,0.0029029793735676213,0.07696595158050545
2,21,0.0646551724137931,0.0101522842639593,0.0065116279069767,0.0259740259740259,0.0058823529411764,0.0211161387631975,0.02666595889823867,0.013813883335087101,0.0646551724137931,0.0259740259740259,0.038681146439767194,0.01285207556315157
2,22,0.0086206896551724,0.0050761421319796,0.0232558139534883,0.0,0.0323529411764705,0.0150829562594268,0.011512443240905626,0.019169385106457548,0.0323529411764705,0.0232558139534883,0.009097127222982202,-0.007656941865551922
2,23,0.0129310344827586,0.0253807106598984,0.0753488372093023,0.0909090909090909,0.2294117647058823,0.0852187028657616,0.08965815018940754,0.08028377003753195,0.2294117647058823,0.0909090909090909,0.13850267379679138,0.009374380151875583
2,24,0.1120689655172413,0.0888324873096446,0.0083720930232558,0.0844155844155844,0.0529411764705882,0.2028657616892911,0.08456455342826463,0.10561892735627346,0.2028657616892911,0.1120689655172413,0.0907967961720498,-0.021054373928008824
2,25,0.0517241379310344,0.0076142131979695,0.1051162790697674,0.0454545454545454,0.0117647058823529,0.0897435897435897,0.02913940061647555,0.09742993440667855,0.1051162790697674,0.0897435897435897,0.015372689326177691,-0.068290533790203
2,26,0.8060344827586207,0.5609137055837563,0.001860465116279,0.8181818181818182,0.6,0.447209653092006,0.6962825016310489,0.2245350591041425,0.8181818181818182,0.8060344827586207,0.01214733542319757,0.47174744252690637
2,27,0.1163793103448275,0.0456852791878172,0.1851162790697674,0.3441558441558441,0.2235294117647059,0.1530920060331825,0.18243746136329866,0.16910414255147493,0.3441558441558441,0.2235294117647059,0.12062643239113821,0.01333331881182373
3,0,0.0086206896551724,0.065989847715736,0.0027906976744186,0.0389610389610389,0.0294117647058823,0.0052790346907993,0.035745835259457404,0.00403486618260895,0.065989847715736,0.0389610389610389,0.027028808754697105,0.03171096907684845
3,1,0.021551724137931,0.0126903553299492,0.2986046511627907,0.0129870129870129,0.0205882352941176,0.0241327300150829,0.016954331937252674,0.16136869058893683,0.2986046511627907,0.0241327300150829,0.2744719211477078,-0.14441435865168414
3,2,0.0,0.0,0.0111627906976744,0.0064935064935064,0.0,0.006787330316742,0.0016233766233766,0.008975060507208199,0.0111627906976744,0.006787330316742,0.0043754603809324,-0.007351683883831599
3,3,0.1034482758620689,0.1395939086294416,0.147906976744186,0.0974025974025974,0.138235294117647,0.1138763197586727,0.11967001900293872,0.13089164825142935,0.147906976744186,0.1395939086294416,0.008313068114744387,-0.011221629248490628
3,4,0.043103448275862,0.0,0.5609302325581396,0.0324675324675324,0.0058823529411764,0.033182503770739,0.0203633334211427,0.29705636816443926,0.5609302325581396,0.043103448275862,0.5178267842822776,-0.27669303474329654
3,5,0.021551724137931,0.032994923857868,0.0669767441860465,0.0324675324675324,0.0088235294117647,0.006787330316742,0.023959427468774025,0.03688203725139425,0.0669767441860465,0.032994923857868,0.0339818203281785,-0.012922609782620227
3,6,0.0,0.0,0.7469767441860465,0.0129870129870129,0.0029411764705882,0.1131221719457013,0.0039820473644002746,0.4300494580658739,0.7469767441860465,0.1131221719457013,0.6338545722403452,-0.42606741070147364
3,7,0.0,0.0025380710659898,0.1348837209302325,0.0649350649350649,0.2029411764705882,0.0987933634992458,0.06760357811791073,0.11683854221473915,0.2029411764705882,0.1348837209302325,0.06805745554035572,-0.04923496409682841
3,8,0.0129310344827586,0.0025380710659898,0.0037209302325581,0.0,0.0,0.0007541478129713,0.0038672763871871,0.0022375390227647,0.0129310344827586,0.0037209302325581,0.0092101042502005,0.0016297373644223998
3,9,0.021551724137931,0.0025380710659898,0.2381395348837209,0.0584415584415584,0.0529411764705882,0.0090497737556561,0.03386813252901685,0.1235946543196885,0.2381395348837209,0.0584415584415584,0.17969797644216248,-0.08972652179067164
3,10,0.0043103448275862,0.0,0.3646511627906976,0.0064935064935064,0.0,0.0090497737556561,0.00270096283027315,0.18685046827317683,0.3646511627906976,0.0090497737556561,0.3556013890350415,-0.18414950544290368
3,11,0.0,0.0,0.0232558139534883,0.0,0.0,0.0030165912518853,0.0,0.0131362026026868,0.0232558139534883,0.0030165912518853,0.020239222701603,-0.0131362026026868
3,12,0.0129310344827586,0.0050761421319796,0.0065116279069767,0.0974025974025974,0.0205882352941176,0.0128205128205128,0.0339995023278633,0.00966607036374475,0.0974025974025974,0.0205882352941176,0.07681436210847979,0.02433343196411855
3,13,0.043103448275862,0.0279187817258883,0.0846511627906976,0.0909090909090909,0.0176470588235294,0.0098039215686274,0.04489459493359265,0.047227542179662504,0.0909090909090909,0.0846511627906976,0.006257928118393291,-0.002332947246069854
3,14,0.375,0.0583756345177665,0.0744186046511627,0.3896103896103896,0.0735294117647058,0.0377073906485671,0.2241288589732155,0.0560629976498649,0.3896103896103896,0.375,0.014610389610389574,0.1680658613233506
3,15,0.6508620689655172,0.6472081218274112,0.1590697674418604,0.6753246753246753,0.75,0.2390648567119155,0.6808487165294009,0.19906731207688794,0.75,0.6753246753246753,0.07467532467532467,0.481781404452513
3,16,0.0172413793103448,0.0050761421319796,0.0372093023255813,0.0064935064935064,0.0088235294117647,0.0384615384615384,0.009408639336898875,0.037835420393559846,0.0384615384615384,0.0372093023255813,0.0012522361359571035,-0.028426781056660973
3,17,0.2025862068965517,0.1319796954314721,0.3330232558139535,0.1948051948051948,0.138235294117647,0.1591251885369532,0.1669015978127164,0.24607422217545333,0.3330232558139535,0.2025862068965517,0.13043704891740177,-0.07917262436273692
3,18,0.0258620689655172,0.0050761421319796,0.0093023255813953,0.0194805194805194,0.0029411764705882,0.0150829562594268,0.013339976762151099,0.01219264092041105,0.0258620689655172,0.0194805194805194,0.006381549484997799,0.0011473358417400485
3,19,0.0344827586206896,0.0050761421319796,0.0297674418604651,0.0974025974025974,0.0176470588235294,0.0233785822021116,0.038652139244699,0.02657301203128835,0.0974025974025974,0.0344827586206896,0.0629198387819078,0.012079127213410649
3,20,0.1939655172413793,0.0101522842639593,0.4223255813953488,0.1298701298701298,0.0176470588235294,0.1862745098039215,0.08790874754974946,0.30430004559963514,0.4223255813953488,0.1939655172413793,0.2283600641539695,-0.21639129804988566
3,21,0.25,0.1192893401015228,0.453953488372093,0.0844155844155844,0.0235294117647058,0.4864253393665158,0.11930858407045325,0.47018941386930435,0.4864253393665158,0.453953488372093,0.03247185099442279,-0.3508808297988511
3,22,0.2370689655172413,0.2563451776649746,0.055813953488372,0.2662337662337662,0.2794117647058823,0.4728506787330316,0.25976491853046607,0.2643323161107018,0.4728506787330316,0.2794117647058823,0.1934389140271493,-0.004567397580235721
3,23,0.4956896551724138,0.3274111675126903,0.0362790697674418,0.6103896103896104,0.5323529411764706,0.0716440422322775,0.4914608435627963,0.05396155599985965,0.6103896103896104,0.5323529411764706,0.07803666921313979,0.43749928756293666
3,24,0.0043103448275862,0.0025380710659898,0.4046511627906977,0.0779220779220779,0.1735294117647058,0.0633484162895927,0.06457497639508993,0.2339997895401452,0.4046511627906977,0.1735294117647058,0.2311217510259919,-0.16942481314505525
3,25,0.0905172413793103,0.0076142131979695,0.7218604651162791,0.1428571428571428,0.2264705882352941,0.114630467571644,0.11686479641742917,0.41824546634396154,0.7218604651162791,0.2264705882352941,0.495389876880985,-0.30138066992653234
3,26,0.1120689655172413,0.4467005076142132,0.2772093023255814,0.1363636363636363,0.4794117647058823,0.1282051282051282,0.29363621855024324,0.2027072152653548,0.4794117647058823,0.4467005076142132,0.03271125709166911,0.09092900328488845
3,27,0.9094827586206896,0.8045685279187818,0.2874418604651163,0.8506493506493507,0.7705882352941177,0.2149321266968326,0.8338222181207349,0.2511869935809744,0.9094827586206896,0.8506493506493507,0.05883340797133896,0.5826352245397605
4,0,0.0991379310344827,0.0761421319796954,0.0446511627906976,0.0714285714285714,0.0529411764705882,0.0248868778280542,0.07491245272833442,0.0347690203093759,0.0991379310344827,0.0761421319796954,0.02299579905478731,0.04014343241895853
4,1,0.3448275862068966,0.182741116751269,0.0493023255813953,0.1818181818181818,0.1264705882352941,0.0233785822021116,0.20896436825291037,0.03634045389175345,0.3448275862068966,0.182741116751269,0.16208646945562757,0.17262391436115693
4,2,0.2198275862068965,0.1522842639593908,0.3004651162790697,0.0844155844155844,0.0970588235294117,0.2571644042232277,0.13839656452782084,0.2788147602511487,0.3004651162790697,0.2571644042232277,0.04330071205584196,-0.14041819572332787
4,3,0.0474137931034482,0.0507614213197969,0.0306976744186046,0.0194805194805194,0.0176470588235294,0.0128205128205128,0.033825698181823474,0.0217590936195587,0.0507614213197969,0.0474137931034482,0.003347628216348701,0.012066604562264775
4,4,0.1077586206896551,0.065989847715736,0.1544186046511627,0.0324675324675324,0.0441176470588235,0.0369532428355957,0.06258341198293675,0.0956859237433792,0.1544186046511627,0.1077586206896551,0.0466599839615076,-0.033102511760442446
4,5,0.1551724137931034,0.0456852791878172,0.0660465116279069,0.1038961038961039,0.0294117647058823,0.0271493212669683,0.08354139039572671,0.0465979164474376,0.1551724137931034,0.1038961038961039,0.051276309896999495,0.03694347394828911
4,6,0.0258620689655172,0.0253807106598984,0.0353488372093023,0.0064935064935064,0.0147058823529411,0.0218702865761689,0.018110542117965773,0.0286095618927356,0.0353488372093023,0.0258620689655172,0.0094867682437851,-0.010499019774769826
4,7,0.0344827586206896,0.0431472081218274,0.0381395348837209,0.0064935064935064,0.0176470588235294,0.0120663650075414,0.0254426330148882,0.02510294994563115,0.0431472081218274,0.0381395348837209,0.005007673238106504,0.00033968306925705183
4,8,0.043103448275862,0.0482233502538071,0.0288372093023255,0.0064935064935064,0.0235294117647058,0.0203619909502262,0.030337429196970325,0.02459960012627585,0.0482233502538071,0.043103448275862,0.005119901977945096,0.005737829070694474
4,9,0.043103448275862,0.0482233502538071,0.0297674418604651,0.0129870129870129,0.0235294117647058,0.030920060331825,0.03196080582034695,0.030343751096145052,0.0482233502538071,0.043103448275862,0.005119901977945096,0.0016170547242018996
4,10,0.0603448275862069,0.0558375634517766,0.0176744186046511,0.0,0.0117647058823529,0.0135746606334841,0.0319867742300841,0.0156245396190676,0.0603448275862069,0.0558375634517766,0.004507264134430297,0.016362234611016498
4,11,0.0344827586206896,0.0456852791878172,0.0390697674418604,0.0064935064935064,0.0264705882352941,0.028657616892911,0.028283033134326827,0.0338636921673857,0.0456852791878172,0.0390697674418604,0.006615511745956801,-0.005580659033058877
4,12,0.0603448275862069,0.0532994923857868,0.0344186046511627,0.0194805194805194,0.038235294117647,0.0377073906485671,0.04284003339254003,0.0360629976498649,0.0603448275862069,0.0532994923857868,0.007045335200420097,0.00677703574267513
4,13,0.0387931034482758,0.0456852791878172,0.0297674418604651,0.0064935064935064,0.0117647058823529,0.0158371040723981,0.025684148752988075,0.0228022729664316,0.0456852791878172,0.0387931034482758,0.006892175739541401,0.0028818757865564752
4,14,0.0474137931034482,0.0279187817258883,0.2567441860465116,0.0324675324675324,0.0411764705882352,0.0263951734539969,0.037244144471276025,0.14156967975025425,0.2567441860465116,0.0474137931034482,0.2093303929430634,-0.10432553527897823
4,15,0.1508620689655172,0.1928934010152284,0.0325581395348837,0.0974025974025974,0.1705882352941176,0.033182503770739,0.15293657566936514,0.032870321652811355,0.1928934010152284,0.1705882352941176,0.022305165721110798,0.12006625401655378
4,16,0.0517241379310344,0.0583756345177665,0.0260465116279069,0.0,0.0264705882352941,0.0158371040723981,0.03414259017102375,0.0209418078501525,0.0583756345177665,0.0517241379310344,0.0066514965867321,0.013200782320871251
4,17,0.1896551724137931,0.0710659898477157,0.0334883720930232,0.0714285714285714,0.0352941176470588,0.0316742081447963,0.09186096283428474,0.032581290118909756,0.1896551724137931,0.0714285714285714,0.1182266009852217,0.05927967271537499
4,18,0.0387931034482758,0.0507614213197969,0.3162790697674418,0.0389610389610389,0.138235294117647,0.0723981900452488,0.06668771446168965,0.19433862990634532,0.3162790697674418,0.138235294117647,0.1780437756497948,-0.12765091544465568
4,19,0.1594827586206896,0.2208121827411167,0.0846511627906976,0.0454545454545454,0.0558823529411764,0.0731523378582202,0.12040795993938203,0.0789017503244589,0.2208121827411167,0.1594827586206896,0.06132942412042708,0.04150620961492313
4,20,0.0344827586206896,0.0431472081218274,0.0920930232558139,0.0259740259740259,0.0823529411764705,0.0407239819004524,0.04648923347325335,0.06640850257813315,0.0920930232558139,0.0823529411764705,0.00974008207934339,-0.019919269104879796
4,21,0.1206896551724138,0.1370558375634517,0.1051162790697674,0.0779220779220779,0.0588235294117647,0.0422322775263951,0.09862277501742703,0.07367427829808125,0.1370558375634517,0.1206896551724138,0.01636618239103789,0.024948496719345778
4,22,0.2198275862068965,0.1319796954314721,0.0706976744186046,0.2337662337662337,0.1970588235294117,0.0203619909502262,0.19565808473350352,0.0455298326844154,0.2337662337662337,0.2198275862068965,0.013938647559337214,0.1501282520490881
4,23,0.0086206896551724,0.0177664974619289,0.2753488372093023,0.0064935064935064,0.0235294117647058,0.0120663650075414,0.014102526343828374,0.14370760110842185,0.2753488372093023,0.0235294117647058,0.2518194254445965,-0.12960507476459346
4,24,0.4612068965517241,0.2918781725888325,0.0306976744186046,0.435064935064935,0.0823529411764705,0.3785822021116138,0.3176257363454905,0.2046399382651092,0.4612068965517241,0.435064935064935,0.0261419614867891,0.11298579808038131
4,25,0.6810344827586207,0.7893401015228426,0.041860465116279,0.6428571428571429,0.8323529411764706,0.2624434389140271,0.7363961670787692,0.15215195201515305,0.8323529411764706,0.7893401015228426,0.04301283965362801,0.5842442150636161
4,26,0.1034482758620689,0.0609137055837563,0.053953488372093,0.0779220779220779,0.05,0.0263951734539969,0.07307101484197577,0.04017433091304495,0.1034482758620689,0.0779220779220779,0.02552619793999099,0.03289668392893082
4,27,0.3060344827586206,0.1269035532994923,0.1404651162790697,0.2012987012987013,0.0794117647058823,0.0158371040723981,0.17841212551567412,0.07815111017573391,0.3060344827586206,0.2012987012987013,0.1047357814599193,0.10026101533994021
5,0,0.0775862068965517,0.0964467005076142,0.0427906976744186,0.1493506493506493,0.1147058823529411,0.0301659125188536,0.10952235977693907,0.0364783050966361,0.1493506493506493,0.1147058823529411,0.03464476699770819,0.07304405468030298
5,1,0.0,0.0050761421319796,0.0586046511627907,0.0259740259740259,0.0235294117647058,0.0113122171945701,0.013644894967677824,0.0349584341786804,0.0586046511627907,0.0259740259740259,0.0326306251887648,-0.021313539211002576
5,2,0.0172413793103448,0.0,0.3665116279069767,0.0129870129870129,0.0176470588235294,0.0377073906485671,0.011968862780221776,0.2021095092777719,0.3665116279069767,0.0377073906485671,0.3288042372584096,-0.19014064649755014
5,3,0.0043103448275862,0.0025380710659898,0.387906976744186,0.0389610389610389,0.1470588235294117,0.0686274509803921,0.04821706959600665,0.22826721386228904,0.387906976744186,0.1470588235294117,0.24084815321477432,-0.1800501442662824
5,4,0.0086206896551724,0.015228426395939,0.0455813953488372,0.0259740259740259,0.0970588235294117,0.0158371040723981,0.03672049138863725,0.03070924971061765,0.0970588235294117,0.0455813953488372,0.0514774281805745,0.006011241678019599
5,5,0.0948275862068965,0.0558375634517766,0.0241860465116279,0.0454545454545454,0.0176470588235294,0.0188536953242835,0.05344168848418698,0.0215198709179557,0.0948275862068965,0.0558375634517766,0.0389900227551199,0.03192181756623128
5,6,0.0344827586206896,0.032994923857868,0.0093023255813953,0.0129870129870129,0.0147058823529411,0.006787330316742,0.023792644454627896,0.008044827949068651,0.0344827586206896,0.032994923857868,0.001487834762821598,0.015747816505559245
5,7,0.0172413793103448,0.015228426395939,0.0846511627906976,0.0129870129870129,0.0117647058823529,0.0218702865761689,0.0143053811439124,0.05326072468343325,0.0846511627906976,0.0218702865761689,0.06278087621452871,-0.03895534353952085
5,8,0.0344827586206896,0.0253807106598984,0.0920930232558139,0.0584415584415584,0.0588235294117647,0.0467571644042232,0.044282139283477774,0.06942509383001855,0.0920930232558139,0.0588235294117647,0.033269493844049196,-0.025142954546540773
5,9,0.0258620689655172,0.0025380710659898,0.0362790697674418,0.0389610389610389,0.0176470588235294,0.0248868778280542,0.021252059454018826,0.030582973797748,0.0389610389610389,0.0362790697674418,0.002681969193597096,-0.009330914343729173
5,10,0.2025862068965517,0.1548223350253807,0.0381395348837209,0.2402597402597402,0.2,0.0520361990950226,0.19941707054541813,0.04508786698937175,0.2402597402597402,0.2025862068965517,0.03767353336318849,0.15432920355604637
5,11,0.146551724137931,0.0507614213197969,0.0148837209302325,0.0909090909090909,0.0264705882352941,0.1915535444947209,0.07867320615052821,0.1032186327124767,0.1915535444947209,0.146551724137931,0.0450018203567899,-0.024545426561948483
5,12,0.1982758620689655,0.0786802030456852,0.0697674418604651,0.2402597402597402,0.1088235294117647,0.0648567119155354,0.1565098336965389,0.06731207688800026,0.2402597402597402,0.1982758620689655,0.041983878190774704,0.08919775680853864
5,13,0.0387931034482758,0.0279187817258883,0.0883720930232558,0.0519480519480519,0.0823529411764705,0.0716440422322775,0.05025321957467163,0.08000806762776665,0.0883720930232558,0.0823529411764705,0.006019151846785295,-0.029754848053095015
5,14,0.0129310344827586,0.0,0.3246511627906976,0.0129870129870129,0.0735294117647058,0.0429864253393665,0.024861864808619325,0.18381879406503204,0.3246511627906976,0.0735294117647058,0.2511217510259918,-0.15895692925641272
5,15,0.1939655172413793,0.1395939086294416,0.0102325581395348,0.2792207792207792,0.1647058823529411,0.1470588235294117,0.19437152186113527,0.07864569083447324,0.2792207792207792,0.1939655172413793,0.0852552619793999,0.11572583102666202
5,16,0.0474137931034482,0.0507614213197969,0.3032558139534884,0.0454545454545454,0.1147058823529411,0.0648567119155354,0.0645839105576829,0.18405626293451188,0.3032558139534884,0.1147058823529411,0.18854993160054728,-0.11947235237682899
5,17,0.2586206896551724,0.1421319796954314,0.0111627906976744,0.2597402597402597,0.1705882352941176,0.2088989441930618,0.20777029109624526,0.1100308674453681,0.2597402597402597,0.2586206896551724,0.0011195700850873402,0.09773942365087716
5,18,0.7758620689655172,0.4974619289340101,0.001860465116279,0.7922077922077922,0.5941176470588235,0.4291101055806938,0.6649123592915358,0.2154852853484864,0.7922077922077922,0.7758620689655172,0.016345723242275012,0.44942707394304937
5,19,0.4913793103448275,0.3705583756345177,0.0027906976744186,0.5714285714285714,0.4264705882352941,0.3476621417797888,0.4649592114108027,0.1752264197271037,0.5714285714285714,0.4913793103448275,0.08004926108374388,0.28973279168369903
5,20,0.0646551724137931,0.0761421319796954,0.0213953488372093,0.0519480519480519,0.0970588235294117,0.0475113122171945,0.07245104496773802,0.0344533305272019,0.0970588235294117,0.0761421319796954,0.0209166915497163,0.03799771444053612
5,21,0.125,0.0964467005076142,0.0251162790697674,0.1168831168831168,0.0676470588235294,0.0512820512820512,0.1014942190535651,0.038199165175909294,0.125,0.1168831168831168,0.008116883116883203,0.0632950538776558
5,22,0.0043103448275862,0.0025380710659898,0.1302325581395348,0.0324675324675324,0.1147058823529411,0.0452488687782805,0.03850545767851238,0.08774071345890765,0.1302325581395348,0.1147058823529411,0.015526675786593697,-0.04923525578039527
5,23,0.0775862068965517,0.0253807106598984,0.1423255813953488,0.1948051948051948,0.1441176470588235,0.088235294117647,0.1104724398551171,0.11528043775649789,0.1948051948051948,0.1441176470588235,0.0506875477463713,-0.004807997901380798
5,24,0.0603448275862069,0.0583756345177665,0.04,0.0909090909090909,0.0470588235294117,0.057315233785822,0.064172094135619,0.048657616892910996,0.0909090909090909,0.0603448275862069,0.030564263322884,0.015514477242708005
5,25,0.0,0.0025380710659898,0.0781395348837209,0.0324675324675324,0.0823529411764705,0.0512820512820512,0.029339636177498178,0.06471079308288605,0.0823529411764705,0.0781395348837209,0.004213406292749605,-0.03537115690538787
5,26,0.0387931034482758,0.0634517766497461,0.0427906976744186,0.0909090909090909,0.15,0.090497737556561,0.08578849275177819,0.0666442176154898,0.15,0.0909090909090909,0.0590909090909091,0.019144275136288386
5,27,0.0172413793103448,0.0101522842639593,0.1283720930232558,0.0519480519480519,0.1,0.0520361990950226,0.044835428880589,0.0902041460591392,0.1283720930232558,0.1,0.0283720930232558,-0.045368717178550205
6,0,0.0086206896551724,0.0025380710659898,0.2065116279069767,0.0194805194805194,0.0617647058823529,0.0429864253393665,0.023100996521008624,0.1247490266231716,0.2065116279069767,0.0617647058823529,0.1447469220246238,-0.10164803010216297
6,1,0.0043103448275862,0.0025380710659898,0.2883720930232558,0.0259740259740259,0.0764705882352941,0.0505279034690799,0.027323257525724,0.16944999824616785,0.2883720930232558,0.0764705882352941,0.2119015047879617,-0.14212674072044384
6,2,0.0086206896551724,0.0025380710659898,0.1916279069767441,0.0324675324675324,0.0676470588235294,0.0422322775263951,0.027818338003055998,0.1169300922515696,0.1916279069767441,0.0676470588235294,0.1239808481532147,-0.0891117542485136
6,3,0.0043103448275862,0.0,0.1581395348837209,0.0064935064935064,0.0088235294117647,0.0211161387631975,0.004906845183214326,0.0896278368234592,0.1581395348837209,0.0211161387631975,0.1370233961205234,-0.08472099164024488
6,4,0.0043103448275862,0.0025380710659898,0.1748837209302325,0.0324675324675324,0.0911764705882352,0.0550527903469079,0.0326231047373359,0.1149682556385702,0.1748837209302325,0.0911764705882352,0.08370725034199729,-0.0823451509012343
6,5,0.0,0.0050761421319796,0.3748837209302325,0.0194805194805194,0.0441176470588235,0.2164404223227752,0.017168577167830625,0.2956620716265038,0.3748837209302325,0.2164404223227752,0.1584432986074573,-0.2784934944586732
6,6,0.0043103448275862,0.0,0.2251162790697674,0.0129870129870129,0.0088235294117647,0.0120663650075414,0.0065302218065909495,0.1185913220386544,0.2251162790697674,0.0129870129870129,0.21212926608275448,-0.11206110023206345
6,7,0.1336206896551724,0.0761421319796954,0.1041860465116279,0.1233766233766233,0.0264705882352941,0.2202111613876319,0.0899025083116963,0.1621986039496299,0.2202111613876319,0.1336206896551724,0.08659047173245948,-0.0722960956379336
6,8,0.0043103448275862,0.0025380710659898,0.0344186046511627,0.0064935064935064,0.0147058823529411,0.0233785822021116,0.007011951185005875,0.02889859342663715,0.0344186046511627,0.0233785822021116,0.011040022449051098,-0.021886642241631275
6,9,0.4267241379310345,0.1954314720812182,0.0762790697674418,0.422077922077922,0.1705882352941176,0.1040723981900452,0.30370544184607307,0.0901757339787435,0.4267241379310345,0.422077922077922,0.004646215853112479,0.21352970786732955
6,10,0.0474137931034482,0.0304568527918781,0.1181395348837209,0.0714285714285714,0.0558823529411764,0.0429864253393665,0.05129539256626853,0.0805629801115437,0.1181395348837209,0.0714285714285714,0.04671096345514951,-0.02926758754527517
6,11,0.0905172413793103,0.0939086294416243,0.0223255813953488,0.1363636363636363,0.0970588235294117,0.0165912518853695,0.10446208267849565,0.01945841664035915,0.1363636363636363,0.0970588235294117,0.0393048128342246,0.0850036660381365
6,12,0.0043103448275862,0.0101522842639593,0.0176744186046511,0.0064935064935064,0.0088235294117647,0.0203619909502262,0.00744491624920415,0.019018204777438652,0.0203619909502262,0.0176744186046511,0.002687572345575099,-0.011573288528234502
6,13,0.0086206896551724,0.0406091370558375,0.0483720930232558,0.0324675324675324,0.0735294117647058,0.033182503770739,0.038806692735812026,0.0407772983969974,0.0735294117647058,0.0483720930232558,0.025157318741450004,-0.0019706056611853706
6,14,0.1422413793103448,0.0736040609137055,0.0251162790697674,0.3311688311688311,0.1647058823529411,0.0279034690799396,0.1779300384364556,0.0265098740748535,0.3311688311688311,0.1647058823529411,0.16646294881589002,0.1514201643616021
6,15,0.0,0.0025380710659898,0.2102325581395349,0.0324675324675324,0.1176470588235294,0.0633484162895927,0.0381631655892629,0.1367904872145638,0.2102325581395349,0.1176470588235294,0.0925854993160055,-0.0986273216253009
6,16,0.3318965517241379,0.5380710659898477,0.0362790697674418,0.4155844155844156,0.6558823529411765,0.1644042232277526,0.48535859655989444,0.1003416464975972,0.6558823529411765,0.5380710659898477,0.11781128695132881,0.38501695006229725
6,17,0.0172413793103448,0.0203045685279187,0.0046511627906976,0.0,0.0058823529411764,0.0128205128205128,0.010857075194859974,0.0087358378056052,0.0203045685279187,0.0172413793103448,0.0030631892175739008,0.002121237389254774
6,18,0.0603448275862069,0.0862944162436548,0.0269767441860465,0.0974025974025974,0.0941176470588235,0.0497737556561085,0.08453987207282065,0.0383752499210775,0.0974025974025974,0.0941176470588235,0.003284950343773893,0.046164622151743155
6,19,0.0043103448275862,0.0228426395939086,0.0409302325581395,0.0584415584415584,0.0705882352941176,0.0505279034690799,0.0390456945392927,0.045729068013609694,0.0705882352941176,0.0584415584415584,0.012146676852559206,-0.006683373474316995
6,20,0.0,0.0050761421319796,0.04,0.0194805194805194,0.0470588235294117,0.0271493212669683,0.017903871285477675,0.033574660633484146,0.0470588235294117,0.04,0.007058823529411701,-0.015670789348006472
6,21,0.0043103448275862,0.0,0.6818604651162791,0.0324675324675324,0.0588235294117647,0.0799396681749622,0.023900351676720825,0.38090006664562065,0.6818604651162791,0.0799396681749622,0.6019207969413168,-0.3569997149688998
6,22,0.3146551724137931,0.4238578680203045,0.213953488372093,0.3311688311688311,0.3088235294117647,0.2307692307692307,0.34462635025367333,0.22236135957066183,0.4238578680203045,0.3311688311688311,0.0926890368514734,0.1222649906830115
6,23,0.146551724137931,0.1751269035532995,0.0288372093023255,0.1753246753246753,0.1205882352941176,0.1199095022624434,0.15439788457750583,0.07437335578238445,0.1753246753246753,0.1751269035532995,0.0001977717713758098,0.08002452879512138
6,24,0.021551724137931,0.0101522842639593,0.1125581395348837,0.0584415584415584,0.1058823529411764,0.0437405731523378,0.04900697994615628,0.07814935634361075,0.1125581395348837,0.1058823529411764,0.006675786593707295,-0.029142376397454477
6,25,0.021551724137931,0.0939086294416243,0.0716279069767441,0.0389610389610389,0.1,0.0407239819004524,0.06360534813514855,0.056175944438598246,0.1,0.0939086294416243,0.0060913705583757055,0.007429403696550305
6,26,0.0043103448275862,0.0025380710659898,0.2111627906976744,0.0454545454545454,0.0911764705882352,0.0527903469079939,0.03586985798408915,0.13197656880283415,0.2111627906976744,0.0911764705882352,0.1199863201094392,-0.096106710818745
6,27,0.0,0.0025380710659898,0.2334883720930232,0.0194805194805194,0.0941176470588235,0.0542986425339366,0.029034059401333176,0.14389350731347988,0.2334883720930232,0.0941176470588235,0.1393707250341997,-0.11485944791214671
7,0,0.0172413793103448,0.0177664974619289,0.0306976744186046,0.0129870129870129,0.0764705882352941,0.0603318250377073,0.03111636949864517,0.04551474972815595,0.0764705882352941,0.0603318250377073,0.016138763197586795,-0.01439838022951078
7,1,0.043103448275862,0.032994923857868,0.0176744186046511,0.0194805194805194,0.0735294117647058,0.0188536953242835,0.042277075844738804,0.0182640569644673,0.0735294117647058,0.043103448275862,0.0304259634888438,0.024013018880271506
7,2,0.2413793103448276,0.2791878172588832,0.1013953488372093,0.2272727272727272,0.2794117647058823,0.171945701357466,0.25681290489558006,0.13667052509733765,0.2794117647058823,0.2791878172588832,0.00022394744699910651,0.12014237979824241
7,3,0.0043103448275862,0.0025380710659898,0.0455813953488372,0.0129870129870129,0.0352941176470588,0.0444947209653092,0.013782386631911926,0.0450380581570732,0.0455813953488372,0.0444947209653092,0.0010866743835279968,-0.031255671525161274
7,4,0.0129310344827586,0.0,0.2186046511627907,0.0259740259740259,0.0647058823529411,0.057315233785822,0.0259027357024314,0.13795994247430635,0.2186046511627907,0.0647058823529411,0.1538987688098496,-0.11205720677187495
7,5,0.4310344827586206,0.4289340101522843,0.0362790697674418,0.5,0.5323529411764706,0.2458521870286576,0.4730803585218438,0.1410656283980497,0.5323529411764706,0.5,0.032352941176470584,0.3320147301237941
7,6,0.5172413793103449,0.0736040609137055,0.0093023255813953,0.538961038961039,0.1117647058823529,0.475867269984917,0.31039279626686056,0.24258479778315617,0.538961038961039,0.5172413793103449,0.021719659650694112,0.06780799848370439
7,7,0.0948275862068965,0.2208121827411167,0.0502325581395348,0.1038961038961039,0.1147058823529411,0.0731523378582202,0.13356043879926455,0.0616924479988775,0.2208121827411167,0.1147058823529411,0.10610630038817559,0.07186799080038705
7,8,0.1594827586206896,0.233502538071066,0.0381395348837209,0.1623376623376623,0.2617647058823529,0.0550527903469079,0.20427191622794272,0.0465961626153144,0.2617647058823529,0.233502538071066,0.028262167811286903,0.1576757536126283
7,9,0.7025862068965517,0.6015228426395939,0.0446511627906976,0.6623376623376623,0.6205882352941177,0.0535444947209653,0.6467587367919814,0.04909782875583145,0.7025862068965517,0.6623376623376623,0.040248544558889376,0.5976609080361499
7,10,0.0172413793103448,0.0126903553299492,0.0195348837209302,0.0129870129870129,0.0205882352941176,0.0037707390648567,0.015876745730356127,0.01165281139289345,0.0205882352941176,0.0195348837209302,0.0010533515731874013,0.004223934337462678
7,11,0.0344827586206896,0.032994923857868,0.0837209302325581,0.0454545454545454,0.0911764705882352,0.0806938159879336,0.05102717463033455,0.08220737311024584,0.0911764705882352,0.0837209302325581,0.007455540355677109,-0.03118019847991129
7,12,0.0689655172413793,0.0710659898477157,0.6390697674418605,0.1493506493506493,0.1205882352941176,0.3665158371040724,0.10249259793346548,0.5027928022729664,0.6390697674418605,0.3665158371040724,0.27255393033778813,-0.4003002043395009
7,13,0.1336206896551724,0.1802030456852792,0.1320930232558139,0.1493506493506493,0.1794117647058823,0.1184012066365007,0.1606465373492458,0.1252471149461573,0.1802030456852792,0.1794117647058823,0.0007912809793969022,0.03539942240308849
7,14,0.0646551724137931,0.0177664974619289,0.015813953488372,0.0584415584415584,0.0235294117647058,0.0248868778280542,0.04109816002049655,0.0203504156582131,0.0646551724137931,0.0584415584415584,0.006213613972234695,0.020747744362283452
7,15,0.0387931034482758,0.0406091370558375,0.0269767441860465,0.0389610389610389,0.0558823529411764,0.0263951734539969,0.04356140810158214,0.0266859588200217,0.0558823529411764,0.0406091370558375,0.015273215885338899,0.016875449281560442
7,16,0.0818965517241379,0.0634517766497461,0.1153488372093023,0.0389610389610389,0.0558823529411764,0.2986425339366516,0.06004793006902483,0.20699568557297693,0.2986425339366516,0.1153488372093023,0.1832936967273493,-0.14694775550395212
7,17,0.0301724137931034,0.0177664974619289,0.0260465116279069,0.0194805194805194,0.0323529411764705,0.0120663650075414,0.02494309297800555,0.01905643831772415,0.0323529411764705,0.0301724137931034,0.0021805273833671,0.005886654660281401
7,18,0.2887931034482758,0.4035532994923858,0.0251162790697674,0.3961038961038961,0.538235294117647,0.0392156862745098,0.4066713982905512,0.032165982672138604,0.538235294117647,0.4035532994923858,0.13468199462526126,0.3745054156184126
7,19,0.0,0.0203045685279187,0.0111627906976744,0.0064935064935064,0.0235294117647058,0.0090497737556561,0.012581871696532725,0.01010628222666525,0.0235294117647058,0.0203045685279187,0.0032248432367870984,0.002475589469867475
7,20,0.0043103448275862,0.0761421319796954,0.0502325581395348,0.0259740259740259,0.0794117647058823,0.0475113122171945,0.04645956687179745,0.04887193517836465,0.0794117647058823,0.0761421319796954,0.0032696327261869107,-0.0024123683065672002
7,21,0.1982758620689655,0.248730964467005,0.0865116279069767,0.2662337662337662,0.3764705882352941,0.1206636500754147,0.2724277952512577,0.10358763899119569,0.3764705882352941,0.2662337662337662,0.1102368220015279,0.16884015626006202
7,22,0.0474137931034482,0.0253807106598984,0.1330232558139535,0.0324675324675324,0.0588235294117647,0.0542986425339366,0.04102139141066092,0.09366094917394505,0.1330232558139535,0.0588235294117647,0.0741997264021888,-0.05263955776328413
7,23,0.0344827586206896,0.0203045685279187,0.0195348837209302,0.0779220779220779,0.05,0.0120663650075414,0.045677351267671557,0.0158006243642358,0.0779220779220779,0.05,0.027922077922077904,0.029876726903435756
7,24,0.0086206896551724,0.0837563451776649,0.0465116279069767,0.0129870129870129,0.038235294117647,0.0173453996983408,0.0358998354843743,0.03192851380265875,0.0837563451776649,0.0465116279069767,0.037244717270688205,0.003971321681715552
7,25,0.043103448275862,0.0456852791878172,0.0241860465116279,0.0714285714285714,0.0647058823529411,0.0271493212669683,0.05623079531129793,0.025667683889298097,0.0714285714285714,0.0647058823529411,0.006722689075630298,0.030563111421999835
7,26,0.0732758620689655,0.0685279187817258,0.0316279069767441,0.0779220779220779,0.0529411764705882,0.0263951734539969,0.06816675881083935,0.0290115402153705,0.0779220779220779,0.0732758620689655,0.004646215853112409,0.039155218595468846
7,27,0.0172413793103448,0.1548223350253807,0.0186046511627906,0.0714285714285714,0.0852941176470588,0.0467571644042232,0.08219660085283892,0.0326809077835069,0.1548223350253807,0.0852941176470588,0.0695282173783219,0.04951569306933202
8,0,0.0474137931034482,0.1065989847715736,0.015813953488372,0.1298701298701298,0.1588235294117647,0.0180995475113122,0.11067660928922907,0.0169567504998421,0.1588235294117647,0.1298701298701298,0.028953399541634894,0.09371985878938696
8,1,0.0043103448275862,0.0,0.1395348837209302,0.0129870129870129,0.0205882352941176,0.0173453996983408,0.009471398277179174,0.07844014170963551,0.1395348837209302,0.0205882352941176,0.1189466484268126,-0.06896874343245633
8,2,0.0344827586206896,0.0126903553299492,0.0325581395348837,0.0389610389610389,0.038235294117647,0.0135746606334841,0.031092361757331176,0.0230664000841839,0.0389610389610389,0.038235294117647,0.0007257448433918984,0.008025961673147276
8,3,0.0129310344827586,0.0076142131979695,0.0232558139534883,0.0194805194805194,0.0264705882352941,0.0113122171945701,0.016624088849135403,0.0172840155740292,0.0264705882352941,0.0232558139534883,0.003214774281805801,-0.000659926724893796
8,4,0.0172413793103448,0.0076142131979695,0.0176744186046511,0.0259740259740259,0.0441176470588235,0.0098039215686274,0.023736816385290925,0.01373917008663925,0.0441176470588235,0.0259740259740259,0.018143621084797598,0.009997646298651675
8,5,0.1077586206896551,0.0786802030456852,0.0241860465116279,0.1298701298701298,0.1029411764705882,0.035444947209653,0.10481253251901457,0.02981549686064045,0.1298701298701298,0.1077586206896551,0.022111509180474706,0.07499703565837412
8,6,0.0732758620689655,0.1522842639593908,0.0269767441860465,0.1493506493506493,0.1294117647058823,0.0942684766214178,0.12608063502122197,0.06062261040373215,0.1522842639593908,0.1493506493506493,0.0029336146087415027,0.06545802461748981
8,7,0.0862068965517241,0.0761421319796954,0.0241860465116279,0.0779220779220779,0.0588235294117647,0.0150829562594268,0.07477365896631553,0.01963450138552735,0.0862068965517241,0.0779220779220779,0.008284818629646196,0.05513915758078819
8,8,0.0818965517241379,0.0583756345177665,0.0195348837209302,0.1298701298701298,0.1323529411764706,0.0271493212669683,0.10062381432212619,0.02334210249394925,0.1323529411764706,0.1298701298701298,0.0024828113063407875,0.07728171182817695
8,9,0.021551724137931,0.032994923857868,0.0195348837209302,0.0259740259740259,0.0323529411764705,0.0196078431372549,0.02821840378657385,0.01957136342909255,0.032994923857868,0.0323529411764705,0.0006419826813975002,0.0086470403574813
8,10,0.043103448275862,0.0685279187817258,0.04,0.0649350649350649,0.1088235294117647,0.0407239819004524,0.07134749035110435,0.040361990950226204,0.1088235294117647,0.0685279187817258,0.04029561063003889,0.03098549940087815
8,11,0.1422413793103448,0.1116751269035533,0.0827906976744186,0.1428571428571428,0.1,0.0505279034690799,0.12419341226776023,0.06665930057174925,0.1428571428571428,0.1422413793103448,0.0006157635467979872,0.057534111696010984
8,12,0.5646551724137931,0.4035532994923858,0.0325581395348837,0.512987012987013,0.4470588235294118,0.0701357466063348,0.4820635771056509,0.05134694307060925,0.5646551724137931,0.512987012987013,0.05166815942678016,0.4307166340350417
8,13,0.0991379310344827,0.0456852791878172,0.0502325581395348,0.0974025974025974,0.05,0.0444947209653092,0.07305645190622433,0.047363639552421996,0.0991379310344827,0.0974025974025974,0.0017353336318853135,0.02569281235380233
8,14,0.0043103448275862,0.0,0.4390697674418605,0.0129870129870129,0.0294117647058823,0.0603318250377073,0.01167728063012035,0.2497007962397839,0.4390697674418605,0.0603318250377073,0.3787379424041532,-0.23802351560966353
8,15,0.0818965517241379,0.0228426395939086,0.2548837209302325,0.0974025974025974,0.1147058823529411,0.1176470588235294,0.07921191776839626,0.18626538987688093,0.2548837209302325,0.1176470588235294,0.1372366621067031,-0.10705347210848468
8,16,0.0086206896551724,0.0025380710659898,0.1153488372093023,0.0324675324675324,0.0352941176470588,0.0701357466063348,0.019730102708938352,0.09274229190781855,0.1153488372093023,0.0701357466063348,0.04521309060296749,-0.0730121891988802
8,17,0.0,0.0050761421319796,0.0334883720930232,0.0194805194805194,0.0411764705882352,0.0150829562594268,0.01643328305018355,0.024285664176225002,0.0411764705882352,0.0334883720930232,0.007688098495212001,-0.00785238112604145
8,18,0.0043103448275862,0.0025380710659898,0.0511627906976744,0.0259740259740259,0.038235294117647,0.030920060331825,0.017764433996312223,0.0410414255147497,0.0511627906976744,0.038235294117647,0.012927496580027398,-0.023276991518437477
8,19,0.0043103448275862,0.0101522842639593,0.0846511627906976,0.0194805194805194,0.0411764705882352,0.0369532428355957,0.018779904790075026,0.060802202813146654,0.0846511627906976,0.0411764705882352,0.0434746922024624,-0.04202229802307163
8,20,0.0086206896551724,0.0025380710659898,0.0641860465116279,0.0129870129870129,0.0323529411764705,0.0188536953242835,0.0141246787211614,0.0415198709179557,0.0641860465116279,0.0323529411764705,0.0318331053351574,-0.0273951921967943
8,21,0.0,0.0076142131979695,0.0251162790697674,0.0194805194805194,0.0294117647058823,0.0196078431372549,0.014126624346092801,0.02236206110351115,0.0294117647058823,0.0251162790697674,0.004295485636114902,-0.008235436757418349
8,22,0.0,0.0228426395939086,0.0241860465116279,0.0194805194805194,0.0323529411764705,0.0128205128205128,0.018669025062724626,0.01850327966607035,0.0323529411764705,0.0241860465116279,0.008166894664842602,0.00016574539665427726
8,23,0.021551724137931,0.0228426395939086,0.0120930232558139,0.0064935064935064,0.0323529411764705,0.0135746606334841,0.020810202850454124,0.012833841944649,0.0323529411764705,0.0228426395939086,0.0095103015825619,0.007976360905805124
8,24,0.0,0.0177664974619289,0.0167441860465116,0.0194805194805194,0.0323529411764705,0.0203619909502262,0.017399989529729702,0.0185530884983689,0.0323529411764705,0.0203619909502262,0.011990950226244301,-0.0011530989686391983
8,25,0.0043103448275862,0.0101522842639593,0.015813953488372,0.0194805194805194,0.0294117647058823,0.0113122171945701,0.0158387283194868,0.013563085341471052,0.0294117647058823,0.0194805194805194,0.0099312452253629,0.0022756429780157496
8,26,0.0172413793103448,0.0253807106598984,0.013953488372093,0.0194805194805194,0.0176470588235294,0.0113122171945701,0.019937417068573,0.01263285278333155,0.0253807106598984,0.0194805194805194,0.005900191179379,0.00730456428524145
8,27,0.0,0.0203045685279187,0.0167441860465116,0.0194805194805194,0.0323529411764705,0.0113122171945701,0.018034507296227152,0.014028201620540852,0.0323529411764705,0.0203045685279187,0.0120483726485518,0.0040063056756863
9,0,0.0646551724137931,0.1116751269035533,0.1655813953488372,0.0389610389610389,0.1176470588235294,0.1266968325791855,0.08323459927547867,0.14613911396401136,0.1655813953488372,0.1266968325791855,0.038884562769651715,-0.06290451468853268
9,1,0.021551724137931,0.0355329949238578,0.0846511627906976,0.0194805194805194,0.0470588235294117,0.0429864253393665,0.03090601551792998,0.06381879406503205,0.0846511627906976,0.0470588235294117,0.037592339261285905,-0.03291277854710207
9,2,0.0301724137931034,0.0406091370558375,0.0176744186046511,0.0259740259740259,0.038235294117647,0.0203619909502262,0.03374771773515345,0.019018204777438652,0.0406091370558375,0.038235294117647,0.0023738429381904985,0.014729512957714797
9,3,0.0,0.0355329949238578,0.0186046511627906,0.0194805194805194,0.0352941176470588,0.0196078431372549,0.022576908012859,0.01910624715002275,0.0355329949238578,0.0352941176470588,0.00023887727679899884,0.0034706608628362473
9,4,0.0560344827586206,0.0558375634517766,0.0213953488372093,0.1103896103896103,0.0764705882352941,0.0180995475113122,0.0746830612088254,0.019747448174260752,0.1103896103896103,0.0764705882352941,0.033919022154316206,0.054935613034564644
9,5,0.125,0.1979695431472081,0.041860465116279,0.1298701298701298,0.1323529411764706,0.090497737556561,0.14629815354845213,0.06617910133642,0.1979695431472081,0.1323529411764706,0.06561660197073751,0.08011905221203214
9,6,0.3275862068965517,0.2309644670050761,0.0865116279069767,0.2922077922077922,0.2617647058823529,0.0920060331825037,0.27813079299794324,0.0892588305447402,0.3275862068965517,0.2922077922077922,0.03537841468875952,0.18887196245320304
9,7,0.0517241379310344,0.0710659898477157,0.0130232558139534,0.0714285714285714,0.0529411764705882,0.0271493212669683,0.061789968919477425,0.02008628854046085,0.0714285714285714,0.0710659898477157,0.0003625815808556976,0.041703680379016575
9,8,0.2413793103448276,0.1472081218274111,0.0186046511627906,0.1623376623376623,0.1117647058823529,0.1576168929110105,0.16567245009806347,0.08811077203690054,0.2413793103448276,0.1623376623376623,0.07904164800716529,0.07756167806116293
9,9,0.0387931034482758,0.0812182741116751,0.0111627906976744,0.1168831168831168,0.1352941176470588,0.0135746606334841,0.09304715302253162,0.01236872566557925,0.1352941176470588,0.1168831168831168,0.01841100076394199,0.08067842735695237
9,10,0.0129310344827586,0.0203045685279187,0.0102325581395348,0.0064935064935064,0.0176470588235294,0.0090497737556561,0.014344042081928274,0.00964116594759545,0.0203045685279187,0.0176470588235294,0.0026575097043892992,0.004702876134332824
9,11,0.1594827586206896,0.2969543147208122,0.0409302325581395,0.1753246753246753,0.2911764705882353,0.1244343891402715,0.2307345548136031,0.08268231084920549,0.2969543147208122,0.2911764705882353,0.00577784413257687,0.14805224396439762
9,12,0.0387931034482758,0.0076142131979695,0.1125581395348837,0.0129870129870129,0.0588235294117647,0.0987933634992458,0.029554464761255724,0.10567575151706475,0.1125581395348837,0.0987933634992458,0.013764776035637888,-0.07612128675580902
9,13,0.1853448275862069,0.2182741116751269,0.081860465116279,0.1428571428571428,0.1676470588235294,0.1055806938159879,0.1785307852355015,0.09372057946613345,0.2182741116751269,0.1853448275862069,0.032929284088919986,0.08481020576936805
9,14,0.0991379310344827,0.2284263959390862,0.0297674418604651,0.1363636363636363,0.3205882352941177,0.0316742081447963,0.19612904965783073,0.0307208250026307,0.3205882352941177,0.2284263959390862,0.09216183935503147,0.16540822465520003
9,15,0.043103448275862,0.065989847715736,0.0334883720930232,0.0714285714285714,0.1294117647058823,0.0384615384615384,0.07748340803151293,0.0359749552772808,0.1294117647058823,0.0714285714285714,0.05798319327731091,0.041508452754232136
9,16,0.1120689655172413,0.1852791878172588,0.0697674418604651,0.2012987012987013,0.1705882352941176,0.11236802413273,0.16730877248182974,0.09106773299659755,0.2012987012987013,0.1852791878172588,0.01601951348144251,0.07624103948523218
9,17,0.0474137931034482,0.0862944162436548,0.0232558139534883,0.0324675324675324,0.0794117647058823,0.033182503770739,0.061396876630129424,0.028219158862113652,0.0862944162436548,0.0794117647058823,0.006882651537772497,0.03317771776801577
9,18,0.0129310344827586,0.0355329949238578,0.0232558139534883,0.0194805194805194,0.0441176470588235,0.0211161387631975,0.028015548986489825,0.0221859763583429,0.0441176470588235,0.0355329949238578,0.008584652134965697,0.005829572628146925
9,19,0.0129310344827586,0.0279187817258883,0.0186046511627906,0.0194805194805194,0.0352941176470588,0.0188536953242835,0.023906113334056275,0.01872917324353705,0.0352941176470588,0.0279187817258883,0.007375335921170501,0.0051769400905192255
9,20,0.043103448275862,0.0101522842639593,0.0353488372093023,0.0454545454545454,0.0764705882352941,0.0188536953242835,0.043795216557415195,0.0271012662667929,0.0764705882352941,0.0454545454545454,0.031016042780748695,0.016693950290622296
9,21,0.1077586206896551,0.0761421319796954,0.2204651162790697,0.1038961038961039,0.1088235294117647,0.1485671191553544,0.09915509649430478,0.18451611771721205,0.2204651162790697,0.1485671191553544,0.07189799712371531,-0.08536102122290727
9,22,0.0258620689655172,0.015228426395939,0.0316279069767441,0.0194805194805194,0.0088235294117647,0.0158371040723981,0.017348636063435077,0.0237325055245711,0.0316279069767441,0.0258620689655172,0.0057658380112269,-0.006383869461136022
9,23,0.1206896551724138,0.2614213197969543,0.0427906976744186,0.2142857142857142,0.3970588235294117,0.0580693815987933,0.2483638781961235,0.05043003963660595,0.3970588235294117,0.2614213197969543,0.13563750373245737,0.19793383855951754
9,24,0.0301724137931034,0.065989847715736,0.0344186046511627,0.0259740259740259,0.0764705882352941,0.0218702865761689,0.049651718929539845,0.0281444456136658,0.0764705882352941,0.065989847715736,0.010480740519558093,0.021507273315874046
9,25,0.2629310344827586,0.1142131979695431,0.0390697674418604,0.2727272727272727,0.1558823529411764,0.0324283559577677,0.2014384645301877,0.03574906169981405,0.2727272727272727,0.2629310344827586,0.009796238244514088,0.16568940283037364
9,26,0.0474137931034482,0.0482233502538071,0.0195348837209302,0.0519480519480519,0.0647058823529411,0.0203619909502262,0.05307276941456207,0.0199484373355782,0.0647058823529411,0.0519480519480519,0.012757830404889196,0.03312433207898387
9,27,0.1810344827586207,0.215736040609137,0.1516279069767442,0.1818181818181818,0.1794117647058823,0.0806938159879336,0.18950011747295545,0.1161608614823389,0.215736040609137,0.1818181818181818,0.03391785879095521,0.07333925599061655
10,0,0.0,0.0126903553299492,0.0130232558139534,0.0064935064935064,0.0294117647058823,0.0120663650075414,0.012148906632334474,0.012544810410747401,0.0294117647058823,0.0130232558139534,0.016388508891928902,-0.0003959037784129274
10,1,0.0517241379310344,0.2005076142131979,0.0716279069767441,0.1038961038961039,0.1588235294117647,0.0806938159879336,0.12873784636302524,0.07616086148233885,0.2005076142131979,0.1588235294117647,0.04168408480143321,0.05257698488068639
10,2,0.0172413793103448,0.0253807106598984,0.0111627906976744,0.0,0.0147058823529411,0.0437405731523378,0.014331993080796076,0.027451681925006098,0.0437405731523378,0.0253807106598984,0.0183598624924394,-0.013119688844210022
10,3,0.0,0.0304568527918781,0.013953488372093,0.0389610389610389,0.0735294117647058,0.0211161387631975,0.0357368258794057,0.01753481356764525,0.0735294117647058,0.0389610389610389,0.034568372803666904,0.01820201231176045
10,4,0.0,0.0,0.2102325581395349,0.0,0.0088235294117647,0.0128205128205128,0.002205882352941175,0.11152653548002385,0.2102325581395349,0.0128205128205128,0.1974120453190221,-0.10932065312708268
10,5,0.0,0.0,0.0316279069767441,0.0259740259740259,0.05,0.0233785822021116,0.018993506493506476,0.02750324458942785,0.05,0.0316279069767441,0.018372093023255903,-0.008509738095921374
10,6,0.0991379310344827,0.1548223350253807,0.0362790697674418,0.1493506493506493,0.1823529411764705,0.0467571644042232,0.1464159641467458,0.0415181170858325,0.1823529411764705,0.1548223350253807,0.027530606151089793,0.10489784706091329
10,7,0.0301724137931034,0.0507614213197969,0.0297674418604651,0.0259740259740259,0.0823529411764705,0.0294117647058823,0.047315200565849175,0.0295896032831737,0.0823529411764705,0.0507614213197969,0.031591519856673606,0.017725597282675476
10,8,0.0172413793103448,0.0304568527918781,0.2855813953488372,0.0,0.0352941176470588,0.1093514328808446,0.020748087437320428,0.1974664141148409,0.2855813953488372,0.1093514328808446,0.1762299624679926,-0.17671832667752047
10,9,0.0948275862068965,0.0634517766497461,0.0297674418604651,0.0584415584415584,0.0558823529411764,0.0603318250377073,0.06815081855984435,0.045049633449086204,0.0948275862068965,0.0634517766497461,0.0313758095571504,0.02310118511075815
10,10,0.0043103448275862,0.0050761421319796,0.0167441860465116,0.0194805194805194,0.0558823529411764,0.0090497737556561,0.0211873398453154,0.012896979901083851,0.0558823529411764,0.0194805194805194,0.03640183346065699,0.00829035994423155
10,11,0.1077586206896551,0.2055837563451776,0.1069767441860465,0.1233766233766233,0.1794117647058823,0.0844645550527903,0.15403269127933458,0.0957206496194184,0.2055837563451776,0.1794117647058823,0.02617199163929529,0.058312041659916186
10,12,0.0172413793103448,0.0228426395939086,0.1423255813953488,0.0194805194805194,0.0647058823529411,0.0467571644042232,0.031067605184428474,0.094541372899786,0.1423255813953488,0.0647058823529411,0.07761969904240769,-0.06347376771535752
10,13,0.1379310344827586,0.1548223350253807,0.1311627906976744,0.1233766233766233,0.1588235294117647,0.2300150829562594,0.14373838057413182,0.1805889368269669,0.2300150829562594,0.1588235294117647,0.07119155354449469,-0.036850556252835065
10,14,0.0474137931034482,0.1116751269035533,0.0697674418604651,0.1038961038961039,0.088235294117647,0.0460030165912518,0.0878050795051881,0.05788522922585845,0.1116751269035533,0.1038961038961039,0.007779023007449398,0.02991985027932964
10,15,0.146551724137931,0.266497461928934,0.041860465116279,0.1623376623376623,0.2852941176470588,0.0972850678733031,0.21517024151289652,0.06957276649479105,0.2852941176470588,0.266497461928934,0.018796655718124833,0.14559747501810547
10,16,0.0387931034482758,0.0279187817258883,0.1134883720930232,0.0259740259740259,0.0617647058823529,0.0708898944193061,0.03861265425763573,0.09218913325616465,0.1134883720930232,0.0708898944193061,0.042598477673717106,-0.05357647899852892
10,17,0.0,0.0101522842639593,0.0362790697674418,0.0,0.0294117647058823,0.0271493212669683,0.0098910122424604,0.03171419551720505,0.0362790697674418,0.0294117647058823,0.006867305061559501,-0.02182318327474465
10,18,0.0086206896551724,0.0101522842639593,0.0511627906976744,0.0129870129870129,0.0294117647058823,0.030920060331825,0.015292937903006724,0.0410414255147497,0.0511627906976744,0.030920060331825,0.020242730365849396,-0.025748487611742976
10,19,0.0862068965517241,0.065989847715736,0.0260465116279069,0.0844155844155844,0.0794117647058823,0.0241327300150829,0.0790060233472317,0.0250896208214949,0.0862068965517241,0.0844155844155844,0.0017913121361397,0.0539164025257368
10,20,0.0387931034482758,0.0253807106598984,0.0241860465116279,0.0259740259740259,0.0529411764705882,0.0218702865761689,0.035772254138197075,0.0230281665438984,0.0529411764705882,0.0387931034482758,0.014148073022312399,0.012744087594298674
10,21,0.0818965517241379,0.1116751269035533,0.0130232558139534,0.0649350649350649,0.0941176470588235,0.0165912518853695,0.0881560976553949,0.014807253849661452,0.1116751269035533,0.0941176470588235,0.0175574798447298,0.07334884380573345
10,22,0.0043103448275862,0.0,0.1320930232558139,0.0259740259740259,0.0441176470588235,0.0248868778280542,0.0186005044651089,0.07848995054193406,0.1320930232558139,0.0441176470588235,0.0879753761969904,-0.059889446076825156
10,23,0.0991379310344827,0.0812182741116751,0.0334883720930232,0.1493506493506493,0.188235294117647,0.0301659125188536,0.12948553715361352,0.0318271423059384,0.188235294117647,0.1493506493506493,0.03888464476699771,0.09765839484767512
10,24,0.5603448275862069,0.1928934010152284,0.121860465116279,0.5,0.1323529411764706,0.2164404223227752,0.34639779244447644,0.1691504437195271,0.5603448275862069,0.5,0.06034482758620685,0.17724734872494935
10,25,0.2974137931034483,0.3350253807106599,0.0334883720930232,0.3051948051948052,0.4117647058823529,0.0980392156862745,0.33734967122281656,0.06576379388964884,0.4117647058823529,0.3350253807106599,0.07673932517169302,0.27158587733316775
10,26,0.0,0.0025380710659898,0.0976744186046511,0.0,0.0058823529411764,0.0271493212669683,0.0021051060017915502,0.0624118699358097,0.0976744186046511,0.0271493212669683,0.07052509733768281,-0.060306763934018154
10,27,0.0043103448275862,0.0,0.1869767441860465,0.0194805194805194,0.0411764705882352,0.0346907993966817,0.0162418337240852,0.11083377179136411,0.1869767441860465,0.0411764705882352,0.1458002735978113,-0.09459193806727892
11,0,0.0129310344827586,0.0279187817258883,0.0120930232558139,0.0389610389610389,0.0411764705882352,0.0135746606334841,0.030246831439480253,0.012833841944649,0.0411764705882352,0.0389610389610389,0.0022154316271963057,0.017412989494831253
11,1,0.0043103448275862,0.0,0.2158139534883721,0.0064935064935064,0.0058823529411764,0.004524886877828,0.00417155106556725,0.11016942018310005,0.2158139534883721,0.0064935064935064,0.20932044699486568,-0.1059978691175328
11,2,0.0,0.0126903553299492,0.0176744186046511,0.0064935064935064,0.0117647058823529,0.0082956259426847,0.0077371419264521245,0.0129850222736679,0.0176744186046511,0.0126903553299492,0.0049840632747019005,-0.005247880347215775
11,3,0.0172413793103448,0.0279187817258883,0.0883720930232558,0.0519480519480519,0.0911764705882352,0.0437405731523378,0.04707117089313005,0.06605633308779679,0.0911764705882352,0.0883720930232558,0.0028043775649794073,-0.01898516219466674
11,4,0.0,0.0025380710659898,0.0241860465116279,0.0064935064935064,0.0264705882352941,0.0075414781297134,0.008875541448697575,0.01586376232067065,0.0264705882352941,0.0241860465116279,0.002284541723666201,-0.006988220871973075
11,5,0.0086206896551724,0.0,0.0511627906976744,0.0129870129870129,0.0205882352941176,0.0082956259426847,0.010548984484075725,0.02972920832017955,0.0511627906976744,0.0205882352941176,0.030574555403556795,-0.019180223836103825
11,6,0.1551724137931034,0.299492385786802,0.0372093023255813,0.1688311688311688,0.2,0.1093514328808446,0.20587399210276852,0.07328036760321295,0.299492385786802,0.2,0.09949238578680197,0.13259362449955558
11,7,0.0948275862068965,0.1598984771573604,0.0232558139534883,0.1038961038961039,0.2088235294117647,0.06184012066365,0.14186142416803138,0.04254796730856915,0.2088235294117647,0.1598984771573604,0.0489250522544043,0.09931345685946223
11,8,0.0086206896551724,0.0228426395939086,0.0130232558139534,0.0129870129870129,0.0411764705882352,0.0098039215686274,0.021406703206082275,0.0114135886912904,0.0411764705882352,0.0228426395939086,0.018333830994326603,0.009993114514791875
11,9,0.0086206896551724,0.0482233502538071,0.013953488372093,0.0454545454545454,0.0647058823529411,0.0143288084464555,0.0417511169291165,0.014141148409274249,0.0647058823529411,0.0482233502538071,0.016482532099134,0.027609968519842248
11,10,0.0043103448275862,0.0050761421319796,0.0111627906976744,0.0064935064935064,0.0117647058823529,0.0098039215686274,0.006911174833856275,0.0104833561331509,0.0117647058823529,0.0111627906976744,0.0006019151846784997,-0.0035721812992946245
11,11,0.0,0.0304568527918781,0.0130232558139534,0.0129870129870129,0.05,0.0180995475113122,0.02336096644472275,0.015561401662632802,0.05,0.0304568527918781,0.019543147208121902,0.007799564782089947
11,12,0.0086206896551724,0.0177664974619289,0.0102325581395348,0.0259740259740259,0.038235294117647,0.0113122171945701,0.02264912680219355,0.01077238766705245,0.038235294117647,0.0259740259740259,0.0122612681436211,0.0118767391351411
11,13,0.0129310344827586,0.0456852791878172,0.0148837209302325,0.0389610389610389,0.0647058823529411,0.0173453996983408,0.04057080874613895,0.01611456031428665,0.0647058823529411,0.0456852791878172,0.019020603165123898,0.0244562484318523
11,14,0.125,0.1928934010152284,0.015813953488372,0.1688311688311688,0.2088235294117647,0.0369532428355957,0.1738870248145405,0.02638359816198385,0.2088235294117647,0.1928934010152284,0.01593012839653632,0.14750342665255664
11,15,0.0775862068965517,0.0583756345177665,0.0902325581395348,0.0389610389610389,0.0294117647058823,0.1266968325791855,0.051083661270309846,0.10846469535936015,0.1266968325791855,0.0902325581395348,0.03646427443965068,-0.057381034089050306
11,16,0.1551724137931034,0.1624365482233502,0.1665116279069767,0.2207792207792207,0.1823529411764705,0.0603318250377073,0.18018528099303618,0.113421726472342,0.2207792207792207,0.1823529411764705,0.03842627960275019,0.06676355452069418
11,17,0.6508620689655172,0.4796954314720812,0.0902325581395348,0.6818181818181818,0.5058823529411764,0.1530920060331825,0.5795645087992392,0.12166228208635865,0.6818181818181818,0.6508620689655172,0.03095611285266453,0.4579022267128805
11,18,0.1034482758620689,0.0380710659898477,0.3265116279069767,0.0714285714285714,0.1323529411764706,0.1078431372549019,0.08632521361423964,0.2171773825809393,0.3265116279069767,0.1323529411764706,0.1941586867305061,-0.13085216896669966
11,19,0.0043103448275862,0.0,0.0344186046511627,0.0129870129870129,0.0264705882352941,0.0113122171945701,0.0109419865124733,0.0228654109228664,0.0344186046511627,0.0264705882352941,0.007948016415868599,-0.0119234244103931
11,20,0.0474137931034482,0.0583756345177665,0.0306976744186046,0.0389610389610389,0.0794117647058823,0.0377073906485671,0.05604055782203397,0.03420253253358585,0.0794117647058823,0.0583756345177665,0.021036130188115808,0.021838025288448124
11,21,0.0474137931034482,0.015228426395939,0.2567441860465116,0.0129870129870129,0.038235294117647,0.0784313725490196,0.02846613165101177,0.1675877792977656,0.2567441860465116,0.0784313725490196,0.178312813497492,-0.13912164764675383
11,22,0.0086206896551724,0.0482233502538071,0.0604651162790697,0.0259740259740259,0.0529411764705882,0.0218702865761689,0.0339398105883984,0.0411677014276193,0.0604651162790697,0.0529411764705882,0.007523939808481497,-0.007227890839220902
11,23,0.043103448275862,0.0761421319796954,0.0120930232558139,0.0649350649350649,0.0676470588235294,0.0165912518853695,0.06295692600353792,0.0143421375705917,0.0761421319796954,0.0676470588235294,0.008495073156166003,0.04861478843294621
11,24,0.0775862068965517,0.1573604060913705,0.0288372093023255,0.1168831168831168,0.1764705882352941,0.0361990950226244,0.13207507952658326,0.03251815216247495,0.1764705882352941,0.1573604060913705,0.0191101821439236,0.09955692736410832
11,25,0.0689655172413793,0.0355329949238578,0.1069767441860465,0.0909090909090909,0.0352941176470588,0.0512820512820512,0.057675430180346696,0.07912939773404884,0.1069767441860465,0.0909090909090909,0.0160676532769556,-0.021453967553702144
11,26,0.2241379310344827,0.215736040609137,0.0120930232558139,0.2662337662337662,0.2029411764705882,0.035444947209653,0.22726222858699352,0.02376898523273345,0.2662337662337662,0.2241379310344827,0.042095835199283504,0.20349324335426006
11,27,0.043103448275862,0.0279187817258883,0.0167441860465116,0.0649350649350649,0.0588235294117647,0.0165912518853695,0.04869520608714497,0.01666771896594055,0.0649350649350649,0.0588235294117647,0.006111535523300203,0.032027487121204415
12,0,0.4612068965517241,0.2842639593908629,0.0725581395348837,0.4545454545454545,0.3441176470588235,0.2202111613876319,0.3860334893867162,0.1463846504612578,0.4612068965517241,0.4545454545454545,0.006661442006269613,0.23964883892545844
12,1,0.0948275862068965,0.1446700507614213,0.0251162790697674,0.1428571428571428,0.2441176470588235,0.0324283559577677,0.15661810672107102,0.028772317513767548,0.2441176470588235,0.1446700507614213,0.09944759629740219,0.12784578920730347
12,2,0.0,0.0101522842639593,0.013953488372093,0.0129870129870129,0.0205882352941176,0.0105580693815987,0.01093188313627245,0.012255778876845851,0.0205882352941176,0.013953488372093,0.006634746922024601,-0.0013238957405734015
12,3,0.0129310344827586,0.0,0.121860465116279,0.0064935064935064,0.0117647058823529,0.0407239819004524,0.007797311714654475,0.08129222350836571,0.121860465116279,0.0407239819004524,0.0811364832158266,-0.07349491179371123
12,4,0.0172413793103448,0.0203045685279187,0.0269767441860465,0.0064935064935064,0.0088235294117647,0.0226244343891402,0.01321574593588365,0.02480058928759335,0.0269767441860465,0.0226244343891402,0.0043523097969063,-0.0115848433517097
12,5,0.0387931034482758,0.0279187817258883,0.0716279069767441,0.0194805194805194,0.0764705882352941,0.1229260935143288,0.0406657482224944,0.09727700024553645,0.1229260935143288,0.0764705882352941,0.046455505279034706,-0.056611252023042055
12,6,0.0,0.0203045685279187,0.0251162790697674,0.0064935064935064,0.0147058823529411,0.0173453996983408,0.01037598934359155,0.0212308393840541,0.0251162790697674,0.0203045685279187,0.004811710541848698,-0.01085485004046255
12,7,0.0,0.0203045685279187,0.0195348837209302,0.0064935064935064,0.0205882352941176,0.0075414781297134,0.011846577578885676,0.0135381809253218,0.0205882352941176,0.0203045685279187,0.0002836667661989013,-0.0016916033464361244
12,8,0.0344827586206896,0.0203045685279187,0.0195348837209302,0.0389610389610389,0.0352941176470588,0.0090497737556561,0.032260620939176504,0.01429232873829315,0.0389610389610389,0.0352941176470588,0.0036669213139800955,0.017968292200883355
12,9,0.2586206896551724,0.2030456852791878,0.0604651162790697,0.2467532467532467,0.2029411764705882,0.0588235294117647,0.22784019953954876,0.059644322845417194,0.2586206896551724,0.2467532467532467,0.011867442901925679,0.16819587669413155
12,10,0.0129310344827586,0.032994923857868,0.0530232558139534,0.0064935064935064,0.0205882352941176,0.0188536953242835,0.01825192503206265,0.03593847556911845,0.0530232558139534,0.032994923857868,0.0200283319560854,-0.0176865505370558
12,11,0.0043103448275862,0.0228426395939086,0.0213953488372093,0.0,0.0147058823529411,0.0188536953242835,0.010464716693608975,0.0201245220807464,0.0228426395939086,0.0213953488372093,0.0014472907566993008,-0.009659805387137427
12,12,0.0043103448275862,0.0279187817258883,0.0167441860465116,0.0064935064935064,0.0352941176470588,0.0113122171945701,0.018504187673509927,0.014028201620540852,0.0352941176470588,0.0279187817258883,0.007375335921170501,0.004475986052969075
12,13,0.021551724137931,0.0203045685279187,0.081860465116279,0.0064935064935064,0.0294117647058823,0.0218702865761689,0.0194403909663096,0.05186537584622394,0.081860465116279,0.0294117647058823,0.05244870041039669,-0.03242498487991434
12,14,0.0258620689655172,0.0279187817258883,0.0223255813953488,0.0259740259740259,0.0147058823529411,0.222473604826546,0.023615189754593126,0.12239959311094739,0.222473604826546,0.0279187817258883,0.1945548231006577,-0.09878440335635427
12,15,0.021551724137931,0.0406091370558375,0.0269767441860465,0.0194805194805194,0.0647058823529411,0.028657616892911,0.03658681575680725,0.02781718053947875,0.0647058823529411,0.0406091370558375,0.0240967452971036,0.0087696352173285
12,16,0.0172413793103448,0.0076142131979695,0.0148837209302325,0.0129870129870129,0.0088235294117647,0.0180995475113122,0.011666533726772975,0.01649163422077235,0.0180995475113122,0.0172413793103448,0.0008581682009674019,-0.004825100493999375
12,17,0.0043103448275862,0.0456852791878172,0.053953488372093,0.0194805194805194,0.0264705882352941,0.0196078431372549,0.023986682932804225,0.03678066575467395,0.053953488372093,0.0456852791878172,0.008268209184275802,-0.012793982821869727
12,18,0.0086206896551724,0.0177664974619289,0.1897674418604651,0.0,0.038235294117647,0.0294117647058823,0.016155620308687075,0.1095896032831737,0.1897674418604651,0.038235294117647,0.1515321477428181,-0.09343398297448663
12,19,0.0086206896551724,0.0279187817258883,0.0232558139534883,0.0,0.0294117647058823,0.0150829562594268,0.01648780902173575,0.019169385106457548,0.0294117647058823,0.0279187817258883,0.0014929829799939995,-0.002681576084721797
12,20,0.0689655172413793,0.1725888324873096,0.0167441860465116,0.1298701298701298,0.2558823529411764,0.1033182503770739,0.15682670813499877,0.06003121821179275,0.2558823529411764,0.1725888324873096,0.08329352045386679,0.09679548992320602
12,21,0.125,0.0,0.4167441860465116,0.0714285714285714,0.0058823529411764,0.0822021116138763,0.05057773109243695,0.24947314883019395,0.4167441860465116,0.125,0.2917441860465116,-0.19889541773775699
12,22,0.021551724137931,0.0177664974619289,0.013953488372093,0.0324675324675324,0.0235294117647058,0.0113122171945701,0.023828791458024523,0.01263285278333155,0.0324675324675324,0.0235294117647058,0.008938120702826603,0.011195938674692972
12,23,0.0172413793103448,0.0076142131979695,0.0223255813953488,0.0259740259740259,0.0264705882352941,0.0105580693815987,0.019325051679408574,0.01644182538847375,0.0264705882352941,0.0259740259740259,0.0004965622612682005,0.002883226290934824
12,24,0.3275862068965517,0.2538071065989847,0.0297674418604651,0.3506493506493506,0.2676470588235294,0.0475113122171945,0.2999224307421041,0.0386393770388298,0.3506493506493506,0.3275862068965517,0.023063143752798887,0.2612830537032743
12,25,0.0474137931034482,0.0279187817258883,0.0186046511627906,0.1103896103896103,0.0588235294117647,0.0188536953242835,0.06113642865767787,0.01872917324353705,0.1103896103896103,0.0588235294117647,0.0515660809778456,0.042407255414140824
12,26,0.0344827586206896,0.0685279187817258,0.0502325581395348,0.0324675324675324,0.0823529411764705,0.0316742081447963,0.05445778776160458,0.04095338314216555,0.0823529411764705,0.0685279187817258,0.013825022394744702,0.013504404619439025
12,27,0.0086206896551724,0.0126903553299492,0.015813953488372,0.0194805194805194,0.0235294117647058,0.0075414781297134,0.0160802440575867,0.0116777158090427,0.0235294117647058,0.0194805194805194,0.0040488922841863985,0.004402528248543999
13,0,0.0474137931034482,0.0710659898477157,0.0595348837209302,0.0519480519480519,0.0735294117647058,0.1689291101055807,0.0609893116659804,0.11423199691325545,0.1689291101055807,0.0735294117647058,0.0953996983408749,-0.053242685247275046
13,1,0.0086206896551724,0.0050761421319796,0.1330232558139535,0.0,0.0205882352941176,0.0708898944193061,0.008571266770317401,0.1019565751166298,0.1330232558139535,0.0708898944193061,0.062133361394647396,-0.0933853083463124
13,2,0.0560344827586206,0.0583756345177665,0.0269767441860465,0.0779220779220779,0.0823529411764705,0.0558069381598793,0.06867128409373388,0.0413918411729629,0.0823529411764705,0.0779220779220779,0.004430863254392597,0.02727944292077098
13,3,0.0301724137931034,0.0431472081218274,0.0204651162790697,0.0194805194805194,0.0617647058823529,0.0128205128205128,0.03864121181945078,0.01664281454979125,0.0617647058823529,0.0431472081218274,0.0186174977605255,0.02199839726965953
13,4,0.0258620689655172,0.0355329949238578,0.0288372093023255,0.0,0.0441176470588235,0.0158371040723981,0.026378177737049625,0.0223371566873618,0.0441176470588235,0.0355329949238578,0.008584652134965697,0.004041021049687826
13,5,0.043103448275862,0.0939086294416243,0.0251162790697674,0.0779220779220779,0.1205882352941176,0.0233785822021116,0.08388059773342045,0.0242474306359395,0.1205882352941176,0.0939086294416243,0.026679605852493293,0.059633167097480955
13,6,0.0,0.0025380710659898,0.0111627906976744,0.0129870129870129,0.0264705882352941,0.0052790346907993,0.0104989180720742,0.008220912694236849,0.0264705882352941,0.0129870129870129,0.0134835752482812,0.0022780053778373513
13,7,0.0474137931034482,0.0228426395939086,0.0102325581395348,0.0259740259740259,0.0588235294117647,0.0203619909502262,0.038763497020786845,0.0152972745448805,0.0588235294117647,0.0474137931034482,0.011409736308316501,0.023466222475906344
13,8,0.0,0.0101522842639593,0.4418604651162791,0.0,0.0205882352941176,0.0218702865761689,0.007685129889519225,0.231865375846224,0.4418604651162791,0.0218702865761689,0.41999017854011017,-0.22418024595670477
13,9,0.0,0.0025380710659898,0.5004651162790698,0.0129870129870129,0.0294117647058823,0.0346907993966817,0.01123421218972125,0.26757795783787575,0.5004651162790698,0.0346907993966817,0.4657743168823881,-0.2563437456481545
13,10,0.0043103448275862,0.0786802030456852,0.0390697674418604,0.0194805194805194,0.1088235294117647,0.0196078431372549,0.05282364919138888,0.02933880528955765,0.1088235294117647,0.0786802030456852,0.030143326366079498,0.023484843901831226
13,11,0.0732758620689655,0.0507614213197969,0.0427906976744186,0.0844155844155844,0.0588235294117647,0.0294117647058823,0.06681909930402788,0.03610123119015045,0.0844155844155844,0.0732758620689655,0.011139722346618905,0.03071786811387743
13,12,0.1939655172413793,0.1319796954314721,0.0893023255813953,0.1753246753246753,0.1676470588235294,0.0603318250377073,0.16722923670526402,0.0748170753095513,0.1939655172413793,0.1753246753246753,0.01864084191670401,0.09241216139571272
13,13,0.0043103448275862,0.0,0.3637209302325581,0.0064935064935064,0.0058823529411764,0.0120663650075414,0.00417155106556725,0.18789364762004973,0.3637209302325581,0.0120663650075414,0.3516545652250167,-0.1837220965544825
13,14,0.0344827586206896,0.0736040609137055,0.0195348837209302,0.0129870129870129,0.0911764705882352,0.0218702865761689,0.0530625757774108,0.02070258514854955,0.0911764705882352,0.0736040609137055,0.017572409674529707,0.03235999062886125
13,15,0.0043103448275862,0.0406091370558375,0.0734883720930232,0.0129870129870129,0.0352941176470588,0.0580693815987933,0.02330015312937385,0.06577887684590825,0.0734883720930232,0.0580693815987933,0.015418990494229894,-0.0424787237165344
13,16,0.1551724137931034,0.0431472081218274,0.0706976744186046,0.1233766233766233,0.0794117647058823,0.0422322775263951,0.1002770024993591,0.056464975972499845,0.1551724137931034,0.1233766233766233,0.03179579041648009,0.043812026526859255
13,17,0.0344827586206896,0.0507614213197969,0.0251162790697674,0.0519480519480519,0.0764705882352941,0.0173453996983408,0.053415705030958126,0.0212308393840541,0.0764705882352941,0.0519480519480519,0.024522536287242193,0.03218486564690402
13,18,0.043103448275862,0.0532994923857868,0.0753488372093023,0.0519480519480519,0.05,0.0339366515837104,0.049587748152425185,0.05464274439650635,0.0753488372093023,0.0532994923857868,0.022049344823515497,-0.005054996244081164
13,19,0.0086206896551724,0.0253807106598984,0.0772093023255813,0.0064935064935064,0.0294117647058823,0.0301659125188536,0.017476667878614877,0.053687607422217454,0.0772093023255813,0.0301659125188536,0.0470433898067277,-0.03621093954360258
13,20,0.0258620689655172,0.0761421319796954,0.1293023255813953,0.0129870129870129,0.1117647058823529,0.0693815987933635,0.056688979953644594,0.0993419621873794,0.1293023255813953,0.1117647058823529,0.017537619699042384,-0.0426529822337348
13,21,0.0129310344827586,0.0406091370558375,0.0511627906976744,0.0129870129870129,0.0617647058823529,0.0346907993966817,0.032072972601990477,0.04292679504717805,0.0617647058823529,0.0511627906976744,0.010601915184678505,-0.010853822445187573
13,22,0.0646551724137931,0.0862944162436548,0.0306976744186046,0.0779220779220779,0.1029411764705882,0.0279034690799396,0.0829532107625285,0.0293005717492721,0.1029411764705882,0.0862944162436548,0.0166467602269334,0.0536526390132564
13,23,0.0129310344827586,0.0228426395939086,0.0325581395348837,0.0,0.0352941176470588,0.0135746606334841,0.0177669479309315,0.0230664000841839,0.0352941176470588,0.0325581395348837,0.0027359781121751026,-0.0052994521532524
13,24,0.0646551724137931,0.0736040609137055,0.0269767441860465,0.0844155844155844,0.1029411764705882,0.0180995475113122,0.0814039985534178,0.02253814584867935,0.1029411764705882,0.0844155844155844,0.0185255920550038,0.05886585270473845
13,25,0.4137931034482758,0.1573604060913705,0.0409302325581395,0.435064935064935,0.2,0.1425339366515837,0.3015546111511453,0.0917320846048616,0.435064935064935,0.4137931034482758,0.021271831616659187,0.2098225265462837
13,26,0.021551724137931,0.0406091370558375,0.0381395348837209,0.0324675324675324,0.0558823529411764,0.0241327300150829,0.03762768665061933,0.031136132449401898,0.0558823529411764,0.0406091370558375,0.015273215885338899,0.006491554201217432
13,27,0.0517241379310344,0.0406091370558375,0.0223255813953488,0.0584415584415584,0.0705882352941176,0.0165912518853695,0.05534076718063698,0.01945841664035915,0.0705882352941176,0.0584415584415584,0.012146676852559206,0.03588235054027783
14,0,0.0646551724137931,0.0786802030456852,0.0083720930232558,0.0649350649350649,0.0764705882352941,0.0520361990950226,0.07118525715745933,0.0302041460591392,0.0786802030456852,0.0764705882352941,0.0022096148103911,0.040981111098320123
14,1,0.0991379310344827,0.0279187817258883,0.0102325581395348,0.0909090909090909,0.0264705882352941,0.0452488687782805,0.061109097976189,0.027740713458907648,0.0991379310344827,0.0909090909090909,0.00822884012539181,0.03336838451728135
14,2,0.0818965517241379,0.0279187817258883,0.013953488372093,0.0389610389610389,0.0323529411764705,0.0656108597285067,0.0452823283968839,0.03978217405029985,0.0818965517241379,0.0656108597285067,0.016285691995631194,0.005500154346584046
14,3,0.0387931034482758,0.0304568527918781,0.0120930232558139,0.0194805194805194,0.038235294117647,0.030920060331825,0.03174144245958008,0.02150654179381945,0.0387931034482758,0.038235294117647,0.0005578093306288015,0.010234900665760625
14,4,0.0560344827586206,0.0685279187817258,0.0093023255813953,0.0519480519480519,0.0794117647058823,0.0490196078431372,0.06398055454857016,0.02916096671226625,0.0794117647058823,0.0685279187817258,0.010883845924156504,0.03481958783630391
14,5,0.0301724137931034,0.032994923857868,0.0102325581395348,0.0194805194805194,0.0529411764705882,0.033182503770739,0.033897258400519756,0.021707530955136903,0.0529411764705882,0.033182503770739,0.019758672699849197,0.012189727445382853
14,6,0.7931034482758621,0.33248730964467,0.0027906976744186,0.7727272727272727,0.4529411764705882,0.3951734539969834,0.5878148017795982,0.198982075835701,0.7931034482758621,0.7727272727272727,0.020376175548589393,0.38883272594389723
14,7,0.0129310344827586,0.0076142131979695,0.0148837209302325,0.0129870129870129,0.0147058823529411,0.006787330316742,0.012059535755170527,0.01083552562348725,0.0148837209302325,0.0147058823529411,0.00017783857729140005,0.0012240101316832765
14,8,0.0129310344827586,0.0076142131979695,0.0176744186046511,0.0129870129870129,0.0147058823529411,0.0075414781297134,0.012059535755170527,0.01260794836718225,0.0176744186046511,0.0147058823529411,0.002968536251710001,-0.0005484126120117241
14,9,0.043103448275862,0.0609137055837563,0.027906976744186,0.0324675324675324,0.0470588235294117,0.0301659125188536,0.0458858774641406,0.0290364446315198,0.0609137055837563,0.0470588235294117,0.013854882054344597,0.0168494328326208
14,10,0.0043103448275862,0.015228426395939,0.015813953488372,0.0,0.0294117647058823,0.0075414781297134,0.012237633982351875,0.0116777158090427,0.0294117647058823,0.015813953488372,0.0135978112175103,0.0005599181733091738
14,11,0.2801724137931034,0.1142131979695431,0.0223255813953488,0.2597402597402597,0.1058823529411764,0.0180995475113122,0.19000205611102067,0.0202125644533305,0.2801724137931034,0.2597402597402597,0.02043215405284371,0.16978949165769017
14,12,0.0344827586206896,0.015228426395939,0.0176744186046511,0.0259740259740259,0.0235294117647058,0.0075414781297134,0.024803655688840076,0.01260794836718225,0.0344827586206896,0.0259740259740259,0.0085087326466637,0.012195707321657825
14,13,0.0086206896551724,0.0126903553299492,0.0186046511627906,0.0129870129870129,0.0117647058823529,0.0052790346907993,0.01151569096362185,0.011941842926794951,0.0186046511627906,0.0129870129870129,0.005617638175777701,-0.00042615196317310165
14,14,0.043103448275862,0.0456852791878172,0.0232558139534883,0.0259740259740259,0.0588235294117647,0.0098039215686274,0.04339657071236745,0.01652986776105785,0.0588235294117647,0.0456852791878172,0.013138250223947497,0.026866702951309603
14,15,0.0560344827586206,0.0888324873096446,0.0372093023255813,0.0649350649350649,0.0617647058823529,0.033182503770739,0.06789168522142075,0.03519590304816015,0.0888324873096446,0.0649350649350649,0.023897422374579702,0.0326957821732606
14,16,0.0,0.0431472081218274,0.0223255813953488,0.0194805194805194,0.038235294117647,0.0120663650075414,0.025215755429998453,0.0171959732014451,0.0431472081218274,0.038235294117647,0.004911914004180402,0.008019782228553353
14,17,0.0387931034482758,0.0203045685279187,0.1097674418604651,0.0,0.038235294117647,0.0399698340874811,0.024333241523460378,0.0748686379739731,0.1097674418604651,0.0399698340874811,0.069797607772984,-0.05053539645051272
14,18,0.0,0.0177664974619289,0.0269767441860465,0.0129870129870129,0.0235294117647058,0.0128205128205128,0.0135707305534119,0.01989862850327965,0.0269767441860465,0.0235294117647058,0.0034473324213407028,-0.006327897949867749
14,19,0.0086206896551724,0.0253807106598984,0.0427906976744186,0.0,0.0264705882352941,0.0248868778280542,0.015117997137591226,0.0338387877512364,0.0427906976744186,0.0264705882352941,0.0163201094391245,-0.018720790613645177
14,20,0.0129310344827586,0.0431472081218274,0.0493023255813953,0.0194805194805194,0.0470588235294117,0.0294117647058823,0.030654396403629276,0.0393570451436388,0.0493023255813953,0.0470588235294117,0.0022435020519835994,-0.008702648740009526
14,21,0.0,0.0101522842639593,0.0195348837209302,0.0129870129870129,0.0235294117647058,0.0113122171945701,0.011667177253919499,0.015423550457750151,0.0235294117647058,0.0195348837209302,0.003994528043775598,-0.0037563732038306524
14,22,0.0129310344827586,0.0203045685279187,0.0306976744186046,0.0324675324675324,0.038235294117647,0.0098039215686274,0.025984607398964174,0.020250797993616,0.038235294117647,0.0324675324675324,0.005767761650114597,0.005733809405348175
14,23,0.1206896551724138,0.1548223350253807,0.0334883720930232,0.1233766233766233,0.1941176470588235,0.0889894419306184,0.14825156515831034,0.0612389070118208,0.1941176470588235,0.1548223350253807,0.0392953120334428,0.08701265814648954
14,24,0.021551724137931,0.015228426395939,0.0167441860465116,0.0259740259740259,0.05,0.0128205128205128,0.028188544126973976,0.0147823494335122,0.05,0.0259740259740259,0.024025974025974103,0.013406194693461776
14,25,0.0517241379310344,0.1218274111675127,0.053953488372093,0.0909090909090909,0.1029411764705882,0.0565610859728506,0.09185045411955654,0.0552572871724718,0.1218274111675127,0.1029411764705882,0.018886234696924492,0.03659316694708474
14,26,0.043103448275862,0.0025380710659898,0.2213953488372093,0.0389610389610389,0.0294117647058823,0.0739064856711915,0.028503580752193253,0.1476509172542004,0.2213953488372093,0.0739064856711915,0.14748886316601778,-0.11914733650200715
14,27,0.0301724137931034,0.0177664974619289,0.0334883720930232,0.0129870129870129,0.0323529411764705,0.0120663650075414,0.023319716354628928,0.0227773685502823,0.0334883720930232,0.0323529411764705,0.0011354309165527016,0.0005423478043466261
15,0,0.0043103448275862,0.0,0.0195348837209302,0.0064935064935064,0.0147058823529411,0.0052790346907993,0.006377433418508425,0.012406959205864751,0.0195348837209302,0.0147058823529411,0.0048290013679891,-0.006029525787356326
15,1,0.0172413793103448,0.0126903553299492,0.0111627906976744,0.0194805194805194,0.0176470588235294,0.0060331825037707,0.016764828236085702,0.00859798660072255,0.0194805194805194,0.0176470588235294,0.0018334606569899992,0.008166841635363152
15,2,0.0129310344827586,0.0025380710659898,0.0353488372093023,0.0064935064935064,0.0235294117647058,0.006787330316742,0.01137300595174015,0.02106808376302215,0.0353488372093023,0.0235294117647058,0.0118194254445965,-0.009695077811282
15,3,0.0,0.0025380710659898,0.0232558139534883,0.0064935064935064,0.0176470588235294,0.0060331825037707,0.006669659095756401,0.0146444982286295,0.0232558139534883,0.0176470588235294,0.005608755129958898,-0.007974839132873099
15,4,0.0,0.0076142131979695,0.0111627906976744,0.0,0.0235294117647058,0.006787330316742,0.007785906240668825,0.008975060507208199,0.0235294117647058,0.0111627906976744,0.012366621067031399,-0.0011891542665393743
15,5,0.043103448275862,0.0177664974619289,0.4409302325581395,0.0324675324675324,0.0264705882352941,0.0829562594268476,0.029952016610154356,0.2619432459924936,0.4409302325581395,0.0829562594268476,0.3579739731312919,-0.23199122938233924
15,6,0.1422413793103448,0.116751269035533,0.0325581395348837,0.1103896103896103,0.1588235294117647,0.0158371040723981,0.1320514470368132,0.0241976218036409,0.1588235294117647,0.1422413793103448,0.01658215010141989,0.1078538252331723
15,7,0.0086206896551724,0.0177664974619289,0.0167441860465116,0.0064935064935064,0.0176470588235294,0.006787330316742,0.012631938108534274,0.011765758181626802,0.0177664974619289,0.0176470588235294,0.00011943863839949942,0.0008661799269074726
15,8,0.0560344827586206,0.0532994923857868,0.293953488372093,0.0519480519480519,0.138235294117647,0.0701357466063348,0.07487933030252658,0.1820446174892139,0.293953488372093,0.138235294117647,0.155718194254446,-0.10716528718668733
15,9,0.0172413793103448,0.0685279187817258,0.3488372093023256,0.0194805194805194,0.0794117647058823,0.0316742081447963,0.04616539556961807,0.19025570872356096,0.3488372093023256,0.0794117647058823,0.2694254445964433,-0.14409031315394288
15,10,0.0043103448275862,0.0076142131979695,0.0604651162790697,0.0,0.0323529411764705,0.0082956259426847,0.01106937480050655,0.034380371110877196,0.0604651162790697,0.0323529411764705,0.028112175102599196,-0.023310996310370646
15,11,0.0043103448275862,0.0,0.4297674418604651,0.0064935064935064,0.0058823529411764,0.0143288084464555,0.00417155106556725,0.2220481251534603,0.4297674418604651,0.0143288084464555,0.4154386334140096,-0.21787657408789307
15,12,0.0086206896551724,0.0025380710659898,0.4093023255813953,0.0,0.0147058823529411,0.0113122171945701,0.006466160768525825,0.2103072713879827,0.4093023255813953,0.0147058823529411,0.39459644322845416,-0.20384111061945687
15,13,0.0603448275862069,0.0482233502538071,0.1748837209302325,0.1168831168831168,0.0676470588235294,0.0203619909502262,0.07327458838666505,0.09762285594022935,0.1748837209302325,0.1168831168831168,0.0580006040471157,-0.0243482675535643
15,14,0.0043103448275862,0.0050761421319796,0.0167441860465116,0.0064935064935064,0.0176470588235294,0.006787330316742,0.008381763069150401,0.011765758181626802,0.0176470588235294,0.0167441860465116,0.0009028727770177998,-0.0033839951124764005
15,15,0.0129310344827586,0.0101522842639593,0.0148837209302325,0.0064935064935064,0.0205882352941176,0.0113122171945701,0.012541265133585475,0.0130979690624013,0.0205882352941176,0.0148837209302325,0.005704514363885102,-0.000556703928815825
15,16,0.0258620689655172,0.065989847715736,0.0297674418604651,0.0064935064935064,0.088235294117647,0.0452488687782805,0.04664517932310165,0.0375081553193728,0.088235294117647,0.065989847715736,0.022245446401910993,0.009137024003728851
15,17,0.0,0.0025380710659898,0.0195348837209302,0.0,0.0235294117647058,0.006787330316742,0.0065168707076739,0.013161107018836101,0.0235294117647058,0.0195348837209302,0.003994528043775598,-0.0066442363111622015
15,18,0.0043103448275862,0.0050761421319796,0.0111627906976744,0.0,0.0147058823529411,0.006787330316742,0.006023092328126724,0.008975060507208199,0.0147058823529411,0.0111627906976744,0.0035430916552667002,-0.0029519681790814746
15,19,0.0,0.0025380710659898,0.015813953488372,0.0064935064935064,0.0205882352941176,0.0060331825037707,0.00740495321340345,0.01092356799607135,0.0205882352941176,0.015813953488372,0.0047742818057456005,-0.0035186147826679007
15,20,0.0043103448275862,0.0050761421319796,0.0148837209302325,0.0064935064935064,0.0147058823529411,0.0052790346907993,0.007646468951503325,0.0100813778105159,0.0148837209302325,0.0147058823529411,0.00017783857729140005,-0.002434908859012575
15,21,0.1724137931034483,0.1192893401015228,0.133953488372093,0.2207792207792207,0.1617647058823529,0.2307692307692307,0.1685617649666362,0.18236135957066185,0.2307692307692307,0.2207792207792207,0.009990009990010013,-0.013799594604025661
15,22,0.0775862068965517,0.0482233502538071,0.0316279069767441,0.0714285714285714,0.0764705882352941,0.0263951734539969,0.06842717920355607,0.0290115402153705,0.0775862068965517,0.0764705882352941,0.001115618661257603,0.039415638988185564
15,23,0.4051724137931034,0.1040609137055837,0.2269767441860465,0.3831168831168831,0.1088235294117647,0.0957767722473604,0.2502934350068337,0.16137675821670344,0.4051724137931034,0.3831168831168831,0.022055530676220347,0.08891667679013027
15,24,0.0301724137931034,0.0355329949238578,0.0223255813953488,0.0259740259740259,0.0470588235294117,0.0196078431372549,0.0346845645550997,0.02096671226630185,0.0470588235294117,0.0355329949238578,0.0115258286055539,0.013717852288797853
15,25,0.0129310344827586,0.0380710659898477,0.0251162790697674,0.0064935064935064,0.0558823529411764,0.0120663650075414,0.028344489976822273,0.0185913220386544,0.0558823529411764,0.0380710659898477,0.0178112869513287,0.009753167938167873
15,26,0.0043103448275862,0.0025380710659898,0.0288372093023255,0.0,0.0205882352941176,0.0218702865761689,0.006859162796923401,0.0253537479392472,0.0288372093023255,0.0218702865761689,0.0069669227261566005,-0.0184945851423238
15,27,0.1293103448275862,0.2461928934010152,0.0241860465116279,0.1493506493506493,0.3470588235294117,0.0625942684766214,0.2179781777771656,0.04339015749412465,0.3470588235294117,0.2461928934010152,0.10086593012839651,0.17458802028304096
16,0,0.0043103448275862,0.0253807106598984,0.0213953488372093,0.0064935064935064,0.0205882352941176,0.0128205128205128,0.01419319931877715,0.01710793082886105,0.0253807106598984,0.0213953488372093,0.003985361822689101,-0.002914731510083899
16,1,0.0387931034482758,0.1142131979695431,0.0186046511627906,0.0454545454545454,0.1264705882352941,0.0241327300150829,0.08123285877691461,0.02136869058893675,0.1264705882352941,0.1142131979695431,0.012257390265751011,0.05986416818797786
16,2,0.0301724137931034,0.0101522842639593,0.0186046511627906,0.0129870129870129,0.0264705882352941,0.0120663650075414,0.019945574819842424,0.015335508085166,0.0301724137931034,0.0264705882352941,0.003701825557809301,0.004610066734676423
16,3,0.0043103448275862,0.0126903553299492,0.015813953488372,0.0,0.0264705882352941,0.0075414781297134,0.010867822098207375,0.0116777158090427,0.0264705882352941,0.015813953488372,0.010656634746922099,-0.0008098937108353254
16,4,0.021551724137931,0.0228426395939086,0.0167441860465116,0.0454545454545454,0.0235294117647058,0.0113122171945701,0.0283445802377727,0.014028201620540852,0.0454545454545454,0.0235294117647058,0.0219251336898396,0.014316378617231847
16,5,0.0172413793103448,0.0177664974619289,0.0167441860465116,0.0064935064935064,0.0411764705882352,0.0120663650075414,0.020669463463503825,0.014405275527026501,0.0411764705882352,0.0177664974619289,0.023409973126306303,0.006264187936477324
16,6,0.0387931034482758,0.0304568527918781,0.0474418604651162,0.0389610389610389,0.0176470588235294,0.0701357466063348,0.03146451350618055,0.0587888035357255,0.0701357466063348,0.0474418604651162,0.022693886141218603,-0.02732429002954495
16,7,0.1508620689655172,0.0710659898477157,0.0213953488372093,0.1688311688311688,0.0823529411764705,0.1312217194570135,0.11827804220521806,0.0763085341471114,0.1688311688311688,0.1508620689655172,0.017969099865651594,0.04196950805810666
16,8,0.0,0.0025380710659898,0.0306976744186046,0.0259740259740259,0.0176470588235294,0.0188536953242835,0.011539788965886276,0.024775684871444048,0.0306976744186046,0.0259740259740259,0.004723648444578701,-0.013235895905557772
16,9,0.0043103448275862,0.015228426395939,0.0148837209302325,0.0194805194805194,0.0352941176470588,0.0150829562594268,0.01857835208777585,0.01498333859482965,0.0352941176470588,0.0194805194805194,0.015813598166539402,0.003595013492946199
16,10,0.0258620689655172,0.032994923857868,0.0167441860465116,0.0194805194805194,0.0352941176470588,0.0324283559577677,0.02840790748774085,0.02458627100213965,0.0352941176470588,0.032994923857868,0.002299193789190801,0.0038216364856012014
16,11,0.0344827586206896,0.0634517766497461,0.013953488372093,0.0129870129870129,0.0235294117647058,0.0150829562594268,0.0336127400055386,0.0145182223157599,0.0634517766497461,0.0344827586206896,0.028969018029056506,0.019094517689778698
16,12,0.0560344827586206,0.0025380710659898,0.0065116279069767,0.0584415584415584,0.0117647058823529,0.1764705882352941,0.03219470453713043,0.0914911080711354,0.1764705882352941,0.0584415584415584,0.1180290297937357,-0.05929640353400498
16,13,0.7112068965517241,0.2969543147208122,0.0186046511627906,0.7077922077922078,0.3941176470588235,0.3212669683257919,0.5275177665308919,0.16993580974429123,0.7112068965517241,0.7077922077922078,0.0034146887595163378,0.35758195678660065
16,14,0.0905172413793103,0.0939086294416243,0.08,0.1038961038961039,0.088235294117647,0.0527903469079939,0.09413931720867136,0.06639517345399695,0.1038961038961039,0.0939086294416243,0.009987474454479603,0.027744143754674405
16,15,0.043103448275862,0.0203045685279187,0.3274418604651162,0.0454545454545454,0.0323529411764705,0.0806938159879336,0.03530387585869915,0.2040678382265249,0.3274418604651162,0.0806938159879336,0.2467480444771826,-0.16876396236782576
16,16,0.0732758620689655,0.0355329949238578,0.0372093023255813,0.0779220779220779,0.0323529411764705,0.030920060331825,0.05477096902284293,0.03406468132870315,0.0779220779220779,0.0732758620689655,0.004646215853112409,0.020706287694139784
16,17,0.043103448275862,0.0406091370558375,0.0604651162790697,0.0584415584415584,0.0235294117647058,0.1251885369532428,0.04142088888449093,0.09282682661615625,0.1251885369532428,0.0604651162790697,0.06472342067417311,-0.051405937731665324
16,18,0.0474137931034482,0.0101522842639593,0.027906976744186,0.0194805194805194,0.0411764705882352,0.0120663650075414,0.029555766859040527,0.0199866708758637,0.0474137931034482,0.0411764705882352,0.006237322515212994,0.009569095983176828
16,19,0.0560344827586206,0.0507614213197969,0.0288372093023255,0.0259740259740259,0.0470588235294117,0.0158371040723981,0.044957188395463775,0.0223371566873618,0.0560344827586206,0.0507614213197969,0.005273061438823702,0.022620031708101975
16,20,0.3706896551724138,0.2284263959390862,0.0288372093023255,0.3701298701298701,0.2470588235294117,0.0497737556561085,0.30407618619269544,0.039305482479217,0.3706896551724138,0.3701298701298701,0.0005597850425437256,0.26477070371347844
16,21,0.0,0.0,0.5181395348837209,0.0194805194805194,0.0294117647058823,0.0414781297134238,0.012223071046600425,0.27980883229857234,0.5181395348837209,0.0414781297134238,0.4766614051702971,-0.2675857612519719
16,22,0.0043103448275862,0.0076142131979695,0.0306976744186046,0.0194805194805194,0.0529411764705882,0.0188536953242835,0.021086563494165825,0.024775684871444048,0.0529411764705882,0.0306976744186046,0.0222435020519836,-0.0036891213772782226
16,23,0.0732758620689655,0.1852791878172588,0.0325581395348837,0.1233766233766233,0.3176470588235294,0.0460030165912518,0.17489468302159425,0.03928057806306775,0.3176470588235294,0.1852791878172588,0.1323678710062706,0.1356141049585265
16,24,0.0,0.0126903553299492,0.04,0.0194805194805194,0.0294117647058823,0.0173453996983408,0.015395659879087725,0.0286726998491704,0.04,0.0294117647058823,0.0105882352941177,-0.013277039970082675
16,25,0.0043103448275862,0.0025380710659898,0.0427906976744186,0.0194805194805194,0.0294117647058823,0.028657616892911,0.013935175019994424,0.0357241572836648,0.0427906976744186,0.0294117647058823,0.0133789329685363,-0.021788982263670376
16,26,0.0862068965517241,0.1979695431472081,0.0409302325581395,0.0844155844155844,0.1941176470588235,0.0972850678733031,0.14067741779333504,0.0691076502157213,0.1979695431472081,0.1941176470588235,0.0038518960883845987,0.07156976757761374
16,27,0.0172413793103448,0.0101522842639593,0.0241860465116279,0.0064935064935064,0.0441176470588235,0.0263951734539969,0.0195012042816585,0.0252906099828124,0.0441176470588235,0.0263951734539969,0.017722473604826598,-0.0057894057011539
17,0,0.0086206896551724,0.0101522842639593,0.0297674418604651,0.0194805194805194,0.0088235294117647,0.0082956259426847,0.011769255702853951,0.0190315339015749,0.0297674418604651,0.0194805194805194,0.0102869223799457,-0.00726227819872095
17,1,0.1939655172413793,0.0203045685279187,0.1283720930232558,0.1883116883116883,0.0176470588235294,0.0444947209653092,0.10505720822612892,0.08643340699428251,0.1939655172413793,0.1883116883116883,0.005653828929691018,0.018623801231846412
17,2,0.1637931034482758,0.0203045685279187,0.5581395348837209,0.1363636363636363,0.0294117647058823,0.116892911010558,0.08746826826142827,0.33751622294713945,0.5581395348837209,0.1637931034482758,0.3943464314354451,-0.25004795468571117
17,3,0.2758620689655172,0.4010152284263959,0.0772093023255813,0.3051948051948052,0.4588235294117647,0.0950226244343891,0.36022390799962073,0.0861159633799852,0.4588235294117647,0.4010152284263959,0.057808300985368766,0.2741079446196355
17,4,0.0862068965517241,0.1700507614213198,0.0474418604651162,0.1428571428571428,0.2147058823529411,0.1349924585218702,0.15345517079578194,0.0912171594934932,0.2147058823529411,0.1700507614213198,0.0446551209316213,0.062238011302288745
17,5,0.1206896551724138,0.0228426395939086,0.1088372093023255,0.0844155844155844,0.0205882352941176,0.0248868778280542,0.0621340286190061,0.06686204356518985,0.1206896551724138,0.1088372093023255,0.011852445870088296,-0.004728014946183752
17,6,0.0,0.0,0.1069767441860465,0.0129870129870129,0.0088235294117647,0.0150829562594268,0.0054526355996944,0.061029850222736645,0.1069767441860465,0.0150829562594268,0.0918937879266197,-0.05557721462304224
17,7,0.5301724137931034,0.1040609137055837,0.0093023255813953,0.5,0.1617647058823529,0.1953242835595776,0.32399950834526,0.10231330457048644,0.5301724137931034,0.5,0.030172413793103425,0.22168620377477355
17,8,0.6594827586206896,0.2538071065989847,0.0074418604651162,0.7012987012987013,0.3764705882352941,0.200603318250377,0.49776478868841745,0.1040225893577466,0.7012987012987013,0.6594827586206896,0.0418159426780117,0.39374219933067084
17,9,0.043103448275862,0.015228426395939,0.2381395348837209,0.0324675324675324,0.0264705882352941,0.0241327300150829,0.029317498843656878,0.1311361324494019,0.2381395348837209,0.043103448275862,0.19503608660785887,-0.10181863360574502
17,10,0.0387931034482758,0.0507614213197969,0.0102325581395348,0.0389610389610389,0.0735294117647058,0.0444947209653092,0.05051124387345435,0.027363639552422,0.0735294117647058,0.0507614213197969,0.022767990444908903,0.02314760432103235
17,11,0.3017241379310345,0.233502538071066,0.2548837209302325,0.3961038961038961,0.3147058823529411,0.2549019607843137,0.31150911361473443,0.2548928408572731,0.3961038961038961,0.3147058823529411,0.08139801375095501,0.05661627275746134
17,12,0.0172413793103448,0.0507614213197969,0.0297674418604651,0.0129870129870129,0.0323529411764705,0.0150829562594268,0.02833568869840627,0.02242519905994595,0.0507614213197969,0.0323529411764705,0.018408480143326397,0.005910489638460321
17,13,0.1767241379310344,0.0583756345177665,0.0083720930232558,0.1493506493506493,0.0735294117647058,0.0942684766214178,0.114494958391039,0.0513202848223368,0.1767241379310344,0.1493506493506493,0.027373488580385102,0.06317467356870221
17,14,0.0172413793103448,0.0355329949238578,0.0148837209302325,0.0194805194805194,0.0323529411764705,0.0082956259426847,0.026151958722798126,0.0115896734364586,0.0355329949238578,0.0323529411764705,0.0031800537473873,0.014562285286339526
17,15,0.0344827586206896,0.0507614213197969,0.0195348837209302,0.0389610389610389,0.0764705882352941,0.0671191553544494,0.05016895178420487,0.043327019537689804,0.0764705882352941,0.0671191553544494,0.009351432880844696,0.006841932246515067
17,16,0.0043103448275862,0.0025380710659898,0.0167441860465116,0.0129870129870129,0.0117647058823529,0.0082956259426847,0.007900033690735449,0.012519905994598152,0.0167441860465116,0.0129870129870129,0.003757173059498702,-0.004619872303862703
17,17,0.0172413793103448,0.032994923857868,0.0241860465116279,0.0194805194805194,0.0294117647058823,0.0143288084464555,0.024782146838653627,0.0192574274790417,0.032994923857868,0.0294117647058823,0.0035831591519857008,0.005524719359611928
17,18,0.0344827586206896,0.0685279187817258,0.0241860465116279,0.0389610389610389,0.0647058823529411,0.033182503770739,0.05166939967909885,0.02868427514118345,0.0685279187817258,0.0647058823529411,0.003822036428784703,0.022985124537915402
17,19,0.0344827586206896,0.032994923857868,0.0167441860465116,0.0194805194805194,0.0205882352941176,0.0090497737556561,0.02688660931329865,0.012896979901083851,0.0344827586206896,0.032994923857868,0.001487834762821598,0.013989629412214799
17,20,0.0129310344827586,0.0177664974619289,0.0120930232558139,0.0064935064935064,0.0029411764705882,0.0218702865761689,0.010033053727195524,0.0169816549159914,0.0218702865761689,0.0177664974619289,0.0041037891142399995,-0.006948601188795875
17,21,0.021551724137931,0.0050761421319796,0.027906976744186,0.0259740259740259,0.0205882352941176,0.0196078431372549,0.018297531884513524,0.023757409940720453,0.027906976744186,0.0259740259740259,0.0019329507701601016,-0.005459878056206929
17,22,0.0129310344827586,0.015228426395939,0.0167441860465116,0.0064935064935064,0.0264705882352941,0.0105580693815987,0.015280888901874524,0.01365112771405515,0.0264705882352941,0.0167441860465116,0.009726402188782499,0.0016297611878193733
17,23,0.0948275862068965,0.0126903553299492,0.015813953488372,0.0714285714285714,0.0235294117647058,0.0090497737556561,0.05061898118253073,0.012431863622014051,0.0948275862068965,0.0714285714285714,0.02339901477832511,0.038187117560516674
17,24,0.0129310344827586,0.0507614213197969,0.0251162790697674,0.0259740259740259,0.05,0.0090497737556561,0.034916620444145355,0.017083026412711748,0.0507614213197969,0.05,0.0007614213197968955,0.017833594031433607
17,25,0.0,0.0050761421319796,0.0427906976744186,0.0129870129870129,0.0147058823529411,0.0165912518853695,0.008192259367983401,0.02969097477989405,0.0427906976744186,0.0165912518853695,0.0261994457890491,-0.02149871541191065
17,26,0.0043103448275862,0.0076142131979695,0.0148837209302325,0.0129870129870129,0.0147058823529411,0.006787330316742,0.009904363341377426,0.01083552562348725,0.0148837209302325,0.0147058823529411,0.00017783857729140005,-0.0009311622821098244
17,27,0.0732758620689655,0.0304568527918781,0.0362790697674418,0.0454545454545454,0.0441176470588235,0.0135746606334841,0.048326226843553116,0.02492686520046295,0.0732758620689655,0.0454545454545454,0.027821316614420097,0.023399361643090165
18,0,0.1594827586206896,0.2284263959390862,0.0567441860465116,0.1688311688311688,0.2676470588235294,0.1131221719457013,0.2060968455536185,0.08493317899610645,0.2676470588235294,0.2284263959390862,0.0392206628844432,0.12116366655751207
18,1,0.0,0.0025380710659898,0.0390697674418604,0.0194805194805194,0.0205882352941176,0.0128205128205128,0.010651706460156701,0.0259451401311866,0.0390697674418604,0.0205882352941176,0.0184815321477428,-0.0152934336710299
18,2,0.0,0.0076142131979695,0.1209302325581395,0.0064935064935064,0.0147058823529411,0.0241327300150829,0.00720340051110425,0.0725314812866112,0.1209302325581395,0.0241327300150829,0.09679750254305661,-0.06532808077550695
18,3,0.0,0.0279187817258883,0.0725581395348837,0.0324675324675324,0.0529411764705882,0.0196078431372549,0.028331872666002227,0.0460829913360693,0.0725581395348837,0.0529411764705882,0.0196169630642955,-0.017751118670067075
18,4,0.1077586206896551,0.1878172588832487,0.0223255813953488,0.1623376623376623,0.2735294117647059,0.0588235294117647,0.182860738418818,0.04057455540355675,0.2735294117647059,0.1878172588832487,0.0857121528814572,0.14228618301526125
18,5,0.0,0.0203045685279187,0.0288372093023255,0.0129870129870129,0.0176470588235294,0.0128205128205128,0.01273466008461525,0.02082886106141915,0.0288372093023255,0.0203045685279187,0.0085326407744068,-0.008094200976803901
18,6,0.125,0.0025380710659898,0.0948837209302325,0.1168831168831168,0.0147058823529411,0.0497737556561085,0.06478176757551193,0.0723287382931705,0.125,0.1168831168831168,0.008116883116883203,-0.0075469707176585715
18,7,0.646551724137931,0.3883248730964467,0.107906976744186,0.6883116883116883,0.4852941176470588,0.3514328808446455,0.5521206007982812,0.22966992879441578,0.6883116883116883,0.646551724137931,0.04175996417375727,0.3224506720038654
18,8,0.0043103448275862,0.0025380710659898,0.0362790697674418,0.0,0.0176470588235294,0.0173453996983408,0.00612386867927635,0.0268122347328913,0.0362790697674418,0.0176470588235294,0.0186320109439124,-0.020688366053614952
18,9,0.0646551724137931,0.0203045685279187,0.3032558139534884,0.0324675324675324,0.0470588235294117,0.1417797888386123,0.041121524234663975,0.22251780139605035,0.3032558139534884,0.1417797888386123,0.16147602511487608,-0.18139627716138637
18,10,0.0129310344827586,0.0583756345177665,0.0148837209302325,0.0129870129870129,0.0352941176470588,0.0128205128205128,0.029896949908649197,0.01385211687537265,0.0583756345177665,0.0352941176470588,0.023081516870707697,0.016044833033276546
18,11,0.0043103448275862,0.0050761421319796,0.015813953488372,0.0,0.0117647058823529,0.0037707390648567,0.005287798210479675,0.00979234627661435,0.015813953488372,0.0117647058823529,0.004049247606019102,-0.004504548066134675
18,12,0.0,0.0177664974619289,0.0353488372093023,0.0064935064935064,0.0235294117647058,0.0188536953242835,0.011947353930035275,0.0271012662667929,0.0353488372093023,0.0235294117647058,0.0118194254445965,-0.015153912336757624
18,13,0.0129310344827586,0.1065989847715736,0.0232558139534883,0.0129870129870129,0.1117647058823529,0.0361990950226244,0.061070434530924506,0.029727454488056353,0.1117647058823529,0.1065989847715736,0.0051657211107793005,0.03134298004286815
18,14,0.021551724137931,0.0532994923857868,0.0148837209302325,0.0779220779220779,0.0647058823529411,0.0082956259426847,0.0543697941996842,0.0115896734364586,0.0779220779220779,0.0647058823529411,0.013216195569136807,0.0427801207632256
18,15,0.0517241379310344,0.0710659898477157,0.0213953488372093,0.0584415584415584,0.0529411764705882,0.0203619909502262,0.05854321567272418,0.020878669893717748,0.0710659898477157,0.0584415584415584,0.0126244314061573,0.03766454577900643
18,16,0.0172413793103448,0.0279187817258883,0.0223255813953488,0.0129870129870129,0.0235294117647058,0.0052790346907993,0.020419146446987953,0.01380230804307405,0.0279187817258883,0.0235294117647058,0.004389369961182502,0.006616838403913902
18,17,0.0905172413793103,0.1218274111675127,0.0474418604651162,0.0909090909090909,0.1588235294117647,0.0972850678733031,0.11551931821691964,0.07236346416920965,0.1588235294117647,0.1218274111675127,0.036996118244252,0.043155854047709996
18,18,0.0387931034482758,0.0456852791878172,0.0232558139534883,0.0324675324675324,0.0470588235294117,0.0173453996983408,0.041001184658259276,0.02030060682591455,0.0470588235294117,0.0456852791878172,0.0013735443415945,0.020700577832344726
18,19,0.0043103448275862,0.0406091370558375,0.0176744186046511,0.0194805194805194,0.0558823529411764,0.0082956259426847,0.030070588576279873,0.0129850222736679,0.0558823529411764,0.0406091370558375,0.015273215885338899,0.017085566302611974
18,20,0.0689655172413793,0.0558375634517766,0.16,0.0324675324675324,0.038235294117647,0.1523378582202111,0.048876476819583826,0.15616892911010555,0.16,0.1523378582202111,0.007662141779788911,-0.10729245229052173
18,21,0.2543103448275862,0.2182741116751269,0.0465116279069767,0.3311688311688311,0.3617647058823529,0.2164404223227752,0.29137949838847427,0.13147602511487594,0.3617647058823529,0.3311688311688311,0.030595874713521765,0.15990347327359833
18,22,0.0,0.0126903553299492,0.0204651162790697,0.0129870129870129,0.0323529411764705,0.0241327300150829,0.01450757737335815,0.0222989231470763,0.0323529411764705,0.0241327300150829,0.008220211161387603,-0.00779134577371815
18,23,0.0043103448275862,0.0177664974619289,0.027906976744186,0.0129870129870129,0.038235294117647,0.0098039215686274,0.01832478734854375,0.0188554491564067,0.038235294117647,0.027906976744186,0.010328317373460998,-0.0005306618078629484
18,24,0.0,0.0203045685279187,0.0223255813953488,0.0194805194805194,0.0058823529411764,0.0082956259426847,0.011416860237403625,0.01531060366901675,0.0223255813953488,0.0203045685279187,0.002021012867430099,-0.0038937434316131253
18,25,0.5,0.2360406091370558,0.12,0.5194805194805194,0.3205882352941177,0.2594268476621418,0.3940273409779232,0.1897134238310709,0.5194805194805194,0.5,0.01948051948051943,0.2043139171468523
18,26,0.0086206896551724,0.0203045685279187,0.013953488372093,0.0194805194805194,0.0235294117647058,0.0113122171945701,0.017983797357079074,0.01263285278333155,0.0235294117647058,0.0203045685279187,0.0032248432367870984,0.005350944573747523
18,27,0.0560344827586206,0.1548223350253807,0.0483720930232558,0.0649350649350649,0.2117647058823529,0.0339366515837104,0.12188914715035477,0.041154372303483094,0.2117647058823529,0.1548223350253807,0.05694237085697221,0.08073477484687168
19,0,0.5775862068965517,0.2512690355329949,0.1320930232558139,0.6233766233766234,0.3823529411764705,0.2119155354449472,0.4586462017456601,0.17200427935038054,0.6233766233766234,0.5775862068965517,0.04579041648007165,0.2866419223952796
19,1,0.0043103448275862,0.015228426395939,0.0186046511627906,0.0064935064935064,0.0117647058823529,0.006787330316742,0.009449245899846125,0.012695990739766301,0.0186046511627906,0.015228426395939,0.0033762247668516,-0.003246744839920176
19,2,0.0,0.015228426395939,0.0223255813953488,0.0129870129870129,0.0117647058823529,0.0120663650075414,0.0099950363163262,0.0171959732014451,0.0223255813953488,0.015228426395939,0.007097154999409799,-0.0072009368851189
19,3,0.0043103448275862,0.0279187817258883,0.0176744186046511,0.0194805194805194,0.038235294117647,0.0090497737556561,0.022486235037910224,0.0133620961801536,0.038235294117647,0.0279187817258883,0.010316512391758698,0.009124138857756623
19,4,0.021551724137931,0.0203045685279187,0.0390697674418604,0.0194805194805194,0.0264705882352941,0.0150829562594268,0.021951850095415802,0.0270763618506436,0.0390697674418604,0.0264705882352941,0.0125991792065663,-0.005124511755227799
19,5,0.0344827586206896,0.1142131979695431,0.0437209302325581,0.0324675324675324,0.138235294117647,0.0987933634992458,0.07984969579385304,0.07125714686590195,0.138235294117647,0.1142131979695431,0.02402209614810391,0.008592548927951082
19,6,0.1206896551724138,0.0964467005076142,0.0381395348837209,0.1363636363636363,0.1147058823529411,0.0180995475113122,0.11705146859915135,0.02811954119751655,0.1363636363636363,0.1206896551724138,0.0156739811912225,0.0889319274016348
19,7,0.0,0.0025380710659898,0.0548837209302325,0.0259740259740259,0.0147058823529411,0.0165912518853695,0.010804494848239199,0.035737486407801,0.0548837209302325,0.0259740259740259,0.0289096949562066,-0.0249329915595618
19,8,0.0043103448275862,0.0025380710659898,0.2353488372093023,0.0194805194805194,0.0205882352941176,0.0324283559577677,0.01172929266705325,0.133888596583535,0.2353488372093023,0.0324283559577677,0.2029204812515346,-0.12215930391648175
19,9,0.0,0.0050761421319796,0.4223255813953488,0.0,0.0117647058823529,0.0392156862745098,0.004210212003583125,0.2307706338349293,0.4223255813953488,0.0392156862745098,0.38310989512083904,-0.22656042183134617
19,10,0.0,0.0025380710659898,0.3469767441860465,0.0064935064935064,0.0117647058823529,0.0271493212669683,0.005199070860462274,0.1870630327265074,0.3469767441860465,0.0271493212669683,0.31982742291907823,-0.18186396186604512
19,11,0.2112068965517241,0.1675126903553299,0.1851162790697674,0.3311688311688311,0.2029411764705882,0.1681749622926093,0.22820739863661832,0.17664562068118836,0.3311688311688311,0.2112068965517241,0.11996193461710702,0.05156177795542996
19,12,0.021551724137931,0.0279187817258883,0.7088372093023256,0.0324675324675324,0.0617647058823529,0.0633484162895927,0.03592568605342615,0.3860928127959592,0.7088372093023256,0.0633484162895927,0.6454887930127329,-0.35016712674253303
19,13,0.0043103448275862,0.015228426395939,0.1153488372093023,0.0324675324675324,0.05,0.0241327300150829,0.0255015759227644,0.0697407836121926,0.1153488372093023,0.05,0.06534883720930229,-0.0442392076894282
19,14,0.0086206896551724,0.0101522842639593,0.013953488372093,0.0129870129870129,0.0088235294117647,0.0565610859728506,0.010145879079477326,0.0352572871724718,0.0565610859728506,0.013953488372093,0.0426075976007576,-0.025111408092994475
19,15,0.396551724137931,0.1954314720812182,0.0232558139534883,0.3246753246753247,0.2323529411764706,0.2058823529411764,0.2872528655177361,0.11456908344733235,0.396551724137931,0.3246753246753247,0.07187639946260632,0.17268378207040375
19,16,0.0474137931034482,0.1345177664974619,0.0223255813953488,0.0649350649350649,0.1205882352941176,0.0414781297134238,0.09186371495752314,0.0319018555543863,0.1345177664974619,0.1205882352941176,0.013929531203344295,0.05996185940313684
19,17,0.1767241379310344,0.1751269035532995,0.0213953488372093,0.2467532467532467,0.2558823529411764,0.0950226244343891,0.21362166029468926,0.058208986635799195,0.2558823529411764,0.2467532467532467,0.009129106187929698,0.15541267365889005
19,18,0.0172413793103448,0.0304568527918781,0.0111627906976744,0.0129870129870129,0.0294117647058823,0.0052790346907993,0.022524252448779526,0.008220912694236849,0.0304568527918781,0.0294117647058823,0.0010450880859958003,0.014303339754542677
19,19,0.0086206896551724,0.0304568527918781,0.0111627906976744,0.0259740259740259,0.0352941176470588,0.0075414781297134,0.025086421517033802,0.0093521344136939,0.0352941176470588,0.0304568527918781,0.004837264855180701,0.015734287103339902
19,20,0.021551724137931,0.0736040609137055,0.013953488372093,0.0714285714285714,0.1029411764705882,0.0060331825037707,0.06738138323769902,0.00999333543793185,0.1029411764705882,0.0736040609137055,0.029337115556882704,0.05738804779976717
19,21,0.0086206896551724,0.0786802030456852,0.0213953488372093,0.0129870129870129,0.0676470588235294,0.0188536953242835,0.04198374112784997,0.0201245220807464,0.0786802030456852,0.0676470588235294,0.011033144222155802,0.02185921904710357
19,22,0.0517241379310344,0.0888324873096446,0.013953488372093,0.0649350649350649,0.1088235294117647,0.0120663650075414,0.07857880489687714,0.013009926689817201,0.1088235294117647,0.0888324873096446,0.01999104210212009,0.06556887820705995
19,23,0.0344827586206896,0.0862944162436548,0.0465116279069767,0.0194805194805194,0.0558823529411764,0.0754147812971342,0.049035011821510044,0.060963204602055454,0.0862944162436548,0.0754147812971342,0.010879634946520597,-0.01192819278054541
19,24,0.0172413793103448,0.0456852791878172,0.0204651162790697,0.0194805194805194,0.0441176470588235,0.0188536953242835,0.031631206259376224,0.019659405801676598,0.0456852791878172,0.0441176470588235,0.001567632128993704,0.011971800457699626
19,25,0.0344827586206896,0.0710659898477157,0.015813953488372,0.0324675324675324,0.0647058823529411,0.0203619909502262,0.050680540822219705,0.0180879722192991,0.0710659898477157,0.0647058823529411,0.0063601074947746,0.032592568602920605
19,26,0.021551724137931,0.0431472081218274,0.0186046511627906,0.0389610389610389,0.0911764705882352,0.0241327300150829,0.04870911045225812,0.02136869058893675,0.0911764705882352,0.0431472081218274,0.048029262466407804,0.02734041986332137
19,27,0.0086206896551724,0.0406091370558375,0.0344186046511627,0.0194805194805194,0.0411764705882352,0.028657616892911,0.027471704194941125,0.031538110772036845,0.0411764705882352,0.0406091370558375,0.0005673335323977055,-0.00406640657709572
20,0,0.0043103448275862,0.0101522842639593,0.0613953488372093,0.0259740259740259,0.0352941176470588,0.0188536953242835,0.01893269317815755,0.0401245220807464,0.0613953488372093,0.0352941176470588,0.026101231190150495,-0.021191828902588847
20,1,0.0646551724137931,0.0279187817258883,0.4120930232558139,0.1688311688311688,0.0970588235294117,0.0791855203619909,0.08961598662506547,0.24563927180890238,0.4120930232558139,0.1688311688311688,0.24326185442464507,-0.1560232851838369
20,2,0.5732758620689655,0.2284263959390862,0.1981395348837209,0.5584415584415584,0.4176470588235294,0.2865761689291101,0.4444477188182849,0.2423578519064155,0.5732758620689655,0.5584415584415584,0.01483430362740712,0.20208986691186936
20,3,0.0043103448275862,0.0025380710659898,0.121860465116279,0.0064935064935064,0.0411764705882352,0.0241327300150829,0.0136295982438294,0.07299659756568094,0.121860465116279,0.0411764705882352,0.0806839945280438,-0.05936699932185154
20,4,0.1767241379310344,0.098984771573604,0.0260465116279069,0.1558441558441558,0.1147058823529411,0.2337858220211161,0.13656473692543383,0.12991616682451151,0.2337858220211161,0.1767241379310344,0.05706168409008172,0.006648570100922319
20,5,0.3620689655172414,0.3071065989847715,0.0520930232558139,0.4090909090909091,0.438235294117647,0.0535444947209653,0.37912544192764225,0.0528187589883896,0.438235294117647,0.4090909090909091,0.029144385026737885,0.32630668293925263
20,6,0.0086206896551724,0.0431472081218274,0.1246511627906976,0.0389610389610389,0.0558823529411764,0.0173453996983408,0.03665282241980378,0.0709982812445192,0.1246511627906976,0.0558823529411764,0.0687688098495212,-0.03434545882471543
20,7,0.0689655172413793,0.1269035532994923,0.041860465116279,0.0454545454545454,0.1205882352941176,0.1025641025641025,0.09047796282238366,0.07221228384019075,0.1269035532994923,0.1205882352941176,0.006315318005374701,0.018265678982192904
20,8,0.0775862068965517,0.1065989847715736,0.0083720930232558,0.1363636363636363,0.1529411764705882,0.0444947209653092,0.11837250112558745,0.026433406994282503,0.1529411764705882,0.1363636363636363,0.016577540106951894,0.09193909413130494
20,9,0.6896551724137931,0.3248730964467005,0.0130232558139534,0.6623376623376623,0.4235294117647059,0.3265460030165912,0.5250988357407155,0.1697846294152723,0.6896551724137931,0.6623376623376623,0.027317510076130813,0.3553142063254432
20,10,0.021551724137931,0.0253807106598984,0.0334883720930232,0.0259740259740259,0.0617647058823529,0.0196078431372549,0.03366779166355205,0.026548107615139052,0.0617647058823529,0.0334883720930232,0.0282763337893297,0.007119684048412997
20,11,0.0129310344827586,0.0253807106598984,0.0102325581395348,0.0194805194805194,0.0117647058823529,0.0098039215686274,0.017389242626382324,0.0100182398540811,0.0253807106598984,0.0194805194805194,0.005900191179379,0.0073710027723012245
20,12,0.0344827586206896,0.0406091370558375,0.0148837209302325,0.0129870129870129,0.0558823529411764,0.0233785822021116,0.0359903154011791,0.01913115156617205,0.0558823529411764,0.0406091370558375,0.015273215885338899,0.01685916383500705
20,13,0.5775862068965517,0.3299492385786802,0.0130232558139534,0.5909090909090909,0.4970588235294118,0.2616892911010558,0.49887583997843366,0.13735627345750462,0.5909090909090909,0.5775862068965517,0.013322884012539227,0.36151956652092904
20,14,0.0474137931034482,0.2639593908629442,0.0483720930232558,0.0714285714285714,0.2352941176470588,0.0263951734539969,0.15452396826050563,0.03738363323862635,0.2639593908629442,0.2352941176470588,0.028665273215885384,0.11714033502187929
20,15,0.0387931034482758,0.0634517766497461,0.0176744186046511,0.0259740259740259,0.0705882352941176,0.0098039215686274,0.04970178534154135,0.01373917008663925,0.0705882352941176,0.0634517766497461,0.007136458644371499,0.0359626152549021
20,16,0.1034482758620689,0.2233502538071066,0.027906976744186,0.1493506493506493,0.2323529411764706,0.0226244343891402,0.17712553004907383,0.0252657055666631,0.2323529411764706,0.2233502538071066,0.009002687369363993,0.15185982448241073
20,17,0.3448275862068966,0.3071065989847715,0.0297674418604651,0.3571428571428571,0.3764705882352941,0.0512820512820512,0.34638690764245483,0.04052474657125815,0.3764705882352941,0.3571428571428571,0.019327731092437017,0.3058621610711967
20,18,0.1810344827586207,0.1954314720812182,0.0595348837209302,0.0584415584415584,0.1058823529411764,0.3815987933634992,0.13519746655564344,0.2205668385422147,0.3815987933634992,0.1954314720812182,0.18616732128228103,-0.08536937198657127
20,19,0.0603448275862069,0.0736040609137055,0.0204651162790697,0.0714285714285714,0.1205882352941176,0.030920060331825,0.08149142380565035,0.02569258830544735,0.1205882352941176,0.0736040609137055,0.046984174380412094,0.055798835500202995
20,20,0.0043103448275862,0.0228426395939086,0.0306976744186046,0.0259740259740259,0.0735294117647058,0.0248868778280542,0.03166410554005662,0.0277922761233294,0.0735294117647058,0.0306976744186046,0.0428317373461012,0.0038718294167272224
20,21,0.0818965517241379,0.1218274111675127,0.0232558139534883,0.1038961038961039,0.15,0.0180995475113122,0.11440501669693862,0.02067768073240025,0.15,0.1218274111675127,0.0281725888324873,0.09372733596453836
20,22,0.5603448275862069,0.3248730964467005,0.1395348837209302,0.512987012987013,0.3735294117647059,0.1176470588235294,0.44293358719615655,0.1285909712722298,0.5603448275862069,0.512987012987013,0.04735781459919386,0.31434261592392676
20,23,0.0172413793103448,0.0964467005076142,0.0288372093023255,0.0194805194805194,0.0705882352941176,0.033182503770739,0.050939208648149006,0.03100985653653225,0.0964467005076142,0.0705882352941176,0.025858465213496593,0.019929352111616755
20,24,0.0,0.0304568527918781,0.0148837209302325,0.0064935064935064,0.0264705882352941,0.0037707390648567,0.01585523688016965,0.0093272299975446,0.0304568527918781,0.0264705882352941,0.003986264556584001,0.0065280068826250506
20,25,0.0344827586206896,0.0685279187817258,0.0167441860465116,0.0129870129870129,0.0411764705882352,0.0377073906485671,0.03929354024441588,0.027225788347539352,0.0685279187817258,0.0411764705882352,0.0273514481934906,0.012067751896876526
20,26,0.0258620689655172,0.0279187817258883,0.0130232558139534,0.0064935064935064,0.0235294117647058,0.0082956259426847,0.020950942237404423,0.01065944087831905,0.0279187817258883,0.0258620689655172,0.0020567127603711016,0.010291501359085372
20,27,0.0560344827586206,0.1040609137055837,0.0093023255813953,0.0649350649350649,0.1147058823529411,0.0150829562594268,0.08493408593805257,0.01219264092041105,0.1147058823529411,0.1040609137055837,0.010644968647357408,0.07274144501764152
21,0,0.2844827586206896,0.233502538071066,0.2455813953488372,0.2532467532467532,0.2529411764705882,0.2134238310708898,0.25604330660227426,0.22950261320986348,0.2844827586206896,0.2532467532467532,0.031236005373936393,0.026540693392410775
21,1,0.0301724137931034,0.0532994923857868,0.015813953488372,0.0324675324675324,0.0647058823529411,0.0098039215686274,0.045161330249840925,0.012808937528499702,0.0647058823529411,0.0532994923857868,0.011406389967154297,0.032352392721341224
21,2,0.0172413793103448,0.0583756345177665,0.0167441860465116,0.0129870129870129,0.0529411764705882,0.0128205128205128,0.0353863008214281,0.0147823494335122,0.0583756345177665,0.0529411764705882,0.005434458047178299,0.020603951387915903
21,3,0.0258620689655172,0.0406091370558375,0.013953488372093,0.0259740259740259,0.0705882352941176,0.0075414781297134,0.04075836682237455,0.0107474832509032,0.0705882352941176,0.0406091370558375,0.029979098238280107,0.030010883571471348
21,4,0.1206896551724138,0.182741116751269,0.027906976744186,0.1298701298701298,0.1970588235294117,0.0196078431372549,0.15758993133080607,0.023757409940720453,0.1970588235294117,0.182741116751269,0.014317706778142703,0.1338325213900856
21,5,0.1293103448275862,0.248730964467005,0.0251162790697674,0.1558441558441558,0.3088235294117647,0.0497737556561085,0.21067724863762793,0.03744501736293795,0.3088235294117647,0.248730964467005,0.06009256494475973,0.17323223127468998
21,6,0.0560344827586206,0.1218274111675127,0.1916279069767441,0.0584415584415584,0.1764705882352941,0.0686274509803921,0.10319351015074646,0.13012767897856808,0.1916279069767441,0.1764705882352941,0.015157318741449988,-0.026934168827821625
21,7,0.0086206896551724,0.0177664974619289,0.0130232558139534,0.0,0.0176470588235294,0.0241327300150829,0.011008561485157674,0.01857799291451815,0.0241327300150829,0.0177664974619289,0.006366232553153998,-0.007569431429360476
21,8,0.0086206896551724,0.0203045685279187,0.0213953488372093,0.0324675324675324,0.0147058823529411,0.0105580693815987,0.01902466825089115,0.015976709109404,0.0324675324675324,0.0213953488372093,0.011072183630323102,0.0030479591414871512
21,9,0.0043103448275862,0.0126903553299492,0.1013953488372093,0.0259740259740259,0.0470588235294117,0.0346907993966817,0.02250838741524325,0.0680430741169455,0.1013953488372093,0.0470588235294117,0.0543365253077976,-0.04553468670170226
21,10,0.0,0.0,0.053953488372093,0.0064935064935064,0.0117647058823529,0.0437405731523378,0.0045645530939648245,0.0488470307622154,0.053953488372093,0.0437405731523378,0.010212915219755203,-0.04428247766825058
21,11,0.0,0.0050761421319796,0.027906976744186,0.0129870129870129,0.038235294117647,0.0218702865761689,0.014074612309159875,0.02488863166017745,0.038235294117647,0.027906976744186,0.010328317373460998,-0.010814019351017574
21,12,0.0,0.0025380710659898,0.041860465116279,0.0129870129870129,0.0352941176470588,0.0188536953242835,0.012704800425015376,0.03035708022028125,0.041860465116279,0.0352941176470588,0.006566347469220198,-0.017652279795265874
21,13,0.0646551724137931,0.1116751269035533,0.0269767441860465,0.1038961038961039,0.1823529411764705,0.3220211161387632,0.11564483609748019,0.17449893016240486,0.3220211161387632,0.1823529411764705,0.13966817496229272,-0.05885409406492467
21,14,0.0603448275862069,0.0609137055837563,0.013953488372093,0.0909090909090909,0.0970588235294117,0.0369532428355957,0.07730661190211645,0.02545336560384435,0.0970588235294117,0.0909090909090909,0.0061497326203208,0.05185324629827209
21,15,0.0043103448275862,0.0,0.3153488372093023,0.0129870129870129,0.0088235294117647,0.0105580693815987,0.0065302218065909495,0.1629534532954505,0.3153488372093023,0.0129870129870129,0.3023618242222894,-0.15642323148885956
21,16,0.0086206896551724,0.0532994923857868,0.1441860465116279,0.0259740259740259,0.0676470588235294,0.0211161387631975,0.03888531670962862,0.0826510926374127,0.1441860465116279,0.0676470588235294,0.0765389876880985,-0.04376577592778408
21,17,0.1594827586206896,0.1294416243654822,0.0641860465116279,0.1818181818181818,0.1323529411764706,0.0852187028657616,0.15077387649520604,0.07470237468869476,0.1818181818181818,0.1594827586206896,0.022335423197492182,0.07607150180651129
21,18,0.1939655172413793,0.0913705583756345,0.0576744186046511,0.3051948051948052,0.1852941176470588,0.057315233785822,0.19395624961471947,0.05749482619523655,0.3051948051948052,0.1939655172413793,0.11122928795342588,0.13646142341948292
21,19,0.293103448275862,0.116751269035533,0.0055813953488372,0.2597402597402597,0.1411764705882353,0.1070889894419306,0.2026928619099725,0.0563351923953839,0.293103448275862,0.2597402597402597,0.03336318853560227,0.1463576695145886
21,20,0.0086206896551724,0.0076142131979695,0.466046511627907,0.0259740259740259,0.0735294117647058,0.0399698340874811,0.0289345851479684,0.25300817285769406,0.466046511627907,0.0735294117647058,0.3925170998632012,-0.22407358770972566
21,21,0.4525862068965517,0.2690355329949238,0.1320930232558139,0.435064935064935,0.3176470588235294,0.1907993966817496,0.36858343344498495,0.16144620996878176,0.4525862068965517,0.435064935064935,0.017521271831616725,0.2071372234762032
21,22,0.043103448275862,0.065989847715736,0.0297674418604651,0.0389610389610389,0.0705882352941176,0.0248868778280542,0.05466064256168862,0.027327159844259652,0.0705882352941176,0.065989847715736,0.004598387578381602,0.02733348271742897
21,23,0.2025862068965517,0.1700507614213198,0.0986046511627907,0.1818181818181818,0.2411764705882353,0.1131221719457013,0.19890790518107215,0.105863411554246,0.2411764705882353,0.2025862068965517,0.038590263691683585,0.09304449362682615
21,24,0.0517241379310344,0.1142131979695431,0.0232558139534883,0.0844155844155844,0.1705882352941176,0.0211161387631975,0.10523528890256988,0.0221859763583429,0.1705882352941176,0.1142131979695431,0.056375037324574495,0.08304931254422698
21,25,0.0603448275862069,0.1370558375634517,0.0241860465116279,0.0649350649350649,0.1058823529411764,0.0301659125188536,0.09205452075647497,0.02717597951524075,0.1370558375634517,0.1058823529411764,0.031173484622275288,0.06487854124123421
21,26,0.043103448275862,0.0736040609137055,0.1460465116279069,0.0129870129870129,0.0441176470588235,0.0407239819004524,0.04345304230885097,0.09338524676417966,0.1460465116279069,0.0736040609137055,0.07244245071420141,-0.049932204455328685
21,27,0.021551724137931,0.098984771573604,0.0148837209302325,0.0259740259740259,0.088235294117647,0.0128205128205128,0.05868645395080197,0.01385211687537265,0.098984771573604,0.088235294117647,0.010749477455957002,0.04483433707542932
22,0,0.0560344827586206,0.0431472081218274,0.0130232558139534,0.0519480519480519,0.0558823529411764,0.0339366515837104,0.05175302394241908,0.0234799536988319,0.0560344827586206,0.0558823529411764,0.00015212981744420345,0.028273070243587183
22,1,0.3706896551724138,0.1675126903553299,0.0037209302325581,0.3506493506493506,0.2117647058823529,0.1764705882352941,0.2751541005148618,0.0900957592339261,0.3706896551724138,0.3506493506493506,0.020040304523063213,0.18505834128093568
22,2,0.0344827586206896,0.0380710659898477,0.0176744186046511,0.0389610389610389,0.0441176470588235,0.0241327300150829,0.03890812765759992,0.020903574309867,0.0441176470588235,0.0389610389610389,0.0051566080977846,0.01800455334773292
22,3,0.1293103448275862,0.0837563451776649,0.0074418604651162,0.1753246753246753,0.0970588235294117,0.0995475113122171,0.12136254721483451,0.053494685888666654,0.1753246753246753,0.1293103448275862,0.04601433049708911,0.06786786132616786
22,4,0.0732758620689655,0.0507614213197969,0.0102325581395348,0.0909090909090909,0.0647058823529411,0.0407239819004524,0.0699130641626986,0.0254782700199936,0.0909090909090909,0.0732758620689655,0.0176332288401254,0.044434794142705
22,5,0.0517241379310344,0.0355329949238578,0.0093023255813953,0.0389610389610389,0.0470588235294117,0.0361990950226244,0.0433192488363357,0.02275071030200985,0.0517241379310344,0.0470588235294117,0.004665314401622697,0.020568538534325848
22,6,0.0172413793103448,0.0406091370558375,0.0102325581395348,0.0389610389610389,0.05,0.0460030165912518,0.036702888831805294,0.028117787365393297,0.05,0.0460030165912518,0.0039969834087482045,0.008585101466411997
22,7,0.4310344827586206,0.2690355329949238,0.027906976744186,0.4090909090909091,0.35,0.2812971342383107,0.3647902312111134,0.15460205549124836,0.4310344827586206,0.4090909090909091,0.02194357366771149,0.21018817571986506
22,8,0.021551724137931,0.0609137055837563,0.0176744186046511,0.0324675324675324,0.0764705882352941,0.0150829562594268,0.04785088760612845,0.01637868743203895,0.0764705882352941,0.0609137055837563,0.015556882651537797,0.0314722001740895
22,9,0.021551724137931,0.1345177664974619,0.0223255813953488,0.0649350649350649,0.15,0.0927601809954751,0.09275113889261444,0.057542881195411955,0.15,0.1345177664974619,0.015482233502538106,0.03520825769720248
22,10,0.043103448275862,0.0482233502538071,0.0353488372093023,0.0519480519480519,0.0588235294117647,0.0874811463046757,0.050524594972371425,0.061414991756989,0.0874811463046757,0.0588235294117647,0.028657616892911,-0.010890396784617576
22,11,0.0301724137931034,0.0609137055837563,0.2241860465116279,0.0519480519480519,0.05,0.0965309200603318,0.04825854283122791,0.16035848328597985,0.2241860465116279,0.0965309200603318,0.12765512645129612,-0.11209994045475194
22,12,0.0948275862068965,0.2538071065989847,0.0241860465116279,0.1493506493506493,0.3323529411764706,0.0625942684766214,0.20758457083325027,0.04339015749412465,0.3323529411764706,0.2538071065989847,0.07854583457748587,0.16419441333912563
22,13,0.021551724137931,0.032994923857868,0.0130232558139534,0.0714285714285714,0.0794117647058823,0.0128205128205128,0.05134674603256317,0.012921884317233099,0.0794117647058823,0.0714285714285714,0.00798319327731091,0.03842486171533008
22,14,0.021551724137931,0.0228426395939086,0.0111627906976744,0.0194805194805194,0.0264705882352941,0.0060331825037707,0.022586367861913273,0.00859798660072255,0.0264705882352941,0.0228426395939086,0.003627948641385499,0.013988381261190723
22,15,0.0344827586206896,0.0888324873096446,0.0204651162790697,0.0389610389610389,0.138235294117647,0.0113122171945701,0.07512789475225504,0.0158886667368199,0.138235294117647,0.0888324873096446,0.04940280680800241,0.05923922801543514
22,16,0.0258620689655172,0.0532994923857868,0.0167441860465116,0.0389610389610389,0.0176470588235294,0.0105580693815987,0.033942414783968075,0.01365112771405515,0.0532994923857868,0.0389610389610389,0.014338453424747905,0.020291287069912924
22,17,0.0560344827586206,0.0888324873096446,0.0204651162790697,0.0389610389610389,0.088235294117647,0.0180995475113122,0.06801582578673777,0.01928233189519095,0.0888324873096446,0.088235294117647,0.0005971931919976081,0.048733493891546825
22,18,0.0948275862068965,0.1421319796954314,0.0381395348837209,0.0714285714285714,0.0941176470588235,0.028657616892911,0.10062644609743071,0.03339857588831595,0.1421319796954314,0.0948275862068965,0.04730439348853489,0.06722787020911476
22,19,0.0129310344827586,0.0253807106598984,0.0176744186046511,0.0194805194805194,0.0588235294117647,0.0098039215686274,0.029153948508735275,0.01373917008663925,0.0588235294117647,0.0253807106598984,0.0334428187518663,0.015414778422096025
22,20,0.0086206896551724,0.0076142131979695,0.0120930232558139,0.0,0.0117647058823529,0.004524886877828,0.0069999021838737,0.00830895506682095,0.0120930232558139,0.0117647058823529,0.0003283173734609998,-0.0013090528829472498
22,21,0.4655172413793103,0.2309644670050761,0.0120930232558139,0.448051948051948,0.3352941176470588,0.3491704374057315,0.3699569435208483,0.1806317303307727,0.4655172413793103,0.448051948051948,0.017465293327362297,0.1893252131900756
22,22,0.0517241379310344,0.0532994923857868,0.0130232558139534,0.0584415584415584,0.0617647058823529,0.0384615384615384,0.05630747366018313,0.0257423971377459,0.0617647058823529,0.0584415584415584,0.0033231474407945036,0.030565076522437225
22,23,0.1163793103448275,0.1243654822335025,0.0223255813953488,0.1493506493506493,0.1852941176470588,0.0369532428355957,0.14384738989400953,0.02963941211547225,0.1852941176470588,0.1493506493506493,0.035943468296409514,0.11420797777853728
22,24,0.2413793103448276,0.1979695431472081,0.013953488372093,0.3896103896103896,0.3235294117647059,0.0678733031674208,0.2881221637167828,0.040913395769756895,0.3896103896103896,0.3235294117647059,0.06608097784568367,0.2472087679470259
22,25,0.4267241379310345,0.2360406091370558,0.0083720930232558,0.551948051948052,0.3441176470588235,0.2383107088989442,0.3897076115187414,0.12334140096110001,0.551948051948052,0.4267241379310345,0.1252239140170175,0.26636621055764137
22,26,0.0344827586206896,0.0482233502538071,0.0111627906976744,0.0844155844155844,0.1264705882352941,0.0090497737556561,0.0733980703813438,0.01010628222666525,0.1264705882352941,0.0844155844155844,0.04205500381970971,0.06329178815467855
22,27,0.9008620689655172,0.5355329949238579,0.0111627906976744,0.8766233766233766,0.6235294117647059,0.1040723981900452,0.7341369630693645,0.0576175944438598,0.9008620689655172,0.8766233766233766,0.0242386923421406,0.6765193686255047
23,0,0.1206896551724138,0.1269035532994923,0.0390697674418604,0.0844155844155844,0.1264705882352941,0.0339366515837104,0.11461984528069614,0.0365032095127854,0.1269035532994923,0.1264705882352941,0.0004329650641981819,0.07811663576791075
23,1,0.1206896551724138,0.1395939086294416,0.0493023255813953,0.1038961038961039,0.1176470588235294,0.0437405731523378,0.12045668163037217,0.04652144936686655,0.1395939086294416,0.1206896551724138,0.0189042534570278,0.07393523226350562
23,2,0.0818965517241379,0.0786802030456852,0.0297674418604651,0.0779220779220779,0.0823529411764705,0.0361990950226244,0.08021294346709287,0.032983268441544755,0.0823529411764705,0.0818965517241379,0.0004563894523326034,0.04722967502554812
23,3,0.0129310344827586,0.0304568527918781,0.0130232558139534,0.0324675324675324,0.0441176470588235,0.0082956259426847,0.029993266700248152,0.01065944087831905,0.0441176470588235,0.0324675324675324,0.011650114591291096,0.0193338258219291
23,4,0.0086206896551724,0.0101522842639593,0.0093023255813953,0.0194805194805194,0.0264705882352941,0.0030165912518853,0.0161810204087363,0.0061594584166403,0.0264705882352941,0.0194805194805194,0.0069900687547747,0.010021561992095999
23,5,0.1163793103448275,0.1243654822335025,0.041860465116279,0.1233766233766233,0.1617647058823529,0.028657616892911,0.13147153045932655,0.035259041004594996,0.1617647058823529,0.1243654822335025,0.0373992236488504,0.09621248945473156
23,6,0.021551724137931,0.0507614213197969,0.013953488372093,0.0844155844155844,0.0764705882352941,0.0120663650075414,0.058299829527151605,0.013009926689817201,0.0844155844155844,0.0764705882352941,0.007944996180290306,0.0452899028373344
23,7,0.0043103448275862,0.0177664974619289,0.0148837209302325,0.0064935064935064,0.0235294117647058,0.0165912518853695,0.013024940136931824,0.015737486407801,0.0235294117647058,0.0177664974619289,0.005762914302776898,-0.0027125462708691758
23,8,0.0775862068965517,0.0685279187817258,0.0111627906976744,0.0844155844155844,0.0647058823529411,0.0580693815987933,0.07380889811170076,0.03461608614823385,0.0844155844155844,0.0775862068965517,0.006829377519032703,0.039192811963466904
23,9,0.0043103448275862,0.0126903553299492,0.0083720930232558,0.0194805194805194,0.0205882352941176,0.0271493212669683,0.0142673637330431,0.017760707145112048,0.0271493212669683,0.0205882352941176,0.006561085972850697,-0.003493343412068948
23,10,0.0043103448275862,0.0253807106598984,0.027906976744186,0.0324675324675324,0.0411764705882352,0.0135746606334841,0.02583376463581305,0.020740818688835053,0.0411764705882352,0.0324675324675324,0.008708938120702801,0.0050929459469779975
23,11,0.0905172413793103,0.0583756345177665,0.0102325581395348,0.1298701298701298,0.0647058823529411,0.0392156862745098,0.08586722203003692,0.024724122207022303,0.1298701298701298,0.0905172413793103,0.0393528884908195,0.06114309982301462
23,12,0.0344827586206896,0.0304568527918781,0.0093023255813953,0.0324675324675324,0.0352941176470588,0.0467571644042232,0.03317531538178973,0.02802974499280925,0.0467571644042232,0.0352941176470588,0.011463046757164398,0.005145570388980478
23,13,0.1379310344827586,0.1218274111675127,0.0167441860465116,0.1233766233766233,0.1323529411764706,0.0663650075414781,0.1288720025508413,0.041554596793994855,0.1379310344827586,0.1323529411764706,0.005578093306288001,0.08731740575684645
23,14,0.3362068965517241,0.2182741116751269,0.0102325581395348,0.2792207792207792,0.1852941176470588,0.0233785822021116,0.25474897627367227,0.0168055701708232,0.3362068965517241,0.2792207792207792,0.056986117330944885,0.23794340610284906
23,15,0.1077586206896551,0.0837563451776649,0.0465116279069767,0.1103896103896103,0.1029411764705882,0.2564102564102564,0.10121143818187962,0.15146094215861655,0.2564102564102564,0.1103896103896103,0.14602064602064607,-0.05024950397673693
23,16,0.0172413793103448,0.0380710659898477,0.5720930232558139,0.0519480519480519,0.0352941176470588,0.1003016591251885,0.035638653723825804,0.3361973411905012,0.5720930232558139,0.1003016591251885,0.4717913641306254,-0.3005586874666754
23,17,0.0603448275862069,0.0710659898477157,0.0474418604651162,0.0584415584415584,0.0705882352941176,0.0377073906485671,0.06511015279239965,0.04257462555684165,0.0710659898477157,0.0705882352941176,0.0004777545535980948,0.022535527235558003
23,18,0.0948275862068965,0.0482233502538071,0.0111627906976744,0.1103896103896103,0.0647058823529411,0.0060331825037707,0.07953660730081376,0.00859798660072255,0.1103896103896103,0.0948275862068965,0.015562024182713796,0.07093862070009122
23,19,0.0560344827586206,0.0406091370558375,0.0083720930232558,0.0454545454545454,0.0352941176470588,0.088235294117647,0.04434807072901557,0.048303693570451396,0.088235294117647,0.0560344827586206,0.032200811359026395,-0.003955622841435823
23,20,0.0517241379310344,0.1522842639593908,0.0083720930232558,0.0909090909090909,0.1529411764705882,0.0467571644042232,0.11196466731752606,0.0275646287137395,0.1529411764705882,0.1522842639593908,0.0006569125111973995,0.08440003860378656
23,21,0.0,0.0,0.027906976744186,0.0064935064935064,0.0205882352941176,0.0090497737556561,0.006770435446906,0.01847837524992105,0.027906976744186,0.0205882352941176,0.007318741450068399,-0.01170793980301505
23,22,0.0517241379310344,0.0634517766497461,0.0186046511627906,0.0649350649350649,0.0823529411764705,0.0196078431372549,0.06561598017307897,0.01910624715002275,0.0823529411764705,0.0649350649350649,0.017417876241405603,0.04650973302305622
23,23,0.0129310344827586,0.0,0.1255813953488372,0.0064935064935064,0.0235294117647058,0.0965309200603318,0.0107384881852427,0.11105615770458449,0.1255813953488372,0.0965309200603318,0.029050475288505392,-0.10031766951934179
23,24,0.0043103448275862,0.0050761421319796,0.0995348837209302,0.0259740259740259,0.038235294117647,0.030920060331825,0.018398951762809673,0.0652274720263776,0.0995348837209302,0.038235294117647,0.061299589603283196,-0.04682852026356793
23,25,0.1034482758620689,0.1370558375634517,0.1841860465116279,0.1753246753246753,0.2794117647058823,0.1711915535444947,0.17381013836401954,0.1776888000280613,0.2794117647058823,0.1841860465116279,0.0952257181942544,-0.0038786616640417715
23,26,0.0991379310344827,0.0786802030456852,0.0930232558139534,0.1428571428571428,0.1058823529411764,0.0897435897435897,0.10663940746962178,0.09138342277877155,0.1428571428571428,0.1058823529411764,0.036974789915966394,0.015255984690850224
23,27,0.0,0.0050761421319796,0.1562790697674418,0.0259740259740259,0.0617647058823529,0.0369532428355957,0.0232037184970896,0.09661615630151875,0.1562790697674418,0.0617647058823529,0.0945143638850889,-0.07341243780442915
24,0,0.043103448275862,0.0279187817258883,0.2483720930232558,0.0844155844155844,0.0823529411764705,0.035444947209653,0.0594476888984513,0.1419085201164544,0.2483720930232558,0.0844155844155844,0.16395650860767141,-0.08246083121800311
24,1,0.0043103448275862,0.0,0.1051162790697674,0.0259740259740259,0.0588235294117647,0.0301659125188536,0.0222769750533442,0.06764109579431049,0.1051162790697674,0.0588235294117647,0.046292749658002695,-0.04536412074096629
24,2,0.0862068965517241,0.1852791878172588,0.0706976744186046,0.1623376623376623,0.1970588235294117,0.1108597285067873,0.15772064255901425,0.09077870146269595,0.1970588235294117,0.1852791878172588,0.011779635712152903,0.06694194109631829
24,3,0.0043103448275862,0.0,0.1832558139534883,0.0324675324675324,0.0647058823529411,0.0324283559577677,0.025370939912014924,0.107842084955628,0.1832558139534883,0.0647058823529411,0.1185499316005472,-0.08247114504361308
24,4,0.0129310344827586,0.0,0.0706976744186046,0.0259740259740259,0.0676470588235294,0.0369532428355957,0.02663802982007847,0.05382545862710015,0.0706976744186046,0.0676470588235294,0.003050615595075204,-0.027187428807021678
24,5,0.0172413793103448,0.0482233502538071,0.0520930232558139,0.0584415584415584,0.1,0.0610859728506787,0.055976572001427576,0.0565894980532463,0.1,0.0610859728506787,0.0389140271493213,-0.0006129260518187227
24,6,0.0043103448275862,0.0,0.2390697674418604,0.0259740259740259,0.0676470588235294,0.0369532428355957,0.024482857406285374,0.13801150513872806,0.2390697674418604,0.0676470588235294,0.171422708618331,-0.11352864773244269
24,7,0.0,0.0050761421319796,0.0074418604651162,0.0,0.0088235294117647,0.006787330316742,0.003474917885936075,0.0071145953909290995,0.0088235294117647,0.0074418604651162,0.0013816689466485009,-0.0036396775049930244
24,8,0.0,0.0,0.0093023255813953,0.0,0.0088235294117647,0.0075414781297134,0.002205882352941175,0.00842190185555435,0.0093023255813953,0.0088235294117647,0.0004787961696305996,-0.006216019502613175
24,9,0.0,0.015228426395939,0.0093023255813953,0.0129870129870129,0.0235294117647058,0.0075414781297134,0.012936212786914425,0.00842190185555435,0.0235294117647058,0.015228426395939,0.008300985368766799,0.004514310931360075
24,10,0.0,0.0,0.0093023255813953,0.0064935064935064,0.0117647058823529,0.0060331825037707,0.0045645530939648245,0.007667754042583,0.0117647058823529,0.0093023255813953,0.0024623803009575992,-0.0031032009486181757
24,11,0.0258620689655172,0.0685279187817258,0.0176744186046511,0.0259740259740259,0.0529411764705882,0.0429864253393665,0.04332629754796427,0.030330421972008803,0.0685279187817258,0.0529411764705882,0.015586742311137602,0.012995875575955468
24,12,0.0043103448275862,0.0177664974619289,0.0111627906976744,0.0,0.0147058823529411,0.0196078431372549,0.00919568116061405,0.01538531691746465,0.0196078431372549,0.0177664974619289,0.0018413456753260012,-0.0061896357568506
24,13,0.0129310344827586,0.0076142131979695,0.0120930232558139,0.0194805194805194,0.0235294117647058,0.0098039215686274,0.015888794731488326,0.01094847241222065,0.0235294117647058,0.0194805194805194,0.0040488922841863985,0.004940322319267675
24,14,0.0517241379310344,0.0583756345177665,0.0241860465116279,0.0519480519480519,0.0794117647058823,0.0369532428355957,0.06036489727568378,0.0305696446736118,0.0794117647058823,0.0583756345177665,0.021036130188115808,0.029795252602071984
24,15,0.0129310344827586,0.0355329949238578,0.0446511627906976,0.0324675324675324,0.0617647058823529,0.030920060331825,0.03567406693912542,0.0377856115612613,0.0617647058823529,0.0446511627906976,0.017113543091655303,-0.0021115446221358775
24,16,0.0344827586206896,0.0583756345177665,0.0186046511627906,0.0389610389610389,0.0617647058823529,0.0339366515837104,0.04839603449546197,0.0262706513732505,0.0617647058823529,0.0583756345177665,0.003389071364586403,0.02212538312221147
24,17,0.0387931034482758,0.0685279187817258,0.0148837209302325,0.0584415584415584,0.0705882352941176,0.0346907993966817,0.059087703991419396,0.0247872601634571,0.0705882352941176,0.0685279187817258,0.002060316512391802,0.034300443827962296
24,18,0.1767241379310344,0.248730964467005,0.0651162790697674,0.2857142857142857,0.2941176470588235,0.1251885369532428,0.2513217587927872,0.0951524080115051,0.2941176470588235,0.2857142857142857,0.008403361344537785,0.15616935078128208
24,19,0.0258620689655172,0.0406091370558375,0.0204651162790697,0.0324675324675324,0.0676470588235294,0.0248868778280542,0.04164644932810412,0.02267599705356195,0.0676470588235294,0.0406091370558375,0.027037921767691896,0.018970452274542172
24,20,0.0301724137931034,0.0532994923857868,0.0976744186046511,0.0649350649350649,0.1029411764705882,0.0520361990950226,0.06283703689613583,0.07485530884983685,0.1029411764705882,0.0976744186046511,0.005266757865937097,-0.012018271953701018
24,21,0.0474137931034482,0.0482233502538071,0.015813953488372,0.0779220779220779,0.0676470588235294,0.0211161387631975,0.06030157002571565,0.01846504612578475,0.0779220779220779,0.0676470588235294,0.010275019098548513,0.0418365238999309
24,22,0.0258620689655172,0.0583756345177665,0.013953488372093,0.0129870129870129,0.05,0.0233785822021116,0.03680617911757415,0.0186660352871023,0.0583756345177665,0.05,0.008375634517766496,0.018140143830471852
24,23,0.0,0.0203045685279187,0.0102325581395348,0.0129870129870129,0.0294117647058823,0.004524886877828,0.015675836555203475,0.0073787225086814,0.0294117647058823,0.0203045685279187,0.0091071961779636,0.008297114046522076
24,24,0.0991379310344827,0.1548223350253807,0.0213953488372093,0.1233766233766233,0.1823529411764705,0.0369532428355957,0.1399224576532393,0.0291742958364025,0.1823529411764705,0.1548223350253807,0.027530606151089793,0.1107481618168368
24,25,0.0172413793103448,0.0279187817258883,0.0083720930232558,0.0389610389610389,0.0529411764705882,0.0098039215686274,0.034265594116965045,0.0090880072959416,0.0529411764705882,0.0389610389610389,0.013980137509549302,0.025177586821023445
24,26,0.0344827586206896,0.032994923857868,0.0102325581395348,0.0519480519480519,0.0470588235294117,0.0173453996983408,0.0416211394890053,0.0137889789189378,0.0519480519480519,0.0470588235294117,0.004889228418640201,0.027832160570067502
24,27,0.2586206896551724,0.1548223350253807,0.0065116279069767,0.2467532467532467,0.2294117647058823,0.0806938159879336,0.22240200903492052,0.043602721947455146,0.2586206896551724,0.2467532467532467,0.011867442901925679,0.17879928708746537
25,0,0.0258620689655172,0.0761421319796954,0.0120930232558139,0.0324675324675324,0.0735294117647058,0.0271493212669683,0.052000286294362694,0.0196211722613911,0.0761421319796954,0.0735294117647058,0.0026127202149895945,0.0323791140329716
25,1,0.0517241379310344,0.0507614213197969,0.0288372093023255,0.0779220779220779,0.0705882352941176,0.088235294117647,0.0627489681167567,0.05853625170998625,0.088235294117647,0.0779220779220779,0.010313216195569089,0.004212716406770456
25,2,0.0301724137931034,0.0101522842639593,0.0604651162790697,0.0454545454545454,0.0617647058823529,0.0505279034690799,0.036885987348490246,0.0554965098740748,0.0617647058823529,0.0604651162790697,0.001299589603283205,-0.018610522525584552
25,3,0.0086206896551724,0.0101522842639593,0.1516279069767442,0.0324675324675324,0.0617647058823529,0.0392156862745098,0.02825130306725425,0.095421796625627,0.1516279069767442,0.0617647058823529,0.08986320109439129,-0.06717049355837275
25,4,0.5258620689655172,0.2893401015228426,0.2372093023255814,0.6298701298701299,0.4823529411764706,0.229260935143288,0.4818563103837401,0.2332351187344347,0.6298701298701299,0.5258620689655172,0.10400806090461268,0.2486211916493054
25,5,0.0258620689655172,0.0380710659898477,0.0511627906976744,0.0584415584415584,0.0705882352941176,0.0535444947209653,0.04824073217276023,0.052353642709319845,0.0705882352941176,0.0584415584415584,0.012146676852559206,-0.004112910536559614
25,6,0.0301724137931034,0.0228426395939086,0.0446511627906976,0.0259740259740259,0.0735294117647058,0.0542986425339366,0.038129622781435925,0.0494749026623171,0.0735294117647058,0.0542986425339366,0.019230769230769204,-0.011345279880881173
25,7,0.0172413793103448,0.0406091370558375,0.013953488372093,0.0194805194805194,0.038235294117647,0.0135746606334841,0.028891582491087177,0.013764074502788552,0.0406091370558375,0.038235294117647,0.0023738429381904985,0.015127507988298625
25,8,0.0301724137931034,0.0431472081218274,0.0093023255813953,0.0584415584415584,0.0558823529411764,0.0196078431372549,0.0469108833244164,0.014455084359325101,0.0584415584415584,0.0558823529411764,0.0025592055003820016,0.03245579896509129
25,9,0.0301724137931034,0.0253807106598984,0.0130232558139534,0.0324675324675324,0.038235294117647,0.0196078431372549,0.0315639877595453,0.016315549475604152,0.038235294117647,0.0324675324675324,0.005767761650114597,0.015248438283941151
25,10,0.0172413793103448,0.0406091370558375,0.0111627906976744,0.0324675324675324,0.0617647058823529,0.0173453996983408,0.038020688679016895,0.0142540951980076,0.0617647058823529,0.0406091370558375,0.021155568826515404,0.023766593481009297
25,11,0.0172413793103448,0.0507614213197969,0.0083720930232558,0.0194805194805194,0.0352941176470588,0.0211161387631975,0.030694359439429976,0.014744115893226651,0.0507614213197969,0.0352941176470588,0.015467303672738096,0.015950243546203325
25,12,0.0129310344827586,0.0406091370558375,0.0120930232558139,0.0259740259740259,0.0352941176470588,0.0211161387631975,0.028702078789920198,0.016604581009505702,0.0406091370558375,0.0352941176470588,0.005315019408778696,0.012097497780414496
25,13,0.021551724137931,0.0507614213197969,0.0083720930232558,0.0259740259740259,0.0588235294117647,0.0150829562594268,0.039277675210879624,0.011727524641341299,0.0588235294117647,0.0507614213197969,0.0080621080919678,0.027550150569538325
25,14,0.0086206896551724,0.0,0.0623255813953488,0.0194805194805194,0.0676470588235294,0.0324283559577677,0.0239370669898053,0.047376968676558245,0.0676470588235294,0.0623255813953488,0.005321477428180593,-0.023439901686752945
25,15,0.0043103448275862,0.0101522842639593,0.0167441860465116,0.0129870129870129,0.0264705882352941,0.006787330316742,0.013480057578463125,0.011765758181626802,0.0264705882352941,0.0167441860465116,0.009726402188782499,0.0017142993968363232
25,16,0.0,0.0101522842639593,0.0427906976744186,0.0194805194805194,0.0588235294117647,0.0301659125188536,0.02211408328906085,0.0364783050966361,0.0588235294117647,0.0427906976744186,0.016032831737346098,-0.014364221807575246
25,17,0.1077586206896551,0.1218274111675127,0.0046511627906976,0.1168831168831168,0.1411764705882353,0.0965309200603318,0.12191140483212998,0.0505910414255147,0.1411764705882353,0.1218274111675127,0.019349059420722597,0.07132036340661527
25,18,0.0560344827586206,0.0406091370558375,0.0297674418604651,0.0649350649350649,0.0735294117647058,0.0708898944193061,0.058777024128557204,0.050328668139885596,0.0735294117647058,0.0708898944193061,0.002639517345399703,0.008448355988671608
25,19,0.0043103448275862,0.0025380710659898,0.0855813953488372,0.0194805194805194,0.0676470588235294,0.033182503770739,0.023493998549406196,0.0593819495597881,0.0855813953488372,0.0676470588235294,0.017934336525307806,-0.035887951010381905
25,20,0.4655172413793103,0.2106598984771573,0.1516279069767442,0.551948051948052,0.3323529411764706,0.1764705882352941,0.3901195332452475,0.16404924760601913,0.551948051948052,0.4655172413793103,0.08643081056874169,0.22607028563922837
25,21,0.0474137931034482,0.1040609137055837,0.0576744186046511,0.0454545454545454,0.1029411764705882,0.1033182503770739,0.07496760718354137,0.08049633449086249,0.1040609137055837,0.1033182503770739,0.0007426633285097933,-0.005528727307321124
25,22,0.1206896551724138,0.3121827411167512,0.013953488372093,0.1038961038961039,0.2176470588235294,0.0203619909502262,0.18860388975219958,0.0171577396611596,0.3121827411167512,0.2176470588235294,0.09453568229322182,0.17144615009103997
25,23,0.0387931034482758,0.0482233502538071,0.0093023255813953,0.0454545454545454,0.0352941176470588,0.0165912518853695,0.04194127920092178,0.0129467887333824,0.0482233502538071,0.0454545454545454,0.002768804799261698,0.028994490467539377
25,24,0.0301724137931034,0.1192893401015228,0.0111627906976744,0.0129870129870129,0.1470588235294117,0.0128205128205128,0.0773768976027627,0.0119916517590936,0.1470588235294117,0.1192893401015228,0.02776948342788889,0.0653852458436691
25,25,0.043103448275862,0.0482233502538071,0.0074418604651162,0.0714285714285714,0.0647058823529411,0.0241327300150829,0.056865313077795396,0.015787295240099548,0.0714285714285714,0.0647058823529411,0.006722689075630298,0.04107801783769585
25,26,0.1206896551724138,0.2411167512690355,0.0093023255813953,0.0974025974025974,0.2529411764705882,0.0369532428355957,0.1780375450786587,0.0231277842084955,0.2529411764705882,0.2411167512690355,0.011824425201552718,0.1549097608701632
25,27,0.0818965517241379,0.0685279187817258,0.0269767441860465,0.0324675324675324,0.0529411764705882,0.0603318250377073,0.058958294860996074,0.0436542846118769,0.0818965517241379,0.0685279187817258,0.013368632942412098,0.015304010249119177
26,0,0.0172413793103448,0.0406091370558375,0.0093023255813953,0.0259740259740259,0.0294117647058823,0.0075414781297134,0.028309076761522625,0.00842190185555435,0.0406091370558375,0.0294117647058823,0.011197372349955197,0.019887174905968273
26,1,0.0258620689655172,0.0355329949238578,0.0093023255813953,0.0324675324675324,0.0323529411764705,0.0135746606334841,0.03155388438334448,0.0114384931074397,0.0355329949238578,0.0324675324675324,0.003065462456325399,0.020115391275904778
26,2,0.0129310344827586,0.0253807106598984,0.0102325581395348,0.0194805194805194,0.0323529411764705,0.0188536953242835,0.022536301449911724,0.01454312673190915,0.0323529411764705,0.0253807106598984,0.0069722305165721005,0.007993174718002575
26,3,0.0086206896551724,0.0228426395939086,0.0102325581395348,0.0129870129870129,0.0294117647058823,0.0158371040723981,0.01846552673549405,0.01303483110596645,0.0294117647058823,0.0228426395939086,0.0065691251119737,0.005430695629527601
26,4,0.0129310344827586,0.0228426395939086,0.0083720930232558,0.0194805194805194,0.0294117647058823,0.0158371040723981,0.021166489565767225,0.01210459854782695,0.0294117647058823,0.0228426395939086,0.0065691251119737,0.009061891017940275
26,5,0.0,0.0228426395939086,0.0093023255813953,0.0064935064935064,0.0470588235294117,0.0196078431372549,0.019098742404206677,0.014455084359325101,0.0470588235294117,0.0228426395939086,0.0242161839355031,0.004643658044881576
26,6,0.0086206896551724,0.0203045685279187,0.0093023255813953,0.0064935064935064,0.0352941176470588,0.0128205128205128,0.017678220580914075,0.01106141920095405,0.0352941176470588,0.0203045685279187,0.014989549119140102,0.0066168013799600255
26,7,0.0172413793103448,0.032994923857868,0.0065116279069767,0.0259740259740259,0.038235294117647,0.0218702865761689,0.028611405814971423,0.0141909572415728,0.038235294117647,0.032994923857868,0.005240370259778998,0.014420448573398623
26,8,0.0086206896551724,0.0050761421319796,0.0846511627906976,0.0,0.0294117647058823,0.0128205128205128,0.010777149123258575,0.048735837805605205,0.0846511627906976,0.0294117647058823,0.0552393980848153,-0.03795868868234663
26,9,0.0043103448275862,0.0203045685279187,0.0093023255813953,0.0129870129870129,0.0264705882352941,0.0324283559577677,0.016018128644452977,0.0208653407695815,0.0324283559577677,0.0264705882352941,0.0059577677224735975,-0.004847212125128522
26,10,0.0,0.0025380710659898,0.0083720930232558,0.0,0.0088235294117647,0.0030165912518853,0.002840400119438625,0.00569434213757055,0.0088235294117647,0.0083720930232558,0.0004514363885088999,-0.002853942018131925
26,11,0.0043103448275862,0.0,0.0837209302325581,0.0,0.0088235294117647,0.004524886877828,0.003283468559837725,0.04412290855519305,0.0837209302325581,0.0088235294117647,0.0748974008207934,-0.040839439995355324
26,12,0.0,0.0025380710659898,0.0083720930232558,0.0,0.0058823529411764,0.0052790346907993,0.0021051060017915502,0.00682556385702755,0.0083720930232558,0.0058823529411764,0.0024897400820794004,-0.004720457855236
26,13,0.0043103448275862,0.0076142131979695,0.0102325581395348,0.0129870129870129,0.0117647058823529,0.0218702865761689,0.009169069223730375,0.016051422357851848,0.0218702865761689,0.0129870129870129,0.008883273589156,-0.006882353134121473
26,14,0.0172413793103448,0.0888324873096446,0.0074418604651162,0.0259740259740259,0.0764705882352941,0.0377073906485671,0.05212962020732735,0.02257462555684165,0.0888324873096446,0.0764705882352941,0.012361899074350507,0.0295549946504857
26,15,0.0129310344827586,0.0101522842639593,0.0074418604651162,0.0194805194805194,0.0323529411764705,0.0211161387631975,0.01872919485092695,0.014278999614156851,0.0323529411764705,0.0211161387631975,0.011236802413273,0.004450195236770101
26,16,0.021551724137931,0.0203045685279187,0.0083720930232558,0.0129870129870129,0.0529411764705882,0.0218702865761689,0.026946120530862698,0.01512118979971235,0.0529411764705882,0.0218702865761689,0.0310708898944193,0.011824930731150348
26,17,0.0086206896551724,0.0126903553299492,0.0083720930232558,0.0129870129870129,0.0176470588235294,0.0120663650075414,0.012986279198915974,0.0102192290153986,0.0176470588235294,0.0129870129870129,0.004660045836516502,0.0027670501835173732
26,18,0.0043103448275862,0.0304568527918781,0.0083720930232558,0.0259740259740259,0.0294117647058823,0.0165912518853695,0.022538247074843126,0.012481672454312651,0.0304568527918781,0.0294117647058823,0.0010450880859958003,0.010056574620530475
26,19,0.0086206896551724,0.0203045685279187,0.0093023255813953,0.0259740259740259,0.0323529411764705,0.0105580693815987,0.021813056333396877,0.009930197481497,0.0323529411764705,0.0259740259740259,0.006378915202444602,0.011882858851899877
26,20,0.0129310344827586,0.0279187817258883,0.0093023255813953,0.0,0.0235294117647058,0.0082956259426847,0.016094806993338175,0.008798975762040001,0.0279187817258883,0.0235294117647058,0.004389369961182502,0.007295831231298174
26,21,0.0172413793103448,0.0634517766497461,0.015813953488372,0.0389610389610389,0.0588235294117647,0.0143288084464555,0.044619431083223624,0.01507138096741375,0.0634517766497461,0.0588235294117647,0.004628247237981407,0.029548050115809875
26,22,0.771551724137931,0.266497461928934,0.1869767441860465,0.7662337662337663,0.3823529411764705,0.2699849170437405,0.5466589733692755,0.2284808306148935,0.771551724137931,0.7662337662337663,0.005317957904164783,0.318178142754382
26,23,0.0646551724137931,0.065989847715736,0.0195348837209302,0.0584415584415584,0.0735294117647058,0.0414781297134238,0.06565399758394833,0.030506506717177,0.0735294117647058,0.065989847715736,0.007539564048969799,0.035147490866771325
26,24,0.0387931034482758,0.065989847715736,0.0213953488372093,0.0324675324675324,0.0676470588235294,0.0294117647058823,0.0512243856137684,0.0254035567715458,0.0676470588235294,0.065989847715736,0.001657211107793391,0.0258208288422226
26,25,0.0086206896551724,0.0304568527918781,0.0148837209302325,0.0194805194805194,0.0441176470588235,0.0075414781297134,0.02566892724659835,0.01121259952997295,0.0441176470588235,0.0304568527918781,0.013660794266945397,0.014456327716625401
26,26,0.1508620689655172,0.0888324873096446,0.1302325581395348,0.1753246753246753,0.1735294117647058,0.116892911010558,0.14713716084113573,0.1235627345750464,0.1753246753246753,0.1735294117647058,0.0017952635599695066,0.023574426266089327
26,27,0.0043103448275862,0.0279187817258883,0.0465116279069767,0.0064935064935064,0.038235294117647,0.0060331825037707,0.019239481791156976,0.026272405205373703,0.0465116279069767,0.038235294117647,0.008276333789329703,-0.007032923414216727
27,0,0.0991379310344827,0.0939086294416243,0.0093023255813953,0.0649350649350649,0.138235294117647,0.0641025641025641,0.09905422988220473,0.036702444841979695,0.138235294117647,0.0991379310344827,0.039097363083164305,0.06235178504022504
27,1,0.0043103448275862,0.0355329949238578,0.0093023255813953,0.0129870129870129,0.0411764705882352,0.0090497737556561,0.023501705831673027,0.0091760496685257,0.0411764705882352,0.0355329949238578,0.005643475664377402,0.014325656163147326
27,2,0.0344827586206896,0.0406091370558375,0.0074418604651162,0.0259740259740259,0.0588235294117647,0.0279034690799396,0.039972362765579424,0.0176726647725279,0.0588235294117647,0.0406091370558375,0.0182143923559272,0.022299697993051523
27,3,0.0043103448275862,0.0177664974619289,0.0083720930232558,0.0194805194805194,0.0117647058823529,0.0113122171945701,0.013330516913096849,0.00984215510891295,0.0194805194805194,0.0177664974619289,0.0017140220185904997,0.003488361804183899
27,4,0.0129310344827586,0.0177664974619289,0.0083720930232558,0.0194805194805194,0.0235294117647058,0.0098039215686274,0.018426865797478174,0.0090880072959416,0.0235294117647058,0.0194805194805194,0.0040488922841863985,0.009338858501536575
27,5,0.0086206896551724,0.0456852791878172,0.0083720930232558,0.0064935064935064,0.0617647058823529,0.0098039215686274,0.030641045304712226,0.0090880072959416,0.0617647058823529,0.0456852791878172,0.0160794266945357,0.021553038008770627
27,6,0.0129310344827586,0.0177664974619289,0.0074418604651162,0.0259740259740259,0.0205882352941176,0.0248868778280542,0.01931494830320775,0.0161643691465852,0.0259740259740259,0.0248868778280542,0.0010871481459716996,0.003150579156622549
27,7,0.1767241379310344,0.266497461928934,0.0241860465116279,0.3961038961038961,0.3794117647058823,0.2624434389140271,0.3046843151674367,0.14331474271282751,0.3961038961038961,0.3794117647058823,0.016692131398013843,0.1613695724546092
27,8,0.1551724137931034,0.1116751269035533,0.2716279069767441,0.2857142857142857,0.2852941176470588,0.141025641025641,0.2094639860145003,0.20632677400119254,0.2857142857142857,0.2852941176470588,0.00042016806722688926,0.003137212013307772
27,9,0.2887931034482758,0.3527918781725888,0.1451162790697674,0.4025974025974026,0.4911764705882352,0.1583710407239819,0.3838397137016256,0.15174365989687466,0.4911764705882352,0.4025974025974026,0.0885790679908326,0.23209605380475096
27,10,0.3362068965517241,0.1421319796954314,0.1841860465116279,0.3896103896103896,0.3617647058823529,0.1749622926093514,0.3074284929349745,0.17957416956048966,0.3896103896103896,0.3617647058823529,0.027845683728036696,0.12785432337448482
27,11,0.2672413793103448,0.0736040609137055,0.2986046511627907,0.3051948051948052,0.2647058823529412,0.1470588235294117,0.22768653194294913,0.2228317373461012,0.3051948051948052,0.2986046511627907,0.006590154032014461,0.004854794596847928
27,12,0.3620689655172414,0.233502538071066,0.1832558139534883,0.474025974025974,0.3764705882352941,0.2119155354449472,0.36151701646239387,0.19758567469921776,0.474025974025974,0.3764705882352941,0.0975553857906799,0.1639313417631761
27,13,0.2887931034482758,0.1421319796954314,0.2027906976744186,0.3116883116883117,0.3470588235294117,0.1749622926093514,0.2724180545903576,0.18887649514188498,0.3470588235294117,0.3116883116883117,0.035370511841100016,0.08354155944847264
27,14,0.0043103448275862,0.0126903553299492,0.0074418604651162,0.0129870129870129,0.0294117647058823,0.0075414781297134,0.014849869462607652,0.0074916692974148,0.0294117647058823,0.0129870129870129,0.016424751718869403,0.007358200165192852
27,15,0.0086206896551724,0.0380710659898477,0.0093023255813953,0.0064935064935064,0.038235294117647,0.0082956259426847,0.02285513906404337,0.008798975762040001,0.038235294117647,0.0380710659898477,0.0001642281277993013,0.01405616330200337
27,16,0.021551724137931,0.0380710659898477,0.0093023255813953,0.0324675324675324,0.0735294117647058,0.0196078431372549,0.04140493359000423,0.014455084359325101,0.0735294117647058,0.0380710659898477,0.035458345774858104,0.02694984923067913
27,17,0.0129310344827586,0.0456852791878172,0.0074418604651162,0.0324675324675324,0.0470588235294117,0.0082956259426847,0.034535667416879974,0.00786874320390045,0.0470588235294117,0.0456852791878172,0.0013735443415945,0.026666924212979524
27,18,0.0129310344827586,0.0076142131979695,0.0065116279069767,0.0129870129870129,0.0264705882352941,0.0090497737556561,0.015000712225758776,0.007780700831316401,0.0264705882352941,0.0129870129870129,0.0134835752482812,0.007220011394442375
27,19,0.0086206896551724,0.0355329949238578,0.0074418604651162,0.0389610389610389,0.0264705882352941,0.0226244343891402,0.027396327943840802,0.015033147427128201,0.0389610389610389,0.0355329949238578,0.0034280440371810966,0.012363180516712601
27,20,0.0172413793103448,0.0126903553299492,0.0083720930232558,0.0129870129870129,0.0205882352941176,0.0128205128205128,0.015876745730356127,0.0105963029218843,0.0205882352941176,0.0172413793103448,0.003346855983772802,0.0052804428084718275
27,21,0.0,0.0228426395939086,0.0074418604651162,0.0129870129870129,0.0294117647058823,0.0113122171945701,0.01631035432170095,0.00937703882984315,0.0294117647058823,0.0228426395939086,0.0065691251119737,0.0069333154918578
27,22,0.0,0.015228426395939,0.0074418604651162,0.0129870129870129,0.0294117647058823,0.0105580693815987,0.014406801022208551,0.00899996492335745,0.0294117647058823,0.015228426395939,0.0141833383099433,0.005406836098851101
27,23,0.0043103448275862,0.0228426395939086,0.0074418604651162,0.0064935064935064,0.0294117647058823,0.0158371040723981,0.015764563905220876,0.01163948226875715,0.0294117647058823,0.0228426395939086,0.0065691251119737,0.004125081636463726
27,24,0.0172413793103448,0.0228426395939086,0.0083720930232558,0.0389610389610389,0.038235294117647,0.0090497737556561,0.029320087995734823,0.00871093338945595,0.0389610389610389,0.038235294117647,0.0007257448433918984,0.020609154606278872
27,25,0.0517241379310344,0.0888324873096446,0.0093023255813953,0.0389610389610389,0.0705882352941176,0.0791855203619909,0.06252647487395888,0.044243922971693106,0.0888324873096446,0.0791855203619909,0.009646966947653698,0.01828255190226577
27,26,0.0689655172413793,0.1472081218274111,0.0074418604651162,0.0909090909090909,0.1205882352941176,0.0392156862745098,0.10691774131799972,0.023328773369813,0.1472081218274111,0.1205882352941176,0.026619886533293516,0.08358896794818672
27,27,0.0,0.0076142131979695,0.0083720930232558,0.0064935064935064,0.0147058823529411,0.0060331825037707,0.00720340051110425,0.0072026377635132505,0.0147058823529411,0.0083720930232558,0.006333789329685299,7.627475909991605e-07
