treebank,timestep,normalized_progress,layer,head,entropy_mean,entropy_normalized,entropy_no_bos,bos_sink_mass,n_seeds
UD_English-EWT,0,0.0,0,0,1.7541572958882388,0.5678379898432826,2.856534252889821,0.6253918251175372,3
UD_English-EWT,0,0.0,0,1,2.7430677145230966,0.9290533570643983,2.85380942834531,0.20175917369003096,3
UD_English-EWT,0,0.0,0,2,2.90846633878562,0.9932599075016428,2.8580060666376124,0.10196903265778566,3
UD_English-EWT,0,0.0,0,3,2.710458135507146,0.9186071461178565,2.853423140413774,0.2648427457920189,3
UD_English-EWT,0,0.0,0,4,2.7064753308322262,0.9172875164636497,2.828632059970188,0.0679676399522975,3
UD_English-EWT,0,0.0,0,5,2.8849360172540113,0.9836080857639105,2.8587232709256676,0.0567118178511069,3
UD_English-EWT,0,0.0,0,6,2.782008113594003,0.9465467687187298,2.8102999409365523,0.18070959153742902,3
UD_English-EWT,0,0.0,0,7,2.1970567608791622,0.7313815003535785,2.8310994572652493,0.4806118134327762,3
UD_English-EWT,0,0.0,0,8,2.794550548160011,0.9502507940830429,2.855286946225036,0.21031417086964752,3
UD_English-EWT,0,0.0,0,9,1.796894882057534,0.5839775129745567,2.7987426796246098,0.6108191931833986,3
UD_English-EWT,0,0.0,0,10,2.5441167304098933,0.8565672569261874,2.8555373630888474,0.3368257354497095,3
UD_English-EWT,0,0.0,0,11,2.8624742223265387,0.9776110140189447,2.8292247900545924,0.013246578488834813,3
UD_English-EWT,0,0.0,0,12,2.8031135365936923,0.9533823556750199,2.846075641978634,0.14138232679691554,3
UD_English-EWT,0,0.0,0,13,2.796419286337055,0.9525202555897457,2.8496296620759813,0.20424241264213305,3
UD_English-EWT,0,0.0,0,14,2.3147144892502354,0.774917547494336,2.854745566682086,0.44532020345248813,3
UD_English-EWT,0,0.0,0,15,2.5512164598279963,0.8751949566960985,2.489590041950101,0.033050707797774324,3
UD_English-EWT,0,0.0,0,16,2.2972839995811545,0.7727485445679211,2.8557859724336634,0.4504713431774267,3
UD_English-EWT,0,0.0,0,17,2.8030612242352118,0.9521155092722732,2.8556634716974583,0.1864898094876868,3
UD_English-EWT,0,0.0,0,18,2.128588726937445,0.7079464923488638,2.8249679707764277,0.5039592273533344,3
UD_English-EWT,0,0.0,0,19,2.3669214815389914,0.7947320255751166,2.83136081939838,0.4164407253977868,3
UD_English-EWT,0,0.0,0,20,2.68155046304067,0.9078466969598186,2.8532961183558396,0.27105715476444675,3
UD_English-EWT,0,0.0,0,21,2.8866500359415355,0.9851716142045995,2.8512674042435946,0.11784379453718906,3
UD_English-EWT,0,0.0,0,22,2.5092405860867006,0.848435247774984,2.686177926148222,0.2888899707627264,3
UD_English-EWT,0,0.0,0,23,2.645902887231014,0.8961132468421602,2.7826946411953597,0.2500699103346776,3
UD_English-EWT,0,0.0,0,24,2.8335218507735456,0.9676151703127095,2.784823871375433,0.10856988473892049,3
UD_English-EWT,0,0.0,0,25,2.775600143143388,0.9477077206301558,2.748213893240267,0.13826858248851706,3
UD_English-EWT,0,0.0,0,26,2.369309074403158,0.7970786136193354,2.8335164796784924,0.40723352465025386,3
UD_English-EWT,0,0.0,0,27,2.695188651970827,0.9106620059964435,2.7880356780818247,0.22808968880381741,3
UD_English-EWT,0,0.0,0,28,2.0259000761587114,0.6687902333876474,2.8564949165927906,0.53668184993697,3
UD_English-EWT,0,0.0,0,29,0.2240794456355233,0.06893179831324053,2.8464714353853235,0.969109358764737,3
UD_English-EWT,0,0.0,0,30,2.8744937731920044,0.9825823047284872,2.838311102872338,0.09982175657352627,3
UD_English-EWT,0,0.0,0,31,2.7442358711052464,0.9307409999637656,2.850368601865456,0.15150332380126896,3
UD_English-EWT,0,0.0,1,0,2.4307678257181347,0.8423815798726889,2.4462781655983847,0.11958593316885129,3
UD_English-EWT,0,0.0,1,1,2.1914574174933095,0.7622747919598564,2.676879033527739,0.42879828765906924,3
UD_English-EWT,0,0.0,1,2,2.6424087750130014,0.9040254483946034,2.7267163894215565,0.23202211219471336,3
UD_English-EWT,0,0.0,1,3,2.437154595806299,0.8516847464800531,2.7935548302580098,0.33969707799250964,3
UD_English-EWT,0,0.0,1,4,1.185914668066254,0.4364841782533732,2.8201914976854794,0.7349439462840232,3
UD_English-EWT,0,0.0,1,5,1.7591318975055152,0.6137189457162482,2.8478911795902775,0.6067902369251668,3
UD_English-EWT,0,0.0,1,6,2.41545157272959,0.8386593018073202,2.397187838463184,0.10822230278733162,3
UD_English-EWT,0,0.0,1,7,1.5349223179732518,0.5408244965994944,2.509666178721548,0.6259521926687064,3
UD_English-EWT,0,0.0,1,8,1.1706856878403107,0.4039546493339083,2.7307280233648954,0.7693124231093568,3
UD_English-EWT,0,0.0,1,9,1.5830231136311597,0.5619637466397116,2.5819804005609837,0.6151000021096787,3
UD_English-EWT,0,0.0,1,10,2.3748040673185566,0.8186118189102966,2.441930097634675,0.18773100475775575,3
UD_English-EWT,0,0.0,1,11,0.4480973169248286,0.16798227823904302,2.823342307343509,0.9207252603573878,3
UD_English-EWT,0,0.0,1,12,1.8974154493847832,0.6650592889127835,2.817749306152427,0.5547611071763794,3
UD_English-EWT,0,0.0,1,13,2.017639230020711,0.7193934900350257,2.661938586684524,0.4661511723461047,3
UD_English-EWT,0,0.0,1,14,2.389781552748602,0.8374227294342114,2.628849939896109,0.3063185941122594,3
UD_English-EWT,0,0.0,1,15,2.054097974398097,0.711617219154952,2.0045152801633535,0.12719241009587473,3
UD_English-EWT,0,0.0,1,16,2.1383639399796888,0.7462584103147188,2.223361226704603,0.2761153210504133,3
UD_English-EWT,0,0.0,1,17,0.7828285546332109,0.30218861822059245,2.790422543313334,0.8262890403062269,3
UD_English-EWT,0,0.0,1,18,1.820225280165021,0.6275988161726728,2.3432050304986087,0.5011224406745916,3
UD_English-EWT,0,0.0,1,19,2.297195497594896,0.7969480461435893,2.27079351498781,0.1424416552292682,3
UD_English-EWT,0,0.0,1,20,1.9205547199874629,0.6749922813532131,2.843804064669895,0.5502002972885559,3
UD_English-EWT,0,0.0,1,21,0.4436431751469445,0.1709289659537334,2.8474776262794035,0.9053183118176591,3
UD_English-EWT,0,0.0,1,22,1.420880497641902,0.5067491545621815,1.3970938820005114,0.02655760304432342,3
UD_English-EWT,0,0.0,1,23,2.406196074407609,0.819438175832639,2.6597251838347953,0.3078588887112714,3
UD_English-EWT,0,0.0,1,24,1.8541761729560917,0.6509567203580356,1.7362217851023856,0.10024116291089462,3
UD_English-EWT,0,0.0,1,25,1.9237003420871464,0.6758904386250699,2.009124814161186,0.06928316860388496,3
UD_English-EWT,0,0.0,1,26,0.9805872784367676,0.3576094866145015,2.8254186325385917,0.7916243741583955,3
UD_English-EWT,0,0.0,1,27,1.2323364573098272,0.44384340335274003,1.1945286758773315,0.055727148259979736,3
UD_English-EWT,0,0.0,1,28,1.8346802308911183,0.6418653827954511,1.787891074282224,0.06767160436291186,3
UD_English-EWT,0,0.0,1,29,1.6669915175177359,0.5933494393209942,2.7563648396502427,0.6136196468208657,3
UD_English-EWT,0,0.0,1,30,1.6734045393805685,0.589477571104068,2.8544363122168783,0.6251119266930825,3
UD_English-EWT,0,0.0,1,31,1.2713951112224104,0.4727461250712637,2.7210398342440043,0.7027046502532204,3
UD_English-EWT,0,0.0,2,0,0.8860489318320335,0.3707739090460449,1.5458042325217864,0.6741775339316639,3
UD_English-EWT,0,0.0,2,1,0.8266966994241124,0.3510125211040525,2.4924578611316575,0.6881398915979867,3
UD_English-EWT,0,0.0,2,2,1.5164002797316984,0.5689615102413573,1.2268215128795696,0.2642214972159413,3
UD_English-EWT,0,0.0,2,3,0.8410451886361171,0.35649301169206044,2.4135598144570336,0.6785407604374848,3
UD_English-EWT,0,0.0,2,4,1.0830904702589812,0.4269590168336375,2.0394583373773294,0.6412202957305101,3
UD_English-EWT,0,0.0,2,5,1.1269305890293722,0.44408932871750145,1.5431930986258502,0.6124912299561859,3
UD_English-EWT,0,0.0,2,6,1.1839265447171008,0.4612092604361922,1.8361989611484966,0.6040211156662044,3
UD_English-EWT,0,0.0,2,7,0.9260994843283638,0.3799900838932216,2.0222858978750926,0.6779648965947289,3
UD_English-EWT,0,0.0,2,8,0.8963166268064025,0.37386839025618274,1.808438832479748,0.6736281773207781,3
UD_English-EWT,0,0.0,2,9,0.8147602378100646,0.34607535167571796,2.0629621884210514,0.6982240171217527,3
UD_English-EWT,0,0.0,2,10,0.8223639106062429,0.34891787730284607,2.014469330753785,0.6932365935845454,3
UD_English-EWT,0,0.0,2,11,0.9017956715708223,0.3748916349032782,1.8361916064890356,0.6744414668306301,3
UD_English-EWT,0,0.0,2,12,0.8531627155270408,0.3597787417741136,1.7927170763901674,0.6829056337862557,3
UD_English-EWT,0,0.0,2,13,0.8977977520801493,0.3750306622537433,1.6774365351499754,0.6709856876156858,3
UD_English-EWT,0,0.0,2,14,0.8266623339671743,0.3495874204596536,2.175976377530176,0.6961906477401817,3
UD_English-EWT,0,0.0,2,15,0.8068877275056038,0.34324279672064173,2.280372720761377,0.702854639723327,3
UD_English-EWT,0,0.0,2,16,1.011252640171455,0.40964890409851334,1.7366536090282796,0.6493136897540647,3
UD_English-EWT,0,0.0,2,17,0.9334532662696852,0.3874767473873382,1.647362378125634,0.6580106319218385,3
UD_English-EWT,0,0.0,2,18,0.8607145456973809,0.36265472225753254,1.604399663828761,0.6790385350808908,3
UD_English-EWT,0,0.0,2,19,0.8421126730088654,0.35540526819573154,1.7499168862084875,0.6881253480544833,3
UD_English-EWT,0,0.0,2,20,0.8725477178972927,0.3664414448348062,2.0751158367089233,0.6778965500778839,3
UD_English-EWT,0,0.0,2,21,0.7814282159896089,0.3337234866810464,2.4674997513737185,0.7094473470755615,3
UD_English-EWT,0,0.0,2,22,0.7994074018957104,0.3405059091568685,2.4195834067675586,0.7034984554260806,3
UD_English-EWT,0,0.0,2,23,0.7874571070217532,0.3360256612125296,2.4734649962740516,0.7085126136210772,3
UD_English-EWT,0,0.0,2,24,0.9096469076482651,0.3772979032736821,1.5469371251395492,0.6717219618785251,3
UD_English-EWT,0,0.0,2,25,0.7788602908961272,0.33346714015001727,2.5350109084707793,0.7127611529428125,3
UD_English-EWT,0,0.0,2,26,0.8198083106509811,0.3482548012309123,2.490584237653701,0.6899933638407396,3
UD_English-EWT,0,0.0,2,27,0.8708738186320321,0.3630073377659005,2.481652153971417,0.6962904651837597,3
UD_English-EWT,0,0.0,2,28,0.8490812727173821,0.35753188930869184,2.1711128613010784,0.6893979932888935,3
UD_English-EWT,0,0.0,2,29,1.1406547380356842,0.44833308368758423,2.220601859965611,0.6264606748753395,3
UD_English-EWT,0,0.0,2,30,1.2081305101676716,0.4671309649170748,1.4701774102416847,0.5799807419929185,3
UD_English-EWT,0,0.0,2,31,1.0197282991285532,0.4120068728333451,1.6486334934260676,0.6452363132005506,3
UD_English-EWT,0,0.0,3,0,0.9093163499170965,0.37237436299420934,2.419280839910924,0.7112186779293532,3
UD_English-EWT,0,0.0,3,1,0.6964221224494156,0.300240873091961,2.632949917857113,0.7617558103685823,3
UD_English-EWT,0,0.0,3,2,0.9088668672194897,0.3719645648726512,1.5023758173640307,0.7001214550777538,3
UD_English-EWT,0,0.0,3,3,0.7160855794294937,0.30479173898656187,2.1379471702979562,0.7720784734262794,3
UD_English-EWT,0,0.0,3,4,0.6937732596784993,0.29875279867085197,2.083522957693684,0.7715176074394111,3
UD_English-EWT,0,0.0,3,5,0.7611639314417631,0.3220533974407638,1.8745944780078743,0.7501505084050809,3
UD_English-EWT,0,0.0,3,6,0.9744865777469723,0.3859540900531037,1.3031611544349806,0.6930578408834062,3
UD_English-EWT,0,0.0,3,7,0.7371041549094878,0.3150185907267217,2.1927287549269003,0.7457455322146416,3
UD_English-EWT,0,0.0,3,8,0.6354698155818334,0.27678582082436387,2.620816607292884,0.7918640997036884,3
UD_English-EWT,0,0.0,3,9,0.5624909398242668,0.2498165049610527,2.5014228579776536,0.8220467262499319,3
UD_English-EWT,0,0.0,3,10,0.8592018951035914,0.3564035720319126,1.4099264149783088,0.712763809115509,3
UD_English-EWT,0,0.0,3,11,0.760282974140566,0.3218247545425032,1.8655933591186022,0.7491541933777229,3
UD_English-EWT,0,0.0,3,12,0.7469355434566086,0.3179113919963765,1.9094491221539964,0.7520428011244763,3
UD_English-EWT,0,0.0,3,13,0.9070182934077712,0.36894986827353965,1.676211714093151,0.7118985129347264,3
UD_English-EWT,0,0.0,3,14,0.7445498214413723,0.3178899210312816,1.6712940294560188,0.7477608411242076,3
UD_English-EWT,0,0.0,3,15,0.9078101394443564,0.3703413413369347,1.5931556798069855,0.7042821486343126,3
UD_English-EWT,0,0.0,3,16,0.8614873647526965,0.35418653314108733,1.7474127094276615,0.7265120464392373,3
UD_English-EWT,0,0.0,3,17,0.5056209745257075,0.2279636320070226,2.546123896303073,0.8388953638044211,3
UD_English-EWT,0,0.0,3,18,0.7579805657593278,0.3209241728954872,2.263535772679282,0.749660522906018,3
UD_English-EWT,0,0.0,3,19,1.204356338645591,0.46407946592064503,1.2484190198567395,0.5820460989664161,3
UD_English-EWT,0,0.0,3,20,0.7681729648811896,0.3243851324599338,1.6161819691540764,0.7467872298683952,3
UD_English-EWT,0,0.0,3,21,0.6526513789816062,0.282427927683988,2.5321349390868932,0.7910738090674082,3
UD_English-EWT,0,0.0,3,22,0.8866065170595555,0.3609600904107582,1.649297810643097,0.7205814501586182,3
UD_English-EWT,0,0.0,3,23,0.754184165104328,0.32052573987379507,1.8605789081320736,0.7466254355843928,3
UD_English-EWT,0,0.0,3,24,0.7681075953903909,0.3259609358746538,1.7432489768077766,0.7418709252782859,3
UD_English-EWT,0,0.0,3,25,0.5449022642321518,0.24226130925047676,2.4922895128609706,0.8297912984109316,3
UD_English-EWT,0,0.0,3,26,0.7509796349891548,0.3196076774547294,2.1965045130969396,0.7376062866564984,3
UD_English-EWT,0,0.0,3,27,0.5962602197258768,0.26179245731136835,2.4769805559043676,0.8115931232281722,3
UD_English-EWT,0,0.0,3,28,0.6211165233001195,0.2704381812363863,2.538601737530505,0.8018351923979696,3
UD_English-EWT,0,0.0,3,29,0.6844265324781175,0.29405367637531515,2.54728645184001,0.7818740381976296,3
UD_English-EWT,0,0.0,3,30,0.838741608961521,0.3427632713354513,2.2299524702009608,0.7452970637731213,3
UD_English-EWT,0,0.0,3,31,0.6462219857554781,0.2802635537781066,2.2401962417070984,0.7779021256608388,3
UD_English-EWT,0,0.0,4,0,1.2700435480133432,0.4833396158990313,1.2666526948167978,0.5490642003918607,3
UD_English-EWT,0,0.0,4,1,0.5663371455876024,0.251661998564581,2.542814572652181,0.8193013398129431,3
UD_English-EWT,0,0.0,4,2,0.9311694705176875,0.3744853157346529,2.3792304824935933,0.6702304144130379,3
UD_English-EWT,0,0.0,4,3,1.2682857168991057,0.48346035274081545,1.2235055337838137,0.5483103113991966,3
UD_English-EWT,0,0.0,4,4,1.6501067810045564,0.6015040639563988,1.9238605482982158,0.4710540662372047,3
UD_English-EWT,0,0.0,4,5,0.5263383390224167,0.23758055853862267,2.583124003205143,0.8272834796397412,3
UD_English-EWT,0,0.0,4,6,0.7144892813912668,0.30723256607097194,1.8186793942920498,0.7567460510900111,3
UD_English-EWT,0,0.0,4,7,1.099213061844065,0.43299073536620764,2.330805999985158,0.6584507651382783,3
UD_English-EWT,0,0.0,4,8,0.7609484762950837,0.3235338305866173,2.244104088981295,0.7413182861370141,3
UD_English-EWT,0,0.0,4,9,1.2242848825910704,0.4611682205211595,1.9107734121260096,0.6395855575514947,3
UD_English-EWT,0,0.0,4,10,0.7300206423111137,0.3110225929247592,1.696449252751356,0.7619215998330403,3
UD_English-EWT,0,0.0,4,11,0.7574843118791698,0.3211540352283402,1.804033108096305,0.7515715977655408,3
UD_English-EWT,0,0.0,4,12,0.8513358710079245,0.35079869027427635,2.5989308880000817,0.7369752541754414,3
UD_English-EWT,0,0.0,4,13,0.7156475451596774,0.30757469566325185,2.5398792839441144,0.7500513923339179,3
UD_English-EWT,0,0.0,4,14,0.6580915975338612,0.28504071289754873,2.6143454744841885,0.788347266349799,3
UD_English-EWT,0,0.0,4,15,0.6664500149231547,0.2892475772453116,1.7903194582201742,0.7799505329604357,3
UD_English-EWT,0,0.0,4,16,0.63494334154116,0.2762371108147107,2.3837610400113904,0.7967790805332647,3
UD_English-EWT,0,0.0,4,17,0.5674985945275653,0.2512499384742352,2.496914300517958,0.8207314217595455,3
UD_English-EWT,0,0.0,4,18,0.7862414150941567,0.3305193750096149,1.8391510323097144,0.7424521142504906,3
UD_English-EWT,0,0.0,4,19,0.8047388159552883,0.3356507808489145,2.004039209885675,0.7408090301998,3
UD_English-EWT,0,0.0,4,20,0.5637661464654845,0.2506586429103191,2.527639136044054,0.8187603532779412,3
UD_English-EWT,0,0.0,4,21,0.49793317142359994,0.2244757217561185,2.5357125452795968,0.8461059193874969,3
UD_English-EWT,0,0.0,4,22,0.8377548668716774,0.3453492056171263,1.9368603350034828,0.734354134771179,3
UD_English-EWT,0,0.0,4,23,0.6157822143032007,0.2708747617829123,2.5075659299157356,0.7987533048446712,3
UD_English-EWT,0,0.0,4,24,0.6929138659657351,0.2983587116226961,1.8332977824198091,0.7715001160614804,3
UD_English-EWT,0,0.0,4,25,0.7329014094923038,0.3124505854059072,1.8368896965772077,0.7578932582884214,3
UD_English-EWT,0,0.0,4,26,1.2764170571265976,0.4821731721768614,2.0438535011531225,0.619627616363145,3
UD_English-EWT,0,0.0,4,27,0.7355376098284631,0.31349277663517927,1.7765200263489789,0.7566785724640218,3
UD_English-EWT,0,0.0,4,28,0.7464169217222701,0.3171565228375947,1.7833869043595152,0.753708747790648,3
UD_English-EWT,0,0.0,4,29,0.575498563372352,0.2555278918147342,2.461593606921493,0.8149382770061493,3
UD_English-EWT,0,0.0,4,30,0.649507745479544,0.2826317307218665,2.1913738535727307,0.7895895389666974,3
UD_English-EWT,0,0.0,4,31,0.6840844829846683,0.2950298757091307,2.17724776447145,0.773370941642855,3
UD_English-EWT,0,0.0,5,0,1.6017725513281065,0.5844284348556252,1.9834075949556838,0.4988403382807807,3
UD_English-EWT,0,0.0,5,1,0.7024780019018494,0.29790924236565175,2.5241985448071214,0.7745860453511848,3
UD_English-EWT,0,0.0,5,2,0.8638951259314037,0.3411865593875692,2.238687428783198,0.757567336569067,3
UD_English-EWT,0,0.0,5,3,0.7669250174257599,0.3226115801804216,2.501233713385837,0.7464409326635749,3
UD_English-EWT,0,0.0,5,4,0.7313683137623338,0.3027782451890694,2.37856287154995,0.7807649609739663,3
UD_English-EWT,0,0.0,5,5,0.5911175401911872,0.2587735485043784,2.55754053364686,0.8048103310249216,3
UD_English-EWT,0,0.0,5,6,0.5273051538346895,0.23362007674562638,2.5023875362723254,0.8307967771435044,3
UD_English-EWT,0,0.0,5,7,1.3473883653110494,0.4986719952824989,1.9220249389038713,0.5992322283405098,3
UD_English-EWT,0,0.0,5,8,0.8535480936124026,0.34615167620199944,2.0822912420405717,0.7482578593402938,3
UD_English-EWT,0,0.0,5,9,0.9758076868910607,0.39019110596285816,1.8884308751815004,0.6998703317930465,3
UD_English-EWT,0,0.0,5,10,0.9621320208483707,0.3854386442508854,2.1356762160694664,0.6968970552412538,3
UD_English-EWT,0,0.0,5,11,0.7648156462389913,0.31377282552421093,2.2615855199391723,0.777495877420316,3
UD_English-EWT,0,0.0,5,12,0.4178553187273077,0.19286954672587273,2.5168315107053747,0.8693006007316334,3
UD_English-EWT,0,0.0,5,13,1.0691118075466546,0.4061592867994895,2.0090277489742947,0.680977948172822,3
UD_English-EWT,0,0.0,5,14,0.6737427959127015,0.28894297461040686,2.351422102073503,0.779290963269648,3
UD_English-EWT,0,0.0,5,15,0.8150517769320741,0.3361345978728572,0.7400190969267504,0.08405031012994608,3
UD_English-EWT,0,0.0,5,16,0.9597035905376808,0.3862575182202654,1.7244195858311784,0.6979486831753957,3
UD_English-EWT,0,0.0,5,17,0.8141118239998167,0.3321629090774092,2.085924420688973,0.7612465640397671,3
UD_English-EWT,0,0.0,5,18,0.7515671058084633,0.31717134052073287,1.6844762540905853,0.7500674499432898,3
UD_English-EWT,0,0.0,5,19,0.5482298209703441,0.24321389704550836,2.4351496611787975,0.8237387627118924,3
UD_English-EWT,0,0.0,5,20,0.495875183442007,0.22376289526178741,2.421545477757037,0.8431967218391231,3
UD_English-EWT,0,0.0,5,21,1.4826889117884505,0.548473789962263,2.498562903514977,0.5846032574976403,3
UD_English-EWT,0,0.0,5,22,0.5198963133699662,0.2314309414547405,2.5813335511690934,0.8367833053398002,3
UD_English-EWT,0,0.0,5,23,0.5264832966660704,0.23386530659818014,2.5199702091392924,0.8306613734266796,3
UD_English-EWT,0,0.0,5,24,0.680566320664,0.2911385791528909,2.0568391802858135,0.7783355130483218,3
UD_English-EWT,0,0.0,5,25,0.5781935613520973,0.25243093797051513,2.4096463485493684,0.8188853494700838,3
UD_English-EWT,0,0.0,5,26,0.685514909932848,0.2896369792892511,1.8449806595434908,0.7889694839186682,3
UD_English-EWT,0,0.0,5,27,0.5869953523954896,0.2569336010400165,2.6115793896828845,0.8038046599615142,3
UD_English-EWT,0,0.0,5,28,1.2030259152579177,0.4606078573670544,2.199257480642183,0.6548636945503983,3
UD_English-EWT,0,0.0,5,29,0.6596051065017128,0.2836835549564147,2.2117073835570955,0.7843503759044116,3
UD_English-EWT,0,0.0,5,30,0.7386350773804174,0.3093579105086258,2.5808957225638007,0.7711336140627744,3
UD_English-EWT,0,0.0,5,31,0.4219622905048048,0.19434778882786022,2.57259374091534,0.8685912509840694,3
UD_English-EWT,0,0.0,6,0,0.8591637816992613,0.35305441457961423,2.397800344261315,0.7239870208778668,3
UD_English-EWT,0,0.0,6,1,0.5056917984649295,0.225875953423582,2.583232453123468,0.8421706752291794,3
UD_English-EWT,0,0.0,6,2,0.6099563961329518,0.2657286524772644,2.600767632651199,0.7959406261072784,3
UD_English-EWT,0,0.0,6,3,0.7304607842097192,0.3091793813198153,2.094538404479053,0.7626438251202875,3
UD_English-EWT,0,0.0,6,4,0.758753240922761,0.30776644524573626,2.264418289961059,0.7833968208380084,3
UD_English-EWT,0,0.0,6,5,0.861209068304854,0.35294298518734063,1.7440477946742636,0.7285101596937805,3
UD_English-EWT,0,0.0,6,6,0.5262756004491872,0.23683100991979078,2.382286972035476,0.8116251686435255,3
UD_English-EWT,0,0.0,6,7,0.6182280614707476,0.2686194694687516,2.6037185776754805,0.7891780877984612,3
UD_English-EWT,0,0.0,6,8,0.4033615932764251,0.1869230113186889,2.539246744959732,0.8738720621811887,3
UD_English-EWT,0,0.0,6,9,0.7407887836134499,0.3072624577952376,2.376995037325093,0.7709463484015296,3
UD_English-EWT,0,0.0,6,10,0.8170109660125494,0.33601032398498615,2.0164680699181687,0.7482892991008003,3
UD_English-EWT,0,0.0,6,11,0.7801424413105179,0.3187788923072522,2.3286697345027507,0.7638726511898913,3
UD_English-EWT,0,0.0,6,12,0.6269330493902248,0.2678850622175903,2.4876811113513884,0.7983628268776043,3
UD_English-EWT,0,0.0,6,13,0.4877859101798691,0.21939158234160006,2.584009745651907,0.847248869108372,3
UD_English-EWT,0,0.0,6,14,1.6874266279851156,0.6143472534629817,2.3441747470957335,0.5071792521926223,3
UD_English-EWT,0,0.0,6,15,0.6023085716134701,0.26297517205446025,2.551587017507501,0.8000608113049811,3
UD_English-EWT,0,0.0,6,16,0.5057470290590831,0.22516391788166565,2.557529754488846,0.8234325416101133,3
UD_English-EWT,0,0.0,6,17,0.5808910195374749,0.2543304862016863,2.2219359176080733,0.7999078490735729,3
UD_English-EWT,0,0.0,6,18,0.49476245530153234,0.22337818967020698,2.5675982937135333,0.8418602384830433,3
UD_English-EWT,0,0.0,6,19,1.183028090439859,0.4581993207986889,1.9710484630748875,0.638479550557384,3
UD_English-EWT,0,0.0,6,20,0.591273026948011,0.2548439466837244,2.5030315262698086,0.8260821006744287,3
UD_English-EWT,0,0.0,6,21,0.7941956241599849,0.32448899226843336,2.6658702108377965,0.7683676053754619,3
UD_English-EWT,0,0.0,6,22,0.6819089945873927,0.28941235591051845,2.354090230223911,0.7863218275819971,3
UD_English-EWT,0,0.0,6,23,0.7960438817495206,0.32978176952039445,2.2642184036677,0.7497056161201066,3
UD_English-EWT,0,0.0,6,24,1.0112600790672615,0.3973061700906258,2.064502298994794,0.7045814872520869,3
UD_English-EWT,0,0.0,6,25,1.1272065067063264,0.41898384773747516,2.2221557708060153,0.6891860768524675,3
UD_English-EWT,0,0.0,6,26,0.6663379687815905,0.2843779485947529,2.1242967707211853,0.7946660150595702,3
UD_English-EWT,0,0.0,6,27,1.688180049097603,0.612266021551656,2.3053056232916203,0.5176638080611256,3
UD_English-EWT,0,0.0,6,28,0.6580178831790477,0.2825567626567364,2.4192665719269404,0.790213974833977,3
UD_English-EWT,0,0.0,6,29,1.02742986210057,0.39380884274351785,2.120931632206088,0.7111713462636443,3
UD_English-EWT,0,0.0,6,30,0.6389910885707928,0.2742244935100847,2.589336689541249,0.7951352450731998,3
UD_English-EWT,0,0.0,6,31,0.513099625793189,0.23053482626666585,2.5571500132969818,0.834831155673728,3
UD_English-EWT,0,0.0,7,0,1.1654586198388552,0.43948701486154335,2.5084007708101326,0.6829517105482316,3
UD_English-EWT,0,0.0,7,1,1.9190280986288206,0.6806278957125268,2.43576395967619,0.46356481698448543,3
UD_English-EWT,0,0.0,7,2,0.7693264200224904,0.31595520848214953,2.6367736787743907,0.7770108655502236,3
UD_English-EWT,0,0.0,7,3,0.6672278377812743,0.28436593034513336,2.635913795623623,0.7911594554252638,3
UD_English-EWT,0,0.0,7,4,0.6139387282151016,0.2634437379473057,2.318425982376265,0.7910644878210918,3
UD_English-EWT,0,0.0,7,5,0.8184788277973243,0.33669189761693036,2.623008361605347,0.7439369143195491,3
UD_English-EWT,0,0.0,7,6,1.709302764447009,0.6079779873943069,2.7495207519479137,0.5600477982454938,3
UD_English-EWT,0,0.0,7,7,1.9764308784503104,0.6960529334069602,2.614384213594791,0.4628994883613183,3
UD_English-EWT,0,0.0,7,8,1.0471212226347846,0.4070983271781213,2.4219060383859228,0.702665108780229,3
UD_English-EWT,0,0.0,7,9,1.6892976026391722,0.6153876027448582,1.6395416888382917,0.3685629783920903,3
UD_English-EWT,0,0.0,7,10,0.49095868092803846,0.2196098676668938,2.6466554264878965,0.834507222526549,3
UD_English-EWT,0,0.0,7,11,0.704380016611085,0.297916104492879,2.5200051600164404,0.7785927667765996,3
UD_English-EWT,0,0.0,7,12,0.5354893926551433,0.23646359536618686,2.6170609559192033,0.8098683447215725,3
UD_English-EWT,0,0.0,7,13,1.0491147739965407,0.4020109346207699,2.4701947001485878,0.70909908837308,3
UD_English-EWT,0,0.0,7,14,0.659507512374491,0.28243156440576406,2.552422563723528,0.789865480685006,3
UD_English-EWT,0,0.0,7,15,0.6199032714173116,0.2679000520529073,2.6220946636030584,0.8045387123533286,3
UD_English-EWT,0,0.0,7,16,1.3745427919052988,0.5050976668876377,2.2833695304198343,0.6086100130418285,3
UD_English-EWT,0,0.0,7,17,0.873338354130586,0.3520199027563868,2.588192894159119,0.7408949424171708,3
UD_English-EWT,0,0.0,7,18,1.6391991526702714,0.5952139360412874,1.9150981152318216,0.46149266712733955,3
UD_English-EWT,0,0.0,7,19,0.9525359320591708,0.3812517404983767,2.279351664534032,0.7124520532094717,3
UD_English-EWT,0,0.0,7,20,0.5764087474513087,0.25190158600058876,2.478548150407812,0.8146065797839985,3
UD_English-EWT,0,0.0,7,21,0.792156332869673,0.31849202030221296,2.567021937318187,0.773495633480816,3
UD_English-EWT,0,0.0,7,22,1.070152883646918,0.4085988579470603,2.4420233481243008,0.7040474266831667,3
UD_English-EWT,0,0.0,7,23,0.6747972829460772,0.28470950219474855,2.3097397281172496,0.7973499914906063,3
UD_English-EWT,0,0.0,7,24,1.048014489475821,0.4151435642518469,1.983205261614805,0.67423281637453,3
UD_English-EWT,0,0.0,7,25,2.0421167618589973,0.7114894311936175,2.5329859987959837,0.4358615231766401,3
UD_English-EWT,0,0.0,7,26,0.9051766631707467,0.360502923284072,2.526641010423827,0.747185239497104,3
UD_English-EWT,0,0.0,7,27,0.5222590270813534,0.23013799351034434,2.3349092734641714,0.839247286930436,3
UD_English-EWT,0,0.0,7,28,0.8482331854642414,0.34419240227447506,2.207571912984379,0.7461423058001722,3
UD_English-EWT,0,0.0,7,29,0.8845796399429197,0.3484783269607467,2.296590183113442,0.7427082094338422,3
UD_English-EWT,0,0.0,7,30,1.0077002685252434,0.39144230752043385,2.4128037819771166,0.7257635041949202,3
UD_English-EWT,0,0.0,7,31,0.6353387671823059,0.2729317878367878,2.648360180724514,0.7990499935596368,3
UD_English-EWT,0,0.0,8,0,1.1263195903249126,0.4228280042527152,2.585366726247339,0.7150506088153912,3
UD_English-EWT,0,0.0,8,1,1.467678564982336,0.543517300787845,2.1572842402536363,0.5609665198933557,3
UD_English-EWT,0,0.0,8,2,0.7998296080839112,0.3345374745199752,2.562206086890945,0.7367240893425512,3
UD_English-EWT,0,0.0,8,3,0.7897714640884126,0.32365318249320724,2.621297429656722,0.7616369398361672,3
UD_English-EWT,0,0.0,8,4,0.8016943252070354,0.3196543678030616,2.6414105551816074,0.7837306379335501,3
UD_English-EWT,0,0.0,8,5,1.8400369884212158,0.6460031576332499,2.1628693853571117,0.39057274170912026,3
UD_English-EWT,0,0.0,8,6,0.7684881344152604,0.3187684507867515,2.426436787908846,0.7520034594532571,3
UD_English-EWT,0,0.0,8,7,0.767692106628353,0.31824068874731415,2.6392947138984346,0.7589757960554356,3
UD_English-EWT,0,0.0,8,8,1.4668648733141645,0.5341520268327552,2.550530691290162,0.612285809968013,3
UD_English-EWT,0,0.0,8,9,1.0665098427097655,0.408563522693238,2.498655169387984,0.6960665763971584,3
UD_English-EWT,0,0.0,8,10,2.336683781909161,0.8083953490999879,2.521770735093153,0.31259864922918257,3
UD_English-EWT,0,0.0,8,11,1.3033229873154333,0.4947071216919057,2.458798719397008,0.6191155026804228,3
UD_English-EWT,0,0.0,8,12,1.022184830871436,0.39706441139181453,2.618501127580476,0.7225668978332823,3
UD_English-EWT,0,0.0,8,13,1.2985301727805634,0.4846103585890082,2.559886178520859,0.6417114355199324,3
UD_English-EWT,0,0.0,8,14,1.0388770589574439,0.4000712363812767,2.4851450066748866,0.7211876310041694,3
UD_English-EWT,0,0.0,8,15,1.3452252052683649,0.507155375117487,2.1541250681942277,0.5992237585978429,3
UD_English-EWT,0,0.0,8,16,1.2441591762128423,0.4730277834205679,2.2476079830380735,0.6418620378918987,3
UD_English-EWT,0,0.0,8,17,0.8444753947560905,0.3473872162422033,2.5223445087834135,0.7295346145869278,3
UD_English-EWT,0,0.0,8,18,0.67555759576419,0.28530270804249036,2.6447707391827486,0.7938659203752794,3
UD_English-EWT,0,0.0,8,19,0.7079789916796436,0.2932085995180685,2.6419259848816146,0.7974513074576529,3
UD_English-EWT,0,0.0,8,20,0.6958197709885451,0.29541436395012455,2.541429259900838,0.7773217587970972,3
UD_English-EWT,0,0.0,8,21,2.285849094390869,0.8003498621162821,2.34807387075789,0.26285040826419664,3
UD_English-EWT,0,0.0,8,22,1.7633484792513923,0.6277052808573337,2.7309264973864535,0.547231687914804,3
UD_English-EWT,0,0.0,8,23,0.7682172562825224,0.3200715333325127,2.5959307344559113,0.751818784924804,3
UD_English-EWT,0,0.0,8,24,0.5224134003071755,0.23334673068949272,2.5554731901877563,0.8334959667237078,3
UD_English-EWT,0,0.0,8,25,0.6498596661118536,0.2728190488522984,2.6489891551557134,0.8041133607630847,3
UD_English-EWT,0,0.0,8,26,0.6535939622283633,0.27603269229984023,2.5584693010387527,0.8004848308494834,3
UD_English-EWT,0,0.0,8,27,0.9133398327263978,0.37013120137032923,2.519428038369111,0.7086011226711376,3
UD_English-EWT,0,0.0,8,28,0.4858607235135602,0.21713488563752728,2.6051817631623786,0.8513805771786007,3
UD_English-EWT,0,0.0,8,29,1.8077478127075672,0.6488701991044759,2.177759146266948,0.43767002060032284,3
UD_English-EWT,0,0.0,8,30,0.9172021297564923,0.3718210155744859,2.5024617387623085,0.7093004040990044,3
UD_English-EWT,0,0.0,8,31,0.7365172870172177,0.3038231558497242,1.5892242030367825,0.7841963934523811,3
UD_English-EWT,0,0.0,9,0,1.0895885210382483,0.41679262223302344,2.4329623917087178,0.7061592589432749,3
UD_English-EWT,0,0.0,9,1,0.9534096037103831,0.3816619490074819,2.5338261576949574,0.7171477856816816,3
UD_English-EWT,0,0.0,9,2,1.2605478652839452,0.48348669316924986,2.4124959951541465,0.6285864513754194,3
UD_English-EWT,0,0.0,9,3,0.7694294640763862,0.3164635320382366,2.639142343906757,0.7752910987804822,3
UD_English-EWT,0,0.0,9,4,1.8166281727493787,0.6505672824594493,2.625273131281952,0.5159632794029726,3
UD_English-EWT,0,0.0,9,5,0.844800843811426,0.35023530337532033,2.476068001301562,0.7253042048891712,3
UD_English-EWT,0,0.0,9,6,1.7728123855395392,0.6347879349696831,2.298154574600074,0.47986112190970304,3
UD_English-EWT,0,0.0,9,7,1.0772660269600447,0.4217458737637501,2.529835291736113,0.6807590894034652,3
UD_English-EWT,0,0.0,9,8,0.9535474952289967,0.36914514784848756,2.5308658311275836,0.7440934167167202,3
UD_English-EWT,0,0.0,9,9,0.8496715827066389,0.3432240051426034,2.6727286793820846,0.7537737430322692,3
UD_English-EWT,0,0.0,9,10,0.8447961286728174,0.34601849432057535,2.6502513146139886,0.7391212693939769,3
UD_English-EWT,0,0.0,9,11,2.0802783685955193,0.7348348881051839,2.384691965547416,0.3858454610562064,3
UD_English-EWT,0,0.0,9,12,1.0343331850943018,0.4076013742371009,2.673893151876053,0.6963794588879809,3
UD_English-EWT,0,0.0,9,13,2.317959727159615,0.8059207377700858,2.554555303412057,0.3299461691716655,3
UD_English-EWT,0,0.0,9,14,0.6752251265316062,0.2848901341979702,2.6318793992201486,0.8001664045567068,3
UD_English-EWT,0,0.0,9,15,1.167835447957607,0.44238044602460547,2.4652937864019573,0.6786255132549447,3
UD_English-EWT,0,0.0,9,16,1.659310143502032,0.606323598593962,1.582367230471366,0.3666096325006967,3
UD_English-EWT,0,0.0,9,17,1.1134313240728744,0.4252948990407212,2.4566067175461295,0.6925675691069801,3
UD_English-EWT,0,0.0,9,18,0.9267809836428023,0.37321144265066736,2.683626816246679,0.7182655100166148,3
UD_English-EWT,0,0.0,9,19,1.4666045311370182,0.5438638081153234,2.458172041373175,0.5847507782199018,3
UD_English-EWT,0,0.0,9,20,0.9138972153836261,0.3688589672817559,2.517760170124919,0.7201473135195795,3
UD_English-EWT,0,0.0,9,21,0.9242935722561482,0.37440942188144705,2.5166629173390853,0.708458236617143,3
UD_English-EWT,0,0.0,9,22,0.7478629538758857,0.3090027751848916,2.6165611623414877,0.7819540691994579,3
UD_English-EWT,0,0.0,9,23,0.6175770440591815,0.26385928515874135,2.6105621595526003,0.8123815534789053,3
UD_English-EWT,0,0.0,9,24,1.4411042565530767,0.5318483603008783,2.610050853158607,0.6126476384577204,3
UD_English-EWT,0,0.0,9,25,1.2645559207500656,0.47023764692369047,2.504219818799222,0.6712905693738187,3
UD_English-EWT,0,0.0,9,26,0.6352190283926132,0.27446344253082905,2.573719133119114,0.7966100639292125,3
UD_English-EWT,0,0.0,9,27,1.6380231720827967,0.5988311615716564,1.524942442204783,0.3252268068980975,3
UD_English-EWT,0,0.0,9,28,1.2182229155562614,0.4590880071408436,2.5883561148018135,0.6644228450506111,3
UD_English-EWT,0,0.0,9,29,0.5672485742697625,0.24276035422550848,2.515575712821523,0.8377557945300321,3
UD_English-EWT,0,0.0,9,30,0.9328621165429961,0.36950737103575565,2.484789791817222,0.731147432791405,3
UD_English-EWT,0,0.0,9,31,1.2319675018715728,0.46413538446191877,2.2787501129622014,0.646359358064301,3
UD_English-EWT,0,0.0,10,0,0.6639649891218201,0.28516037211514234,2.5956583949711804,0.7814873654619267,3
UD_English-EWT,0,0.0,10,1,2.0477376389698905,0.7254869017770381,1.9372474388346645,0.1905872560833973,3
UD_English-EWT,0,0.0,10,2,1.4927838938158067,0.5466538606201364,2.720946635379166,0.6087830761050592,3
UD_English-EWT,0,0.0,10,3,1.8569076323444074,0.6609947398060658,1.968172345005098,0.35691193196047194,3
UD_English-EWT,0,0.0,10,4,0.5898279315929432,0.25865541775634543,2.539519905555444,0.806459543646359,3
UD_English-EWT,0,0.0,10,5,1.04572076562161,0.4120616444432345,2.2407949662925115,0.6833991333435142,3
UD_English-EWT,0,0.0,10,6,1.0908476619935426,0.4180931960705851,2.5602335079771574,0.698683014088641,3
UD_English-EWT,0,0.0,10,7,0.6535224258451839,0.2800017948481229,2.6589768292799674,0.7949220794024038,3
UD_English-EWT,0,0.0,10,8,0.9655346549192413,0.38240526632858757,2.5187303560679077,0.7142634472193939,3
UD_English-EWT,0,0.0,10,9,1.1055307507189245,0.4246252672594102,2.4959976733382283,0.6773526381925156,3
UD_English-EWT,0,0.0,10,10,0.720165926861307,0.3030396958741823,2.586002944922838,0.7734011407391946,3
UD_English-EWT,0,0.0,10,11,0.7886994327189493,0.3278329378513039,2.6118336367151125,0.7519331525990872,3
UD_English-EWT,0,0.0,10,12,1.2875984541542542,0.4759509738514332,2.550651205204875,0.6542909711273641,3
UD_English-EWT,0,0.0,10,13,0.8642619721632187,0.34362093245234,2.4156110153172183,0.7605903477820216,3
UD_English-EWT,0,0.0,10,14,1.3841098719607288,0.5082955548916358,1.4319400839466867,0.23048674615476628,3
UD_English-EWT,0,0.0,10,15,0.5567118778336243,0.24257180305157122,2.6084804737665612,0.8253989343027599,3
UD_English-EWT,0,0.0,10,16,0.857365532243838,0.34760378327607455,2.5101232041752404,0.744801342039486,3
UD_English-EWT,0,0.0,10,17,2.0600221792205433,0.7295331636576053,2.0348248618548035,0.22203314998517923,3
UD_English-EWT,0,0.0,10,18,0.7806693839489437,0.3186653218654498,2.6156554013653532,0.7732360374609955,3
UD_English-EWT,0,0.0,10,19,0.7823703388373057,0.3251978218596164,2.5948364420341012,0.752971488249595,3
UD_English-EWT,0,0.0,10,20,0.8913909956975713,0.3603138807102468,2.252560299439508,0.7343735666589333,3
UD_English-EWT,0,0.0,10,21,0.7826645395062007,0.3233566518079062,2.5634118167103312,0.7619457519893112,3
UD_English-EWT,0,0.0,10,22,1.1242543762254584,0.4397264135380586,2.438275311162563,0.6544028818403762,3
UD_English-EWT,0,0.0,10,23,0.8811867191084747,0.3560697192356723,2.5477915867104555,0.7382607328517189,3
UD_English-EWT,0,0.0,10,24,0.84212195352127,0.34223800726601333,2.4785635469715452,0.7424767514273443,3
UD_English-EWT,0,0.0,10,25,1.6602544937628867,0.6026353636970285,1.50987053015193,0.2620207532588901,3
UD_English-EWT,0,0.0,10,26,0.7116491012071652,0.30195536400328893,2.6115758417408323,0.7702448215600247,3
UD_English-EWT,0,0.0,10,27,1.2482970197344088,0.47028424985747525,2.378441172056511,0.6359451532038183,3
UD_English-EWT,0,0.0,10,28,1.2239621279181028,0.4622477994916217,2.666917728433192,0.6684711353008539,3
UD_English-EWT,0,0.0,10,29,0.7840407514751283,0.32424698716100775,2.6897166729624806,0.7635734076586251,3
UD_English-EWT,0,0.0,10,30,0.853380241802807,0.33974963622015036,2.511088272912906,0.7618941824700012,3
UD_English-EWT,0,0.0,10,31,0.9461167787756425,0.37398258541695406,2.4977877125388286,0.7288289426780138,3
UD_English-EWT,0,0.0,11,0,1.9631392626814506,0.6879161255118625,2.5155092034834983,0.4513675707692657,3
UD_English-EWT,0,0.0,11,1,0.8199562059481287,0.33323274177239565,2.607273191376462,0.7603859384366073,3
UD_English-EWT,0,0.0,11,2,1.0627681884120723,0.40913064678102895,2.6877780861216163,0.7233594756756649,3
UD_English-EWT,0,0.0,11,3,0.929450381323288,0.3707138134441415,2.623246474344222,0.7279128881955081,3
UD_English-EWT,0,0.0,11,4,2.3290521276127447,0.8089562521769049,2.6311871236790725,0.34603142439097656,3
UD_English-EWT,0,0.0,11,5,0.5527753261187689,0.24315893862019877,2.6285246032508995,0.8262783208749985,3
UD_English-EWT,0,0.0,11,6,2.427375283397612,0.843108627558406,2.4574086169401803,0.22491817027737535,3
UD_English-EWT,0,0.0,11,7,1.0621407847098314,0.4098954108324859,2.4958703723110136,0.70008160363211,3
UD_English-EWT,0,0.0,11,8,0.900632794763221,0.3617001168959127,2.572129135900508,0.733074153809111,3
UD_English-EWT,0,0.0,11,9,1.1102514439593247,0.4296767098086128,2.7003564277633294,0.687429083765693,3
UD_English-EWT,0,0.0,11,10,1.601403919562616,0.5794407198093628,2.623209767817148,0.5877696233979666,3
UD_English-EWT,0,0.0,11,11,1.1055715504239818,0.4246923714224758,2.6103899457741306,0.7004147394473761,3
UD_English-EWT,0,0.0,11,12,0.960273464195064,0.3778734687980407,2.675050909890503,0.7400839533147915,3
UD_English-EWT,0,0.0,11,13,0.9121749412492325,0.35713119330546245,2.6441797529413402,0.7542514952072681,3
UD_English-EWT,0,0.0,11,14,0.5905685400172986,0.25713584394718375,2.6297217576555867,0.8035571565800678,3
UD_English-EWT,0,0.0,11,15,0.6379017340518086,0.2673130315102515,2.6979793997410213,0.8176205905734516,3
UD_English-EWT,0,0.0,11,16,1.114584692270378,0.4304541249255665,2.600249075173029,0.6858968426743166,3
UD_English-EWT,0,0.0,11,17,0.9488947699304487,0.37700635120476206,2.7367640108358664,0.7317961032802615,3
UD_English-EWT,0,0.0,11,18,0.9332625211262312,0.36108739930586736,2.6537178552867284,0.7669101296796826,3
UD_English-EWT,0,0.0,11,19,1.250571058177557,0.4672105485787157,2.3214976199663404,0.63689418102467,3
UD_English-EWT,0,0.0,11,20,1.3499188135719038,0.5000396154698779,2.2810772781163617,0.6024236405889193,3
UD_English-EWT,0,0.0,11,21,2.2074190892808425,0.7701098145357247,2.481517293088423,0.3619693356662826,3
UD_English-EWT,0,0.0,11,22,1.7162296454437442,0.6152903720573649,2.2485169211372,0.48528367150676704,3
UD_English-EWT,0,0.0,11,23,0.4653047044746212,0.21087211144253448,2.5809960100657303,0.8503111295931326,3
UD_English-EWT,0,0.0,11,24,1.2524785956398385,0.4714049855908735,2.624013852877695,0.6601691445732703,3
UD_English-EWT,0,0.0,11,25,1.537042392244756,0.5652430524917248,2.5466918313438125,0.5767793545061773,3
UD_English-EWT,0,0.0,11,26,0.7332917098668429,0.30940567354463,2.55412108324916,0.7577893884618425,3
UD_English-EWT,0,0.0,11,27,1.3237677453482737,0.4977930739236986,2.2127801876901927,0.6221384690677534,3
UD_English-EWT,0,0.0,11,28,0.8150653410804728,0.32182666584035086,2.5840947033603334,0.7831220455426987,3
UD_English-EWT,0,0.0,11,29,0.9717218961790611,0.3817959872832715,2.561285971943798,0.7143411387999853,3
UD_English-EWT,0,0.0,11,30,0.8777366068845239,0.3506837695877734,2.719044746759811,0.7600222721777327,3
UD_English-EWT,0,0.0,11,31,0.8908087397859396,0.35416907571826145,2.475663570269861,0.7350543080091151,3
UD_English-EWT,0,0.0,12,0,1.8617252756337652,0.6629605673131396,2.408352961957129,0.473050735463373,3
UD_English-EWT,0,0.0,12,1,1.9084514508156178,0.6699441438489925,2.4382986608750183,0.42500888867700687,3
UD_English-EWT,0,0.0,12,2,0.7053743948946233,0.2897922384038649,2.669686165989422,0.8102820876354727,3
UD_English-EWT,0,0.0,12,3,1.9367042131762686,0.6884454510332457,2.306844822044581,0.3909824766788652,3
UD_English-EWT,0,0.0,12,4,1.1019972714244342,0.42267061949101953,2.6568537947258664,0.7024063609051899,3
UD_English-EWT,0,0.0,12,5,1.2574484637363361,0.47485870780433465,2.6777760182899204,0.6562724462379523,3
UD_English-EWT,0,0.0,12,6,1.838774796554951,0.6524949768364755,2.4919144004746214,0.4989043458522669,3
UD_English-EWT,0,0.0,12,7,1.8959501911707914,0.6732942433060845,2.027686922928023,0.37273123485794485,3
UD_English-EWT,0,0.0,12,8,1.2733077663378638,0.48052692323760254,2.622652867941257,0.6449131270046117,3
UD_English-EWT,0,0.0,12,9,1.4061764183917331,0.5187137031652889,2.538467305931237,0.6065888982571539,3
UD_English-EWT,0,0.0,12,10,2.105763887935649,0.7338237855278078,2.6957315976828173,0.4514116473658814,3
UD_English-EWT,0,0.0,12,11,0.970008727468428,0.3831930411928664,2.5396536280874344,0.7168933362623707,3
UD_English-EWT,0,0.0,12,12,0.9010879723100714,0.3557656975513925,2.494072421000955,0.7423105932405738,3
UD_English-EWT,0,0.0,12,13,1.5986600386314704,0.5814069164255278,2.7200290969486445,0.5752193945475289,3
UD_English-EWT,0,0.0,12,14,0.9088230845543857,0.3592337134798042,2.5388328949284684,0.7417478995611434,3
UD_English-EWT,0,0.0,12,15,0.774527809618275,0.31346005642063957,2.654240312309213,0.7862756654945878,3
UD_English-EWT,0,0.0,12,16,0.8470066821640306,0.34298200637631404,2.6936940856970075,0.7556849215281466,3
UD_English-EWT,0,0.0,12,17,0.6518511629251184,0.2754189055769251,2.617353477438942,0.8087974740752105,3
UD_English-EWT,0,0.0,12,18,0.9605645015428627,0.3770470038829931,2.608877835866532,0.7410161143036488,3
UD_English-EWT,0,0.0,12,19,2.132613431397683,0.7529521630109985,2.1509269861901394,0.27004390362589087,3
UD_English-EWT,0,0.0,12,20,1.2692849611649748,0.477585285840953,2.5923964890951665,0.6553878670181733,3
UD_English-EWT,0,0.0,12,21,1.2870797851209432,0.4825018189562475,2.4881098148275593,0.6433065130166669,3
UD_English-EWT,0,0.0,12,22,1.048453662076283,0.4099263430170999,2.5449838082972773,0.7053682009786204,3
UD_English-EWT,0,0.0,12,23,1.070824817148714,0.40277090882424443,2.6062241115205276,0.7422476118949594,3
UD_English-EWT,0,0.0,12,24,1.9625084763341913,0.69627788394201,2.3607481941173636,0.4284199609171823,3
UD_English-EWT,0,0.0,12,25,0.8959942746276411,0.35611828396229145,2.5110964271865908,0.7407676302955123,3
UD_English-EWT,0,0.0,12,26,1.9761252517257233,0.6904528678440657,2.6952003543494176,0.4987591219648637,3
UD_English-EWT,0,0.0,12,27,1.3683364103074933,0.512655132414539,2.0571202453368347,0.5928580916685159,3
UD_English-EWT,0,0.0,12,28,0.7572126579089243,0.31183193445897817,2.625511813196328,0.7811279264304156,3
UD_English-EWT,0,0.0,12,29,0.9110052695935541,0.3621837174916854,2.111894486217551,0.7386181021689392,3
UD_English-EWT,0,0.0,12,30,1.0199760263734827,0.39067717108244454,2.563148015835246,0.7141186312411,3
UD_English-EWT,0,0.0,12,31,1.5636727638909074,0.5698110973818706,2.355450267674493,0.555502993629767,3
UD_English-EWT,0,0.0,13,0,1.3132903934990774,0.4960661989336457,2.3732365682476857,0.6312654445283725,3
UD_English-EWT,0,0.0,13,1,1.0682009690609136,0.4167547750342739,2.630812672318005,0.6955692747333012,3
UD_English-EWT,0,0.0,13,2,0.9664440193707174,0.38137123302195236,2.62728718525725,0.7252677661147925,3
UD_English-EWT,0,0.0,13,3,1.4187294103083063,0.5240489161405407,2.1565554926955635,0.601143942199281,3
UD_English-EWT,0,0.0,13,4,1.4156368772188823,0.5237151374175248,2.2360388854813706,0.5794916211378053,3
UD_English-EWT,0,0.0,13,5,1.5272940597573266,0.5557171896995743,2.3606548985171187,0.5803929110123811,3
UD_English-EWT,0,0.0,13,6,1.6078584560605347,0.5868757067482329,1.4048108663715297,0.251135880280225,3
UD_English-EWT,0,0.0,13,7,1.5562081335346558,0.5533289835671258,2.3547150074132803,0.5682299425571017,3
UD_English-EWT,0,0.0,13,8,1.5452984628455886,0.5635044779933867,2.344132308262945,0.5553890335795983,3
UD_English-EWT,0,0.0,13,9,1.1439705547250685,0.4371279511865371,2.681231521354998,0.6857300782016392,3
UD_English-EWT,0,0.0,13,10,1.2107954643300323,0.4558295156460643,2.3210711358674887,0.6447785364799812,3
UD_English-EWT,0,0.0,13,11,0.8618632588800187,0.34625889755826184,2.6057309534380346,0.7613892489280857,3
UD_English-EWT,0,0.0,13,12,1.3881665811838346,0.5179595036096261,2.0546097892229676,0.5870799868484664,3
UD_English-EWT,0,0.0,13,13,1.590742292137094,0.5771473445853249,2.6218328958000643,0.5881361702222967,3
UD_English-EWT,0,0.0,13,14,0.8836582257447998,0.35562590383441073,2.639625419195884,0.7360883395447105,3
UD_English-EWT,0,0.0,13,15,0.48699278704048504,0.2177492960539387,2.492803649498465,0.8486117119264733,3
UD_English-EWT,0,0.0,13,16,1.531044865892233,0.5615598045167376,2.650002379560731,0.573042193010368,3
UD_English-EWT,0,0.0,13,17,0.8263583590424126,0.3318734885463135,2.1212326477134162,0.7535956920292534,3
UD_English-EWT,0,0.0,13,18,0.9406300305994483,0.37102211768550625,2.544045242618342,0.7326855192907521,3
UD_English-EWT,0,0.0,13,19,1.6910196770735777,0.6015595357681884,2.1479969474135854,0.4719191702296499,3
UD_English-EWT,0,0.0,13,20,1.1791301339539022,0.44980619424353535,2.503447311660631,0.6698619983683193,3
UD_English-EWT,0,0.0,13,21,0.7301715991047563,0.30239572991805325,2.617642003493231,0.7840249548396452,3
UD_English-EWT,0,0.0,13,22,1.5638105367702213,0.5655812431391471,2.496736142153297,0.5718778175164442,3
UD_English-EWT,0,0.0,13,23,1.5047958102382595,0.5517612844298446,1.4351790492000476,0.36476492397283594,3
UD_English-EWT,0,0.0,13,24,1.8870465962287506,0.6757457562075938,1.7493333080427245,0.18338890265815896,3
UD_English-EWT,0,0.0,13,25,0.9715856493252223,0.3845934441384396,2.3270249816237905,0.7157565206696427,3
UD_English-EWT,0,0.0,13,26,0.8469407227439959,0.33844957256414854,2.603535750036031,0.7688576637517884,3
UD_English-EWT,0,0.0,13,27,1.2346096419897237,0.45984093523253505,2.6781799858385096,0.6797762769248967,3
UD_English-EWT,0,0.0,13,28,1.3280274515432087,0.49483668975165634,2.301731959066756,0.6227778667797808,3
UD_English-EWT,0,0.0,13,29,1.3692473612847875,0.5115624527787902,1.7802554359201526,0.5771663230258585,3
UD_English-EWT,0,0.0,13,30,0.8355753201523114,0.3375838209106459,2.5845123527805662,0.754842397191974,3
UD_English-EWT,0,0.0,13,31,1.1896884386005298,0.45113158903893885,2.6342307115838826,0.6669125874715099,3
UD_English-EWT,0,0.0,14,0,1.8943056438138577,0.6770512012591778,1.8018495712449643,0.26132937339567097,3
UD_English-EWT,0,0.0,14,1,1.5161298083477333,0.5537013165612038,1.4673446172573528,0.23318505211850335,3
UD_English-EWT,0,0.0,14,2,0.9180913735690014,0.36631250644072155,2.6160342509303587,0.7437348502581237,3
UD_English-EWT,0,0.0,14,3,0.8282036951493695,0.3346408850162244,2.630846461963132,0.7605468056729583,3
UD_English-EWT,0,0.0,14,4,0.9752903632778939,0.38302243824620713,2.5962395514946817,0.723789860133102,3
UD_English-EWT,0,0.0,14,5,2.0200083951155343,0.7148480145006232,2.218558345987497,0.3706079276044512,3
UD_English-EWT,0,0.0,14,6,0.5812503200411145,0.2524368351355928,2.4358679280906426,0.8136147290590356,3
UD_English-EWT,0,0.0,14,7,1.0638494501348401,0.40616019505783507,0.8384431427538069,0.2841002689521821,3
UD_English-EWT,0,0.0,14,8,0.8136449461914802,0.3250531447654376,2.4291587528960954,0.7796298336909443,3
UD_English-EWT,0,0.0,14,9,1.2943326649281497,0.48410163013661495,2.733066066041019,0.6675113674273582,3
UD_English-EWT,0,0.0,14,10,0.6060823859453527,0.258205784011449,2.614927393002588,0.823255885982774,3
UD_English-EWT,0,0.0,14,11,0.8972367973275523,0.35732312366122104,2.6164214220203337,0.7443883876453657,3
UD_English-EWT,0,0.0,14,12,0.7197364360664059,0.29904562321394845,2.5902560022685046,0.7878581015138678,3
UD_English-EWT,0,0.0,14,13,0.8466337596376737,0.33571178419261033,2.649804982168427,0.7735784827360038,3
UD_English-EWT,0,0.0,14,14,1.6162141427967718,0.5889994211779918,2.3939660417903315,0.5448484677068197,3
UD_English-EWT,0,0.0,14,15,2.435050056280334,0.8409349950122053,2.5748200108770463,0.2787604366169601,3
UD_English-EWT,0,0.0,14,16,1.4328919846992025,0.5158827478686968,1.9887039931745474,0.5820536112891195,3
UD_English-EWT,0,0.0,14,17,0.9556371297666936,0.37152210449993284,2.472492423702459,0.7364157612328647,3
UD_English-EWT,0,0.0,14,18,0.8313701037175018,0.3366544264791116,2.697012887952106,0.7633276635709682,3
UD_English-EWT,0,0.0,14,19,1.056617781764171,0.4026385197222558,2.3948659437601685,0.7108402913181834,3
UD_English-EWT,0,0.0,14,20,1.4427963516425566,0.532842601461163,2.5116391243830405,0.6182605002502926,3
UD_English-EWT,0,0.0,14,21,0.9169590064410955,0.3637424543744228,2.406717998408229,0.735343146316015,3
UD_English-EWT,0,0.0,14,22,1.229922471476383,0.4665932889640983,1.4176603470995126,0.5871388482062218,3
UD_English-EWT,0,0.0,14,23,1.3096148281312379,0.4915232831418839,2.255748733959563,0.6319550106841358,3
UD_English-EWT,0,0.0,14,24,1.1412704308502009,0.436237894446472,2.7831640445469508,0.7026892361215881,3
UD_English-EWT,0,0.0,14,25,1.6067412710580669,0.5810566888969453,2.397596752871581,0.5684749523961479,3
UD_English-EWT,0,0.0,14,26,0.8847421768828819,0.35207160622329337,2.5444482476984867,0.7547925717395837,3
UD_English-EWT,0,0.0,14,27,0.8464074417785868,0.34245197353833684,2.6764984494024286,0.7587357985639507,3
UD_English-EWT,0,0.0,14,28,0.8208616476892775,0.32764715869285044,2.4724403536710584,0.768621782115737,3
UD_English-EWT,0,0.0,14,29,1.094316755324765,0.41939422188967956,2.6780346224868232,0.7088504385793469,3
UD_English-EWT,0,0.0,14,30,1.510673408625556,0.5518866732635134,2.458634645398197,0.591597204142418,3
UD_English-EWT,0,0.0,14,31,1.8442368412929806,0.6589952091701695,2.039942259671258,0.41121778034610174,3
UD_English-EWT,0,0.0,15,0,0.6398942756359695,0.2699380491916192,2.5860232386758417,0.8139389320963719,3
UD_English-EWT,0,0.0,15,1,1.412206358759781,0.5247602257572237,1.8060043297830175,0.5656639604824163,3
UD_English-EWT,0,0.0,15,2,1.5679296373995275,0.5663844410920403,2.546665230083987,0.568882496834127,3
UD_English-EWT,0,0.0,15,3,0.8645531896277855,0.34919978334196927,2.4063869872705532,0.736145227394306,3
UD_English-EWT,0,0.0,15,4,1.110530563431685,0.41103302597836716,2.407694004598211,0.7125684555029609,3
UD_English-EWT,0,0.0,15,5,1.1813086198815883,0.4460040095969628,1.3771314435317867,0.5434183934957929,3
UD_English-EWT,0,0.0,15,6,0.906322917448041,0.3565333527538294,2.549268421905288,0.7529184589254075,3
UD_English-EWT,0,0.0,15,7,1.6999458261852058,0.6108843175684168,2.299828732762832,0.506424925284959,3
UD_English-EWT,0,0.0,15,8,1.125826134097055,0.41776591612667335,2.4074136360746916,0.7056444906553284,3
UD_English-EWT,0,0.0,15,9,2.7254014067311103,0.9334744976355078,2.6768470413046455,0.09112511171139981,3
UD_English-EWT,0,0.0,15,10,1.718931493211965,0.6184649653122073,2.66312396461195,0.5509232038560786,3
UD_English-EWT,0,0.0,15,11,0.8628591679728747,0.3448197997373635,0.8401125244022719,0.06582849218810354,3
UD_English-EWT,0,0.0,15,12,1.5376619185254874,0.5599014722014386,2.7236893349657945,0.6107889791858978,3
UD_English-EWT,0,0.0,15,13,0.917546213609599,0.3526916266444439,2.3355616112875808,0.7513513647304858,3
UD_English-EWT,0,0.0,15,14,1.4533603692966732,0.5330960926462393,2.660137195079053,0.6281613875078699,3
UD_English-EWT,0,0.0,15,15,0.5915593024078614,0.2515605042072756,2.5730601277182013,0.8305006238932165,3
UD_English-EWT,0,0.0,15,16,1.1730800184721504,0.4477299067492042,2.37856598532265,0.6805377281957963,3
UD_English-EWT,0,0.0,15,17,0.7925606934669239,0.31987297734439046,2.478132581450249,0.7769957532078191,3
UD_English-EWT,0,0.0,15,18,0.7978718945237456,0.31986993255063156,2.447746632529087,0.7760286289241796,3
UD_English-EWT,0,0.0,15,19,1.1409659031473223,0.43308365552640354,1.6375704016841823,0.6119972735724813,3
UD_English-EWT,0,0.0,15,20,1.4017188946406047,0.510716817947359,2.164745937279665,0.5862917123270817,3
UD_English-EWT,0,0.0,15,21,1.8850019535080331,0.6669451062226556,2.3794072988580486,0.4741975272817364,3
UD_English-EWT,0,0.0,15,22,1.0045485482678387,0.39138539314595727,2.638249727220483,0.7237009748490782,3
UD_English-EWT,0,0.0,15,23,1.4770185675451664,0.5422293140344281,2.687101166919281,0.6229029096296577,3
UD_English-EWT,0,0.0,15,24,1.1089852341537267,0.41929711991809104,1.9436050203979993,0.6762237189938136,3
UD_English-EWT,0,0.0,15,25,1.4767825898251248,0.5392862047409751,1.5976816674724954,0.48547543341019117,3
UD_English-EWT,0,0.0,15,26,1.8304803607568063,0.6557533790260717,1.6855672763996437,0.13769054068812256,3
UD_English-EWT,0,0.0,15,27,0.7252414318748185,0.29569540431346397,2.59358478585879,0.8023061602086318,3
UD_English-EWT,0,0.0,15,28,1.3821249672623932,0.5103249565744009,2.1542863726941612,0.6091397059419768,3
UD_English-EWT,0,0.0,15,29,1.0501617134594528,0.40779415729755913,2.504503364934296,0.6928805610765525,3
UD_English-EWT,0,0.0,15,30,0.7620126703560678,0.30282035182978284,2.2906491863922995,0.7940585084788786,3
UD_English-EWT,0,0.0,15,31,1.3413213406755624,0.4943857867209638,1.70953348034718,0.5254282572922485,3
UD_English-EWT,0,0.0,16,0,0.7087954460068153,0.28154151884665907,2.5361939821738364,0.8238471761915852,3
UD_English-EWT,0,0.0,16,1,1.10573063204523,0.4174309813829719,2.736473127466733,0.7313245296315417,3
UD_English-EWT,0,0.0,16,2,1.0251786025658332,0.40078062820629995,2.628546748656393,0.7224330447736333,3
UD_English-EWT,0,0.0,16,3,1.505146672165459,0.5523752160573918,2.6355204367246783,0.6051242690675896,3
UD_English-EWT,0,0.0,16,4,0.6119472239105428,0.2536449029766878,2.0903616741381055,0.8332526713528269,3
UD_English-EWT,0,0.0,16,5,0.9000473944215827,0.34933101591435284,2.5889306280130895,0.7740364979362228,3
UD_English-EWT,0,0.0,16,6,1.033022005660612,0.3908185211768567,2.583787918579383,0.7396859874327978,3
UD_English-EWT,0,0.0,16,7,1.4547715735891478,0.5384657385407902,2.485180238394138,0.6132689562366634,3
UD_English-EWT,0,0.0,16,8,0.8432348180826897,0.3337150045309236,2.39824098250905,0.7746825245885901,3
UD_English-EWT,0,0.0,16,9,0.9458208181411841,0.3671968779399421,2.341055408690145,0.7507114687252566,3
UD_English-EWT,0,0.0,16,10,0.9564770060728808,0.37056511113308166,2.605478753157652,0.7511141421120676,3
UD_English-EWT,0,0.0,16,11,1.360470317263421,0.5015311349040824,1.9768874148527782,0.6111175338915789,3
UD_English-EWT,0,0.0,16,12,1.358680263568795,0.4913969013860317,2.453324056225396,0.6529575393947421,3
UD_English-EWT,0,0.0,16,13,1.1073074195880057,0.4141467414552071,2.3763971301050133,0.7205385739197497,3
UD_English-EWT,0,0.0,16,14,1.9000460230261902,0.6771647334913086,1.781667873181932,0.2382738441025299,3
UD_English-EWT,0,0.0,16,15,1.5844157994444903,0.5718780218577776,2.4879043843251107,0.5843603838581205,3
UD_English-EWT,0,0.0,16,16,0.9629447094159701,0.38308325227696055,2.1169119495185997,0.712113606025938,3
UD_English-EWT,0,0.0,16,17,1.719329838381439,0.6131348978381991,2.070928001664375,0.43727219955680147,3
UD_English-EWT,0,0.0,16,18,0.9550274601155292,0.366709404243309,2.6784373285666185,0.7574219638736196,3
UD_English-EWT,0,0.0,16,19,0.913856596609608,0.3519269471855762,2.7710717709663784,0.7744696374392249,3
UD_English-EWT,0,0.0,16,20,2.381053055244717,0.8301347200173498,2.405281140504639,0.22599337388420362,3
UD_English-EWT,0,0.0,16,21,0.9459686567548845,0.3669588231975263,2.607069978622791,0.754349529152848,3
UD_English-EWT,0,0.0,16,22,1.9450543071728585,0.6921871561414558,1.8624873640107327,0.24489944094354335,3
UD_English-EWT,0,0.0,16,23,0.5717990696633775,0.2408885459715877,2.4508098183108156,0.8434838629404052,3
UD_English-EWT,0,0.0,16,24,1.4999563154952773,0.540829063846114,2.708882202379039,0.6321473985584707,3
UD_English-EWT,0,0.0,16,25,0.6784682584509172,0.2677993315368728,2.376308087442742,0.838564004362281,3
UD_English-EWT,0,0.0,16,26,0.8510403221096497,0.33758979351794133,2.6797216041166276,0.7777104148936402,3
UD_English-EWT,0,0.0,16,27,0.6278634824550868,0.26311093537248875,2.6452525334605754,0.8274943812704477,3
UD_English-EWT,0,0.0,16,28,0.532827109322359,0.22461667535775673,2.5977239825360763,0.8632351301325475,3
UD_English-EWT,0,0.0,16,29,0.988895541983224,0.38317707893464076,2.6388297694954064,0.7450144979797426,3
UD_English-EWT,0,0.0,16,30,1.581291539910061,0.5652518024454352,2.6717150825294644,0.6151287631014657,3
UD_English-EWT,0,0.0,16,31,1.6650021625021116,0.5904975180498889,2.732877823498731,0.5967419325409691,3
UD_English-EWT,0,0.0,17,0,1.8771958899953978,0.6548679086679969,2.291351086780673,0.4481010160566679,3
UD_English-EWT,0,0.0,17,1,0.9689399926551704,0.3667295305618172,2.5177414389581627,0.7696796906857543,3
UD_English-EWT,0,0.0,17,2,0.6804677203623323,0.2686698456279567,2.080675151504454,0.8351194773866831,3
UD_English-EWT,0,0.0,17,3,1.598198900294434,0.5715873281323844,2.6149312607903297,0.613338121950952,3
UD_English-EWT,0,0.0,17,4,1.6620230699171785,0.591647563410587,2.0300938151573225,0.4680447914317006,3
UD_English-EWT,0,0.0,17,5,1.23428280830709,0.4585781806235105,2.411188988574867,0.6835562387287942,3
UD_English-EWT,0,0.0,17,6,2.134792625578375,0.7411566260245328,2.602351561921542,0.4345277601985333,3
UD_English-EWT,0,0.0,17,7,0.836098417029029,0.3132897871928137,2.2889893812234283,0.8054179059433156,3
UD_English-EWT,0,0.0,17,8,1.743574661472456,0.6244164349440017,1.6380902864242513,0.2941144630720055,3
UD_English-EWT,0,0.0,17,9,0.44934936948731297,0.19102853809386655,2.5709048750622023,0.8922143775582964,3
UD_English-EWT,0,0.0,17,10,1.4149089253665317,0.5041980388386001,2.522926395870949,0.6665167984822409,3
UD_English-EWT,0,0.0,17,11,0.7195224034818796,0.2739301481655712,2.713970679077294,0.8510189462717767,3
UD_English-EWT,0,0.0,17,12,1.1209725313336472,0.3952397297396035,2.711279000903739,0.7701956095591269,3
UD_English-EWT,0,0.0,17,13,1.0822334239065974,0.4020237794013622,2.560766200550267,0.7493775324091884,3
UD_English-EWT,0,0.0,17,14,2.1741223048642686,0.7565576890941527,2.359620344443399,0.3497730800932874,3
UD_English-EWT,0,0.0,17,15,1.3582643021325598,0.48984751023881423,1.833613962423606,0.5894796553938115,3
UD_English-EWT,0,0.0,17,16,0.8953943853495551,0.3330723188736074,2.738946865002314,0.8111752406006953,3
UD_English-EWT,0,0.0,17,17,1.0646066223500206,0.3908200145704173,2.6072811696047338,0.7656242556340708,3
UD_English-EWT,0,0.0,17,18,0.97000593516996,0.36568977368252525,2.6699505531397016,0.7788000153224978,3
UD_English-EWT,0,0.0,17,19,1.4215580332474633,0.5118119614046128,2.587950736121402,0.6631722576468368,3
UD_English-EWT,0,0.0,17,20,0.9163342921948824,0.3506887121523013,2.582821840308403,0.7833505712978827,3
UD_English-EWT,0,0.0,17,21,1.2910289008760714,0.47489607022678265,2.187728790637574,0.6672309780788552,3
UD_English-EWT,0,0.0,17,22,0.789007663971088,0.304464674549676,2.7106590311709646,0.8210159974997161,3
UD_English-EWT,0,0.0,17,23,2.175476012822709,0.7412891900115978,2.70529298834462,0.4434301964735073,3
UD_English-EWT,0,0.0,17,24,1.6359546883184402,0.5905566479746109,2.5841304713585336,0.57418176649861,3
UD_English-EWT,0,0.0,17,25,0.6685478367277833,0.2546537109431836,2.610233173670013,0.8622632213954717,3
UD_English-EWT,0,0.0,17,26,0.6487012522223868,0.24917774254588484,2.672172631559476,0.8645917835131369,3
UD_English-EWT,0,0.0,17,27,0.5305513348735746,0.21455002634129564,2.573819173815472,0.8836046589202567,3
UD_English-EWT,0,0.0,17,28,2.105542561232718,0.7327999487274983,2.635672721706453,0.45391823143744076,3
UD_English-EWT,0,0.0,17,29,1.4984276999867028,0.5423848963663226,2.457082532142681,0.6206865759332323,3
UD_English-EWT,0,0.0,17,30,0.9658744808266072,0.3572984041208452,2.5311110975638114,0.7845180730432109,3
UD_English-EWT,0,0.0,17,31,0.9441783417606614,0.3488271873586816,2.7302538597844337,0.8021931189005492,3
UD_English-EWT,0,0.0,18,0,0.6489835620903578,0.2592662364814451,2.5434914586322557,0.8533423682623874,3
UD_English-EWT,0,0.0,18,1,0.7808344339738126,0.29584384980341777,2.7431527027666895,0.8400610143858227,3
UD_English-EWT,0,0.0,18,2,1.0323748541334288,0.394013818027706,1.6842883414909489,0.7112398478584211,3
UD_English-EWT,0,0.0,18,3,0.587650360631161,0.23800295479392095,2.6309638938617184,0.8649815643419986,3
UD_English-EWT,0,0.0,18,4,2.183510457394553,0.7505645991348829,2.51190150435505,0.3826956013675596,3
UD_English-EWT,0,0.0,18,5,1.146197400457872,0.434515318583921,1.5459197891540215,0.6533094248810752,3
UD_English-EWT,0,0.0,18,6,0.724252415973632,0.28006653001155357,2.663147403568518,0.8419218743270863,3
UD_English-EWT,0,0.0,18,7,0.8517988898226472,0.33658150861375646,1.6862931236868999,0.7644337050087465,3
UD_English-EWT,0,0.0,18,8,0.4114501124726293,0.17920526953749968,2.598718620063177,0.8978377103479834,3
UD_English-EWT,0,0.0,18,9,1.046972945902517,0.3925717324425613,2.707268776137972,0.7605988921119216,3
UD_English-EWT,0,0.0,18,10,1.0472609666201587,0.3959580914122485,2.770410642923553,0.7550187017259701,3
UD_English-EWT,0,0.0,18,11,0.41378875113412983,0.17678286508743554,2.55265963533537,0.9030048890354855,3
UD_English-EWT,0,0.0,18,12,0.6825144384158114,0.2743928093218901,2.3878101428024103,0.830655149382646,3
UD_English-EWT,0,0.0,18,13,1.6608116553455103,0.5931894470596574,2.212048455828526,0.5445789614580369,3
UD_English-EWT,0,0.0,18,14,0.7790211188744326,0.3057222846752959,2.5847794525936,0.8099770366819831,3
UD_English-EWT,0,0.0,18,15,0.6430588490813156,0.26048348187545284,2.663359089627292,0.8450354969566637,3
UD_English-EWT,0,0.0,18,16,0.5960706676371762,0.24476412591102018,2.656215635642328,0.8571771089333654,3
UD_English-EWT,0,0.0,18,17,1.0737194528833764,0.3901607267599288,2.670555950839663,0.7712724475912709,3
UD_English-EWT,0,0.0,18,18,0.45237228648910105,0.1910762876638624,2.6227491685275823,0.8933591034894434,3
UD_English-EWT,0,0.0,18,19,0.7334350673634497,0.27803791794783433,2.0174649690018325,0.8303505739227669,3
UD_English-EWT,0,0.0,18,20,0.5491770224167349,0.2196154864861177,2.2671427844000642,0.8773233178046231,3
UD_English-EWT,0,0.0,18,21,1.1967496002306703,0.43667299194576964,2.2038307735503047,0.6996058888855528,3
UD_English-EWT,0,0.0,18,22,0.6326515804874441,0.25889678597653826,2.375527846194356,0.841345144792007,3
UD_English-EWT,0,0.0,18,23,0.8915333584195277,0.34606527303004525,2.3479700588463435,0.7779661953204968,3
UD_English-EWT,0,0.0,18,24,0.7802308174104639,0.30442129655695355,2.5686457642440588,0.8186900391360451,3
UD_English-EWT,0,0.0,18,25,0.3492289640192614,0.15463842115431128,2.631836591033988,0.9144385313727165,3
UD_English-EWT,0,0.0,18,26,0.9865386376941139,0.38174066116493915,2.3939261649801433,0.7527992915504617,3
UD_English-EWT,0,0.0,18,27,1.1582776787665372,0.4322131696090998,2.2983822886083947,0.7100448823773146,3
UD_English-EWT,0,0.0,18,28,1.7549935251962943,0.6314847822723493,2.6349749175902923,0.5456052467104842,3
UD_English-EWT,0,0.0,18,29,0.5036243692529007,0.2103944485599959,2.6730731750120884,0.881540888727037,3
UD_English-EWT,0,0.0,18,30,0.9284827788182296,0.35241452085434416,2.796077725828671,0.7912811083220394,3
UD_English-EWT,0,0.0,18,31,1.044110642674842,0.39412931474994445,2.630806253256042,0.7578931040451174,3
UD_English-EWT,0,0.0,19,0,1.4847596992886132,0.5370907487113619,2.329465832215189,0.6203056997695907,3
UD_English-EWT,0,0.0,19,1,1.5927998480575332,0.5764998628304956,2.0950281177062156,0.5196977905074104,3
UD_English-EWT,0,0.0,19,2,1.9926263007635627,0.7070031311831187,2.594278903606811,0.4499807927167155,3
UD_English-EWT,0,0.0,19,3,0.33329317821546006,0.14978860558107332,2.6212595769616422,0.9162010867250422,3
UD_English-EWT,0,0.0,19,4,1.3750107539156096,0.49853450886375916,2.7810802282205693,0.6889847441693474,3
UD_English-EWT,0,0.0,19,5,1.0950487580130008,0.41210643963409904,2.5802753491154133,0.7401385638313215,3
UD_English-EWT,0,0.0,19,6,0.699264845846455,0.27310004779468466,2.6654300228819823,0.8438039909783607,3
UD_English-EWT,0,0.0,19,7,0.7402095521896914,0.286789989190512,2.710831163522324,0.8402035233101558,3
UD_English-EWT,0,0.0,19,8,0.8665339542868359,0.328325389981107,2.6808474304897536,0.8086144774337937,3
UD_English-EWT,0,0.0,19,9,0.5628761540426582,0.22705953768734397,2.670542430356552,0.8737667674412494,3
UD_English-EWT,0,0.0,19,10,0.5332539326261952,0.22041063284491255,2.7041434262945354,0.8767402264915529,3
UD_English-EWT,0,0.0,19,11,0.7388648422119396,0.2889610799487497,2.6957065658491164,0.8320099316089532,3
UD_English-EWT,0,0.0,19,12,1.2483720526994904,0.4572644565519088,1.0496284531765296,0.32388366919641937,3
UD_English-EWT,0,0.0,19,13,1.1954853848192861,0.44444890674508986,2.5641996738363484,0.7125278359960988,3
UD_English-EWT,0,0.0,19,14,0.5891368347601812,0.2433949797643257,2.690527170082259,0.8561632348214342,3
UD_English-EWT,0,0.0,19,15,0.5081835028618737,0.21557927600876556,2.7198579389540876,0.8736914965461512,3
UD_English-EWT,0,0.0,19,16,2.5606694960854743,0.8827050361639815,2.6757183833851834,0.2356212844491982,3
UD_English-EWT,0,0.0,19,17,0.3573058363396287,0.1499586400036481,2.6495629110948635,0.9261128684210647,3
UD_English-EWT,0,0.0,19,18,1.8491370208927842,0.6455392160050856,2.5994054336365453,0.5377630861323388,3
UD_English-EWT,0,0.0,19,19,0.8417222252308997,0.3218844393929823,2.713317690488419,0.814287152202403,3
UD_English-EWT,0,0.0,19,20,0.9929011997466531,0.36499471311035053,2.682750738383642,0.7866021781508389,3
UD_English-EWT,0,0.0,19,21,0.42427874850160113,0.18326503187265308,2.667458088834429,0.8965689888417395,3
UD_English-EWT,0,0.0,19,22,0.5650745577947364,0.2293437256126619,2.603661903103844,0.8683732080736447,3
UD_English-EWT,0,0.0,19,23,0.9828558205906811,0.36470931697168635,2.679533076742308,0.7838606608044255,3
UD_English-EWT,0,0.0,19,24,1.3422201441936805,0.4861854167828143,2.566294833773472,0.6872092980911823,3
UD_English-EWT,0,0.0,19,25,0.565620486731412,0.22994582766738256,2.5803086734860323,0.8736162679931505,3
UD_English-EWT,0,0.0,19,26,0.6011002001052346,0.23582349918131293,2.597940458951752,0.8738948039181246,3
UD_English-EWT,0,0.0,19,27,1.1142603675198686,0.42451250514453226,2.49391761063878,0.7126830120474263,3
UD_English-EWT,0,0.0,19,28,0.6408256221094418,0.2492468487573126,2.6198413554436524,0.8639464173974888,3
UD_English-EWT,0,0.0,19,29,1.3775315296128798,0.49603801363152883,2.5570967023164197,0.6762808639087964,3
UD_English-EWT,0,0.0,19,30,0.753090116414216,0.2790507358483604,2.676919858149492,0.8491398463320863,3
UD_English-EWT,0,0.0,19,31,0.8241367371030193,0.31657372042536736,2.5817193169085706,0.8105306850512171,3
UD_English-EWT,0,0.0,20,0,0.8116566594995436,0.30710479437979193,2.696503070371398,0.827736795111432,3
UD_English-EWT,0,0.0,20,1,0.42367087341234333,0.17506178221130955,2.7056639725393286,0.9101645996987494,3
UD_English-EWT,0,0.0,20,2,0.828116300816093,0.31090505301056665,2.624505187481479,0.8263641465557078,3
UD_English-EWT,0,0.0,20,3,0.6889752128003724,0.26780817192556755,2.7209937267941857,0.851335888351899,3
UD_English-EWT,0,0.0,20,4,1.4533831058629876,0.5222969448875859,2.418007471033784,0.6460283746729132,3
UD_English-EWT,0,0.0,20,5,0.7206287061581845,0.27233193635614844,2.6112377436760346,0.8524347840925385,3
UD_English-EWT,0,0.0,20,6,0.9676878678668391,0.3704263222266417,2.327605110537159,0.764877623262627,3
UD_English-EWT,0,0.0,20,7,0.5791093677770897,0.21963261759997718,2.5524661495385925,0.8866784763955028,3
UD_English-EWT,0,0.0,20,8,0.6955257995369656,0.26998352931171166,2.729338778824103,0.8523890532431055,3
UD_English-EWT,0,0.0,20,9,1.4801566626856235,0.511916327264791,2.6842869376875664,0.67850605060494,3
UD_English-EWT,0,0.0,20,10,0.5639532208442688,0.21801482390388438,2.7245651454222006,0.891238490659031,3
UD_English-EWT,0,0.0,20,11,1.2154253555125878,0.4464876521480539,2.738362249129457,0.7255370907607626,3
UD_English-EWT,0,0.0,20,12,0.9285421398330908,0.3505331227769617,2.718595739107966,0.7976456802399432,3
UD_English-EWT,0,0.0,20,13,1.4705182727568789,0.5337236952749106,1.8108781641298304,0.5473778823115787,3
UD_English-EWT,0,0.0,20,14,0.5369961272741928,0.2009399079519217,2.6579419670860625,0.9010592444998319,3
UD_English-EWT,0,0.0,20,15,1.9609718190841987,0.6776757197139042,2.4150226135722925,0.4644082602663118,3
UD_English-EWT,0,0.0,20,16,1.5884171025674851,0.5550617627758797,2.633362088209944,0.6368651955179829,3
UD_English-EWT,0,0.0,20,17,0.7186583310691385,0.25674047052371696,2.660063656138592,0.8667114272795088,3
UD_English-EWT,0,0.0,20,18,1.1001357774916893,0.4184931527232863,2.5863802488384353,0.719541521956686,3
UD_English-EWT,0,0.0,20,19,0.9266033447016784,0.34496251286053264,2.4433282698438465,0.7986722568996617,3
UD_English-EWT,0,0.0,20,20,0.9253589707971269,0.3628122295797523,2.7296105686758385,0.7632112715576516,3
UD_English-EWT,0,0.0,20,21,0.9790546797989496,0.3614489583532667,2.7541989465880263,0.7948760027931036,3
UD_English-EWT,0,0.0,20,22,1.4411566278647856,0.5055328969095574,2.668484933389341,0.674634201686239,3
UD_English-EWT,0,0.0,20,23,0.3445921665454497,0.14198562852997598,2.679728675084036,0.9316136800363416,3
UD_English-EWT,0,0.0,20,24,1.4213550518282123,0.49902275135445456,2.4075966781931495,0.6665546327340798,3
UD_English-EWT,0,0.0,20,25,1.0870601427359659,0.3849488683248478,2.6653575739248203,0.7752221941622229,3
UD_English-EWT,0,0.0,20,26,0.8555442229971858,0.32019146279396254,2.4092817614313033,0.8152100999987191,3
UD_English-EWT,0,0.0,20,27,0.38928553887485157,0.16087441506688713,2.6972719647519576,0.9193744878462754,3
UD_English-EWT,0,0.0,20,28,0.5254479945113099,0.2084232997251013,2.7725635196993266,0.8943623635775405,3
UD_English-EWT,0,0.0,20,29,0.36606376312795225,0.15322580374268396,2.7212811529310676,0.9241190607267651,3
UD_English-EWT,0,0.0,20,30,0.9715325036824075,0.3543801035711674,2.5352459413106323,0.7876470950457568,3
UD_English-EWT,0,0.0,20,31,1.1306090372833397,0.3992057544856123,2.659670372152589,0.7655657950809093,3
UD_English-EWT,0,0.0,21,0,1.4321832702459532,0.5045665902762465,2.7861932130133518,0.6924884905580614,3
UD_English-EWT,0,0.0,21,1,0.4342556633665913,0.17631937985822477,2.717857631014996,0.9110625396823623,3
UD_English-EWT,0,0.0,21,2,0.6369565468424004,0.24381006946736347,2.791665221335458,0.8746975946133254,3
UD_English-EWT,0,0.0,21,3,0.3801042131794607,0.14653462884041782,2.60580075601411,0.9324226749887883,3
UD_English-EWT,0,0.0,21,4,0.4903076548393958,0.19858685550610713,2.711147101361895,0.8964559023823243,3
UD_English-EWT,0,0.0,21,5,0.30875717000679564,0.13149836604468157,2.709315099188539,0.9362016303128883,3
UD_English-EWT,0,0.0,21,6,0.6465321415679051,0.23421003423183342,2.5093689301951985,0.8791693062241611,3
UD_English-EWT,0,0.0,21,7,0.34160258873401445,0.14419449566573392,2.6386889408194953,0.9282856463897423,3
UD_English-EWT,0,0.0,21,8,0.8914475699917214,0.3372902062014152,2.45645111717813,0.7983507387787917,3
UD_English-EWT,0,0.0,21,9,0.4405296831264522,0.1730159329749196,2.7004731111839164,0.916528608385331,3
UD_English-EWT,0,0.0,21,10,1.0657746411574995,0.3917041482006917,2.639590241055671,0.7692080905528668,3
UD_English-EWT,0,0.0,21,11,0.5175062022655388,0.1956310572886402,2.5539920859323826,0.9033509268135321,3
UD_English-EWT,0,0.0,21,12,0.4342964051362595,0.1737098340657565,2.463872380921098,0.9130170137667265,3
UD_English-EWT,0,0.0,21,13,0.6064767577771932,0.23737931448986624,2.6993983796711176,0.8761387625352932,3
UD_English-EWT,0,0.0,21,14,0.7860519726419709,0.29571557582401836,2.363117715211514,0.830764035872423,3
UD_English-EWT,0,0.0,21,15,0.6243323678038811,0.24944542167209538,2.686753667606031,0.8613199970272721,3
UD_English-EWT,0,0.0,21,16,0.39063579570807394,0.1605895207278797,2.7060408330028825,0.9203700810833707,3
UD_English-EWT,0,0.0,21,17,1.964502596138605,0.6875974557927398,2.6189979594913337,0.4938965611607651,3
UD_English-EWT,0,0.0,21,18,0.48231329333261064,0.184110149038864,2.6715266481449045,0.9097120264351694,3
UD_English-EWT,0,0.0,21,19,0.4995937916384043,0.2067049795486888,2.738394633831222,0.883665725548085,3
UD_English-EWT,0,0.0,21,20,0.9117211946209923,0.34465859203390736,1.8967822806431294,0.7745048617486093,3
UD_English-EWT,0,0.0,21,21,0.9622727847490155,0.3533257588622023,2.6656289169045744,0.7992051194925778,3
UD_English-EWT,0,0.0,21,22,1.605069151015881,0.5730877782477707,2.1616722446321788,0.5439346760837107,3
UD_English-EWT,0,0.0,21,23,0.5771982837977305,0.22222404635913384,2.4794247220448455,0.8847363719848987,3
UD_English-EWT,0,0.0,21,24,0.4282664715266618,0.16796954585839816,2.585813980610644,0.9186138566888746,3
UD_English-EWT,0,0.0,21,25,1.6989731291929882,0.6113085938525982,2.4202898219634927,0.5127269430238692,3
UD_English-EWT,0,0.0,21,26,0.5226843148632779,0.20860174082504593,2.7086040447644195,0.8907607315830846,3
UD_English-EWT,0,0.0,21,27,0.30734197295632193,0.13038273899475,2.6914165515065847,0.9374353673125877,3
UD_English-EWT,0,0.0,21,28,0.767805734293057,0.28744800356242173,2.767845594492115,0.8478972689538705,3
UD_English-EWT,0,0.0,21,29,0.3715242342870744,0.1566992364976494,2.676382867853498,0.9206497126915417,3
UD_English-EWT,0,0.0,21,30,0.6005321046123739,0.22614552290306064,2.7510602374871573,0.8864764010971361,3
UD_English-EWT,0,0.0,21,31,0.8432568355661924,0.3217197303848514,2.6410020347175704,0.8132283034546127,3
UD_English-EWT,0,0.0,22,0,0.5175183833541115,0.19381306577942084,2.7285297138443405,0.9060812691847483,3
UD_English-EWT,0,0.0,22,1,0.39328935638558676,0.1573483567745959,2.749344799362245,0.924664131930617,3
UD_English-EWT,0,0.0,22,2,1.055030095772665,0.3973538738985856,2.309661339052388,0.7380613974127613,3
UD_English-EWT,0,0.0,22,3,0.5367989906725662,0.22585925289882666,2.7328614123532033,0.8523358240560756,3
UD_English-EWT,0,0.0,22,4,1.7298841297300787,0.6176883093809169,2.17839755012038,0.5081635313770159,3
UD_English-EWT,0,0.0,22,5,1.022611615680606,0.3688407315786093,2.6623963446565013,0.7854876940856214,3
UD_English-EWT,0,0.0,22,6,2.140187906600087,0.7156029530073124,2.7148336685094683,0.44292498664940644,3
UD_English-EWT,0,0.0,22,7,1.4006771103280489,0.4921993945872849,2.4752043739694063,0.680267358982498,3
UD_English-EWT,0,0.0,22,8,0.7868188836616895,0.3063111540968301,2.7611384647465793,0.8251924604747464,3
UD_English-EWT,0,0.0,22,9,0.5854951672133852,0.2330728610417719,2.7295785780812873,0.8745609491737815,3
UD_English-EWT,0,0.0,22,10,1.3773127431100836,0.4998598368685754,1.3932446195779604,0.4923064981083401,3
UD_English-EWT,0,0.0,22,11,1.0299225780970411,0.39680704242381887,2.7358314178354752,0.7378726818603895,3
UD_English-EWT,0,0.0,22,12,2.2353304041539386,0.7740052067191222,2.2405464714342127,0.2115661226253692,3
UD_English-EWT,0,0.0,22,13,0.8627567384900944,0.31648208412642037,2.6633132261330963,0.8266757955479491,3
UD_English-EWT,0,0.0,22,14,1.2593808021050332,0.4444447275800783,2.412261096343317,0.7153002715827338,3
UD_English-EWT,0,0.0,22,15,0.9540590349930883,0.3375552498984858,2.6568219093351417,0.8136729079354655,3
UD_English-EWT,0,0.0,22,16,0.6700226171909134,0.2638163092683573,2.7288295325360017,0.8558650904340169,3
UD_English-EWT,0,0.0,22,17,2.160879507090876,0.7338945758961589,2.7557350366167683,0.45886293387478166,3
UD_English-EWT,0,0.0,22,18,0.6316378816066544,0.23441259520219973,2.6915371121604585,0.8808198446621661,3
UD_English-EWT,0,0.0,22,19,0.3910328270918359,0.16628323725419616,2.6959342186242505,0.9136380273950556,3
UD_English-EWT,0,0.0,22,20,0.5461181484040667,0.20831549558483187,2.6924856805084834,0.896133448338248,3
UD_English-EWT,0,0.0,22,21,0.9321814106950344,0.3488866842753901,2.2745899701379035,0.786597268258939,3
UD_English-EWT,0,0.0,22,22,0.3403255187911414,0.1432736840485875,2.690814663640788,0.9302056252630683,3
UD_English-EWT,0,0.0,22,23,0.970639651753212,0.3573085249813854,2.7124660791920836,0.798225700692401,3
UD_English-EWT,0,0.0,22,24,0.35397494097794996,0.14706443608967495,2.705712151006271,0.9278484998993535,3
UD_English-EWT,0,0.0,22,25,1.579123714908225,0.5721953794197306,2.581998169747858,0.595512374828422,3
UD_English-EWT,0,0.0,22,26,1.3045698078603691,0.47948553628934537,2.0841830066644427,0.6450589187239688,3
UD_English-EWT,0,0.0,22,27,0.42098549637393873,0.17438281337664427,2.6905205129274257,0.9101252604703434,3
UD_English-EWT,0,0.0,22,28,1.0136208593682514,0.3607709127697137,2.2250888917615503,0.7751560036113353,3
UD_English-EWT,0,0.0,22,29,0.6537099485514594,0.2505269539873294,2.4644209273525925,0.865761956311966,3
UD_English-EWT,0,0.0,22,30,0.8635952249576485,0.32617875833898946,2.7636989605882776,0.8197859489038343,3
UD_English-EWT,0,0.0,22,31,0.4986900090356994,0.1854548690525072,2.7247198105184105,0.9119018864273375,3
UD_English-EWT,0,0.0,23,0,0.4095800065847694,0.16556544495044184,2.7073973791846817,0.9190604235630869,3
UD_English-EWT,0,0.0,23,1,0.8519238341864342,0.3276403066727633,0.8094073143161711,0.10590967635720805,3
UD_English-EWT,0,0.0,23,2,0.8161670801743783,0.29124098855371033,2.541624894884766,0.8421401879012259,3
UD_English-EWT,0,0.0,23,3,0.9345173669643089,0.3423558959503317,2.637540528520209,0.8098873466741844,3
UD_English-EWT,0,0.0,23,4,1.312368032873654,0.4780151662442202,2.772949021370684,0.7042335407411467,3
UD_English-EWT,0,0.0,23,5,0.8614819141847839,0.31011081912397037,2.6741335633022536,0.8322373341178634,3
UD_English-EWT,0,0.0,23,6,1.0815352755166143,0.3720751636422397,2.7738599531311805,0.7931028793418342,3
UD_English-EWT,0,0.0,23,7,0.26420068268567487,0.11019280298658814,2.7120475541047058,0.9506460974613825,3
UD_English-EWT,0,0.0,23,8,0.366193877136121,0.15034205185585334,2.7113803025803285,0.92750231832103,3
UD_English-EWT,0,0.0,23,9,1.1860910736309374,0.41172314846450514,2.6366944135538217,0.7507723882550099,3
UD_English-EWT,0,0.0,23,10,0.5356627947808615,0.2083592202025847,2.6481248106135697,0.891487946438659,3
UD_English-EWT,0,0.0,23,11,0.7306752407648526,0.26398590424917434,2.331034252552387,0.8560281051475492,3
UD_English-EWT,0,0.0,23,12,0.5274569061203082,0.20518684856430755,2.671394692255499,0.8963357181659813,3
UD_English-EWT,0,0.0,23,13,0.5711794761034961,0.21461369300800595,2.714169512192408,0.8934225729905844,3
UD_English-EWT,0,0.0,23,14,0.5780355258554709,0.20637102628666196,2.7567043646437224,0.9011671550449778,3
UD_English-EWT,0,0.0,23,15,0.38272330643293634,0.1442746432202924,2.6693209004206735,0.9344720592101415,3
UD_English-EWT,0,0.0,23,16,1.0559931880300815,0.36357696680097634,2.4935931188812672,0.7802857927611617,3
UD_English-EWT,0,0.0,23,17,0.9472445432768494,0.3494823811158456,2.2190225658520975,0.7804150178295667,3
UD_English-EWT,0,0.0,23,18,0.7102452325202077,0.266548084084942,2.6669836598015872,0.8588971745609587,3
UD_English-EWT,0,0.0,23,19,0.7292881154460332,0.271243227859501,2.730943891357203,0.859054311214249,3
UD_English-EWT,0,0.0,23,20,0.5237939138515074,0.2108140220570434,2.695548900001036,0.8883491492336565,3
UD_English-EWT,0,0.0,23,21,0.4456432008189582,0.16875300441405486,2.5971246643470285,0.9199743403600213,3
UD_English-EWT,0,0.0,23,22,1.2788059068182127,0.4456925340444664,2.6176124847000413,0.7294280490751475,3
UD_English-EWT,0,0.0,23,23,1.0402086596997058,0.3758631981298572,2.076392692132074,0.7520594165299107,3
UD_English-EWT,0,0.0,23,24,0.32159559998681636,0.12091521451585606,2.768233773649716,0.9478403635200907,3
UD_English-EWT,0,0.0,23,25,0.27137902092005384,0.1082806713736611,2.711533262267139,0.9528533282175742,3
UD_English-EWT,0,0.0,23,26,0.8141479108258675,0.2873419836529943,2.3182283947702316,0.8356743384091581,3
UD_English-EWT,0,0.0,23,27,0.5107673542991362,0.18682312305833473,2.5889187105040734,0.9102200409753727,3
UD_English-EWT,0,0.0,23,28,1.2988469960585318,0.4625789243829706,2.720062553231182,0.7226916571539608,3
UD_English-EWT,0,0.0,23,29,1.807523352526576,0.6277951772421435,2.465930013220167,0.5373886174680106,3
UD_English-EWT,0,0.0,23,30,0.1981032099880156,0.0810455777606026,2.749657050833676,0.9662438763783929,3
UD_English-EWT,0,0.0,23,31,0.45597341734040625,0.1856987667397235,2.7027064434817576,0.9043459189556987,3
UD_English-EWT,0,0.0,24,0,0.373982554576436,0.14674397072464715,2.6452988210271617,0.9319192283466214,3
UD_English-EWT,0,0.0,24,1,1.019794641133866,0.39911431786629664,2.7085688518044733,0.6948249089872577,3
UD_English-EWT,0,0.0,24,2,0.36275086173268617,0.14166935018767587,2.5604106049394346,0.9345787745681616,3
UD_English-EWT,0,0.0,24,3,0.3125459979710683,0.13633969684940625,2.686029275909799,0.931546688079834,3
UD_English-EWT,0,0.0,24,4,0.5864456232046821,0.22833282683716447,2.7425648436520267,0.8829427557727678,3
UD_English-EWT,0,0.0,24,5,0.17789583499517922,0.07400513244436575,2.7267813690698866,0.9698973206874452,3
UD_English-EWT,0,0.0,24,6,1.1494126253115022,0.4198068032458506,1.7821426360659263,0.6894825946926421,3
UD_English-EWT,0,0.0,24,7,1.5784403214363454,0.5579583178696736,2.802900768205768,0.6462168520509871,3
UD_English-EWT,0,0.0,24,8,0.2935554738171765,0.12656415050818784,2.7138313050152827,0.9396365069952167,3
UD_English-EWT,0,0.0,24,9,0.4995324875487656,0.18827310474233225,2.705835878360467,0.909660720352918,3
UD_English-EWT,0,0.0,24,10,0.5870549897027146,0.22184916190762338,2.7590071798348035,0.8895919485007479,3
UD_English-EWT,0,0.0,24,11,0.7193936703960753,0.27329316967334905,2.7011974247101223,0.8439520204164944,3
UD_English-EWT,0,0.0,24,12,0.4568192508132731,0.1724228948924711,2.6671808459719677,0.919108960146461,3
UD_English-EWT,0,0.0,24,13,2.519246844646058,0.8556915616891422,2.611567145162593,0.2025876261110677,3
UD_English-EWT,0,0.0,24,14,1.0500651534463539,0.38998858785368706,2.732182710060005,0.771292060450778,3
UD_English-EWT,0,0.0,24,15,0.43406661522518747,0.18017375630026308,2.6950497439975947,0.906513729870645,3
UD_English-EWT,0,0.0,24,16,0.5421830727998677,0.2122783476354483,2.720154881477356,0.8913421541289553,3
UD_English-EWT,0,0.0,24,17,0.5001327483787563,0.20234594058978264,2.7177637219429016,0.8947994697615097,3
UD_English-EWT,0,0.0,24,18,1.9649313759934055,0.6886431499908531,2.478518314048892,0.47911009949738864,3
UD_English-EWT,0,0.0,24,19,0.27962119645271144,0.11181401508692347,2.7476946555200166,0.9507793554517089,3
UD_English-EWT,0,0.0,24,20,0.41007221746640127,0.14983992234808827,2.757157704054984,0.93283862355954,3
UD_English-EWT,0,0.0,24,21,0.41124210689888624,0.16227135192501088,2.6258253386763277,0.9226378688558204,3
UD_English-EWT,0,0.0,24,22,0.5717781593239373,0.21111382631574824,2.7226408224939647,0.8967846514748746,3
UD_English-EWT,0,0.0,24,23,0.9332745057311865,0.3231188865388677,2.7409077591257667,0.8235786098762939,3
UD_English-EWT,0,0.0,24,24,0.973735535731081,0.37093265515451873,2.7289556527072616,0.7752379104087913,3
UD_English-EWT,0,0.0,24,25,0.36371759952254634,0.13659199018825274,2.736602218587542,0.9390098863774962,3
UD_English-EWT,0,0.0,24,26,1.208318583056575,0.4126094619188804,2.2691833713992695,0.7238868242078792,3
UD_English-EWT,0,0.0,24,27,0.7882408184594795,0.2849370224065468,2.366181451440509,0.841943132339931,3
UD_English-EWT,0,0.0,24,28,0.6636290456590757,0.2401180089008613,2.225627914803927,0.8676751886234909,3
UD_English-EWT,0,0.0,24,29,0.5745384218018563,0.2178779797312992,2.749605497538718,0.8903215923270241,3
UD_English-EWT,0,0.0,24,30,1.1887424892740823,0.4310908871677404,1.0675440683879487,0.38514596989246014,3
UD_English-EWT,0,0.0,24,31,0.37471339092310013,0.1530377987843475,2.5522952226341746,0.925067644708795,3
UD_English-EWT,0,0.0,25,0,0.8502891556324204,0.32724643225878314,2.7520042436370438,0.8113324860406053,3
UD_English-EWT,0,0.0,25,1,0.20824268271973553,0.08061276001173778,2.704122399860393,0.9673920395107217,3
UD_English-EWT,0,0.0,25,2,0.7398112494437421,0.2730791679089838,2.4376393271599963,0.8522843773084912,3
UD_English-EWT,0,0.0,25,3,1.0820066051893547,0.3897605826620196,2.7901021302397786,0.7813200417274985,3
UD_English-EWT,0,0.0,25,4,0.8313194406651409,0.3108668725917248,2.7330904054185736,0.8270159943507669,3
UD_English-EWT,0,0.0,25,5,0.8430981310338922,0.3031437319240283,2.666922562435025,0.838243256175453,3
UD_English-EWT,0,0.0,25,6,0.7867932053374463,0.2839877459276569,2.1898136410882563,0.8322396296295312,3
UD_English-EWT,0,0.0,25,7,0.5151483398236212,0.2001803991858099,2.779887447591688,0.9017015794098703,3
UD_English-EWT,0,0.0,25,8,0.277915108582524,0.11057589047898848,2.711706125671095,0.9519199946376143,3
UD_English-EWT,0,0.0,25,9,0.7804736684743171,0.287845457776811,2.751589935008294,0.8465136949970423,3
UD_English-EWT,0,0.0,25,10,0.2758300586557779,0.10723432723453136,2.7601417887731983,0.9544545325750861,3
UD_English-EWT,0,0.0,25,11,0.6947197231764349,0.2627225130022875,2.7409509788445434,0.8599368832964714,3
UD_English-EWT,0,0.0,25,12,0.7365289001516957,0.2688700902006014,2.766817899349609,0.8631836489412953,3
UD_English-EWT,0,0.0,25,13,0.3681795953116456,0.13543310670864062,2.7777531355456575,0.9400059246951765,3
UD_English-EWT,0,0.0,25,14,0.242305847546442,0.09161687046900148,2.7646304978047564,0.9625020749419114,3
UD_English-EWT,0,0.0,25,15,0.6651900630912494,0.2529174741153997,2.699113618643557,0.8682050429732421,3
UD_English-EWT,0,0.0,25,16,0.5885071132759578,0.22464252869939547,2.7941419093009556,0.8887196669324501,3
UD_English-EWT,0,0.0,25,17,0.5319903297909622,0.2047988923134211,2.765938219965481,0.8997587471223268,3
UD_English-EWT,0,0.0,25,18,0.8298106735032764,0.30134197283800834,2.1636802488988867,0.8210387659854576,3
UD_English-EWT,0,0.0,25,19,1.3167841126684283,0.4754375738035786,2.5117973835090472,0.6938757871995206,3
UD_English-EWT,0,0.0,25,20,0.3967064223125007,0.14870969486000435,2.6811022932737902,0.9323626910565329,3
UD_English-EWT,0,0.0,25,21,0.6688052621858368,0.25754963552650534,2.7447642431558807,0.8632794400381911,3
UD_English-EWT,0,0.0,25,22,0.4505367156504933,0.1740776661661316,2.7474059627030063,0.9178643318636169,3
UD_English-EWT,0,0.0,25,23,0.8100057551281048,0.29320742489128815,2.686186546673541,0.8441377635536297,3
UD_English-EWT,0,0.0,25,24,1.2834839541566827,0.43834348259076394,2.807999411730167,0.7473133375735882,3
UD_English-EWT,0,0.0,25,25,0.48681722809382477,0.1862800618216314,2.798566559136239,0.9115130617156056,3
UD_English-EWT,0,0.0,25,26,0.68050229985043,0.26350747907910843,2.7738657285932633,0.860063145232331,3
UD_English-EWT,0,0.0,25,27,1.1031228788400609,0.3918074200062153,2.7315795880849243,0.7781664188442333,3
UD_English-EWT,0,0.0,25,28,1.0683151338595511,0.3999064613561161,1.8307437377223552,0.7111011061186346,3
UD_English-EWT,0,0.0,25,29,1.6825143126516398,0.5775110939405655,2.2567275275623864,0.5449422954535875,3
UD_English-EWT,0,0.0,25,30,0.99172779127874,0.3523907260613038,2.534617396488867,0.7986512859988082,3
UD_English-EWT,0,0.0,25,31,0.3764900142540697,0.14320490588663054,2.7783916309231618,0.9369212271737272,3
UD_English-EWT,0,0.0,26,0,0.6031303744091362,0.22696184281442985,2.7762496074040732,0.8863841696677963,3
UD_English-EWT,0,0.0,26,1,0.30319462848898493,0.11249385263180472,2.772801953912433,0.9519217871740216,3
UD_English-EWT,0,0.0,26,2,1.098939946766108,0.3883903814795239,2.5718804952876817,0.7738573098443245,3
UD_English-EWT,0,0.0,26,3,0.41042593361738594,0.15961403749333541,2.7657425651133387,0.9264539941086797,3
UD_English-EWT,0,0.0,26,4,1.1532516358980065,0.43949194073351355,2.666411249852571,0.6622623968156961,3
UD_English-EWT,0,0.0,26,5,0.6055776852239025,0.21437958572975924,2.6572535664983135,0.8948086332427999,3
UD_English-EWT,0,0.0,26,6,2.3187626956916247,0.8055229577861849,2.587677138424962,0.3204928510746018,3
UD_English-EWT,0,0.0,26,7,0.7668867488213577,0.2738106046788028,2.775860762661272,0.8607996776292884,3
UD_English-EWT,0,0.0,26,8,0.6300393829091651,0.22920928164665164,2.572089036794308,0.8840706512087682,3
UD_English-EWT,0,0.0,26,9,0.5980230654523673,0.22218323032794104,2.8013916844552984,0.8894911384810515,3
UD_English-EWT,0,0.0,26,10,1.7010148723757332,0.5757535345893089,2.807740182010202,0.627476498158903,3
UD_English-EWT,0,0.0,26,11,0.5746167171034006,0.20630910019568408,2.58610389792854,0.8982407629001335,3
UD_English-EWT,0,0.0,26,12,0.28111226077043944,0.09970417159197272,2.753565531610791,0.958073709750436,3
UD_English-EWT,0,0.0,26,13,1.1796772962059479,0.41990968564657566,1.0904497595432678,0.28231948856366135,3
UD_English-EWT,0,0.0,26,14,0.6549847271761607,0.2717486250117584,2.668480838582815,0.7405424763555409,3
UD_English-EWT,0,0.0,26,15,1.2291680506832612,0.4639200851565502,2.71647788592375,0.6407312788069248,3
UD_English-EWT,0,0.0,26,16,1.0006878539675572,0.3468553462152273,1.9151156106607512,0.7568170719785116,3
UD_English-EWT,0,0.0,26,17,0.39893186238945505,0.14728637558759236,2.7699615963495496,0.934911330540975,3
UD_English-EWT,0,0.0,26,18,1.2965160334696535,0.47170453925764627,2.5630982896017898,0.6552349014686105,3
UD_English-EWT,0,0.0,26,19,2.671382421352824,0.9096681551366556,2.6866518263934087,0.1677038953665013,3
UD_English-EWT,0,0.0,26,20,0.8816745630541786,0.31657914094667616,2.6255061898400873,0.8279729825877101,3
UD_English-EWT,0,0.0,26,21,1.2221069267538727,0.45300482901556244,2.766314446600409,0.7174447375079973,3
UD_English-EWT,0,0.0,26,22,1.6995480275544963,0.5952976406679127,1.7752662859653514,0.3995045700767001,3
UD_English-EWT,0,0.0,26,23,1.0461889648698066,0.3872276867225848,2.7825976457100747,0.7779112795337303,3
UD_English-EWT,0,0.0,26,24,0.9105347371329375,0.32927307997489236,2.78046019269469,0.8234927678694491,3
UD_English-EWT,0,0.0,26,25,1.2583813686839869,0.4569806594177674,2.805397500594457,0.728541194904046,3
UD_English-EWT,0,0.0,26,26,0.6929941200167754,0.26754868502825335,2.742048914803833,0.8558082094446556,3
UD_English-EWT,0,0.0,26,27,0.9102304752081469,0.3470924815234265,2.7499859339552497,0.7973495880192746,3
UD_English-EWT,0,0.0,26,28,0.5799780158234424,0.22617084925861955,2.822553308772259,0.8756282085277997,3
UD_English-EWT,0,0.0,26,29,0.9278092564292293,0.33362774292383685,2.7576617963327084,0.8171094409266456,3
UD_English-EWT,0,0.0,26,30,0.5801074210900427,0.23985310655107592,2.5726867459836553,0.7290367770716141,3
UD_English-EWT,0,0.0,26,31,0.48946230760851844,0.17678161069262224,2.513646204126337,0.9153140443758886,3
UD_English-EWT,0,0.0,27,0,0.4684784448211962,0.1649647740840586,2.452349587053549,0.9201407842134518,3
UD_English-EWT,0,0.0,27,1,0.3700080868162093,0.1396660803934264,2.598173885886135,0.9370160501022808,3
UD_English-EWT,0,0.0,27,2,1.1401088078165316,0.42331353412137007,2.4573903075658556,0.6143317795638504,3
UD_English-EWT,0,0.0,27,3,0.5853239897170354,0.20284457093542393,2.709494129230416,0.9018271237286063,3
UD_English-EWT,0,0.0,27,4,1.517669033483078,0.5357229585856036,2.7096802979870573,0.6618028499715315,3
UD_English-EWT,0,0.0,27,5,0.5671707562328688,0.1930968656810255,2.7160842368185847,0.9058511858917976,3
UD_English-EWT,0,0.0,27,6,1.67953578354231,0.5857042496403059,2.178780186860288,0.5443448662106457,3
UD_English-EWT,0,0.0,27,7,1.6999879240012559,0.5900069912437533,2.2192498934073526,0.39301331125421174,3
UD_English-EWT,0,0.0,27,8,2.018095726198186,0.6773281696308505,2.299497545742598,0.3718290121951064,3
UD_English-EWT,0,0.0,27,9,1.2303391844848466,0.43067756148635367,1.5512659045679322,0.47078195824720415,3
UD_English-EWT,0,0.0,27,10,0.3978667468076847,0.14164901067772523,2.802035939823734,0.9375003615363701,3
UD_English-EWT,0,0.0,27,11,0.38324516913929924,0.13714343363347928,2.7436752457762026,0.9389196797961095,3
UD_English-EWT,0,0.0,27,12,1.4660238464836215,0.5140026190974674,2.435132963654122,0.506319896273488,3
UD_English-EWT,0,0.0,27,13,0.24142045301736378,0.08870806504305595,2.774055030502257,0.9642549030116347,3
UD_English-EWT,0,0.0,27,14,0.3412981021721832,0.12517777875147232,2.7417349706256324,0.9456723929265808,3
UD_English-EWT,0,0.0,27,15,1.6887803476690595,0.5830582717403037,2.5579894388634,0.5937280302734974,3
UD_English-EWT,0,0.0,27,16,2.245289003588463,0.7789100978543849,2.7228421050994123,0.35768189089871494,3
UD_English-EWT,0,0.0,27,17,1.4609355648032956,0.5258076644904627,1.4601414112445434,0.44760217790395185,3
UD_English-EWT,0,0.0,27,18,1.0741463841392043,0.35891512838380585,2.7139195879626143,0.7951809763094116,3
UD_English-EWT,0,0.0,27,19,0.23117349013849034,0.08789180175915279,2.7191675461706573,0.9643227977505147,3
UD_English-EWT,0,0.0,27,20,1.4020926810678889,0.47679271316919164,2.775044271529046,0.7122342150068023,3
UD_English-EWT,0,0.0,27,21,0.7095182685415602,0.2411894256584957,2.526279692604242,0.8715834250378478,3
UD_English-EWT,0,0.0,27,22,1.6981169355860173,0.5629557256327301,2.628341738643542,0.6090837834718449,3
UD_English-EWT,0,0.0,27,23,0.5367574241073405,0.1798316997786363,2.777919236753808,0.9143132871943095,3
UD_English-EWT,0,0.0,27,24,0.8792421099999563,0.3022212117828958,2.6022060135674607,0.8332003684806043,3
UD_English-EWT,0,0.0,27,25,1.0976720328946583,0.3679953629324019,2.711964893699344,0.78913424510122,3
UD_English-EWT,0,0.0,27,26,0.5243481901662598,0.18573041989015096,2.6544482082617087,0.9118502557766243,3
UD_English-EWT,0,0.0,27,27,0.8852019951643189,0.3084440214019981,2.7859820831017417,0.8358738547791549,3
UD_English-EWT,0,0.0,27,28,0.3997561070314848,0.1408957559411806,2.7243961274949577,0.9370158238977683,3
UD_English-EWT,0,0.0,27,29,0.8492928424982426,0.31387591683636595,2.7808290176052863,0.8288461854223345,3
UD_English-EWT,0,0.0,27,30,1.063070082599348,0.35650429115350785,2.7322058685816053,0.7991697659583691,3
UD_English-EWT,0,0.0,27,31,0.4819341191991431,0.17441835152646887,2.1210562565613316,0.9102757635012351,3
UD_English-EWT,0,0.0,28,0,1.055136475325282,0.392483977020764,2.740941006303485,0.7531264469923218,3
UD_English-EWT,0,0.0,28,1,0.1719722261377534,0.06529395398811076,2.781274874190815,0.9748937767711493,3
UD_English-EWT,0,0.0,28,2,1.469243612608623,0.5055058038299852,2.6588920048677203,0.6842060472633018,3
UD_English-EWT,0,0.0,28,3,1.0221868242885246,0.35492504998797275,2.7079168567891982,0.8043679553465765,3
UD_English-EWT,0,0.0,28,4,0.4027218578454575,0.1470223293624452,2.6669147734433576,0.9340318467447667,3
UD_English-EWT,0,0.0,28,5,0.7547793095229102,0.2709805367137891,1.8633563430582891,0.8325790122069948,3
UD_English-EWT,0,0.0,28,6,1.0752184403235796,0.3743008112565416,2.807937509538046,0.795035700654723,3
UD_English-EWT,0,0.0,28,7,1.1537416233716766,0.43762156973933913,2.725995280052144,0.6378409555181861,3
UD_English-EWT,0,0.0,28,8,0.734271826273431,0.24917435334598434,2.709569277984849,0.8715623781655003,3
UD_English-EWT,0,0.0,28,9,0.6377612794520425,0.22495764923470266,2.7662695973622995,0.8899513902397104,3
UD_English-EWT,0,0.0,28,10,1.2629539926683968,0.44172898956823864,1.531732784594343,0.598474577394991,3
UD_English-EWT,0,0.0,28,11,0.7324768554806059,0.2615780717199617,2.7127488076361153,0.8665734533566595,3
UD_English-EWT,0,0.0,28,12,0.29169143129730485,0.10466825373755778,2.777308169284153,0.9564554587902268,3
UD_English-EWT,0,0.0,28,13,1.307401327161841,0.4753107961491157,2.5962718493137205,0.5712204365316738,3
UD_English-EWT,0,0.0,28,14,1.0280145343209877,0.3744673797341644,2.7798478025230557,0.7908088055953302,3
UD_English-EWT,0,0.0,28,15,0.4855471134511499,0.17561287298554276,2.5320437833911082,0.9164333329663249,3
UD_English-EWT,0,0.0,28,16,0.7057310332203172,0.25232892499758247,2.454079139102352,0.8667395722344925,3
UD_English-EWT,0,0.0,28,17,1.3986768939130296,0.499444926086345,2.6035660717005285,0.683854845540771,3
UD_English-EWT,0,0.0,28,18,0.47413063533807714,0.19412640879144435,2.7102926293683183,0.89540380231344,3
UD_English-EWT,0,0.0,28,19,0.21768092830243005,0.08242657244755108,2.681227044655325,0.9669153025892915,3
UD_English-EWT,0,0.0,28,20,1.7436465744763776,0.6235040576080155,2.7617006474505357,0.5568510299456901,3
UD_English-EWT,0,0.0,28,21,0.6868522688339317,0.2524620151666344,2.7157021404289807,0.8715946508235618,3
UD_English-EWT,0,0.0,28,22,1.2703444318530337,0.43274180167685444,2.3910407682911297,0.7167288624360914,3
UD_English-EWT,0,0.0,28,23,1.9993610325081101,0.7069035305188653,2.6759411513479683,0.46940238380936977,3
UD_English-EWT,0,0.0,28,24,0.6028582655666955,0.21666234186112554,1.9647647453461843,0.8769477554520623,3
UD_English-EWT,0,0.0,28,25,1.3316333507253824,0.48402106953286084,2.684464873186226,0.5804234564589347,3
UD_English-EWT,0,0.0,28,26,1.5960218321755935,0.5535867501233445,2.145838398751014,0.5749838221919993,3
UD_English-EWT,0,0.0,28,27,0.25929741614340435,0.09272993151403841,2.7950530420235595,0.9620817879347202,3
UD_English-EWT,0,0.0,28,28,2.4191059173782015,0.8232633178351355,2.6441940220653035,0.23889737038318415,3
UD_English-EWT,0,0.0,28,29,1.238847576611029,0.4207405195128722,2.773600209443296,0.7572278965854905,3
UD_English-EWT,0,0.0,28,30,1.9650270331427049,0.6625506745987251,2.691573699966806,0.5265779659722021,3
UD_English-EWT,0,0.0,28,31,0.3607487237803597,0.15185981059619963,2.7100089202161697,0.9189412369916999,3
UD_English-EWT,0,0.0,29,0,1.19412284942924,0.421483638263791,2.1395464265932804,0.7150798094728605,3
UD_English-EWT,0,0.0,29,1,0.40144919080893854,0.13890334572948393,2.6788787278321267,0.9373419126037691,3
UD_English-EWT,0,0.0,29,2,1.4352993427729996,0.5067800261853822,2.7929657497366924,0.6905416777469421,3
UD_English-EWT,0,0.0,29,3,0.24980233931313447,0.09028448720203071,2.658949615851126,0.9630317907841479,3
UD_English-EWT,0,0.0,29,4,0.4638200710054304,0.17369080458060315,2.741258799052629,0.9191210099745318,3
UD_English-EWT,0,0.0,29,5,1.254255163702157,0.45896214568386967,2.6647686733574165,0.6176548889364863,3
UD_English-EWT,0,0.0,29,6,0.07571456235288922,0.0299678715263987,2.7416172740889375,0.9898690543865246,3
UD_English-EWT,0,0.0,29,7,0.7119754115577605,0.2715907029888995,1.9628663624896376,0.7929949330909004,3
UD_English-EWT,0,0.0,29,8,0.37752804937747014,0.1391066297318766,2.6060348216627465,0.9378341287374496,3
UD_English-EWT,0,0.0,29,9,2.022054244260319,0.7138091938091757,2.752573607560715,0.4154915095337468,3
UD_English-EWT,0,0.0,29,10,0.9869354582223736,0.3783971635329593,2.710214137705298,0.6640125838250858,3
UD_English-EWT,0,0.0,29,11,0.1467532062282165,0.056393865236371264,2.6982095811536397,0.9786533600157076,3
UD_English-EWT,0,0.0,29,12,2.128384752677438,0.7294600891773818,2.8171964460383347,0.4860957882117704,3
UD_English-EWT,0,0.0,29,13,1.019067295343498,0.3742625782154297,2.8072432258415745,0.7910802127396476,3
UD_English-EWT,0,0.0,29,14,1.500851348775332,0.5330816011448376,1.8394357658149112,0.4927959020549808,3
UD_English-EWT,0,0.0,29,15,2.305933232027325,0.7884853631258011,2.3662731649119997,0.16562960425116977,3
UD_English-EWT,0,0.0,29,16,0.24322875322458523,0.0884538648619515,2.759680875500694,0.9644890782611618,3
UD_English-EWT,0,0.0,29,17,0.18791845795072493,0.06736002735223601,2.783818439870584,0.9740679953756229,3
UD_English-EWT,0,0.0,29,18,1.5043009822485878,0.5521387626401714,2.749427444622165,0.6204232659007682,3
UD_English-EWT,0,0.0,29,19,1.3927222607565708,0.5072352474993044,2.8075223486931598,0.6820133770994149,3
UD_English-EWT,0,0.0,29,20,0.5143203287909591,0.17560166857444523,2.507938047250112,0.9132705932595039,3
UD_English-EWT,0,0.0,29,21,1.2740156788969301,0.45946238849495274,2.811414524994261,0.7289950214122815,3
UD_English-EWT,0,0.0,29,22,0.4692944492228695,0.15424704483501572,2.747863473787985,0.9268232306333187,3
UD_English-EWT,0,0.0,29,23,1.2911578412752984,0.4735366221659822,2.7218879249577967,0.6504112766455106,3
UD_English-EWT,0,0.0,29,24,1.5891885814445266,0.5424436975290866,2.4411042827726064,0.6227157056494489,3
UD_English-EWT,0,0.0,29,25,0.33973057165009074,0.13496799457085426,2.6786434326341237,0.9396745026763019,3
UD_English-EWT,0,0.0,29,26,1.229058379114,0.4458674083723397,2.7811007418267715,0.7312292902847458,3
UD_English-EWT,0,0.0,29,27,0.1685709924808617,0.06523495333401558,2.736621891377402,0.974849902866968,3
UD_English-EWT,0,0.0,29,28,0.8780318105318509,0.3158802039961997,2.760373288327879,0.8331534373141377,3
UD_English-EWT,0,0.0,29,29,1.3773904535614079,0.48267187817337737,1.2859769574279993,0.38838421219522185,3
UD_English-EWT,0,0.0,29,30,1.159917268108149,0.3932065679564502,2.7722293306243877,0.7772405705328196,3
UD_English-EWT,0,0.0,29,31,0.25456431715703404,0.10623417958830957,2.717310926301883,0.9532194248314112,3
UD_English-EWT,0,0.0,30,0,0.4209268316219414,0.15238504255282098,2.6387055742610346,0.9301451999144476,3
UD_English-EWT,0,0.0,30,1,0.5714062027673904,0.20158086827055352,1.9009976372367046,0.8815487976608379,3
UD_English-EWT,0,0.0,30,2,2.0774436233147897,0.7060743611041312,2.606841283336363,0.3404337367438266,3
UD_English-EWT,0,0.0,30,3,0.35098172935957467,0.11682537007221921,2.684372635649853,0.9472641055701209,3
UD_English-EWT,0,0.0,30,4,1.1844183790390608,0.43020325121495234,2.763101267684353,0.7450355121998188,3
UD_English-EWT,0,0.0,30,5,0.28170660921866125,0.10917743228253769,2.5601776580992945,0.9524443537159696,3
UD_English-EWT,0,0.0,30,6,0.31146878749132156,0.11899099236384765,2.804507862674734,0.9340073536328278,3
UD_English-EWT,0,0.0,30,7,1.0267914815352914,0.3718020272303801,2.7395170842363537,0.7900550635786004,3
UD_English-EWT,0,0.0,30,8,0.27364726384969357,0.09395607791922457,2.78609641018461,0.9609182435469549,3
UD_English-EWT,0,0.0,30,9,1.85355335848579,0.6406069496045999,1.9227859868052228,0.17858360336248666,3
UD_English-EWT,0,0.0,30,10,0.7072428139181085,0.2623190041936812,2.7483072999070903,0.8630766912561948,3
UD_English-EWT,0,0.0,30,11,1.4611069989986107,0.5246667400246761,2.586296180558335,0.5834462970668257,3
UD_English-EWT,0,0.0,30,12,2.4420647928949264,0.8099573854397718,2.4273072441052546,0.08141192726823329,3
UD_English-EWT,0,0.0,30,13,1.17368429158229,0.4234817922929597,2.2605707151967973,0.6959185101946846,3
UD_English-EWT,0,0.0,30,14,1.4447064870367938,0.5193386504151782,2.7988958977610685,0.6754490448558915,3
UD_English-EWT,0,0.0,30,15,0.3111870255870897,0.10305935128647936,2.434272722305496,0.9519721926724326,3
UD_English-EWT,0,0.0,30,16,0.8542694840274874,0.3136912291777916,1.7428529843932292,0.7780796012591794,3
UD_English-EWT,0,0.0,30,17,1.038600713258884,0.355743597114021,1.519312574400928,0.6940624303505069,3
UD_English-EWT,0,0.0,30,18,2.4807470396893923,0.8522383958264127,2.709440929153578,0.21768688103514902,3
UD_English-EWT,0,0.0,30,19,0.6767046903489066,0.2588686732768687,1.8318836804621859,0.8012738238022626,3
UD_English-EWT,0,0.0,30,20,0.09948606948912796,0.037064321257703293,2.7348481612127333,0.9868917631321267,3
UD_English-EWT,0,0.0,30,21,1.3329533663440922,0.4522140167368566,2.4073386182550522,0.7025677033298002,3
UD_English-EWT,0,0.0,30,22,0.11378477707179517,0.04022955337712348,2.7446052772425564,0.9855148951863982,3
UD_English-EWT,0,0.0,30,23,0.353867829008832,0.12929328372243976,2.7721302535364543,0.9432028235633516,3
UD_English-EWT,0,0.0,30,24,1.1398077945891625,0.4075072608033164,2.516631572624373,0.7549157329921514,3
UD_English-EWT,0,0.0,30,25,0.45791257233893284,0.15871705473120748,2.4076648198190282,0.9225163415807193,3
UD_English-EWT,0,0.0,30,26,2.4692324669471857,0.8320133296029816,2.578970549943669,0.17195507953922476,3
UD_English-EWT,0,0.0,30,27,2.653513917668921,0.9095629318490056,2.6189898268772605,0.1262885527329041,3
UD_English-EWT,0,0.0,30,28,0.6025095726948618,0.20796593453714754,2.5592975572484438,0.8953953089772678,3
UD_English-EWT,0,0.0,30,29,0.9387859574778646,0.2965938604737077,2.7270448072686215,0.8272049264992521,3
UD_English-EWT,0,0.0,30,30,0.10884697310361868,0.0399676199742883,2.751807935250913,0.9857490247553163,3
UD_English-EWT,0,0.0,30,31,2.1442052710577437,0.7381553048155999,2.611684800822878,0.32866646166346314,3
UD_English-EWT,0,0.0,31,0,2.808905111635969,0.9565986818303176,2.7932048752659657,0.025728691271010056,3
UD_English-EWT,0,0.0,31,1,1.6181907764549461,0.5581012068143307,1.587530482499326,0.01620516735396241,3
UD_English-EWT,0,0.0,31,2,2.8151580193003674,0.958617720610457,2.783438828473534,0.020907278654872963,3
UD_English-EWT,0,0.0,31,3,2.684192034716163,0.9166441119270899,2.635160159055001,0.03340879127719119,3
UD_English-EWT,0,0.0,31,4,2.55038311295822,0.8558618401487669,2.532489715948131,0.011765864661823491,3
UD_English-EWT,0,0.0,31,5,0.9899478154918535,0.3575937930759185,0.9886079581220293,0.012486121264671848,3
UD_English-EWT,0,0.0,31,6,1.2498444035405019,0.43904704258578725,1.2428696732052038,0.009090170203133987,3
UD_English-EWT,0,0.0,31,7,2.657738379116267,0.9091158812977577,2.647611198692374,0.014162852474974336,3
UD_English-EWT,0,0.0,31,8,2.639862797625078,0.9015418253635449,2.609685809560161,0.014851604696475174,3
UD_English-EWT,0,0.0,31,9,1.8478852456710377,0.6450828676178155,1.8169217213906876,0.010338629086379756,3
UD_English-EWT,0,0.0,31,10,2.6467309615325405,0.8990151277168201,2.6234314604535127,0.038090442951076504,3
UD_English-EWT,0,0.0,31,11,2.3512528838355684,0.8087313840460908,2.343199404536701,0.00618562087284807,3
UD_English-EWT,0,0.0,31,12,1.9860783834926419,0.6835628175507478,1.977929073930438,0.019192705948740407,3
UD_English-EWT,0,0.0,31,13,2.7689215785167263,0.940918024853279,2.7244489499128584,0.04141666990058507,3
UD_English-EWT,0,0.0,31,14,2.809634554581564,0.9581095163450867,2.799250210080642,0.012267487148259376,3
UD_English-EWT,0,0.0,31,15,1.9323855446336047,0.6582528444750061,2.0306204409221484,0.05670042159646505,3
UD_English-EWT,0,0.0,31,16,2.809350606196565,0.9583184702800271,2.774149837715379,0.07664642102069787,3
UD_English-EWT,0,0.0,31,17,1.257886998314675,0.4534364968456857,1.2519296319758306,0.004164803127135255,3
UD_English-EWT,0,0.0,31,18,2.625485031494026,0.9004426456865717,2.6034391766688865,0.010305161489608895,3
UD_English-EWT,0,0.0,31,19,1.696752705697805,0.5977157209821737,1.6885261335333839,0.004275735144468744,3
UD_English-EWT,0,0.0,31,20,2.36946127746926,0.8138644780780449,2.3110743765948247,0.052143689560515634,3
UD_English-EWT,0,0.0,31,21,2.7689226665457745,0.9450744077807567,2.742833771992251,0.01368143955751989,3
UD_English-EWT,0,0.0,31,22,2.7887969709159246,0.9487590248304638,2.748538904177035,0.03156186369008542,3
UD_English-EWT,0,0.0,31,23,0.8977928427887744,0.3205408355210974,0.8608497806259843,0.027709409432953903,3
UD_English-EWT,0,0.0,31,24,2.552187065690593,0.8517647552522806,2.6572264016000298,0.07425825615907139,3
UD_English-EWT,0,0.0,31,25,2.80321292017327,0.9530345523129395,2.7572313565048368,0.05511189160787098,3
UD_English-EWT,0,0.0,31,26,2.728939932552192,0.9307466261699552,2.68567390845773,0.07384764872837425,3
UD_English-EWT,0,0.0,31,27,2.4922355030729473,0.8342918966555856,2.46638141303766,0.02103470005171343,3
UD_English-EWT,0,0.0,31,28,1.3823904145936499,0.49472445290271044,1.3769509481276316,0.006714683855395374,3
UD_English-EWT,0,0.0,31,29,2.131628090729479,0.7393621168012827,2.1121119527868886,0.012922464621500138,3
UD_English-EWT,0,0.0,31,30,2.772355444770042,0.9458717923672473,2.7553939552255016,0.00813459586816499,3
UD_English-EWT,0,0.0,31,31,2.2036568213030288,0.7490709463103874,2.1549719510182657,0.027071158163748235,3
UD_English-EWT,8,0.125,0,0,1.7026470319820886,0.5673403861255594,1.8121962743032665,0.3586262513735825,3
UD_English-EWT,8,0.125,0,1,2.710377758752236,0.9184079164527154,2.7898597207551443,0.1807143908988121,3
UD_English-EWT,8,0.125,0,2,2.8791155097480243,0.9825887171677118,2.831970207569595,0.11006697607421756,3
UD_English-EWT,8,0.125,0,3,2.7116870127197608,0.9198257736658139,2.8157120807357607,0.2471550377628652,3
UD_English-EWT,8,0.125,0,4,2.5591331354744447,0.8640305414551595,2.658561758032045,0.06137128678792562,3
UD_English-EWT,8,0.125,0,5,2.8380681614515346,0.9670194121712109,2.8033423817331458,0.061948438914864234,3
UD_English-EWT,8,0.125,0,6,2.5273441360730726,0.8589279097123224,2.4823700328287965,0.13935071351905717,3
UD_English-EWT,8,0.125,0,7,2.264608159878432,0.7581190500808761,2.644527493740257,0.4114459383934193,3
UD_English-EWT,8,0.125,0,8,2.238034788838067,0.7656973231115628,2.1368555607637205,0.11247848038084955,3
UD_English-EWT,8,0.125,0,9,1.776793879753688,0.590394832485632,1.8427709128388725,0.3394593310259106,3
UD_English-EWT,8,0.125,0,10,2.5283706228915457,0.853774047560162,2.689275824089954,0.2824103109290881,3
UD_English-EWT,8,0.125,0,11,2.790499880828493,0.9514973571825983,2.757382859514928,0.012669578274773038,3
UD_English-EWT,8,0.125,0,12,2.6551862004024733,0.9027623477746446,2.6257929182823454,0.1256381970981241,3
UD_English-EWT,8,0.125,0,13,2.7911574384553837,0.9510554823013386,2.8058548665220404,0.18101901041245416,3
UD_English-EWT,8,0.125,0,14,2.1586175457810226,0.7332320953490304,2.1177260029402802,0.22886986201815643,3
UD_English-EWT,8,0.125,0,15,2.595422006587079,0.8902998649140308,2.531709582807805,0.037548815149589965,3
UD_English-EWT,8,0.125,0,16,2.073111483633844,0.7022344749183386,2.0166712612022253,0.25193216678141894,3
UD_English-EWT,8,0.125,0,17,2.5934906205627217,0.8822874482483595,2.530031021474055,0.12495796407788368,3
UD_English-EWT,8,0.125,0,18,1.717432500994705,0.5827086867801913,1.5652516554559297,0.17135152582398094,3
UD_English-EWT,8,0.125,0,19,2.2716846209569055,0.7664723049150356,2.4354932406452403,0.32601893575139385,3
UD_English-EWT,8,0.125,0,20,2.453335665451373,0.8353892405176423,2.453674306282146,0.19076350778307363,3
UD_English-EWT,8,0.125,0,21,2.873411289981154,0.9811078295898784,2.836499396840514,0.11713097117271254,3
UD_English-EWT,8,0.125,0,22,2.163704552964217,0.738047453237253,2.126087847031748,0.18956097270207706,3
UD_English-EWT,8,0.125,0,23,2.5840732057346454,0.8754454756966489,2.6310486162729383,0.21493718677110465,3
UD_English-EWT,8,0.125,0,24,2.811397713010211,0.9596478226840605,2.760536475585458,0.10889448999267798,3
UD_English-EWT,8,0.125,0,25,2.7250302798218193,0.9321709914177059,2.6713548270079612,0.11797759237356538,3
UD_English-EWT,8,0.125,0,26,1.3349688238106356,0.45524385956901453,1.2337299486612034,0.06447212540581466,3
UD_English-EWT,8,0.125,0,27,2.679052892495591,0.9068665222446342,2.711428073477441,0.19860722810939255,3
UD_English-EWT,8,0.125,0,28,1.957583985639183,0.6566884294830819,2.057747942868803,0.3502480151515135,3
UD_English-EWT,8,0.125,0,29,0.6494247471720306,0.20651185139844053,1.4587421224254076,0.8268435761902501,3
UD_English-EWT,8,0.125,0,30,2.7442433823218977,0.9367023803877266,2.6929052967191396,0.08758196835397643,3
UD_English-EWT,8,0.125,0,31,2.683160426078164,0.9093444959170615,2.767698364016788,0.14133365223445474,3
UD_English-EWT,8,0.125,1,0,2.1529218266244796,0.7423544129821554,2.130398297841866,0.09205324149000134,3
UD_English-EWT,8,0.125,1,1,2.002238989907753,0.6866926421667493,1.9790390821645385,0.2482925035697298,3
UD_English-EWT,8,0.125,1,2,2.3626979578605334,0.8101870069358301,2.3048526546451344,0.13725955282992774,3
UD_English-EWT,8,0.125,1,3,2.16886185438038,0.7498336560847764,2.1175118553671033,0.22241475590197657,3
UD_English-EWT,8,0.125,1,4,1.4860867216558837,0.5137772164519584,1.7201874562028543,0.4746553953024533,3
UD_English-EWT,8,0.125,1,5,1.933302132701179,0.6609846566598488,1.892020623622045,0.29936947315619183,3
UD_English-EWT,8,0.125,1,6,2.0755720531571322,0.7181616705623481,2.04165821301264,0.09137703405476034,3
UD_English-EWT,8,0.125,1,7,1.578139978978369,0.5396853956531306,1.6168991689364984,0.4022463039920847,3
UD_English-EWT,8,0.125,1,8,1.6144776070161377,0.5514426377274516,1.7761132252726615,0.4708822880055626,3
UD_English-EWT,8,0.125,1,9,1.7289149540261057,0.602138342807419,1.5985462289093189,0.16195167869309096,3
UD_English-EWT,8,0.125,1,10,2.080215539871452,0.7145500948520306,2.0814124587346514,0.17305233644470844,3
UD_English-EWT,8,0.125,1,11,1.1931252556366132,0.40125263896931934,1.637229262805376,0.6485747083723002,3
UD_English-EWT,8,0.125,1,12,2.0296066713897694,0.697663903887806,1.9772629298147608,0.2729711652663833,3
UD_English-EWT,8,0.125,1,13,1.9685495338913304,0.6836811745970192,1.9530257214342528,0.2700826215518737,3
UD_English-EWT,8,0.125,1,14,2.058785255598023,0.7139619639879585,2.1175530555578312,0.3036451926166514,3
UD_English-EWT,8,0.125,1,15,1.7936456337544,0.6197690804962251,1.754644093672,0.09165112996127843,3
UD_English-EWT,8,0.125,1,16,2.0733302689423763,0.7141794590567848,2.051966851607698,0.14153135361960786,3
UD_English-EWT,8,0.125,1,17,1.6192332455966423,0.5673409875665532,1.6219474849968007,0.22024931878407905,3
UD_English-EWT,8,0.125,1,18,1.676992286722734,0.5675677631613553,1.7067784126339063,0.3725259578964912,3
UD_English-EWT,8,0.125,1,19,2.115068363633095,0.7291350260729782,2.0786212719094777,0.09122103977208797,3
UD_English-EWT,8,0.125,1,20,1.9208010413390475,0.6594398164059729,1.824487943819746,0.23251563224276506,3
UD_English-EWT,8,0.125,1,21,1.315414538176116,0.4504526487682252,1.3585395666283773,0.5191112936411616,3
UD_English-EWT,8,0.125,1,22,1.344260838133824,0.4762847152672613,1.329710232266963,0.027848626637220836,3
UD_English-EWT,8,0.125,1,23,2.1558770809614374,0.7378689414110774,2.18227915777969,0.18516330848632886,3
UD_English-EWT,8,0.125,1,24,1.5974907870718258,0.5578689889368246,1.5151602179083452,0.07767308642833286,3
UD_English-EWT,8,0.125,1,25,1.5501094758239164,0.533084523713111,1.5948059330601076,0.0642257372590837,3
UD_English-EWT,8,0.125,1,26,1.526166855203215,0.5257613285018881,1.6839421143677284,0.4473424276442204,3
UD_English-EWT,8,0.125,1,27,1.1829220170803192,0.41899128627364535,1.1566628368608722,0.07177775514647976,3
UD_English-EWT,8,0.125,1,28,1.6876839707675095,0.5871947643046823,1.6521294338184191,0.0735011092541512,3
UD_English-EWT,8,0.125,1,29,1.7740506426395612,0.6120362338119735,1.8001953517044393,0.3246310718174352,3
UD_English-EWT,8,0.125,1,30,1.9481019121484462,0.6647377606406671,2.0785655905585902,0.3773143022458573,3
UD_English-EWT,8,0.125,1,31,1.813789444000126,0.6296650717655817,1.765050901605566,0.32345822149504294,3
UD_English-EWT,8,0.125,2,0,0.7939223955590652,0.28196856303510337,1.1640866142994504,0.6974034103715897,3
UD_English-EWT,8,0.125,2,1,0.5044056954428906,0.17896459926214944,0.9994213718052389,0.7752050600593098,3
UD_English-EWT,8,0.125,2,2,1.212425888588954,0.43126413376767775,1.0043287851825655,0.4166890412012627,3
UD_English-EWT,8,0.125,2,3,0.5098172883063772,0.18033798027169534,1.2185242757988324,0.7534832252742542,3
UD_English-EWT,8,0.125,2,4,0.8452320105798257,0.29567798204000745,1.3457326816296533,0.698259951183759,3
UD_English-EWT,8,0.125,2,5,0.9874480061355184,0.34921094613702786,1.2169894544044697,0.6406311819937168,3
UD_English-EWT,8,0.125,2,6,1.0689568737545516,0.37240602899824554,1.5523813381546834,0.6443419842514292,3
UD_English-EWT,8,0.125,2,7,0.9577222361156416,0.3311442265996136,1.5074983584967683,0.6772807587772771,3
UD_English-EWT,8,0.125,2,8,0.8074882309917761,0.284905047941349,1.3047244412271486,0.7036821294799854,3
UD_English-EWT,8,0.125,2,9,0.6277204847102391,0.2203499023583743,1.2665249273072392,0.7505926402838722,3
UD_English-EWT,8,0.125,2,10,0.58647320591904,0.20683123673124068,1.2045277568676216,0.7594312938415397,3
UD_English-EWT,8,0.125,2,11,0.8853274429240731,0.30953381214636927,1.3825348458220617,0.6859439579881932,3
UD_English-EWT,8,0.125,2,12,0.7177228953940403,0.2536912981203617,1.2597167992282434,0.7239531398647361,3
UD_English-EWT,8,0.125,2,13,0.7118402974364536,0.25234334255977514,1.1692924786949417,0.7255704244276431,3
UD_English-EWT,8,0.125,2,14,0.7356618391332947,0.2564412618228972,1.3011190436766882,0.7263324084286263,3
UD_English-EWT,8,0.125,2,15,0.588954560675799,0.20373162977526368,1.2049905584890988,0.7573507183141505,3
UD_English-EWT,8,0.125,2,16,0.8314850370794914,0.2940961021678912,1.2973080244872088,0.6998654834193285,3
UD_English-EWT,8,0.125,2,17,0.7469939802228754,0.2645074817570832,1.1506105617150149,0.6947333768675129,3
UD_English-EWT,8,0.125,2,18,0.6605679885923645,0.234202888907902,1.0920882748748653,0.7325019372766244,3
UD_English-EWT,8,0.125,2,19,0.7363527688063777,0.25968228632716533,1.2729944910426607,0.7219945582644319,3
UD_English-EWT,8,0.125,2,20,0.6357041313050006,0.22418247748722742,1.2086764847103149,0.7414592277591128,3
UD_English-EWT,8,0.125,2,21,0.4890459746441283,0.17302950953162244,0.822674597645745,0.7857023659408201,3
UD_English-EWT,8,0.125,2,22,0.5182840559692656,0.1821678993012247,1.0561468171495232,0.7794564306220287,3
UD_English-EWT,8,0.125,2,23,0.526895355178766,0.1842043910223061,0.9339364998395435,0.777583491898571,3
UD_English-EWT,8,0.125,2,24,0.819805187144349,0.2905151768874221,1.169888977049587,0.6941897420718153,3
UD_English-EWT,8,0.125,2,25,0.4899273476171526,0.16887945435323728,1.23786491884397,0.7863127330151847,3
UD_English-EWT,8,0.125,2,26,0.5299224642212274,0.1874496155488008,1.085707908472511,0.7671672210694446,3
UD_English-EWT,8,0.125,2,27,0.7970553014719203,0.27330781421021905,1.2077696112091425,0.7158814099072758,3
UD_English-EWT,8,0.125,2,28,0.6782043546723212,0.23797003136360798,1.3330600571925524,0.7394111965441964,3
UD_English-EWT,8,0.125,2,29,0.962085955455655,0.33456088227299613,1.6282891912049935,0.6723644985445861,3
UD_English-EWT,8,0.125,2,30,1.134852379533328,0.4002876811014498,1.2062204298317323,0.5756133817584137,3
UD_English-EWT,8,0.125,2,31,0.9462023824724778,0.33048344958566794,1.4064992494433304,0.6681832827098383,3
UD_English-EWT,8,0.125,3,0,0.6671830011168681,0.23523246477576878,1.570434439784842,0.7697400728101504,3
UD_English-EWT,8,0.125,3,1,0.45783258551131184,0.16222811009113988,1.212841122826809,0.8136511199949868,3
UD_English-EWT,8,0.125,3,2,0.7318958799695707,0.2578847822283678,1.205252417096892,0.7415462474937539,3
UD_English-EWT,8,0.125,3,3,0.5769475658436073,0.20079787653991324,1.3599583106098496,0.7902193127339112,3
UD_English-EWT,8,0.125,3,4,0.49004639826972846,0.1723734531873915,1.3598176311898318,0.8090517382342742,3
UD_English-EWT,8,0.125,3,5,0.6212024621136202,0.21743437412698738,1.3291727984782125,0.7726993085595971,3
UD_English-EWT,8,0.125,3,6,0.8881951711244054,0.3111170495848404,1.0891183965410258,0.6615418520143667,3
UD_English-EWT,8,0.125,3,7,0.5892144992459015,0.20808528364892162,1.5022661606009322,0.7810080811204915,3
UD_English-EWT,8,0.125,3,8,0.44195660465619174,0.15561284346740104,1.104649639547631,0.8232472240381988,3
UD_English-EWT,8,0.125,3,9,0.48332695505040646,0.16414510922418238,1.1938425564565076,0.8173178889820919,3
UD_English-EWT,8,0.125,3,10,0.7681596359349991,0.2720971990627778,1.12172440866955,0.726889888235183,3
UD_English-EWT,8,0.125,3,11,0.7071654987479059,0.24765598915435905,1.357841883987894,0.7553087361224796,3
UD_English-EWT,8,0.125,3,12,0.5758503799433591,0.20253819660309072,1.3512340723681102,0.7865851568312593,3
UD_English-EWT,8,0.125,3,13,0.7099645591200158,0.25068522546989996,1.2569316704036542,0.7509780407141902,3
UD_English-EWT,8,0.125,3,14,0.6192048032359239,0.21904031080931752,1.2348708909391706,0.7717357775254111,3
UD_English-EWT,8,0.125,3,15,0.7328081270221803,0.2588876886819175,1.2598574762190191,0.7385428691713752,3
UD_English-EWT,8,0.125,3,16,0.7358018619658083,0.25867464935885426,1.3455471284619662,0.7457916228090479,3
UD_English-EWT,8,0.125,3,17,0.35896673691009456,0.12533636766321318,0.9524692583673096,0.8489064563520402,3
UD_English-EWT,8,0.125,3,18,0.6233936336861825,0.21756726282840436,1.429875609978952,0.7638798643493913,3
UD_English-EWT,8,0.125,3,19,0.9514319386421439,0.33570468150934235,1.1205248349568449,0.664980903824279,3
UD_English-EWT,8,0.125,3,20,0.7246338649227102,0.2547359927158755,1.2795240913936785,0.7510498003297924,3
UD_English-EWT,8,0.125,3,21,0.5163237991825914,0.17832658815287558,1.177830099815228,0.8009071397053956,3
UD_English-EWT,8,0.125,3,22,0.8683863750138135,0.3046431775002966,1.356925416866721,0.7069800799756645,3
UD_English-EWT,8,0.125,3,23,0.5403235719924308,0.19083368023501232,1.325014862396461,0.7959083207358754,3
UD_English-EWT,8,0.125,3,24,0.6254158912664228,0.2213170621120023,1.3054896486152934,0.7723975381958138,3
UD_English-EWT,8,0.125,3,25,0.38846241992530167,0.13461137152970762,0.9590839046190996,0.8357150611384535,3
UD_English-EWT,8,0.125,3,26,0.5772833754266112,0.2028442235945135,1.2710753025822952,0.7686340675735083,3
UD_English-EWT,8,0.125,3,27,0.4066849910129941,0.14149325578906088,0.9340096808332129,0.8277682434692842,3
UD_English-EWT,8,0.125,3,28,0.4636004936146823,0.16176859949136965,0.9379214718123602,0.8197363501173768,3
UD_English-EWT,8,0.125,3,29,0.6061985107895347,0.20800340059595032,1.182824715347672,0.7822092020975763,3
UD_English-EWT,8,0.125,3,30,0.6798049325432173,0.23315757845370663,1.3606585081944917,0.7553701270202037,3
UD_English-EWT,8,0.125,3,31,0.4491023417080469,0.1611464150624862,1.082106001539417,0.815980310546733,3
UD_English-EWT,8,0.125,4,0,1.177411037146068,0.4164359820141493,1.1423512185043325,0.5364601459483088,3
UD_English-EWT,8,0.125,4,1,0.487718967681849,0.1656430463768026,0.9433294022099568,0.8040817889006627,3
UD_English-EWT,8,0.125,4,2,0.681328822761937,0.232112931538855,1.5023183532344186,0.7520959204527632,3
UD_English-EWT,8,0.125,4,3,1.0187224381499822,0.36039045929420194,1.1287647203452382,0.6172957005952986,3
UD_English-EWT,8,0.125,4,4,1.254399486116807,0.43987959356663003,1.7493868121141076,0.61696087691139,3
UD_English-EWT,8,0.125,4,5,0.5098580246611425,0.1736437843727433,1.0938207763425314,0.8042782274480292,3
UD_English-EWT,8,0.125,4,6,0.6339608468929602,0.22135671443273677,1.1399904423832676,0.7578734703334846,3
UD_English-EWT,8,0.125,4,7,0.852603999426239,0.2995086638002448,1.6108968544527482,0.7124401651363556,3
UD_English-EWT,8,0.125,4,8,0.6404573823001324,0.22478215482411654,1.2284852201169958,0.7563904668314753,3
UD_English-EWT,8,0.125,4,9,0.8629063400346615,0.2977694631002857,1.3438543317693614,0.7062331344287687,3
UD_English-EWT,8,0.125,4,10,0.6149306626335628,0.21530764464472163,1.236639968955886,0.7758648474251203,3
UD_English-EWT,8,0.125,4,11,0.677641521935743,0.2378923476526076,1.255350254978204,0.7484273451612838,3
UD_English-EWT,8,0.125,4,12,0.6094229667021711,0.2108484447334905,1.715760048607768,0.787175143588816,3
UD_English-EWT,8,0.125,4,13,0.7874320273733747,0.2731187431572619,1.2247355392368984,0.7236750027901054,3
UD_English-EWT,8,0.125,4,14,0.6301212022742613,0.21446976258516148,1.152828298807687,0.7715401285495914,3
UD_English-EWT,8,0.125,4,15,0.5758729372784251,0.20167955570431842,1.1300323248954527,0.7784132116995005,3
UD_English-EWT,8,0.125,4,16,0.5817274604983397,0.20122517239580606,1.1247670458721333,0.7873595354226985,3
UD_English-EWT,8,0.125,4,17,0.4956010706851663,0.16971013330445642,0.9765446374331939,0.8010386420729382,3
UD_English-EWT,8,0.125,4,18,0.8244419985388037,0.28920037954882843,1.274305560359755,0.7057251329915445,3
UD_English-EWT,8,0.125,4,19,0.715538772681426,0.24830958837531303,1.2658463626258578,0.7468124221610024,3
UD_English-EWT,8,0.125,4,20,0.47238866015861597,0.16348899057464086,1.0272731646243993,0.8120386610672773,3
UD_English-EWT,8,0.125,4,21,0.47415166587919977,0.1603995837298356,1.0069375430761356,0.818913913720401,3
UD_English-EWT,8,0.125,4,22,0.9545810071035595,0.3325379274493738,1.3986963805062305,0.6759495272730326,3
UD_English-EWT,8,0.125,4,23,0.5894074910583283,0.20095531001452946,1.1955507957123777,0.7840000012098983,3
UD_English-EWT,8,0.125,4,24,0.5695705930337662,0.19952588667160068,1.1278621959067434,0.7855052719730714,3
UD_English-EWT,8,0.125,4,25,0.8166354172379592,0.28656557844256225,1.397791372445872,0.7189398218210928,3
UD_English-EWT,8,0.125,4,26,1.0905550765263796,0.3767267656063013,1.547424073210614,0.6459393092042652,3
UD_English-EWT,8,0.125,4,27,0.6856001235395398,0.24128876050055462,1.3031666514706308,0.7457600578340026,3
UD_English-EWT,8,0.125,4,28,0.656897465123342,0.22949665010938988,1.2075062400792032,0.7565208674698579,3
UD_English-EWT,8,0.125,4,29,0.7003942616843705,0.23733430881543469,1.2714878170053816,0.7568180861124576,3
UD_English-EWT,8,0.125,4,30,0.5936018675531791,0.20449924813362963,1.1937306638270997,0.7808277008881985,3
UD_English-EWT,8,0.125,4,31,0.5278093258974114,0.1850056619737942,0.9303763983381034,0.7922729898943058,3
UD_English-EWT,8,0.125,5,0,1.473776420988889,0.5158596986222789,1.689006902888173,0.4911794059304266,3
UD_English-EWT,8,0.125,5,1,0.7265984293460194,0.25001975548926925,1.723243225304807,0.74828171025697,3
UD_English-EWT,8,0.125,5,2,1.2808539348574717,0.4460744573878894,1.7066872613351851,0.5864820233283256,3
UD_English-EWT,8,0.125,5,3,0.635708653956706,0.22515789744103218,1.5662211254374794,0.7666340486260168,3
UD_English-EWT,8,0.125,5,4,0.7973509091673545,0.2719101948232707,1.5937401171509034,0.7279536077355752,3
UD_English-EWT,8,0.125,5,5,0.5613412967660822,0.1951784544619299,1.276535593461795,0.7886899504776643,3
UD_English-EWT,8,0.125,5,6,0.45550244065758205,0.15919274395799946,1.0366972846832325,0.8099683593205415,3
UD_English-EWT,8,0.125,5,7,1.4979662624593206,0.5197973562665759,1.6234576676061243,0.41702213523085,3
UD_English-EWT,8,0.125,5,8,1.0944489527676928,0.38078017525361324,1.601776361818305,0.6357331209983982,3
UD_English-EWT,8,0.125,5,9,1.1945300791921512,0.42043563427712316,1.4976436677906246,0.5785407042215648,3
UD_English-EWT,8,0.125,5,10,1.2318268118660305,0.426776586436346,1.6009934842857942,0.5711329009431415,3
UD_English-EWT,8,0.125,5,11,1.003551920092171,0.34544334059855974,1.4513160380889376,0.6593998753769367,3
UD_English-EWT,8,0.125,5,12,0.5473180408971231,0.1870335180334448,1.1875366284452609,0.7892044982406393,3
UD_English-EWT,8,0.125,5,13,0.8828394438101078,0.2994288937078419,1.5649133686973749,0.7130291596638592,3
UD_English-EWT,8,0.125,5,14,0.9223477177742617,0.32140612822087083,1.4790412454521504,0.6814999248567827,3
UD_English-EWT,8,0.125,5,15,0.46405885488690574,0.17694433057894474,0.4062575144533794,0.0584810310300399,3
UD_English-EWT,8,0.125,5,16,1.1119977496089397,0.3947005963906347,1.438702025862991,0.6141162763582119,3
UD_English-EWT,8,0.125,5,17,0.9383130346735319,0.33285369572037987,1.5509254523910894,0.6968227229293144,3
UD_English-EWT,8,0.125,5,18,0.8488961974454057,0.3009941241413843,1.2719789231518361,0.6805351320348803,3
UD_English-EWT,8,0.125,5,19,0.5725869253270993,0.1964447331226317,1.192723151235307,0.7779533908259673,3
UD_English-EWT,8,0.125,5,20,0.5070902117916497,0.17343995007067134,1.2617728731108113,0.7914883379972046,3
UD_English-EWT,8,0.125,5,21,1.455631850439994,0.504963185726402,1.968906787900977,0.5662760567496817,3
UD_English-EWT,8,0.125,5,22,0.8148031541992841,0.2760613284316355,1.3606222904472185,0.7127158454464976,3
UD_English-EWT,8,0.125,5,23,0.6234677864852717,0.21426066773042818,1.2772109723278406,0.7855463031889744,3
UD_English-EWT,8,0.125,5,24,0.8377067517550265,0.29507006114121453,1.4142014082717982,0.7058681931977716,3
UD_English-EWT,8,0.125,5,25,0.5480641241987764,0.19256233457367333,1.3449567566084621,0.7930785773257524,3
UD_English-EWT,8,0.125,5,26,0.6295003005742809,0.21976097149499618,1.3617964664470736,0.7703062042675383,3
UD_English-EWT,8,0.125,5,27,0.5413588815061664,0.19021728444837702,1.4246391357077057,0.793142198457744,3
UD_English-EWT,8,0.125,5,28,1.0080122986099325,0.35334138877567695,1.7135638142706917,0.6878447667754957,3
UD_English-EWT,8,0.125,5,29,0.6619084454353606,0.22878847869014698,1.4307455424836857,0.7496061646778184,3
UD_English-EWT,8,0.125,5,30,1.044367181025242,0.35761460371464765,1.5727433028931175,0.6564476234882473,3
UD_English-EWT,8,0.125,5,31,0.50751610571868,0.17227744907887146,1.1379535968172856,0.7939657960324557,3
UD_English-EWT,8,0.125,6,0,0.9114729499339189,0.32126488953910237,1.731970644116619,0.7067658891104066,3
UD_English-EWT,8,0.125,6,1,0.7776960341297158,0.2672374552109012,1.391751974386813,0.7177875563773736,3
UD_English-EWT,8,0.125,6,2,0.6076291510954038,0.21214958770244716,1.6383673483421024,0.7739709600304102,3
UD_English-EWT,8,0.125,6,3,0.9252682493521216,0.3222961240500646,1.5311237414976506,0.6736905379237808,3
UD_English-EWT,8,0.125,6,4,1.0144229344209361,0.34516347147429355,1.6460052122563829,0.6743447039961706,3
UD_English-EWT,8,0.125,6,5,1.0141309117847452,0.35984029825132186,1.4469487543314532,0.6577643802107901,3
UD_English-EWT,8,0.125,6,6,0.5094810010855152,0.1774081150646608,1.3658882797117224,0.8127126663868979,3
UD_English-EWT,8,0.125,6,7,1.1149080330014012,0.3898841845845373,1.5498943907804177,0.640107773427592,3
UD_English-EWT,8,0.125,6,8,0.5480273942385065,0.18674743609021136,1.463339125520409,0.7868436804017517,3
UD_English-EWT,8,0.125,6,9,1.0633479093213334,0.37802676404597335,1.194232783953783,0.5050515164239485,3
UD_English-EWT,8,0.125,6,10,1.0070809429894814,0.3548676737216055,1.5013968799880726,0.6461366962824688,3
UD_English-EWT,8,0.125,6,11,0.9977332626372739,0.34844082237334956,1.566939545568004,0.6555280178133908,3
UD_English-EWT,8,0.125,6,12,0.6304532990185289,0.22093203275690096,1.5460821732552976,0.7835103005971522,3
UD_English-EWT,8,0.125,6,13,0.6294318462377634,0.2142897816290078,1.4884112056595813,0.7624077089741582,3
UD_English-EWT,8,0.125,6,14,1.4665799409096794,0.5177373228313059,1.8513150626627255,0.5230567845666886,3
UD_English-EWT,8,0.125,6,15,0.6297439291720399,0.21835234948181173,1.3145966570966883,0.7642841172321463,3
UD_English-EWT,8,0.125,6,16,0.45479463275270926,0.16339178137287824,0.9878241110233444,0.8217084309008169,3
UD_English-EWT,8,0.125,6,17,0.6292514434603395,0.2195233380174322,1.5493813467454605,0.7742803817401166,3
UD_English-EWT,8,0.125,6,18,0.6362008374771323,0.21696923168983395,1.3402129405522498,0.760841034257781,3
UD_English-EWT,8,0.125,6,19,1.4730288323103187,0.5197131743210153,1.695714865307339,0.48827099686111913,3
UD_English-EWT,8,0.125,6,20,1.155416193107764,0.39862847214188085,1.7131930619803935,0.6376488022981228,3
UD_English-EWT,8,0.125,6,21,1.137676726409212,0.3864788346311488,2.128112219043334,0.6843969488960906,3
UD_English-EWT,8,0.125,6,22,1.0387780879826058,0.35369591436303055,1.6923744874193805,0.6721369582881476,3
UD_English-EWT,8,0.125,6,23,1.0736101684457402,0.3772128780045036,1.6307667183040053,0.643051844477002,3
UD_English-EWT,8,0.125,6,24,1.0682807776988748,0.3750158941783757,1.636237640877022,0.652314096709581,3
UD_English-EWT,8,0.125,6,25,1.3112988703237856,0.44149423923635195,1.880406505613162,0.6009686997122995,3
UD_English-EWT,8,0.125,6,26,0.6874752087969815,0.24158268743525438,1.3572098241477715,0.7517489807473289,3
UD_English-EWT,8,0.125,6,27,1.5852079643360686,0.5567910203435381,1.924825298873019,0.5095765285723196,3
UD_English-EWT,8,0.125,6,28,0.8239014479645506,0.2828591539573691,1.624356462574396,0.7309560516275777,3
UD_English-EWT,8,0.125,6,29,1.184385222964708,0.40144201275130875,1.7774620514044128,0.6229180007331575,3
UD_English-EWT,8,0.125,6,30,0.8125502639509508,0.2854986278669322,1.3921754231815564,0.7033551824847423,3
UD_English-EWT,8,0.125,6,31,0.6694098456893354,0.2279615566297307,1.389788726972372,0.7645831879072285,3
UD_English-EWT,8,0.125,7,0,1.2341323061854679,0.4205307714328957,2.0670073959019666,0.6385164555155406,3
UD_English-EWT,8,0.125,7,1,1.6959765035869427,0.5902607027027341,2.056573527052537,0.4883634745599685,3
UD_English-EWT,8,0.125,7,2,0.9926207327913282,0.3412786977830426,2.013993767631293,0.7136577752457832,3
UD_English-EWT,8,0.125,7,3,0.8514181841130899,0.29209347714234024,1.7594673804300947,0.7290676992339081,3
UD_English-EWT,8,0.125,7,4,0.641176620657761,0.2238041629034259,1.3019747985001036,0.7570519683600992,3
UD_English-EWT,8,0.125,7,5,0.9812456681808704,0.33605122938752174,1.6460570767114724,0.6822971964224441,3
UD_English-EWT,8,0.125,7,6,1.2328167959694871,0.4289905051064622,1.3798003245572577,0.5009937303340934,3
UD_English-EWT,8,0.125,7,7,1.5593890105331747,0.5387838884970964,2.134487650704948,0.5451540758185266,3
UD_English-EWT,8,0.125,7,8,1.2416519915417028,0.42774005437809254,1.8178343604334064,0.617290720723583,3
UD_English-EWT,8,0.125,7,9,1.453740824984288,0.5118495362296782,1.3687725025067998,0.3803263438529656,3
UD_English-EWT,8,0.125,7,10,0.41622426863318696,0.14846511340135188,1.220396567522828,0.8365553645162634,3
UD_English-EWT,8,0.125,7,11,0.8964668752418624,0.3093603359626942,1.50961252950634,0.6950588158530291,3
UD_English-EWT,8,0.125,7,12,0.5040375238287861,0.1803968151240781,1.0843153681219275,0.7986123050361167,3
UD_English-EWT,8,0.125,7,13,1.1237780447024683,0.39052596467738815,1.713485908774296,0.6284465012505298,3
UD_English-EWT,8,0.125,7,14,0.7670631262529742,0.26286399529700616,1.6797687980212366,0.7408358915446017,3
UD_English-EWT,8,0.125,7,15,0.757752676696291,0.26535867274363945,1.6575706579971836,0.750758109882284,3
UD_English-EWT,8,0.125,7,16,1.203455143233249,0.41202381526023313,1.7106921852503536,0.6051232463770116,3
UD_English-EWT,8,0.125,7,17,1.1145328387943774,0.37926250819680035,1.9437856644066305,0.6692467721379303,3
UD_English-EWT,8,0.125,7,18,1.3788839424188453,0.4826705597598913,1.575080577874444,0.4882806306925411,3
UD_English-EWT,8,0.125,7,19,0.9916786328772377,0.3451333215599286,1.6113201222621676,0.6722244151167315,3
UD_English-EWT,8,0.125,7,20,0.7048390771589753,0.24500225004629794,1.4352642446484938,0.7416864559732934,3
UD_English-EWT,8,0.125,7,21,1.1131651764752544,0.3752681317218394,1.6667854289756665,0.6322051209409488,3
UD_English-EWT,8,0.125,7,22,1.1423723780514436,0.38779113400992155,1.7098176718735303,0.6347397905596293,3
UD_English-EWT,8,0.125,7,23,0.7629831238210419,0.2647610342601664,1.5395228269973087,0.7525669590914402,3
UD_English-EWT,8,0.125,7,24,1.2330090970560936,0.4360390956596707,1.4496530972977588,0.5536645432435424,3
UD_English-EWT,8,0.125,7,25,1.761981085404238,0.6014705032571634,2.0999605325618944,0.46481446307729285,3
UD_English-EWT,8,0.125,7,26,0.8363204690439453,0.2893862720232844,1.7298486557380315,0.726984328707385,3
UD_English-EWT,8,0.125,7,27,0.6795951722288175,0.23479328302154234,1.3678982376455175,0.7591615419950207,3
UD_English-EWT,8,0.125,7,28,1.0165436884798857,0.3544643295755803,1.338667484119073,0.57472564444923,3
UD_English-EWT,8,0.125,7,29,1.0251042861186088,0.3511698130138205,1.6645819548999243,0.6687763924413583,3
UD_English-EWT,8,0.125,7,30,0.9781369523761051,0.3428313545645206,1.64157261824293,0.6855035012211305,3
UD_English-EWT,8,0.125,7,31,0.8074466879929133,0.2800050134141208,1.3466871702578767,0.7158892824567298,3
UD_English-EWT,8,0.125,8,0,1.1557239309658989,0.40223857106976824,1.6903005039051366,0.6278300201333721,3
UD_English-EWT,8,0.125,8,1,1.4864897570540563,0.5155897302000032,1.689873444768032,0.45662991636057804,3
UD_English-EWT,8,0.125,8,2,1.3087619320508128,0.45482550432501817,1.7297262075765971,0.5664907651452962,3
UD_English-EWT,8,0.125,8,3,0.9766667266198196,0.33197326711523184,1.7313647174661495,0.686760606634378,3
UD_English-EWT,8,0.125,8,4,0.7660378313306143,0.26409661849088734,1.5404726815001126,0.7432565449623354,3
UD_English-EWT,8,0.125,8,5,1.578909731437817,0.543009219246701,1.760296239797535,0.3700427960923352,3
UD_English-EWT,8,0.125,8,6,0.9764658425322214,0.3291000394126865,1.6978873462842028,0.6807631762979894,3
UD_English-EWT,8,0.125,8,7,0.8247524888164793,0.2864490922689709,1.6713798360284995,0.7217396987103374,3
UD_English-EWT,8,0.125,8,8,1.2668006547433215,0.4422819869277255,1.9184853856897963,0.6266878740912903,3
UD_English-EWT,8,0.125,8,9,1.189876585845956,0.40531050009425656,1.7155918018902587,0.6245886413126044,3
UD_English-EWT,8,0.125,8,10,1.887668997347898,0.6545500115700107,2.214465266205574,0.43969150416838015,3
UD_English-EWT,8,0.125,8,11,1.5007520550912847,0.5206544990558007,1.946838705537532,0.5279717996431504,3
UD_English-EWT,8,0.125,8,12,1.088156972399392,0.3748560677806699,1.7267392480199673,0.6521431490480357,3
UD_English-EWT,8,0.125,8,13,1.4007971971575681,0.47706678241681316,2.0310583053282265,0.5901224698009604,3
UD_English-EWT,8,0.125,8,14,1.1863356706413197,0.40837852996120905,1.9465992497941835,0.6519531477480204,3
UD_English-EWT,8,0.125,8,15,1.458606443498521,0.5102184558446724,1.675182919820367,0.4897861016510506,3
UD_English-EWT,8,0.125,8,16,1.4266298647786748,0.4997988830987221,1.7840299521639047,0.5351926711793372,3
UD_English-EWT,8,0.125,8,17,0.9476180980982893,0.3254861449025476,1.6815664673220698,0.6897725925148076,3
UD_English-EWT,8,0.125,8,18,0.733905657481246,0.2497397153120902,1.4825161048813378,0.7475434856418052,3
UD_English-EWT,8,0.125,8,19,0.7818914647799371,0.271302742218575,1.5890299150608278,0.7362335919926727,3
UD_English-EWT,8,0.125,8,20,0.9560583218090738,0.3307315505674628,1.5389262077912607,0.6783592025520372,3
UD_English-EWT,8,0.125,8,21,1.9702058682567651,0.6856176149921122,1.9706068620872845,0.30694520697404776,3
UD_English-EWT,8,0.125,8,22,1.666846142847681,0.572971007700175,2.186822832526405,0.5242961348392382,3
UD_English-EWT,8,0.125,8,23,1.0288790317018177,0.3505432265717367,1.7759328730987936,0.6743652325646039,3
UD_English-EWT,8,0.125,8,24,0.779790493820833,0.266735167376602,1.5467055544379305,0.7288278140846932,3
UD_English-EWT,8,0.125,8,25,0.9469949666322472,0.32921548274249,1.456077496373588,0.6912508535186993,3
UD_English-EWT,8,0.125,8,26,0.8689088169587115,0.30520788805460886,1.3379612562462064,0.6989588763544469,3
UD_English-EWT,8,0.125,8,27,1.1715617975277761,0.40423123590743176,1.63368900608821,0.6087634809627342,3
UD_English-EWT,8,0.125,8,28,0.6519062672207346,0.22216223083938624,1.4023207390853942,0.7616618735705568,3
UD_English-EWT,8,0.125,8,29,1.756479196861142,0.608986151158701,1.8041805182812645,0.3407428307774289,3
UD_English-EWT,8,0.125,8,30,1.1179990127058412,0.38430566633143926,1.7447308251983698,0.6389015693495725,3
UD_English-EWT,8,0.125,8,31,0.9943031752397236,0.3472167406712942,1.2493725569956073,0.5782422496986411,3
UD_English-EWT,8,0.125,9,0,1.0605570870317613,0.36615014846397664,1.8012569087179198,0.6668606752390636,3
UD_English-EWT,8,0.125,9,1,1.1567259285537925,0.40098162243085045,1.6181823237509025,0.6152182406659334,3
UD_English-EWT,8,0.125,9,2,1.4529853957435472,0.5068049680149836,1.7039835485875716,0.4736840050457171,3
UD_English-EWT,8,0.125,9,3,0.9228439694830303,0.31523151635336527,1.8706318837045972,0.7229584068439915,3
UD_English-EWT,8,0.125,9,4,1.677903499651042,0.5851467317597896,1.937242174463411,0.46012468449432126,3
UD_English-EWT,8,0.125,9,5,1.2633449677072586,0.4413039112066636,1.7114621589744026,0.5851095740518826,3
UD_English-EWT,8,0.125,9,6,1.5958999337557234,0.5494084436385358,1.9448911186938729,0.49896794177578235,3
UD_English-EWT,8,0.125,9,7,1.274684642562015,0.43759154362810987,1.9180157546137202,0.6151699641200362,3
UD_English-EWT,8,0.125,9,8,1.090901920826383,0.37340938628317016,1.7114486320585502,0.6515936139760664,3
UD_English-EWT,8,0.125,9,9,1.039991048570105,0.3569170055446132,1.7414835782378966,0.6752800794694919,3
UD_English-EWT,8,0.125,9,10,1.210377069865311,0.4142727926509194,1.7064780142355052,0.6119525997826528,3
UD_English-EWT,8,0.125,9,11,1.9532243015553348,0.6797877897818884,2.1110290725917333,0.37281645153172466,3
UD_English-EWT,8,0.125,9,12,1.5386774487562735,0.5235214963528194,2.10801566846818,0.5562862551521733,3
UD_English-EWT,8,0.125,9,13,1.7234832079629863,0.5972981218296105,2.1070060216989677,0.4902881016795318,3
UD_English-EWT,8,0.125,9,14,0.6880157139145503,0.23519251757693257,1.7467322583244147,0.7721332515876584,3
UD_English-EWT,8,0.125,9,15,1.2110847943413237,0.41391263691833985,1.8882262482017769,0.6349590917631902,3
UD_English-EWT,8,0.125,9,16,1.3365218183110539,0.4710418938341905,1.2409480153862897,0.3795911087527301,3
UD_English-EWT,8,0.125,9,17,1.1024144561130058,0.372459137293159,1.8110726178778107,0.6612534653090063,3
UD_English-EWT,8,0.125,9,18,1.253573524998077,0.4279663614005882,1.921013183525351,0.6227170841154287,3
UD_English-EWT,8,0.125,9,19,1.3704606188505293,0.4793492922447418,1.6724157560284238,0.5337580854517623,3
UD_English-EWT,8,0.125,9,20,1.1559671237657632,0.39460921565745916,1.8317894906836998,0.6484500583471605,3
UD_English-EWT,8,0.125,9,21,1.1275170936990522,0.3908705489543727,1.679223165757452,0.6269402283774808,3
UD_English-EWT,8,0.125,9,22,0.8164068411201075,0.27965522499140927,1.7947184356211097,0.7430829831444826,3
UD_English-EWT,8,0.125,9,23,1.0312465257630539,0.3526862883475526,1.924220220095907,0.7038881080547426,3
UD_English-EWT,8,0.125,9,24,1.3724506536875267,0.46693814410836537,2.061614748911562,0.6024613537043605,3
UD_English-EWT,8,0.125,9,25,1.6803158561144371,0.5745904100193678,1.958245172092389,0.4433042603614443,3
UD_English-EWT,8,0.125,9,26,0.8365392858104844,0.29255301638155196,1.6487794888149845,0.7237967095576999,3
UD_English-EWT,8,0.125,9,27,1.423566776980902,0.5025909332548334,1.2689500898122787,0.17498885334990175,3
UD_English-EWT,8,0.125,9,28,1.3319327402418863,0.4556503440092279,1.8548261892654423,0.5817326593852326,3
UD_English-EWT,8,0.125,9,29,0.9324892540419905,0.3125399173354435,1.7574237042084635,0.69977192186457,3
UD_English-EWT,8,0.125,9,30,1.367414722378571,0.46429987078047413,1.89485616292567,0.5866444306091858,3
UD_English-EWT,8,0.125,9,31,1.1838391798604382,0.4045444764264729,1.7652841930723797,0.6241174023293081,3
UD_English-EWT,8,0.125,10,0,0.8681828033362256,0.2956482698913589,1.7485081163966154,0.7138195936322104,3
UD_English-EWT,8,0.125,10,1,1.5714208280128208,0.5519741117167125,1.3599512295319085,0.16366428453882373,3
UD_English-EWT,8,0.125,10,2,1.738143441564181,0.5925788357718177,2.3572873262542626,0.5275880678443201,3
UD_English-EWT,8,0.125,10,3,1.6071007074771249,0.5591816965538078,1.7456910517914916,0.42023836809103604,3
UD_English-EWT,8,0.125,10,4,0.7143477183072836,0.24377214601551792,1.6219130394970136,0.7528518807271899,3
UD_English-EWT,8,0.125,10,5,1.1983113479554544,0.4179044610299916,1.7005691652903792,0.6067285930062686,3
UD_English-EWT,8,0.125,10,6,1.2669906097791668,0.4272600468417769,2.0350912784672395,0.6358006053989268,3
UD_English-EWT,8,0.125,10,7,0.7392303492188562,0.25266320438536466,1.64331614399814,0.7529659342217533,3
UD_English-EWT,8,0.125,10,8,1.2132889792485966,0.41197540866845506,2.0058822053703453,0.6425548186406954,3
UD_English-EWT,8,0.125,10,9,1.4510202859078818,0.4963337838961887,1.756361732988844,0.508405292559354,3
UD_English-EWT,8,0.125,10,10,1.0474055640277316,0.35720972392456996,1.9025436218536182,0.6843638815026466,3
UD_English-EWT,8,0.125,10,11,1.0493893236980412,0.3589272951819206,1.789907671199036,0.6751049451177128,3
UD_English-EWT,8,0.125,10,12,1.5746357630266516,0.532964048686629,2.2166963749461703,0.5586045692065809,3
UD_English-EWT,8,0.125,10,13,1.1301982871210965,0.3894709463864022,1.836997193472633,0.6509992341716216,3
UD_English-EWT,8,0.125,10,14,1.187446747402676,0.41962131081600224,1.1700008069936911,0.21145751076378946,3
UD_English-EWT,8,0.125,10,15,0.9671902683426122,0.32454850842568933,1.6777020000694878,0.6725794151696786,3
UD_English-EWT,8,0.125,10,16,1.1464632771407104,0.38957141849376903,1.9731828127945272,0.6651616519374709,3
UD_English-EWT,8,0.125,10,17,1.712900575040034,0.598094299245619,1.6448645138458258,0.15083879148604548,3
UD_English-EWT,8,0.125,10,18,1.1307604724103635,0.38701420037147133,1.9727897714613132,0.6698576240835946,3
UD_English-EWT,8,0.125,10,19,0.8830697428306161,0.3012161972594934,1.7113208034650877,0.7092520030849836,3
UD_English-EWT,8,0.125,10,20,1.1462169801222606,0.3970915800425307,1.7756598183583259,0.6437358686764926,3
UD_English-EWT,8,0.125,10,21,1.0377202773897591,0.3532850014178153,1.819684276109619,0.6813321245023353,3
UD_English-EWT,8,0.125,10,22,1.6045761956054656,0.5577472696701685,1.6968658325993513,0.40251749606704673,3
UD_English-EWT,8,0.125,10,23,0.9695321575268586,0.33059838406049485,1.827830348917044,0.6997057268555481,3
UD_English-EWT,8,0.125,10,24,1.157368560482787,0.39659983138189076,1.8090335934241395,0.6421776121119224,3
UD_English-EWT,8,0.125,10,25,1.550319910972279,0.5453493799912473,1.4136076204492312,0.22074854409895525,3
UD_English-EWT,8,0.125,10,26,0.9577817591433099,0.3265180472617049,1.5446363309422042,0.6822835689916094,3
UD_English-EWT,8,0.125,10,27,1.5608404544750414,0.5287125554675396,2.020788346374838,0.5281672924960571,3
UD_English-EWT,8,0.125,10,28,1.5917640238566042,0.5459464103634891,2.017202491398718,0.521935630467583,3
UD_English-EWT,8,0.125,10,29,1.2363078946380017,0.4257933230347972,1.762725299499074,0.6017974567462187,3
UD_English-EWT,8,0.125,10,30,1.4116438128230566,0.4736010436925406,1.924236004361255,0.5625099295814723,3
UD_English-EWT,8,0.125,10,31,1.2417753281950517,0.4252750641973401,1.9149941933665335,0.629269159041033,3
UD_English-EWT,8,0.125,11,0,1.9032932893798868,0.6461571773788968,2.180687929274606,0.421184016140568,3
UD_English-EWT,8,0.125,11,1,1.3255105078328937,0.4515416395183795,1.8671035704716958,0.5886827043184709,3
UD_English-EWT,8,0.125,11,2,1.1471278064889334,0.4017457338915171,1.4352180170122608,0.4896134351140977,3
UD_English-EWT,8,0.125,11,3,1.2278876708097795,0.41743872425975265,2.065186033157703,0.6421323282294694,3
UD_English-EWT,8,0.125,11,4,1.9244072190833659,0.6613502366729556,2.366807122319557,0.461766225745552,3
UD_English-EWT,8,0.125,11,5,0.5320185041207759,0.18467905489941602,1.5682700197119097,0.7881601700773005,3
UD_English-EWT,8,0.125,11,6,2.0870606221787917,0.7240600677135864,2.1128805026222013,0.2905459405857737,3
UD_English-EWT,8,0.125,11,7,1.4029708550275999,0.47753305405459767,2.0032106573627293,0.585412492653277,3
UD_English-EWT,8,0.125,11,8,1.3544405971557065,0.46260053267488715,1.9231169587221737,0.5922871397804802,3
UD_English-EWT,8,0.125,11,9,1.2865948764054285,0.4346856772560348,2.139908769580184,0.6327349932860916,3
UD_English-EWT,8,0.125,11,10,1.3390417563676398,0.4593106087887548,2.1025189990228643,0.6283243765175777,3
UD_English-EWT,8,0.125,11,11,1.3387408105754897,0.45709169778857506,2.0332721400402067,0.6167863532832955,3
UD_English-EWT,8,0.125,11,12,1.0876774635769848,0.3723813439965357,1.943707238645284,0.6800516139858407,3
UD_English-EWT,8,0.125,11,13,1.2068222312490797,0.4088293541636732,1.9327538648589713,0.639494783572432,3
UD_English-EWT,8,0.125,11,14,0.6749828577598045,0.23727798850049955,1.6867451398533333,0.7687925064905746,3
UD_English-EWT,8,0.125,11,15,0.7908743133934686,0.27555544266921683,1.451758980181048,0.7377076914944501,3
UD_English-EWT,8,0.125,11,16,1.5133905029687724,0.5226727817173648,1.9063823388139625,0.5125435882999488,3
UD_English-EWT,8,0.125,11,17,1.3161199517235946,0.4489320005088339,2.1248425303369705,0.6309873974714123,3
UD_English-EWT,8,0.125,11,18,1.1271669395634385,0.3889817794910437,1.779745737820158,0.6573561137721947,3
UD_English-EWT,8,0.125,11,19,1.4734270910720575,0.4974286691345043,2.052736827530279,0.5611642088964989,3
UD_English-EWT,8,0.125,11,20,1.2217723977071773,0.41812732480534226,1.7222276725458532,0.6028016208516661,3
UD_English-EWT,8,0.125,11,21,1.9105462050828776,0.6610717606783347,2.089173803455408,0.3970495998750836,3
UD_English-EWT,8,0.125,11,22,1.672762273086442,0.5734110514892906,1.8882702613191744,0.40291048792311296,3
UD_English-EWT,8,0.125,11,23,0.6476441304384305,0.22727275379714582,1.5400346994725733,0.771934243974247,3
UD_English-EWT,8,0.125,11,24,1.3996385404049592,0.47909241768180344,1.9474733736508532,0.5737894593054371,3
UD_English-EWT,8,0.125,11,25,1.514119428580793,0.52267138624669,2.0965174865147236,0.5594201077162568,3
UD_English-EWT,8,0.125,11,26,1.1336678607840573,0.3859168358540708,2.017090718630016,0.66766701408667,3
UD_English-EWT,8,0.125,11,27,1.587347194742418,0.5559533153183908,1.8297586708935232,0.46264519860699965,3
UD_English-EWT,8,0.125,11,28,1.0653441427088934,0.3591026598570668,1.6850310707081428,0.6524029293577637,3
UD_English-EWT,8,0.125,11,29,1.3265438620645709,0.4549447543891944,1.971766631948492,0.6022208604235575,3
UD_English-EWT,8,0.125,11,30,1.422394462934066,0.48535279786461905,1.9386233390463288,0.5557699906241101,3
UD_English-EWT,8,0.125,11,31,1.2048733718489688,0.40794271409158717,1.850029526186771,0.6294372659346228,3
UD_English-EWT,8,0.125,12,0,1.7616501156586768,0.6071360216956104,2.0922271679605076,0.4624254922221376,3
UD_English-EWT,8,0.125,12,1,1.769800333445298,0.5994404671825673,2.1726293530186234,0.46129641494287926,3
UD_English-EWT,8,0.125,12,2,0.5520724902278956,0.19434481155710848,1.2039297597112986,0.7970141030590173,3
UD_English-EWT,8,0.125,12,3,1.8500360183159945,0.6400443813839897,2.015490718715178,0.3447211370659222,3
UD_English-EWT,8,0.125,12,4,1.249230009556251,0.4276414206472034,1.8326790989368122,0.6108970834868527,3
UD_English-EWT,8,0.125,12,5,1.4764327859617972,0.5078838960978395,2.067595105842163,0.5697613743851418,3
UD_English-EWT,8,0.125,12,6,1.4413116634679188,0.49420475050508433,2.052822592832786,0.5782439382729851,3
UD_English-EWT,8,0.125,12,7,1.5658092970242266,0.5450356031321871,1.7662916355554306,0.4803438039262438,3
UD_English-EWT,8,0.125,12,8,1.7070885131539324,0.5810832089603707,2.30983026203562,0.5266508007445839,3
UD_English-EWT,8,0.125,12,9,1.7637878630330655,0.6006359035634387,2.1333834572079406,0.4696577337480579,3
UD_English-EWT,8,0.125,12,10,1.7731235680630082,0.6092038396304856,2.377620580472147,0.5223912971674419,3
UD_English-EWT,8,0.125,12,11,1.3283304301767402,0.44863887254033363,1.98041423373535,0.609239851109317,3
UD_English-EWT,8,0.125,12,12,1.0976047138997331,0.37283726232652237,1.870087640858739,0.6695351513519965,3
UD_English-EWT,8,0.125,12,13,1.8464790246634317,0.6259860109626053,2.371898391099141,0.4902441139911422,3
UD_English-EWT,8,0.125,12,14,1.2789927783858148,0.43231473176422885,1.912375253053528,0.6200822286701376,3
UD_English-EWT,8,0.125,12,15,0.9500209864819311,0.32704452208441787,1.7755915751385558,0.6914039637031668,3
UD_English-EWT,8,0.125,12,16,1.0775750760660798,0.373722113994627,1.777010991355109,0.6635046007013278,3
UD_English-EWT,8,0.125,12,17,0.9329614564165718,0.3145420872631783,1.8141540390166213,0.717549096480799,3
UD_English-EWT,8,0.125,12,18,1.4198372266060233,0.48889319790028485,1.928821912120166,0.5581475461007033,3
UD_English-EWT,8,0.125,12,19,1.8013885357503685,0.6245977816143106,2.044096283411068,0.4290646198858763,3
UD_English-EWT,8,0.125,12,20,1.5154455560369786,0.5201031441218432,1.9727492929590638,0.5375343959893902,3
UD_English-EWT,8,0.125,12,21,1.5014432580201786,0.5133881712220406,1.9488020568597513,0.5364369839456997,3
UD_English-EWT,8,0.125,12,22,1.1362326559364686,0.3936715668749288,1.9634165487002804,0.6605658810076819,3
UD_English-EWT,8,0.125,12,23,0.6536486661366996,0.22917666242929524,1.6281383840472374,0.7806044534554464,3
UD_English-EWT,8,0.125,12,24,1.8672068556584078,0.6491404410811287,2.074618532846534,0.41203659650053703,3
UD_English-EWT,8,0.125,12,25,1.5200282723688687,0.5139050010204966,2.0925214310432825,0.5630905473017845,3
UD_English-EWT,8,0.125,12,26,1.6140115047196002,0.558836484799511,1.9596880015074014,0.4730058289701306,3
UD_English-EWT,8,0.125,12,27,1.6701301144934744,0.580970067904078,1.7611920653090885,0.3770886439056507,3
UD_English-EWT,8,0.125,12,28,1.2918943252231254,0.43837282597638655,2.0029542018644144,0.6248632474159499,3
UD_English-EWT,8,0.125,12,29,1.0923987240929203,0.37588778522903804,1.671671841585354,0.6459888965434281,3
UD_English-EWT,8,0.125,12,30,1.416772434701685,0.47756791148735095,2.1779470233100793,0.6025798760340947,3
UD_English-EWT,8,0.125,12,31,1.7509809236138896,0.598141781266487,1.9731604299747227,0.40195156282360217,3
UD_English-EWT,8,0.125,13,0,1.6766064084781325,0.5828334042201928,1.9582335292913005,0.4656374219784645,3
UD_English-EWT,8,0.125,13,1,1.3872083872556686,0.4794807568572475,2.0745419058914827,0.5920184668703158,3
UD_English-EWT,8,0.125,13,2,1.6622936430714603,0.5666655091422937,1.98013547396725,0.48279935131036084,3
UD_English-EWT,8,0.125,13,3,1.6265283263337633,0.5645937704513416,1.989352529546168,0.5011316570563612,3
UD_English-EWT,8,0.125,13,4,1.5715912091384603,0.5331171578329009,1.935221723710036,0.4723513182591925,3
UD_English-EWT,8,0.125,13,5,1.85071880341879,0.6400177396548902,1.9658459381001894,0.3775606520663954,3
UD_English-EWT,8,0.125,13,6,1.2604506220431058,0.4445545524765884,1.217739748498781,0.45661913580473223,3
UD_English-EWT,8,0.125,13,7,1.4977639520944577,0.5057266493258363,1.9350925581648486,0.5212652050976545,3
UD_English-EWT,8,0.125,13,8,1.7807295909507677,0.6096891781590025,1.8764771341408972,0.337464952351142,3
UD_English-EWT,8,0.125,13,9,1.5461947792133348,0.5207721786420852,2.3182129959536817,0.579439671703348,3
UD_English-EWT,8,0.125,13,10,1.3251323184653276,0.4500640502067211,2.032300249420663,0.6091989921796083,3
UD_English-EWT,8,0.125,13,11,0.774315762457409,0.27177729377886095,1.5589272833152765,0.7345082641787868,3
UD_English-EWT,8,0.125,13,12,1.5272282632865106,0.5316363055333632,1.7175151921523726,0.46011654214292275,3
UD_English-EWT,8,0.125,13,13,1.7566373366150048,0.6042664731650839,2.380713208559867,0.5236043366510251,3
UD_English-EWT,8,0.125,13,14,1.0836944544114484,0.3751748971071074,2.0194879967603963,0.6870297670350808,3
UD_English-EWT,8,0.125,13,15,0.576246314113773,0.19780924150089177,1.578364343577504,0.7958408215495406,3
UD_English-EWT,8,0.125,13,16,1.6799342046018506,0.5750425558109753,2.0761420316926333,0.49375454776789757,3
UD_English-EWT,8,0.125,13,17,1.8797908654005584,0.6375487757565111,1.9611272879474149,0.32896882043014836,3
UD_English-EWT,8,0.125,13,18,1.6023779790610997,0.5447640226227665,1.8208567343502964,0.4347242005067608,3
UD_English-EWT,8,0.125,13,19,1.6289729743327381,0.5552951737369779,1.847613957301732,0.3859722539205748,3
UD_English-EWT,8,0.125,13,20,1.4329230448261636,0.4934543427656691,2.0067958163270534,0.5635628236325386,3
UD_English-EWT,8,0.125,13,21,1.0879907540651292,0.36850759160377505,1.8694053105806392,0.6752119568432723,3
UD_English-EWT,8,0.125,13,22,1.8168165781730294,0.6200349798972272,2.2618312355273407,0.47005765638119107,3
UD_English-EWT,8,0.125,13,23,1.1600994723959264,0.41023454469084086,1.1576301159645908,0.26589367882380827,3
UD_English-EWT,8,0.125,13,24,1.7619512545280769,0.6133997533165041,1.7283308981546288,0.3330715982945727,3
UD_English-EWT,8,0.125,13,25,1.0653481222621297,0.37425016392979144,1.6922930032557695,0.6497729932838451,3
UD_English-EWT,8,0.125,13,26,1.3832428479373782,0.47149571324130335,1.8469806441355272,0.5661697276275883,3
UD_English-EWT,8,0.125,13,27,1.391974485555633,0.47373148053884506,2.16395152212275,0.6119485938470329,3
UD_English-EWT,8,0.125,13,28,1.4493262262400817,0.49812264969141545,1.8773400548757317,0.5365077278938124,3
UD_English-EWT,8,0.125,13,29,1.374031560207108,0.48233184747682895,1.4216935233177381,0.4549342082552137,3
UD_English-EWT,8,0.125,13,30,1.4185680961999736,0.48305480348417884,1.8538373304575082,0.5573837324291576,3
UD_English-EWT,8,0.125,13,31,1.6983037864847044,0.580579674186928,2.2679991581509458,0.524600993550106,3
UD_English-EWT,8,0.125,14,0,1.7529668703213848,0.6115190444042556,1.5738877461636218,0.1839068117254636,3
UD_English-EWT,8,0.125,14,1,1.193852645872612,0.419573114638663,1.1609127289176204,0.2563181030470708,3
UD_English-EWT,8,0.125,14,2,1.7620265554426364,0.6048332018767549,1.94693220581839,0.3979220535802928,3
UD_English-EWT,8,0.125,14,3,1.6404537100256684,0.5515296401724029,2.0813595380885137,0.5091899407650929,3
UD_English-EWT,8,0.125,14,4,1.7093849058088273,0.5819698187415717,2.2248314642135347,0.5010865836697741,3
UD_English-EWT,8,0.125,14,5,2.0844649492554326,0.7164097967640733,2.3375959986437427,0.38397038267257,3
UD_English-EWT,8,0.125,14,6,0.747617224669033,0.256629364654924,1.4552288024206197,0.7400239344095922,3
UD_English-EWT,8,0.125,14,7,0.7269335531906135,0.26124639134983,0.6238728571540672,0.2555548460926786,3
UD_English-EWT,8,0.125,14,8,0.9604970254953985,0.3291079931585406,1.756493758647711,0.7036974269706748,3
UD_English-EWT,8,0.125,14,9,1.7861672802158175,0.6104595276420234,1.98512876812769,0.3919225573719552,3
UD_English-EWT,8,0.125,14,10,0.8428752701220615,0.2896286747715214,1.4969784402999287,0.7148251423242421,3
UD_English-EWT,8,0.125,14,11,1.393787567949903,0.4685975166617847,1.9942430919528225,0.5858019552649912,3
UD_English-EWT,8,0.125,14,12,1.1645383016903543,0.394192747188179,1.8192475623500368,0.645541688111799,3
UD_English-EWT,8,0.125,14,13,1.3316129286839662,0.45074882384776416,2.066991968097365,0.6143025157664426,3
UD_English-EWT,8,0.125,14,14,1.78739240106012,0.6176010689991637,1.85434112826766,0.35385071964618936,3
UD_English-EWT,8,0.125,14,15,1.9966881603328257,0.6791842727631819,2.395142269101951,0.4333842963570617,3
UD_English-EWT,8,0.125,14,16,1.5897617187208493,0.5347689732040647,1.954879118580853,0.4871389528156304,3
UD_English-EWT,8,0.125,14,17,1.2667989621315499,0.4266339103489409,1.915306703667606,0.612982831169293,3
UD_English-EWT,8,0.125,14,18,1.3935990102032711,0.47408572109399166,1.8264625476629142,0.5633141360362696,3
UD_English-EWT,8,0.125,14,19,1.5061852350451037,0.5080044341828328,1.8886756554707371,0.5147306154633046,3
UD_English-EWT,8,0.125,14,20,1.8060859225161086,0.6205107955251886,1.9664943673951596,0.39100214235742453,3
UD_English-EWT,8,0.125,14,21,1.44049667398732,0.48540463082777346,1.9338046090578989,0.5541305693718036,3
UD_English-EWT,8,0.125,14,22,1.384210105557911,0.4842175197378751,1.347063899908778,0.417196340580727,3
UD_English-EWT,8,0.125,14,23,1.43626611686578,0.4887900172795538,2.0626563125837913,0.5891826091459756,3
UD_English-EWT,8,0.125,14,24,1.3560396879097152,0.4673102262662299,2.132183635033979,0.6139018824476689,3
UD_English-EWT,8,0.125,14,25,1.6760621574624206,0.5715972975656417,2.1084096389932925,0.5077770806116159,3
UD_English-EWT,8,0.125,14,26,1.23531218703653,0.42115110483950174,1.6907420499565824,0.6048892111074728,3
UD_English-EWT,8,0.125,14,27,1.523923237263505,0.5186989675046968,2.04752089338333,0.5533073646421859,3
UD_English-EWT,8,0.125,14,28,1.2847656698826233,0.43271450617627155,1.971161178932381,0.6211754690129684,3
UD_English-EWT,8,0.125,14,29,1.8262723783923411,0.6224082748529473,1.9783323796530456,0.39252915698865287,3
UD_English-EWT,8,0.125,14,30,1.6678816393044908,0.5697670263562263,2.055508708937572,0.4907899555734924,3
UD_English-EWT,8,0.125,14,31,1.5368378974212324,0.5314737814045994,1.741104304356219,0.4864698466463167,3
UD_English-EWT,8,0.125,15,0,0.780679149732998,0.2656713111499131,1.5364549197595843,0.7403346160613339,3
UD_English-EWT,8,0.125,15,1,1.506650486279055,0.5184464458179386,1.8300395763202661,0.5234285464038723,3
UD_English-EWT,8,0.125,15,2,2.0476330518722534,0.6953374538808138,2.1293668894059885,0.2864163486755204,3
UD_English-EWT,8,0.125,15,3,1.257930001057345,0.4333615347756606,1.797063547269677,0.5941410427726467,3
UD_English-EWT,8,0.125,15,4,1.2770304560851313,0.4306766040867469,1.9736575705486132,0.6300073452361729,3
UD_English-EWT,8,0.125,15,5,1.2548561313194655,0.43309858410817675,1.338298488075833,0.37842339068949765,3
UD_English-EWT,8,0.125,15,6,1.345345846820073,0.4570604295746333,2.0215919142646652,0.6172615253656614,3
UD_English-EWT,8,0.125,15,7,1.7441233308860296,0.6015882606063384,2.1328050649991237,0.47408451368601384,3
UD_English-EWT,8,0.125,15,8,1.5600654071498872,0.5281739356793558,2.157101150473176,0.5581911228977158,3
UD_English-EWT,8,0.125,15,9,2.337968204679385,0.8046286874238694,2.271402579730543,0.07530228745782636,3
UD_English-EWT,8,0.125,15,10,1.9758384173196522,0.6726917471254893,2.4346488995684514,0.44937977468245455,3
UD_English-EWT,8,0.125,15,11,0.6621527643314477,0.24247405577267778,0.6182315142211149,0.044634891484137997,3
UD_English-EWT,8,0.125,15,12,0.9792143308806941,0.3348930949355409,1.6532863481937212,0.687552355487707,3
UD_English-EWT,8,0.125,15,13,1.2864118035753787,0.43177397780201804,1.9675399927602222,0.612061199085797,3
UD_English-EWT,8,0.125,15,14,1.7851413411575152,0.6118841857288053,2.0394342597879347,0.4047039590287404,3
UD_English-EWT,8,0.125,15,15,0.6052997051678829,0.20638689855096662,1.5067184113902472,0.7832765192716282,3
UD_English-EWT,8,0.125,15,16,1.6882257665387048,0.5891237131613417,1.907354722528944,0.4338598876363701,3
UD_English-EWT,8,0.125,15,17,1.0231423722834536,0.3500677680254037,1.8405778333680443,0.6909935261870994,3
UD_English-EWT,8,0.125,15,18,1.26080838254295,0.43044840688656044,1.8820669103841314,0.6195491514896435,3
UD_English-EWT,8,0.125,15,19,1.533220673492263,0.524310171197021,1.6886103514765132,0.41153822424660397,3
UD_English-EWT,8,0.125,15,20,1.4521595295552565,0.49195803366669316,2.042980973674952,0.5635713026036113,3
UD_English-EWT,8,0.125,15,21,1.6375449524008294,0.5679559966444101,1.8984122888095174,0.4710603231913622,3
UD_English-EWT,8,0.125,15,22,1.3023079066301522,0.44736427912159477,1.6127306137417186,0.5491772166203931,3
UD_English-EWT,8,0.125,15,23,1.7669846907610884,0.6051960982287299,2.163946201946783,0.4842208895920513,3
UD_English-EWT,8,0.125,15,24,1.3452377168967207,0.4526527974014942,1.7854503448543653,0.571353579336991,3
UD_English-EWT,8,0.125,15,25,1.356009994401089,0.47534737237924213,1.4238565336973938,0.43274804483250956,3
UD_English-EWT,8,0.125,15,26,1.5548062804672453,0.5444079402203116,1.3821408423189692,0.1528150765191363,3
UD_English-EWT,8,0.125,15,27,1.2291287220403797,0.4157800305437955,1.703890026714958,0.6122944136107771,3
UD_English-EWT,8,0.125,15,28,1.507361849420492,0.5192340319273901,1.8260548778136136,0.5058572861164102,3
UD_English-EWT,8,0.125,15,29,1.8232895773453788,0.6171938662293396,2.2524807561453577,0.4699437473111791,3
UD_English-EWT,8,0.125,15,30,1.188115670462775,0.3990281211731375,1.7460970379452887,0.6264806617600995,3
UD_English-EWT,8,0.125,15,31,1.3808824436939264,0.47263666286467415,1.61372385574386,0.44908623617882065,3
UD_English-EWT,8,0.125,16,0,1.040206919948423,0.3582543392440063,1.774443888734816,0.670693736971239,3
UD_English-EWT,8,0.125,16,1,1.5509877327849957,0.533784114550426,1.9479267237562083,0.4984136511909288,3
UD_English-EWT,8,0.125,16,2,1.7632841099806822,0.6073602107650378,1.8686468956520432,0.3554395578652349,3
UD_English-EWT,8,0.125,16,3,1.907069345206728,0.6473224202954704,2.076687852053043,0.37690969473616187,3
UD_English-EWT,8,0.125,16,4,1.4960810634254973,0.5075185462859594,1.5812227792617186,0.41582874524388425,3
UD_English-EWT,8,0.125,16,5,1.4538521332113252,0.49129450992292606,1.6862868361704335,0.4927512933661269,3
UD_English-EWT,8,0.125,16,6,1.9110882262171724,0.6490611489896131,1.9273570069198402,0.2619254019345498,3
UD_English-EWT,8,0.125,16,7,1.8082840411443746,0.6232081404827766,1.9850766167777483,0.3678685230879835,3
UD_English-EWT,8,0.125,16,8,1.242420014720037,0.42576056137979573,1.851454403529619,0.6229105687722266,3
UD_English-EWT,8,0.125,16,9,1.4543329539330496,0.4936251895186679,1.7883478809276998,0.5293305772093747,3
UD_English-EWT,8,0.125,16,10,1.4941145478593414,0.5085193235189646,2.01065715577433,0.5448138380799789,3
UD_English-EWT,8,0.125,16,11,1.7563133451185156,0.6084956009422712,1.8353414513265716,0.32542687077041316,3
UD_English-EWT,8,0.125,16,12,1.5553556858190423,0.5274355617675842,2.0169143355935,0.5234809935920769,3
UD_English-EWT,8,0.125,16,13,1.4989340750463238,0.5082262222517709,1.633061566232332,0.43281260491408174,3
UD_English-EWT,8,0.125,16,14,1.6395739981928374,0.5719965286620762,1.456861260891612,0.22697569772377202,3
UD_English-EWT,8,0.125,16,15,1.8340127473809027,0.629605324677648,2.0005687499904026,0.36177379859506215,3
UD_English-EWT,8,0.125,16,16,1.7088847044441435,0.5940053953580517,1.7813757729660618,0.3599771482120175,3
UD_English-EWT,8,0.125,16,17,1.479607108349357,0.5118252915382819,1.618721931141365,0.316996541262718,3
UD_English-EWT,8,0.125,16,18,1.5051507128772406,0.5099345960862975,2.229642786343458,0.5856292042575898,3
UD_English-EWT,8,0.125,16,19,1.4448580227262988,0.4948707636181123,1.8132006261083813,0.5167173712611036,3
UD_English-EWT,8,0.125,16,20,2.058537035800503,0.7099854310326456,2.145764513311056,0.31260376836161363,3
UD_English-EWT,8,0.125,16,21,1.4946324770730701,0.519895051088598,1.7868464259882009,0.4893618047590247,3
UD_English-EWT,8,0.125,16,22,1.6454962493617675,0.5770433920763013,1.473680472303392,0.17943360478378056,3
UD_English-EWT,8,0.125,16,23,1.24323662446442,0.41662385969851945,1.8791071141515274,0.6304194073316612,3
UD_English-EWT,8,0.125,16,24,1.6817836027273498,0.5787093703022638,2.019105138416607,0.42650933002667984,3
UD_English-EWT,8,0.125,16,25,0.8128401743170071,0.2801438462861113,1.4881227020859609,0.7302581677942763,3
UD_English-EWT,8,0.125,16,26,1.2850187628077026,0.4412201004465855,1.8492846237071443,0.6060219381024928,3
UD_English-EWT,8,0.125,16,27,0.8812045616340333,0.3035334159665909,1.493434592755766,0.7050475271890289,3
UD_English-EWT,8,0.125,16,28,0.8806669956619405,0.29630947298114146,1.5708777273857528,0.7190562647399247,3
UD_English-EWT,8,0.125,16,29,1.5949014897283529,0.5482846125417503,2.028034407394397,0.5010280875804646,3
UD_English-EWT,8,0.125,16,30,1.7746556700361664,0.6104210902731492,1.8957655864389433,0.2840217947756332,3
UD_English-EWT,8,0.125,16,31,2.197354604719115,0.7495389564576914,2.4060399173495983,0.3469391550549827,3
UD_English-EWT,8,0.125,17,0,1.6981113791221478,0.5816546829183245,1.999643265739599,0.4453703303039345,3
UD_English-EWT,8,0.125,17,1,1.343958796726333,0.4613365425044613,2.043197733131263,0.6155793919127931,3
UD_English-EWT,8,0.125,17,2,1.0106918438047658,0.3533762601155021,1.3621639092274702,0.5819862025140196,3
UD_English-EWT,8,0.125,17,3,1.475450063419472,0.5150533037324637,1.8279305290166146,0.5173066738782576,3
UD_English-EWT,8,0.125,17,4,1.6749690896772078,0.5771884328680611,1.8555910954275634,0.403898961943844,3
UD_English-EWT,8,0.125,17,5,1.5575802444271705,0.5375845896687447,2.0076754339622886,0.5311165565051451,3
UD_English-EWT,8,0.125,17,6,1.6810656402714699,0.5817370434140682,2.0215838743146435,0.4770793510678959,3
UD_English-EWT,8,0.125,17,7,1.0801025743855803,0.3690524614044552,1.9114415069366846,0.6934626190660212,3
UD_English-EWT,8,0.125,17,8,1.6527696309953874,0.5745777381356731,1.6699084324969187,0.3821659835839206,3
UD_English-EWT,8,0.125,17,9,0.8849656264312932,0.2992948244388583,1.4576252293798442,0.7109730538109721,3
UD_English-EWT,8,0.125,17,10,1.5714234952392474,0.5323941298439854,1.769587289087325,0.4255655697260208,3
UD_English-EWT,8,0.125,17,11,0.8796578711390713,0.3030158809075753,1.6698377809210772,0.7321588496740343,3
UD_English-EWT,8,0.125,17,12,0.9454559668192881,0.3288913850582634,1.5275575017559941,0.6811779448474148,3
UD_English-EWT,8,0.125,17,13,1.381093757657948,0.473488821894039,1.733771945446567,0.43532437768396676,3
UD_English-EWT,8,0.125,17,14,1.8115124938863658,0.630004960548248,2.0190621224691743,0.4264012862383668,3
UD_English-EWT,8,0.125,17,15,1.6484217731407647,0.5635491391959412,1.7089377174557665,0.2998555679389959,3
UD_English-EWT,8,0.125,17,16,1.2405678645617757,0.4306504420990393,1.7532260905958046,0.584826340539235,3
UD_English-EWT,8,0.125,17,17,1.4911058936234163,0.5139855871245075,2.0681082019768997,0.566563584147961,3
UD_English-EWT,8,0.125,17,18,1.303665198412858,0.44502292003462224,1.8468964491548434,0.5620024487756207,3
UD_English-EWT,8,0.125,17,19,1.7168240347412331,0.5886326112762392,2.099758711587536,0.47653939969878384,3
UD_English-EWT,8,0.125,17,20,1.1297137846386498,0.3894177870027626,1.9395750183442468,0.6687073366536685,3
UD_English-EWT,8,0.125,17,21,1.177374683008385,0.4110896557786643,1.7441352476622018,0.6430542266406865,3
UD_English-EWT,8,0.125,17,22,1.074958122533853,0.37386198503343565,1.5717981516337787,0.5585827972088518,3
UD_English-EWT,8,0.125,17,23,1.8553069467047305,0.6391377346980333,2.071245793110686,0.38727118898664886,3
UD_English-EWT,8,0.125,17,24,1.9509003526634638,0.6729028091947455,1.970128496759359,0.23394813635411973,3
UD_English-EWT,8,0.125,17,25,0.6427844790894477,0.21626216248916175,1.4318715192730418,0.7809853070875281,3
UD_English-EWT,8,0.125,17,26,0.7960822094021491,0.2698876072053809,1.7983107904484579,0.766344317369068,3
UD_English-EWT,8,0.125,17,27,0.9213456574671364,0.3127632659379875,1.641025401041156,0.7164619528096448,3
UD_English-EWT,8,0.125,17,28,2.012229484748536,0.6860504688420256,2.350196945862692,0.41923202100958007,3
UD_English-EWT,8,0.125,17,29,1.1308923170567644,0.39086287339745535,1.7106857407288472,0.646411224473641,3
UD_English-EWT,8,0.125,17,30,1.3423041715159443,0.45553065008587307,1.5492453708267604,0.48431275663507223,3
UD_English-EWT,8,0.125,17,31,1.192359377221223,0.40624311391623835,1.8793810295494093,0.6397721740011743,3
UD_English-EWT,8,0.125,18,0,1.0948466417975113,0.38029355504541557,1.8629513039153565,0.6805526680145108,3
UD_English-EWT,8,0.125,18,1,1.0724561738091196,0.367807778585804,1.7603768058704763,0.6627793850509521,3
UD_English-EWT,8,0.125,18,2,1.1630998179452232,0.4095350380763005,1.2974295206300115,0.5452809077780864,3
UD_English-EWT,8,0.125,18,3,0.8003424897260679,0.272123756424909,1.6698459804410926,0.7532575097654307,3
UD_English-EWT,8,0.125,18,4,1.8093640455239892,0.6133473359577643,1.8144362806215313,0.2368734425887167,3
UD_English-EWT,8,0.125,18,5,1.2687703741269902,0.4471820021804782,1.1902590772927566,0.4207894365508483,3
UD_English-EWT,8,0.125,18,6,1.3373012439515748,0.458102894768811,2.1000312038295257,0.6214831130602864,3
UD_English-EWT,8,0.125,18,7,1.163728049666178,0.4070699012894285,1.3866822733416584,0.5640866406845482,3
UD_English-EWT,8,0.125,18,8,0.5890784037379185,0.2012246046995639,1.6209588877327457,0.810005527763256,3
UD_English-EWT,8,0.125,18,9,1.46588556058637,0.501270204748558,2.117860813202754,0.5849876506338897,3
UD_English-EWT,8,0.125,18,10,1.1720003976277966,0.4000561774414854,1.94888631087509,0.6444307717414935,3
UD_English-EWT,8,0.125,18,11,0.7139577659623925,0.23903857763917724,1.3344827814533193,0.7657127895160071,3
UD_English-EWT,8,0.125,18,12,1.1759354360333774,0.3969591552347542,1.450297123951013,0.5700253757439513,3
UD_English-EWT,8,0.125,18,13,1.3099956960028856,0.4551791169007185,1.7760602388334188,0.6017825323307991,3
UD_English-EWT,8,0.125,18,14,1.1467536656772939,0.3955778211884486,1.9054928002895988,0.6624601454777688,3
UD_English-EWT,8,0.125,18,15,1.037845045918487,0.34832274771629673,1.893686999443016,0.7027709660729315,3
UD_English-EWT,8,0.125,18,16,0.7245629339229539,0.25055212955005834,1.4499480934280948,0.748634210422988,3
UD_English-EWT,8,0.125,18,17,0.5715852578175687,0.2019184426122934,1.5633828398620604,0.7997523891198396,3
UD_English-EWT,8,0.125,18,18,0.7490525757843027,0.2588254903563602,1.5279618899841776,0.7490378394180092,3
UD_English-EWT,8,0.125,18,19,0.7470705971589995,0.2546277031377094,1.6478079425235481,0.7630425543678697,3
UD_English-EWT,8,0.125,18,20,0.6467780633329097,0.22258793329226298,1.7635133578721944,0.801542348019738,3
UD_English-EWT,8,0.125,18,21,1.2762517096213521,0.43800643044362736,1.8469059899422209,0.6193143718609609,3
UD_English-EWT,8,0.125,18,22,1.0446927291366572,0.3572600542046876,1.7344863939969268,0.6877283927032857,3
UD_English-EWT,8,0.125,18,23,1.4389290701061868,0.49808951708842714,1.580815093113425,0.3701960360275103,3
UD_English-EWT,8,0.125,18,24,0.8086075433182152,0.2787158946135168,1.8095344435186116,0.7546672666061989,3
UD_English-EWT,8,0.125,18,25,0.6567490128681525,0.22050643597266387,1.6946742991511397,0.7972427047314105,3
UD_English-EWT,8,0.125,18,26,1.4780677823801076,0.513529472168406,1.8362657253533765,0.5222964997662872,3
UD_English-EWT,8,0.125,18,27,1.489351473680828,0.5142536210150667,1.9235168292114209,0.545163487889999,3
UD_English-EWT,8,0.125,18,28,1.966444233917582,0.676755008028179,2.2108705428128688,0.3981927863859957,3
UD_English-EWT,8,0.125,18,29,0.6253393016253447,0.2162054180276185,1.7874008692760286,0.8087929308224462,3
UD_English-EWT,8,0.125,18,30,1.3098280388040837,0.4542344750358107,1.8077356908165039,0.5406217300154962,3
UD_English-EWT,8,0.125,18,31,1.4161527248978178,0.4845655671234339,1.754642828484702,0.47870044595136124,3
UD_English-EWT,8,0.125,19,0,1.3184487561819116,0.45761274042893846,1.683652546019285,0.5419307617039737,3
UD_English-EWT,8,0.125,19,1,1.663549357478953,0.5760140628138309,1.7674466385378864,0.40232730082122575,3
UD_English-EWT,8,0.125,19,2,1.6326313718800554,0.5674711874735378,1.698394197800989,0.3739826677770834,3
UD_English-EWT,8,0.125,19,3,0.5471075299146749,0.1853968083539567,1.4682154690368414,0.8134287892143583,3
UD_English-EWT,8,0.125,19,4,1.5358742400189567,0.526073475807688,2.148567403926224,0.5547895503920827,3
UD_English-EWT,8,0.125,19,5,1.5816446160439586,0.5451035236223908,1.9190242429465763,0.48144990840217666,3
UD_English-EWT,8,0.125,19,6,0.8835425858770943,0.29666666912325473,1.5679839771912725,0.7179060758164454,3
UD_English-EWT,8,0.125,19,7,1.0987924740519137,0.37062427304847967,1.8897244746106352,0.6882688675638974,3
UD_English-EWT,8,0.125,19,8,0.8947513382372961,0.3029888439533353,1.541407091234334,0.6943859012902651,3
UD_English-EWT,8,0.125,19,9,0.6869837966236966,0.23094637920903568,1.5014719572834305,0.7686284263304457,3
UD_English-EWT,8,0.125,19,10,0.722862981823027,0.24763565174963845,1.5653889713798714,0.7635300643267092,3
UD_English-EWT,8,0.125,19,11,0.7192960975993635,0.24455759046643374,1.7400526727510714,0.7783416909503263,3
UD_English-EWT,8,0.125,19,12,1.0589608185006838,0.37525566321931686,0.9158994484903165,0.20552374252910388,3
UD_English-EWT,8,0.125,19,13,1.6642347431736564,0.5687183175229201,2.205599236412344,0.5286829687709257,3
UD_English-EWT,8,0.125,19,14,1.1592567566178318,0.39937749392402194,1.8602892450839008,0.6522746482127785,3
UD_English-EWT,8,0.125,19,15,1.2812754177846326,0.4391348089188174,1.6979609644125286,0.5810604182687776,3
UD_English-EWT,8,0.125,19,16,2.083365933436948,0.72193012610485,2.0634619966556467,0.14648247838787096,3
UD_English-EWT,8,0.125,19,17,0.43378062151501356,0.14692175614762923,1.469631349728977,0.8384543884620207,3
UD_English-EWT,8,0.125,19,18,1.5453811109690285,0.5204671586953605,2.250031687875697,0.5805363039365666,3
UD_English-EWT,8,0.125,19,19,1.0613308074071541,0.3614142476555591,1.8016682695224204,0.6824944090294925,3
UD_English-EWT,8,0.125,19,20,0.7957740417072627,0.27522809190916503,1.8209476539617462,0.7620805024707143,3
UD_English-EWT,8,0.125,19,21,0.7158119252938878,0.24641151096882172,1.5771588791765694,0.7666555493052214,3
UD_English-EWT,8,0.125,19,22,0.8179565837338757,0.281343629590502,1.8377454281667542,0.7538603413001871,3
UD_English-EWT,8,0.125,19,23,1.2316732255976055,0.4184882523888936,2.1763485500178485,0.6734241147021779,3
UD_English-EWT,8,0.125,19,24,1.5456639254679445,0.5263960587474872,2.1633557540471435,0.5607359119180338,3
UD_English-EWT,8,0.125,19,25,0.8643093416111065,0.3004662115500056,1.5702525521263835,0.7186255961222292,3
UD_English-EWT,8,0.125,19,26,0.6890529479207183,0.2345621466249879,1.7649733407494148,0.7952132587794397,3
UD_English-EWT,8,0.125,19,27,1.463589604245075,0.5041049666336325,1.843038952605755,0.5378721176370137,3
UD_English-EWT,8,0.125,19,28,0.7584334348815278,0.25912215226484236,1.83787862098825,0.7696476583971297,3
UD_English-EWT,8,0.125,19,29,1.069253877212441,0.36890986947875426,1.810738125161178,0.6696904931210647,3
UD_English-EWT,8,0.125,19,30,0.6977305867622703,0.2355712730189843,1.7675611239964846,0.7959906956849311,3
UD_English-EWT,8,0.125,19,31,1.4353922660884961,0.4826839469332513,1.8527088116426935,0.5357541026028453,3
UD_English-EWT,8,0.125,20,0,1.0601653880516038,0.36466664320472053,1.5301426796205273,0.5775831092237232,3
UD_English-EWT,8,0.125,20,1,0.7267567441003137,0.2472649951090524,1.6682406950246655,0.7747201871920805,3
UD_English-EWT,8,0.125,20,2,1.0297282957327714,0.3552035331447865,1.7539129334286478,0.6943449460797839,3
UD_English-EWT,8,0.125,20,3,1.2833394792019128,0.44062533392782965,1.7579972347573722,0.5687715875456459,3
UD_English-EWT,8,0.125,20,4,1.5328502146516991,0.5332993489939496,1.8195388772557124,0.44860823756467233,3
UD_English-EWT,8,0.125,20,5,1.3635901726904462,0.46072591750972475,1.5779187618084727,0.47503426527512854,3
UD_English-EWT,8,0.125,20,6,1.1475705782626713,0.3940975615697046,1.6589859714002122,0.6372390531804175,3
UD_English-EWT,8,0.125,20,7,1.3115732698872657,0.43631603328582375,1.8177334229802824,0.6053365793635557,3
UD_English-EWT,8,0.125,20,8,0.7191977690572838,0.24716310552872703,1.6177294379022171,0.7693121246111415,3
UD_English-EWT,8,0.125,20,9,1.1049777884952359,0.3813356726764547,1.9160559822301397,0.6862408494023787,3
UD_English-EWT,8,0.125,20,10,0.8691202411139706,0.2976024427971988,1.62425034791774,0.7311148615129875,3
UD_English-EWT,8,0.125,20,11,1.595193874939109,0.5483258996898468,1.7264464389811014,0.3506844457109986,3
UD_English-EWT,8,0.125,20,12,1.4285975707549,0.4859568475455534,1.6937401027491619,0.48136099277637584,3
UD_English-EWT,8,0.125,20,13,1.3965236676249564,0.4867639552754348,1.4386791600989948,0.370382092686163,3
UD_English-EWT,8,0.125,20,14,0.8552313348200369,0.2830081270373204,1.5448687873129312,0.72899463678454,3
UD_English-EWT,8,0.125,20,15,1.5144451539590278,0.5227430124643287,1.6969410492097092,0.3961708231477952,3
UD_English-EWT,8,0.125,20,16,1.0627441077963033,0.3643794545873267,1.8976734560152655,0.6987920871822126,3
UD_English-EWT,8,0.125,20,17,0.9051225629036326,0.3033046564782795,1.8347493810460431,0.7403570715242994,3
UD_English-EWT,8,0.125,20,18,1.5497556736451898,0.5282928576262054,1.6020738591248331,0.3794800887606997,3
UD_English-EWT,8,0.125,20,19,0.8095862943278744,0.28099025550462947,1.732465818917925,0.7633407987443857,3
UD_English-EWT,8,0.125,20,20,1.5436859521030943,0.5293674259726467,1.5679561595257734,0.2433504211039491,3
UD_English-EWT,8,0.125,20,21,1.4689373555635603,0.5024964102460766,1.9442609708980132,0.5601578677999354,3
UD_English-EWT,8,0.125,20,22,1.3360946677652323,0.45017357827427174,2.0548011161970527,0.6334386438687751,3
UD_English-EWT,8,0.125,20,23,0.6653405936445044,0.2272102527883589,1.8096350457363224,0.8018152588106462,3
UD_English-EWT,8,0.125,20,24,0.9407832492312554,0.32494153067781734,1.8395253341977496,0.7302237897568497,3
UD_English-EWT,8,0.125,20,25,1.2604146375709326,0.42576362772798926,2.1516454480113443,0.665811879366962,3
UD_English-EWT,8,0.125,20,26,0.864577270732117,0.2989534221942416,1.591125327299853,0.7364633652247584,3
UD_English-EWT,8,0.125,20,27,0.7103552928937426,0.23972945127174775,1.6690369756631078,0.7808457455429875,3
UD_English-EWT,8,0.125,20,28,0.921446559024476,0.3184904516089321,1.5780723736314393,0.6840365280436252,3
UD_English-EWT,8,0.125,20,29,0.7159851384374614,0.24380551849938048,1.6511604703406384,0.782300484473588,3
UD_English-EWT,8,0.125,20,30,1.2783886454524456,0.4401677878665142,1.5234879032591653,0.4438288410029667,3
UD_English-EWT,8,0.125,20,31,1.4240566797839487,0.47607878528922143,1.9449398233156605,0.5659398574429566,3
UD_English-EWT,8,0.125,21,0,1.6085269563782194,0.5460296154483637,2.1849656802600417,0.5420279900538302,3
UD_English-EWT,8,0.125,21,1,0.7025151744159194,0.23980486629113473,1.6765284403914311,0.7912785589342125,3
UD_English-EWT,8,0.125,21,2,0.8038016964489754,0.2770571987567052,1.9047838843042515,0.7792757522613353,3
UD_English-EWT,8,0.125,21,3,0.651026245796941,0.2220520261379946,1.7365336149849526,0.8057530064929704,3
UD_English-EWT,8,0.125,21,4,0.8703168966147526,0.2937903096475291,1.8633870058480941,0.7588695314100423,3
UD_English-EWT,8,0.125,21,5,0.6418147325746457,0.21766474818088155,1.723247675187818,0.8153059019525628,3
UD_English-EWT,8,0.125,21,6,0.621805350124863,0.21153956961280282,1.777796825031005,0.823656508790665,3
UD_English-EWT,8,0.125,21,7,0.7133920337455195,0.24381757773567525,1.8070987110418049,0.7934826032847221,3
UD_English-EWT,8,0.125,21,8,1.1725476059268731,0.40661570596388236,1.8640154601229126,0.6533201889615025,3
UD_English-EWT,8,0.125,21,9,0.7851582527370997,0.2637941176326222,1.68427763888799,0.7618664879426497,3
UD_English-EWT,8,0.125,21,10,1.582911169309108,0.5412874468118767,1.8650794252346123,0.4232064743741722,3
UD_English-EWT,8,0.125,21,11,0.597535904866723,0.20428862143647206,1.6958179539968625,0.8180237726625631,3
UD_English-EWT,8,0.125,21,12,0.9636090337103725,0.32671490842595236,1.9387358196337583,0.7325440483788649,3
UD_English-EWT,8,0.125,21,13,1.2006923545945865,0.4050303637177322,1.8859850002116845,0.6506188096909467,3
UD_English-EWT,8,0.125,21,14,1.2912496645580334,0.44787728836681895,1.8346796313840184,0.5855875573984478,3
UD_English-EWT,8,0.125,21,15,0.7870099092129692,0.2668636064511641,1.6960723842129466,0.7607254121717207,3
UD_English-EWT,8,0.125,21,16,0.709118708228533,0.24216977132650563,1.6481025557428979,0.7774782599185768,3
UD_English-EWT,8,0.125,21,17,1.4549779307592547,0.5070925478998212,1.9292708692600602,0.5531571895182675,3
UD_English-EWT,8,0.125,21,18,0.5852001105793133,0.19909401104797375,1.7823513616453213,0.8224767891245679,3
UD_English-EWT,8,0.125,21,19,0.7364567762176305,0.25359822858891745,1.897327386806354,0.780563578199602,3
UD_English-EWT,8,0.125,21,20,1.1754447832052175,0.4110017696324268,1.459363569924523,0.5663484045404445,3
UD_English-EWT,8,0.125,21,21,0.7186703462431883,0.24736221468513783,1.7712881700941558,0.7810875814686273,3
UD_English-EWT,8,0.125,21,22,1.463913871643756,0.506242319269747,1.6994401741168972,0.4658928192432678,3
UD_English-EWT,8,0.125,21,23,0.8983060749542844,0.3068055713952999,1.8700495778374335,0.7415850930906602,3
UD_English-EWT,8,0.125,21,24,0.9110171250008277,0.307619573142997,1.919695017957731,0.745633892253557,3
UD_English-EWT,8,0.125,21,25,1.2750348480102796,0.44447118271895447,1.736117443616056,0.5687193287119188,3
UD_English-EWT,8,0.125,21,26,0.73577788035862,0.25133390044742593,1.723596518048389,0.7806934476414448,3
UD_English-EWT,8,0.125,21,27,0.69161792521879,0.23564800482331516,1.6662917466382945,0.7850462020610633,3
UD_English-EWT,8,0.125,21,28,0.9984340280674412,0.34249020037063155,1.9011874476037172,0.7229268182415128,3
UD_English-EWT,8,0.125,21,29,0.6210471800509807,0.2097122227562717,1.5797646129147604,0.8027067767262784,3
UD_English-EWT,8,0.125,21,30,0.774564822928773,0.26428482823670996,1.6196675276848571,0.7686300030035834,3
UD_English-EWT,8,0.125,21,31,1.2725261623253588,0.43011622435883207,1.8378820757505456,0.6145762755435455,3
UD_English-EWT,8,0.125,22,0,0.6703493430606601,0.2258997680687215,1.8693757981387644,0.8092062795205629,3
UD_English-EWT,8,0.125,22,1,0.6886949469326895,0.2337086409574649,1.8553887983013915,0.8061295404813111,3
UD_English-EWT,8,0.125,22,2,1.0749869805188996,0.371460134360281,1.5687426648124756,0.638841853183584,3
UD_English-EWT,8,0.125,22,3,0.7286405620624894,0.2529023351599013,1.6932010324926325,0.7664606570315383,3
UD_English-EWT,8,0.125,22,4,1.601694834444041,0.5607094293382215,1.7013993709465194,0.40806077632422005,3
UD_English-EWT,8,0.125,22,5,0.9798271565923709,0.3358829104373798,1.7947141808238836,0.7029924955700807,3
UD_English-EWT,8,0.125,22,6,0.5870184797729164,0.20699646119800189,1.5996093929037858,0.8081422587059343,3
UD_English-EWT,8,0.125,22,7,1.3019760198931876,0.4488665049315476,1.7041381739744939,0.5463399381626174,3
UD_English-EWT,8,0.125,22,8,1.2228175963941819,0.4165558127961198,1.9841481695572536,0.6546862541149983,3
UD_English-EWT,8,0.125,22,9,0.6813534433751594,0.23136832434785823,1.732263979147475,0.8025010305241373,3
UD_English-EWT,8,0.125,22,10,1.035638912562247,0.3651453785611849,0.958241987885239,0.49707953227456586,3
UD_English-EWT,8,0.125,22,11,1.769882056828188,0.6098040935256007,1.8425928249493755,0.3108830048494,3
UD_English-EWT,8,0.125,22,12,1.6423844367482843,0.5731951488768902,1.7071910104247825,0.37110785024074366,3
UD_English-EWT,8,0.125,22,13,0.724684229405607,0.24612407042443044,1.8139625923786113,0.7841687190239547,3
UD_English-EWT,8,0.125,22,14,0.9299811488170117,0.3187612958917418,1.8143316397141456,0.725848754023105,3
UD_English-EWT,8,0.125,22,15,0.4137589949995741,0.14171952974748456,1.4512315070178559,0.855941153180621,3
UD_English-EWT,8,0.125,22,16,1.3416650290507652,0.4555319832376661,1.9271742121498008,0.6002569314913454,3
UD_English-EWT,8,0.125,22,17,1.8121153411535182,0.6195609319568333,1.8908470959584136,0.25799297515933955,3
UD_English-EWT,8,0.125,22,18,0.6759774444763886,0.22900571939594813,1.815695525735671,0.8025783668178895,3
UD_English-EWT,8,0.125,22,19,0.6726106650387709,0.23022908561155608,1.6090742629394612,0.7896448355880592,3
UD_English-EWT,8,0.125,22,20,1.034948091153293,0.3516832276642703,1.9453677195234593,0.7101881134583324,3
UD_English-EWT,8,0.125,22,21,1.2699431442199292,0.43834210077948693,1.762828372893872,0.5977256551439211,3
UD_English-EWT,8,0.125,22,22,0.5470619035989914,0.18473658604269172,1.376391664228804,0.8171129818931085,3
UD_English-EWT,8,0.125,22,23,1.510724747387221,0.5111665213463628,1.983890524313858,0.541536784915759,3
UD_English-EWT,8,0.125,22,24,0.6499534685721109,0.2196434115064763,1.6637793910470817,0.8028947143036812,3
UD_English-EWT,8,0.125,22,25,1.4124017015289523,0.49326647383132044,1.9270659544265987,0.5744881736409795,3
UD_English-EWT,8,0.125,22,26,1.4222802105605712,0.49636419907293683,1.4135856677545657,0.2704675401711942,3
UD_English-EWT,8,0.125,22,27,0.7219950357055077,0.24556367210399202,1.598874353333792,0.7820180760855991,3
UD_English-EWT,8,0.125,22,28,0.7228635784055366,0.2481153869428053,1.6316949414235211,0.7796466119505995,3
UD_English-EWT,8,0.125,22,29,0.9531896228618745,0.33204948941147283,1.6550921210934337,0.6991675270209003,3
UD_English-EWT,8,0.125,22,30,1.1167605796282627,0.38317088990426457,1.6621098891714883,0.6268224473126599,3
UD_English-EWT,8,0.125,22,31,0.6654080609690892,0.2264838705504337,1.6733638092414063,0.8035911656509006,3
UD_English-EWT,8,0.125,23,0,0.6499844032741798,0.2194864862566247,1.7064118970775866,0.8043464008304809,3
UD_English-EWT,8,0.125,23,1,0.6918534258132859,0.25148201429833045,0.6505377513571949,0.18679856260787212,3
UD_English-EWT,8,0.125,23,2,0.7641952987387098,0.2624361783279639,1.694673238501957,0.7712573369181221,3
UD_English-EWT,8,0.125,23,3,1.3790265226461849,0.47620254776055476,1.9569559955531783,0.5859198152394677,3
UD_English-EWT,8,0.125,23,4,1.6746092506418027,0.5759297139494798,2.2381727263358555,0.5163533110341196,3
UD_English-EWT,8,0.125,23,5,0.5594500214987873,0.19158567616950128,1.7879900413485608,0.8293577588701074,3
UD_English-EWT,8,0.125,23,6,0.8198002299297268,0.28056636719348654,1.846805101073939,0.7591317403851203,3
UD_English-EWT,8,0.125,23,7,0.6400144221854883,0.21571923034920445,1.698728082229965,0.8099360468514086,3
UD_English-EWT,8,0.125,23,8,0.6617674167778594,0.22360039453017092,1.7309070197773762,0.8074401928373156,3
UD_English-EWT,8,0.125,23,9,0.912448306824123,0.3093264544610009,1.871030953493926,0.7463869766038732,3
UD_English-EWT,8,0.125,23,10,1.2587262960948145,0.4315161314709808,2.100860308021144,0.6441421793580381,3
UD_English-EWT,8,0.125,23,11,0.7921576064609276,0.27155737543414143,1.6754646306426582,0.7661012341768799,3
UD_English-EWT,8,0.125,23,12,1.1554273235457246,0.40124714480227835,1.8950148223337797,0.6494636854703092,3
UD_English-EWT,8,0.125,23,13,0.6133626619174072,0.20799028525003427,1.7365385445550707,0.8175905194601726,3
UD_English-EWT,8,0.125,23,14,0.6696236800497402,0.22553761050661514,1.8370548098505848,0.8017334147527787,3
UD_English-EWT,8,0.125,23,15,0.501997054746215,0.16953600781930708,1.623228727855155,0.8419647916662889,3
UD_English-EWT,8,0.125,23,16,0.8292345400723223,0.2782541717299157,1.8256033159018867,0.7544664612111173,3
UD_English-EWT,8,0.125,23,17,1.1673854421518866,0.40220269209659487,1.7620042812737393,0.624030860585376,3
UD_English-EWT,8,0.125,23,18,1.3042256532335326,0.4409342077993304,2.1191564791840936,0.6442146365121957,3
UD_English-EWT,8,0.125,23,19,0.9988290917650815,0.34137815073512506,1.9828313362728702,0.7229410981681395,3
UD_English-EWT,8,0.125,23,20,0.8861052089511589,0.298992349421826,1.8233103680480374,0.7457151474712759,3
UD_English-EWT,8,0.125,23,21,0.5586272316301184,0.19081709295331428,1.6286199702279056,0.8252056002182604,3
UD_English-EWT,8,0.125,23,22,0.6759639297338892,0.2341718609870593,1.6885174467942539,0.7917575539244112,3
UD_English-EWT,8,0.125,23,23,0.7624028072860397,0.2642568101790922,1.480042164809391,0.7596350398138573,3
UD_English-EWT,8,0.125,23,24,0.6936826208887964,0.2302250765019753,1.9625135939195075,0.8113907944064974,3
UD_English-EWT,8,0.125,23,25,0.5801002505338855,0.19541709966837126,1.7973822419088883,0.8279514043763253,3
UD_English-EWT,8,0.125,23,26,0.556881062258951,0.1875474637226695,1.6012454059633185,0.8207662647186299,3
UD_English-EWT,8,0.125,23,27,0.4535702327554723,0.15385007470946263,1.6596307129970664,0.8560034630647122,3
UD_English-EWT,8,0.125,23,28,1.6956751857000405,0.5793140938875345,2.264695331508562,0.5243608827460117,3
UD_English-EWT,8,0.125,23,29,1.4856559795977204,0.5103910957990666,1.7993098488976613,0.5167886531404567,3
UD_English-EWT,8,0.125,23,30,0.4382552876610492,0.14443671319655774,1.652299708980246,0.8599644085979309,3
UD_English-EWT,8,0.125,23,31,0.8656709381533559,0.2925540955961158,1.8660823889823126,0.7536237745907138,3
UD_English-EWT,8,0.125,24,0,0.5375399151426793,0.1815039901773637,1.63505089821087,0.8306100436355681,3
UD_English-EWT,8,0.125,24,1,1.7204022461273631,0.5903793429253531,2.011546630758405,0.4141068873055049,3
UD_English-EWT,8,0.125,24,2,0.4917155180452137,0.1666203845506076,1.6229937046847709,0.8423970316575741,3
UD_English-EWT,8,0.125,24,3,0.5641743380725656,0.19102071400032886,1.5204884847643054,0.8260327065142995,3
UD_English-EWT,8,0.125,24,4,1.1421608426328238,0.3847868661438616,2.1252788145142607,0.7073991127678605,3
UD_English-EWT,8,0.125,24,5,0.6858084305394815,0.23435438694245772,1.7043706960365421,0.7918194255067242,3
UD_English-EWT,8,0.125,24,6,1.2014120309622127,0.4161879961160037,1.3775816178441265,0.5162396660525833,3
UD_English-EWT,8,0.125,24,7,1.423543211975167,0.48767577811994184,2.2356279683731946,0.6133563851696763,3
UD_English-EWT,8,0.125,24,8,0.6899052499564456,0.23463246046322891,1.607303539762623,0.7844758499108377,3
UD_English-EWT,8,0.125,24,9,0.6414341537047769,0.2193857006616687,1.852005092267673,0.8101343330409793,3
UD_English-EWT,8,0.125,24,10,1.2265777270121327,0.4172442936336788,2.0841768321552347,0.6610208050922943,3
UD_English-EWT,8,0.125,24,11,0.6371128456819742,0.21512623647319487,1.6505489617531852,0.8068956076243862,3
UD_English-EWT,8,0.125,24,12,0.6333263541736347,0.21394944535856744,1.852133869025551,0.8149736028890683,3
UD_English-EWT,8,0.125,24,13,1.8782759160617661,0.6469387596639344,1.8202452796133055,0.1958839022596867,3
UD_English-EWT,8,0.125,24,14,1.4722704070947643,0.4987875055894934,2.0422383375832287,0.5640802073151633,3
UD_English-EWT,8,0.125,24,15,0.7781199213890918,0.2626704120947445,1.7320470287310188,0.7721785467409806,3
UD_English-EWT,8,0.125,24,16,1.029703689410007,0.3457833946104041,2.0344189463525955,0.7295235168249881,3
UD_English-EWT,8,0.125,24,17,1.014348276970545,0.34270907662646044,1.9698584700352724,0.723081542935582,3
UD_English-EWT,8,0.125,24,18,1.9936759055529354,0.6877523967504283,2.265030650438941,0.390631940100471,3
UD_English-EWT,8,0.125,24,19,0.5945434818614294,0.19761629118236335,1.8028770640003877,0.8250994272665791,3
UD_English-EWT,8,0.125,24,20,0.3704717446827688,0.12445250570855505,1.5987409726429886,0.8759934163104424,3
UD_English-EWT,8,0.125,24,21,0.4923662814279452,0.168468874668828,1.5492296216972103,0.8351288258296545,3
UD_English-EWT,8,0.125,24,22,0.505482456166779,0.17095023737490886,1.707438558116148,0.8384110822676526,3
UD_English-EWT,8,0.125,24,23,1.759359494245226,0.5914821955553495,2.089762854255831,0.4292608567382903,3
UD_English-EWT,8,0.125,24,24,1.4402151197629331,0.4890551653729653,2.0986642360632968,0.5961293444607427,3
UD_English-EWT,8,0.125,24,25,0.5969296668050555,0.1997821927749177,1.7878323460510084,0.8167559645106449,3
UD_English-EWT,8,0.125,24,26,1.0868675960651946,0.37436729812407643,1.468426001256498,0.5922669932205494,3
UD_English-EWT,8,0.125,24,27,0.9506377688454691,0.3278496238845782,1.5524071662640964,0.695190605257921,3
UD_English-EWT,8,0.125,24,28,0.7207308353717101,0.2483439424867404,1.5764155345943456,0.7784715056663654,3
UD_English-EWT,8,0.125,24,29,0.9800977437181877,0.33456985124527644,1.8039132061606111,0.7207726608513972,3
UD_English-EWT,8,0.125,24,30,0.8729269116139803,0.31251257721789333,0.7666894287848082,0.24854354687605074,3
UD_English-EWT,8,0.125,24,31,0.6267906086339542,0.21081818265837018,1.5557455325835063,0.7959256230807695,3
UD_English-EWT,8,0.125,25,0,1.2017926739321814,0.40921388003629083,2.0749827295487475,0.6775432689580217,3
UD_English-EWT,8,0.125,25,1,0.4464415059541988,0.14713891959224976,1.6635201735954686,0.8575867770039536,3
UD_English-EWT,8,0.125,25,2,0.6899259505566135,0.23959236249975682,1.6359847821430975,0.7887947063194164,3
UD_English-EWT,8,0.125,25,3,0.759256600071498,0.25664601825306593,1.9199531612229042,0.7955420594899923,3
UD_English-EWT,8,0.125,25,4,0.8598872776022809,0.29848834701248855,1.8607495129786988,0.749696981358615,3
UD_English-EWT,8,0.125,25,5,1.2634807964261003,0.433121276445999,2.0317893032330634,0.6276642954272162,3
UD_English-EWT,8,0.125,25,6,0.7298968893582704,0.24941284360978178,1.6853149741318056,0.7751778774438444,3
UD_English-EWT,8,0.125,25,7,0.7602335680988643,0.2590082273742214,1.6195047117349013,0.7816855292936925,3
UD_English-EWT,8,0.125,25,8,0.4155565784338231,0.13954192663683726,1.5490795065409662,0.8607878872551336,3
UD_English-EWT,8,0.125,25,9,0.9851345128103249,0.3334411987407177,2.119330427522868,0.7408673008310123,3
UD_English-EWT,8,0.125,25,10,0.5512988087593939,0.1844122260355158,1.862845211264377,0.8433035567321413,3
UD_English-EWT,8,0.125,25,11,0.7288718616254016,0.2522919696869366,1.7104177383030805,0.7857917931901192,3
UD_English-EWT,8,0.125,25,12,0.9728410768717907,0.32557546602517967,2.1084846919351588,0.7463576147410822,3
UD_English-EWT,8,0.125,25,13,0.46930789025347747,0.1561371793865289,1.7006395432643444,0.8486620158038504,3
UD_English-EWT,8,0.125,25,14,0.38793906479232515,0.12782201841889196,1.6376143719369922,0.8692480083453199,3
UD_English-EWT,8,0.125,25,15,0.8773428021517934,0.30047549472575524,1.9734051738117564,0.7622007561240256,3
UD_English-EWT,8,0.125,25,16,0.6840571344699473,0.23515242291359953,1.7660107485040724,0.8062651817888727,3
UD_English-EWT,8,0.125,25,17,0.869107521154353,0.29473208631974096,1.8516604861003672,0.7557020378867351,3
UD_English-EWT,8,0.125,25,18,0.7460866115091603,0.2558293633539576,1.6553920987579558,0.7656020740274414,3
UD_English-EWT,8,0.125,25,19,1.192410900483149,0.4161658566954032,1.4710289765359708,0.585597790316263,3
UD_English-EWT,8,0.125,25,20,0.4647720667409739,0.15703456805601634,1.6478800518380543,0.8501351110650758,3
UD_English-EWT,8,0.125,25,21,0.9311404380479145,0.3167653074979999,2.0079550344924457,0.7567448028666943,3
UD_English-EWT,8,0.125,25,22,0.9217318638765638,0.3161500005597734,1.5202501238423836,0.7069276735349431,3
UD_English-EWT,8,0.125,25,23,0.9922481388572896,0.33487303045074474,2.0646417770935104,0.7369869643574637,3
UD_English-EWT,8,0.125,25,24,0.7353006904819245,0.2533447617378242,2.019988834783299,0.8001913988050107,3
UD_English-EWT,8,0.125,25,25,0.5673880967937532,0.19405171170895189,1.7006248541800595,0.82536737706329,3
UD_English-EWT,8,0.125,25,26,0.9178119765455497,0.3118386857198019,1.842824166915456,0.7323941302253357,3
UD_English-EWT,8,0.125,25,27,0.920896649774578,0.31538700029756095,1.966511121104541,0.7468773088874278,3
UD_English-EWT,8,0.125,25,28,1.1783075291385199,0.4166663456945689,1.1253242333621492,0.3321572730185393,3
UD_English-EWT,8,0.125,25,29,1.2388082931466224,0.43415740125546254,1.8766030235748692,0.6322864835406695,3
UD_English-EWT,8,0.125,25,30,0.7736610178046864,0.2661766387277939,1.7311894082496508,0.7731065721486869,3
UD_English-EWT,8,0.125,25,31,0.4382742799382542,0.1474959047779251,1.6614778386615556,0.8618732870086512,3
UD_English-EWT,8,0.125,26,0,0.6097473847749346,0.20803058301633012,1.7868539563945083,0.8089179096027584,3
UD_English-EWT,8,0.125,26,1,0.4911903594204909,0.16296605641812845,1.631586952063718,0.8383201181970007,3
UD_English-EWT,8,0.125,26,2,1.2446350415249123,0.4250025899812769,2.044376003720504,0.6570255480272413,3
UD_English-EWT,8,0.125,26,3,0.8621937590150776,0.2943738030544558,1.8194659789158998,0.7550016183453613,3
UD_English-EWT,8,0.125,26,4,1.840555220679507,0.638226108744279,1.882000382806434,0.25674011305530975,3
UD_English-EWT,8,0.125,26,5,0.48732419202243316,0.16342347175373148,1.590683959258249,0.8412116671656217,3
UD_English-EWT,8,0.125,26,6,1.1618087092356821,0.40892250774825206,1.8171941314998652,0.629561375399105,3
UD_English-EWT,8,0.125,26,7,0.624624732556076,0.21020665390752866,1.875112811290067,0.8236413112483607,3
UD_English-EWT,8,0.125,26,8,0.616065837366537,0.20996971112440166,1.6328913865437924,0.8077232859798033,3
UD_English-EWT,8,0.125,26,9,0.9925271943890115,0.3373747269482181,1.9532675149770817,0.7214267529099366,3
UD_English-EWT,8,0.125,26,10,1.70614358917123,0.5776793792341685,2.1490780717688183,0.49453972080529063,3
UD_English-EWT,8,0.125,26,11,0.559489637104377,0.1879742045730746,1.611104797212261,0.8195325576569648,3
UD_English-EWT,8,0.125,26,12,0.29121276535702795,0.0942822753172707,1.6717276553960962,0.9000925231311058,3
UD_English-EWT,8,0.125,26,13,0.7401846050673279,0.2625797972463085,0.7607963891302952,0.27714143134992847,3
UD_English-EWT,8,0.125,26,14,1.4239906157029347,0.4853843888895542,1.8633763392766316,0.5116686612632267,3
UD_English-EWT,8,0.125,26,15,1.7577130714455154,0.6010142318592262,2.0496268024861486,0.40301301801248113,3
UD_English-EWT,8,0.125,26,16,0.9946939735749706,0.3413508711094359,1.4937029343322326,0.6317065267099274,3
UD_English-EWT,8,0.125,26,17,0.5741397266289752,0.1945473972406028,1.8438517300035457,0.8346919309218942,3
UD_English-EWT,8,0.125,26,18,0.951053718115137,0.3337240209209246,1.4827283372753088,0.6598659918892905,3
UD_English-EWT,8,0.125,26,19,2.3296175299989286,0.8002061045072119,2.297339996842087,0.14895400283722468,3
UD_English-EWT,8,0.125,26,20,0.8860086413585532,0.3000240028277718,1.9689376262204894,0.76080852901675,3
UD_English-EWT,8,0.125,26,21,1.5448057506308095,0.5297181336972557,2.188205484701202,0.5664626345214839,3
UD_English-EWT,8,0.125,26,22,1.1839910235615594,0.41592025536982735,1.194175352300017,0.36951389912183386,3
UD_English-EWT,8,0.125,26,23,0.9606658788720224,0.32773209070423803,2.0271214022282478,0.7430514788903119,3
UD_English-EWT,8,0.125,26,24,1.1378223365393276,0.3853576460917682,2.069904478141302,0.7011491268506793,3
UD_English-EWT,8,0.125,26,25,1.4136301741302557,0.48714343938155463,2.102017250244518,0.5986167233681581,3
UD_English-EWT,8,0.125,26,26,0.951421237158808,0.3228776477792984,1.9215388169379832,0.733208684172678,3
UD_English-EWT,8,0.125,26,27,1.0815297149813892,0.3685099874438212,1.948752714527978,0.6989454133385191,3
UD_English-EWT,8,0.125,26,28,1.0628063531901233,0.36369041638459015,1.7558381367875144,0.6510567799929822,3
UD_English-EWT,8,0.125,26,29,1.2040382150445261,0.41073223969514033,2.0473529994759185,0.6717485721156896,3
UD_English-EWT,8,0.125,26,30,0.9674331812028568,0.3315362600823406,1.6266386555626529,0.6227388344314932,3
UD_English-EWT,8,0.125,26,31,0.5325448793106338,0.17938484908429353,1.6240801400011353,0.8293241253614644,3
UD_English-EWT,8,0.125,27,0,0.572596149783724,0.19279281966276263,1.46355158240553,0.8169763165174938,3
UD_English-EWT,8,0.125,27,1,0.4555475396317903,0.1524689462967217,1.5454272964531608,0.8428106318840346,3
UD_English-EWT,8,0.125,27,2,1.6726280156054782,0.5786033017333523,1.6734796485071408,0.26484861945519683,3
UD_English-EWT,8,0.125,27,3,0.44865510611157045,0.14851037796331443,1.5538889732184684,0.8534521842358433,3
UD_English-EWT,8,0.125,27,4,1.3331848672966053,0.45539967286212196,2.1478760718810754,0.6385592354668511,3
UD_English-EWT,8,0.125,27,5,0.4657217207108582,0.15428223741030447,1.689735009468997,0.8539405026505337,3
UD_English-EWT,8,0.125,27,6,1.219865972064232,0.4267319906197611,1.3221860536406382,0.48331973190081795,3
UD_English-EWT,8,0.125,27,7,1.3153822225788252,0.4595744460821152,1.2138119925946704,0.2597876518438036,3
UD_English-EWT,8,0.125,27,8,1.2578103955299043,0.4380626232314088,1.6742776160845991,0.5814293014642211,3
UD_English-EWT,8,0.125,27,9,0.9497267886969127,0.32772747144605185,1.1906883897758573,0.5808555527576643,3
UD_English-EWT,8,0.125,27,10,0.5824297232186941,0.19486013225420548,1.8902205284718825,0.8390283725124347,3
UD_English-EWT,8,0.125,27,11,0.630473913787737,0.2104820395770647,1.7879708719818102,0.8077506072452811,3
UD_English-EWT,8,0.125,27,12,1.6933585473205657,0.5833752795185331,1.676732140133507,0.2420641941744461,3
UD_English-EWT,8,0.125,27,13,0.4031016438485264,0.13207973981189639,1.6856560999042403,0.8718474722706556,3
UD_English-EWT,8,0.125,27,14,0.4714640129055618,0.15703041996308117,1.572344124106816,0.848925026075979,3
UD_English-EWT,8,0.125,27,15,1.6867878883534224,0.5738407453226912,2.0141915572308453,0.43446806033832347,3
UD_English-EWT,8,0.125,27,16,2.055049590128584,0.7033170085800693,2.2115440384123493,0.27250074975884675,3
UD_English-EWT,8,0.125,27,17,1.0578488331077747,0.3764398184779672,0.9348975638222825,0.3222379689401725,3
UD_English-EWT,8,0.125,27,18,0.8257460040438968,0.2766629689727623,1.9306399618938757,0.7719480940946574,3
UD_English-EWT,8,0.125,27,19,0.4894685756672981,0.16171001638362156,1.6176691359428108,0.8442520690243861,3
UD_English-EWT,8,0.125,27,20,0.920847129531354,0.31456600884840785,2.0397279921016622,0.7495232982890094,3
UD_English-EWT,8,0.125,27,21,0.5939261775348464,0.19916272707171534,1.6834647738814137,0.8230960944664066,3
UD_English-EWT,8,0.125,27,22,1.0140585400408408,0.34973519620823185,1.7448676886182881,0.6990925807281921,3
UD_English-EWT,8,0.125,27,23,0.6123716785709877,0.20276299141727402,1.902805390674451,0.8246897598338366,3
UD_English-EWT,8,0.125,27,24,0.40987347947681263,0.1376304928614556,1.631528256131923,0.8629783432937493,3
UD_English-EWT,8,0.125,27,25,0.507681944958852,0.17306931423047092,1.6082310815882923,0.8427301587601393,3
UD_English-EWT,8,0.125,27,26,0.6901178531932266,0.23299093942797466,1.7705589285992316,0.8032453613990209,3
UD_English-EWT,8,0.125,27,27,0.5964602728209752,0.20303221579084685,1.840629246906939,0.8255133725336341,3
UD_English-EWT,8,0.125,27,28,0.6039880013232457,0.20277710040803923,1.7095753278834354,0.8196532395829484,3
UD_English-EWT,8,0.125,27,29,1.1606123231364947,0.39644278078687756,1.967144520393486,0.6651806690558818,3
UD_English-EWT,8,0.125,27,30,1.1046418869470964,0.37497666997594153,2.007634738646787,0.7000055636274195,3
UD_English-EWT,8,0.125,27,31,0.4800148304188811,0.16293324757526836,1.1937341677679771,0.8352951388568609,3
UD_English-EWT,8,0.125,28,0,0.7411940346500804,0.26205191515616816,1.7784723479891085,0.755946490872916,3
UD_English-EWT,8,0.125,28,1,0.424929582335747,0.13866745463346822,1.70057978417609,0.8684697637575355,3
UD_English-EWT,8,0.125,28,2,0.9500562453978375,0.32651887113102906,1.820611127141612,0.7262300762919564,3
UD_English-EWT,8,0.125,28,3,1.152746135840542,0.3934113720197821,2.0284304908444537,0.6861229727353445,3
UD_English-EWT,8,0.125,28,4,0.5323812521278234,0.1792666972250099,1.6367761858744048,0.835706018128573,3
UD_English-EWT,8,0.125,28,5,0.7129953043002683,0.24609430384006223,1.193492706519007,0.7570602092043733,3
UD_English-EWT,8,0.125,28,6,1.0424203614013876,0.3576004056324453,2.012349844440302,0.71745314307253,3
UD_English-EWT,8,0.125,28,7,1.6682471724698669,0.5722664216014205,2.0219277557399535,0.4395454119185227,3
UD_English-EWT,8,0.125,28,8,0.5344149634252237,0.1793074800610841,1.67573438687267,0.8389342064088812,3
UD_English-EWT,8,0.125,28,9,1.125063576109585,0.37775672724528175,1.9554248764595268,0.6819976613583733,3
UD_English-EWT,8,0.125,28,10,0.9513049574470477,0.3325941139367326,0.9674114231936267,0.509085165238337,3
UD_English-EWT,8,0.125,28,11,1.0014788499831448,0.34003765358062016,1.863288021125646,0.7173221204124514,3
UD_English-EWT,8,0.125,28,12,0.5001786807993044,0.16424578302226053,1.7174662921123058,0.8433248952288989,3
UD_English-EWT,8,0.125,28,13,1.5198907247305133,0.5180374879478213,1.976292573797681,0.4767592493020582,3
UD_English-EWT,8,0.125,28,14,1.4316065355266812,0.4893706731620382,2.1496956847567374,0.601413639238569,3
UD_English-EWT,8,0.125,28,15,0.4479259462206063,0.1501986770055177,1.4409042840012651,0.8486766895798387,3
UD_English-EWT,8,0.125,28,16,0.6467391505009598,0.21928763299847942,1.5535768737477031,0.799542812701783,3
UD_English-EWT,8,0.125,28,17,0.9715379176352629,0.33689369522510115,1.7311908511516176,0.7004971917861146,3
UD_English-EWT,8,0.125,28,18,0.8007006114840726,0.27488777621433763,1.5112692451813616,0.7077998684987236,3
UD_English-EWT,8,0.125,28,19,0.49478979712735544,0.16362226218534787,1.6730353143642944,0.8481731643333678,3
UD_English-EWT,8,0.125,28,20,1.1409348099066694,0.39803968936218476,1.9459011242580762,0.6617751101164219,3
UD_English-EWT,8,0.125,28,21,0.7952522301812316,0.2688670722438609,1.8358632000281947,0.7609975420732479,3
UD_English-EWT,8,0.125,28,22,0.7531847374578208,0.2588601518720931,1.4171992854532431,0.7587241060312545,3
UD_English-EWT,8,0.125,28,23,1.8956640893372898,0.6553385281063385,1.9906584639475426,0.2968356178289717,3
UD_English-EWT,8,0.125,28,24,0.5218638385355961,0.17755970165459187,1.3139755346478117,0.8303839956123538,3
UD_English-EWT,8,0.125,28,25,1.8855488353793957,0.6436096111987675,1.9748270083320598,0.24526797098197547,3
UD_English-EWT,8,0.125,28,26,1.2558760492908065,0.438510325654174,1.3645981089610653,0.4409395810250593,3
UD_English-EWT,8,0.125,28,27,0.4436357668931774,0.14520508575105603,1.7317583164732857,0.867501722496064,3
UD_English-EWT,8,0.125,28,28,1.634453077323884,0.5591177734290208,2.039994200939255,0.456035975622987,3
UD_English-EWT,8,0.125,28,29,0.6485965091290669,0.21588941271466036,1.7740817320938536,0.8047544400467248,3
UD_English-EWT,8,0.125,28,30,1.0575512515038306,0.3652127798517762,1.8754417581690683,0.696278274303577,3
UD_English-EWT,8,0.125,28,31,0.38535793075416036,0.13655454450912896,1.467688615438961,0.851219369115508,3
UD_English-EWT,8,0.125,29,0,1.0167566352338955,0.349565904825003,1.4640276691518412,0.6725682804941154,3
UD_English-EWT,8,0.125,29,1,0.4044090942717166,0.13131638574931356,1.7515918884514567,0.8711050267048005,3
UD_English-EWT,8,0.125,29,2,1.2473342375514287,0.42733811227798135,2.1407048773081576,0.666897365572321,3
UD_English-EWT,8,0.125,29,3,0.48040832394567784,0.15844267381792837,1.5457840257736504,0.8491159878087609,3
UD_English-EWT,8,0.125,29,4,0.9058692703780147,0.3054428892040486,1.864009257629921,0.7307338549031153,3
UD_English-EWT,8,0.125,29,5,1.3934655930772288,0.47682913953272155,1.7947896363685256,0.48653492280103955,3
UD_English-EWT,8,0.125,29,6,0.2940436747134621,0.09380636244498275,1.4136036260771092,0.8947445178346772,3
UD_English-EWT,8,0.125,29,7,0.7044536605314479,0.24683501773627511,1.335067044611077,0.7336041930323307,3
UD_English-EWT,8,0.125,29,8,0.8121144153781655,0.2710987273213506,1.805337233757278,0.7554826493458128,3
UD_English-EWT,8,0.125,29,9,1.9796140873584156,0.6820711847835769,2.1856779687391605,0.33274554818841495,3
UD_English-EWT,8,0.125,29,10,1.926573881658917,0.6604473434103643,2.0440327719206803,0.2637944607528941,3
UD_English-EWT,8,0.125,29,11,0.37280747501640993,0.12198766739699712,1.4302457098548855,0.8735188134218174,3
UD_English-EWT,8,0.125,29,12,1.7499392909864693,0.5960059361854646,2.3219293281843103,0.5098023708190477,3
UD_English-EWT,8,0.125,29,13,0.987006506789306,0.33729189159331646,1.8351174419396346,0.7139949120364011,3
UD_English-EWT,8,0.125,29,14,1.0925274656878576,0.3836024732198329,1.053901945578379,0.4816860200664222,3
UD_English-EWT,8,0.125,29,15,1.9833978337451192,0.6880011586625067,1.9668764774373753,0.15190114850901026,3
UD_English-EWT,8,0.125,29,16,0.33902057338309205,0.10873703220549578,1.5760946656850408,0.8880048172992869,3
UD_English-EWT,8,0.125,29,17,0.629145242731835,0.2072395924818049,1.8417507895083591,0.817578963487526,3
UD_English-EWT,8,0.125,29,18,1.403256695452935,0.48407241007913654,2.142651501927654,0.6118266746700353,3
UD_English-EWT,8,0.125,29,19,1.4037030732669684,0.4827881798093871,2.0121246633308183,0.5836688415927708,3
UD_English-EWT,8,0.125,29,20,1.0588729343629817,0.3575707161120514,1.7988170836195485,0.6887457749122695,3
UD_English-EWT,8,0.125,29,21,1.4435740070916265,0.4948168960425372,2.047922917999639,0.5772788069874238,3
UD_English-EWT,8,0.125,29,22,0.46712430436435565,0.15285299423673207,1.766018338474311,0.8656336846871672,3
UD_English-EWT,8,0.125,29,23,1.2850568125971027,0.4380074312031703,2.091658502844296,0.6166396558705466,3
UD_English-EWT,8,0.125,29,24,1.3192695786257043,0.4511640558667305,1.9180055546195998,0.6152434129003294,3
UD_English-EWT,8,0.125,29,25,0.3757170714855276,0.12844678839348012,1.5251657426041738,0.8702899570049266,3
UD_English-EWT,8,0.125,29,26,1.4497806600452774,0.49777774509374995,2.0052965106968452,0.5538000236002419,3
UD_English-EWT,8,0.125,29,27,0.4067410617788578,0.1334915432145137,1.5796171616023245,0.866350493592317,3
UD_English-EWT,8,0.125,29,28,1.0845666051399512,0.3651816433767206,2.1571798635093677,0.7262024418035274,3
UD_English-EWT,8,0.125,29,29,0.8322275233453306,0.29428496511011826,0.7771774686886531,0.3274452959260274,3
UD_English-EWT,8,0.125,29,30,1.7723414678065506,0.6016417903815462,2.2154713480958956,0.47067411919082014,3
UD_English-EWT,8,0.125,29,31,0.5077616945231412,0.17174858160279624,1.615763041871059,0.8396712292141819,3
UD_English-EWT,8,0.125,30,0,0.42240411598907146,0.14080167725599135,1.5223223219925914,0.8581407047088897,3
UD_English-EWT,8,0.125,30,1,0.8641026112673388,0.29408912711652957,1.268517546613577,0.6899844813270865,3
UD_English-EWT,8,0.125,30,2,2.024195577060373,0.6939695253289679,2.0635738283775757,0.21831332402864048,3
UD_English-EWT,8,0.125,30,3,0.5637846367046888,0.18424176640566,1.7147298198335807,0.8326488472589162,3
UD_English-EWT,8,0.125,30,4,1.2047656493868766,0.4068115059903845,2.221191492427025,0.689291520352952,3
UD_English-EWT,8,0.125,30,5,0.7353336607056834,0.24781108026533558,1.6559299013640167,0.7697026589257687,3
UD_English-EWT,8,0.125,30,6,0.5350380260734827,0.1829198885960114,1.6069218333953066,0.8263533499044365,3
UD_English-EWT,8,0.125,30,7,1.4098934825435145,0.4843724815680464,1.9196383505516799,0.5539117931627511,3
UD_English-EWT,8,0.125,30,8,0.38600858775661323,0.12478288538853227,1.584730457008998,0.8681334143399324,3
UD_English-EWT,8,0.125,30,9,1.9493651245135428,0.6729485539682142,1.9927187242251712,0.24860588597720712,3
UD_English-EWT,8,0.125,30,10,1.1085010377761444,0.3790453707253076,1.9674429597641818,0.6799615830495166,3
UD_English-EWT,8,0.125,30,11,0.8747938858083906,0.3067060558596975,1.7235654751296903,0.6915860967405263,3
UD_English-EWT,8,0.125,30,12,2.0989135457626893,0.7152966896855766,2.0820773669225052,0.14702233927015246,3
UD_English-EWT,8,0.125,30,13,0.7197270255624053,0.250353676287325,1.3291732012167004,0.7411653371103691,3
UD_English-EWT,8,0.125,30,14,1.436122049874404,0.493379154953366,1.9542019007581615,0.5617152453384927,3
UD_English-EWT,8,0.125,30,15,0.7001101068562008,0.23186363918513386,1.3745267656792926,0.760122029331321,3
UD_English-EWT,8,0.125,30,16,0.7876056892651461,0.27484692834344826,1.2075502883595413,0.7186285905634988,3
UD_English-EWT,8,0.125,30,17,0.9735807038450067,0.3368698609059843,1.0087111923836838,0.5092315902502593,3
UD_English-EWT,8,0.125,30,18,0.8907313786908468,0.3117183136154909,1.7405914315489037,0.6780624488052666,3
UD_English-EWT,8,0.125,30,19,0.4854028559508708,0.17066107678459533,1.15888960926517,0.8048674951702736,3
UD_English-EWT,8,0.125,30,20,0.2816215597529079,0.08977236387910209,1.28455515575166,0.8933288105687157,3
UD_English-EWT,8,0.125,30,21,1.0510630015222753,0.3613210138550982,1.610965565172701,0.671977974610142,3
UD_English-EWT,8,0.125,30,22,0.27292395005649794,0.08618050519874675,1.3535592870562863,0.892961323926249,3
UD_English-EWT,8,0.125,30,23,0.718124469017817,0.2457290967385232,1.7155956731590092,0.7893346539259175,3
UD_English-EWT,8,0.125,30,24,0.834152376330127,0.28617451343013617,1.4261362873465637,0.7050832727201324,3
UD_English-EWT,8,0.125,30,25,0.5820190002768553,0.19320464936442985,1.472724623028155,0.8194407876207747,3
UD_English-EWT,8,0.125,30,26,2.360740828628097,0.8062267534041231,2.327705434002729,0.08051612792674025,3
UD_English-EWT,8,0.125,30,27,1.7074431934697598,0.6021528351061277,2.083734115181942,0.4435317909857343,3
UD_English-EWT,8,0.125,30,28,0.5663011932375761,0.18666947638795783,1.6634200100052443,0.8205468108256658,3
UD_English-EWT,8,0.125,30,29,0.6800050127722038,0.22424084215827,1.6872953858179038,0.7892063952616004,3
UD_English-EWT,8,0.125,30,30,0.4067516848470385,0.13101830937261805,1.591227792278068,0.867375345096562,3
UD_English-EWT,8,0.125,30,31,1.8161117675797318,0.6236177671205367,1.9806949600495927,0.3192804249042547,3
UD_English-EWT,8,0.125,31,0,2.361023462915247,0.813262414818253,2.359432286252089,0.019975958924984622,3
UD_English-EWT,8,0.125,31,1,1.3451439935870075,0.47205294189611635,1.302203667999834,0.02352266271018893,3
UD_English-EWT,8,0.125,31,2,2.4040173733766395,0.8241759299526232,2.3881762231036827,0.010351561639406625,3
UD_English-EWT,8,0.125,31,3,2.012304098526854,0.7043334600636108,1.9811559449779532,0.012049425938416897,3
UD_English-EWT,8,0.125,31,4,2.038726239392232,0.701962632871825,2.0354895048888437,0.013318778049727026,3
UD_English-EWT,8,0.125,31,5,1.2226506612502812,0.42363268899678747,1.2196744180442205,0.018072646385509792,3
UD_English-EWT,8,0.125,31,6,1.0885327685020443,0.37757760548933605,1.0805541310316877,0.004264499989647229,3
UD_English-EWT,8,0.125,31,7,2.2782954916710842,0.7876845074780218,2.265835175314453,0.014304841581755573,3
UD_English-EWT,8,0.125,31,8,2.2893869981088275,0.7891083380210812,2.269263210898106,0.00951155786008535,3
UD_English-EWT,8,0.125,31,9,1.7555877920138379,0.6248415643026974,1.7015155799388342,0.028327448263535154,3
UD_English-EWT,8,0.125,31,10,2.3404113768119843,0.8040978977751863,2.320847264838783,0.06019800271985642,3
UD_English-EWT,8,0.125,31,11,2.1120716336646366,0.7280919821101678,2.1020512514101353,0.004962581284599186,3
UD_English-EWT,8,0.125,31,12,1.7216451851505183,0.6017191243546257,1.6997905699824594,0.02591751073725659,3
UD_English-EWT,8,0.125,31,13,2.251595404467296,0.7760864881652735,2.2243418888967548,0.018402682830628774,3
UD_English-EWT,8,0.125,31,14,2.4642817036593114,0.8471499377749657,2.4525845928596017,0.008340589859523302,3
UD_English-EWT,8,0.125,31,15,2.060612024993844,0.7030144682788512,2.1573422492256147,0.08324911130909453,3
UD_English-EWT,8,0.125,31,16,2.2220729622575974,0.7692178252996209,2.1691435348846437,0.02580873341209101,3
UD_English-EWT,8,0.125,31,17,1.332758243998109,0.4669162536986539,1.3168409050650935,0.004804794751415695,3
UD_English-EWT,8,0.125,31,18,2.0606085001770915,0.7199722082915635,2.0428417079652808,0.006038634547288785,3
UD_English-EWT,8,0.125,31,19,1.6054445988819248,0.5643838158314997,1.5829795783009033,0.007483162117053463,3
UD_English-EWT,8,0.125,31,20,1.6630957557909694,0.5906593531763727,1.6081003745939781,0.030078057491921148,3
UD_English-EWT,8,0.125,31,21,2.1943091394851333,0.7565504478490852,2.1741947258919314,0.008293412857931124,3
UD_English-EWT,8,0.125,31,22,1.1416225914719542,0.4124024676579731,1.1626890737882294,0.1567788009968433,3
UD_English-EWT,8,0.125,31,23,0.9427761340510433,0.332433248824272,0.9086236789795435,0.02919848037563232,3
UD_English-EWT,8,0.125,31,24,2.3476534769726145,0.7942514721921667,2.4553655919047217,0.07750047662402275,3
UD_English-EWT,8,0.125,31,25,2.3986038603634996,0.8244049412305238,2.3688862147335583,0.018721544478062745,3
UD_English-EWT,8,0.125,31,26,2.1127581575474887,0.7342781308013776,2.0636837715062506,0.02947613346321086,3
UD_English-EWT,8,0.125,31,27,1.755480280339392,0.6039072266204761,1.759020247311757,0.0191936640496487,3
UD_English-EWT,8,0.125,31,28,1.494581638518144,0.5234249788582434,1.477719026320836,0.006388378222291133,3
UD_English-EWT,8,0.125,31,29,1.9830352837162157,0.6882885932270947,1.954935883618009,0.013185426876867504,3
UD_English-EWT,8,0.125,31,30,2.294245917533265,0.7960736685329014,2.2729781000774847,0.007857090225110856,3
UD_English-EWT,8,0.125,31,31,1.8428248492746404,0.63707402138165,1.8186381642718565,0.016229552054265215,3
UD_English-EWT,16,0.25,0,0,1.893571493336303,0.6431617312716873,1.8080448511519718,0.20833410398664806,3
UD_English-EWT,16,0.25,0,1,2.7022129094231544,0.9171289707684994,2.7571502876194884,0.15534265916998105,3
UD_English-EWT,16,0.25,0,2,2.8440275475627086,0.9699345878944587,2.7938613493694415,0.11524906496471558,3
UD_English-EWT,16,0.25,0,3,2.7295011003486445,0.9278667478776369,2.7916430861897807,0.22308478561757583,3
UD_English-EWT,16,0.25,0,4,2.4031441324612697,0.8073968315032228,2.482691169653651,0.055508737473957286,3
UD_English-EWT,16,0.25,0,5,2.794590421115983,0.9519097718710458,2.753838236974671,0.06506401962555694,3
UD_English-EWT,16,0.25,0,6,2.386242256355633,0.8082707709139162,2.3082235429456324,0.0932797042581716,3
UD_English-EWT,16,0.25,0,7,2.388662892721173,0.8080980542416129,2.5439466754541153,0.31797436805601437,3
UD_English-EWT,16,0.25,0,8,2.3070585403611754,0.7910447555215848,2.2186892209862967,0.06482566316855498,3
UD_English-EWT,16,0.25,0,9,1.9914062647030217,0.6745812169433943,1.872412168330942,0.17862913163314373,3
UD_English-EWT,16,0.25,0,10,2.5603654618580265,0.8689027915561134,2.626885119601677,0.21911122226487093,3
UD_English-EWT,16,0.25,0,11,2.6718998919690677,0.906635879153871,2.6388241416335325,0.011918476941140338,3
UD_English-EWT,16,0.25,0,12,2.6114285544293825,0.8890114265930023,2.5550084215858595,0.10690013603655069,3
UD_English-EWT,16,0.25,0,13,2.803171537558672,0.9563979666089751,2.780903251336138,0.14932515799917812,3
UD_English-EWT,16,0.25,0,14,2.3988951425626195,0.8232250010598118,2.3033179933907557,0.12561062617373325,3
UD_English-EWT,16,0.25,0,15,2.662005906548005,0.9138235713343369,2.5961348617988858,0.047802778348629484,3
UD_English-EWT,16,0.25,0,16,2.2326698284765847,0.7621105832398914,2.1409218353109067,0.15659467308173033,3
UD_English-EWT,16,0.25,0,17,2.542494942093156,0.8670341433288838,2.4532386831029953,0.07166317734699391,3
UD_English-EWT,16,0.25,0,18,2.078036925451786,0.7138035370406773,1.960237126505657,0.07544827301229921,3
UD_English-EWT,16,0.25,0,19,2.242651787367675,0.7607605340593717,2.2011073715102696,0.2301154068445546,3
UD_English-EWT,16,0.25,0,20,2.471019414658972,0.8449402828794144,2.4180453070634482,0.12897200911188791,3
UD_English-EWT,16,0.25,0,21,2.85603977053109,0.9756674826253743,2.817271636266309,0.11643274206980275,3
UD_English-EWT,16,0.25,0,22,2.053028741820914,0.7001971582354526,1.9535717799961023,0.11230137046063506,3
UD_English-EWT,16,0.25,0,23,2.5440386729162245,0.8627831558060777,2.5244679506087784,0.17083229535752956,3
UD_English-EWT,16,0.25,0,24,2.7742872291901075,0.94541594022393,2.719385127117942,0.11018760770793413,3
UD_English-EWT,16,0.25,0,25,2.7212522680750744,0.9321971052005642,2.6524848233372356,0.09471803175782505,3
UD_English-EWT,16,0.25,0,26,1.7691227254917496,0.6053899351799206,1.7179314089983102,0.01558506938027479,3
UD_English-EWT,16,0.25,0,27,2.6824593546720585,0.9110486651813181,2.6660102799073377,0.16382916906902834,3
UD_English-EWT,16,0.25,0,28,2.1323826244077178,0.7245963794910408,2.1178987596204375,0.23403344992107164,3
UD_English-EWT,16,0.25,0,29,1.125644051468166,0.37222471425414955,1.7466167282102756,0.680039823910252,3
UD_English-EWT,16,0.25,0,30,2.6059891087544202,0.8859639432423753,2.5423647747773725,0.07158948635370327,3
UD_English-EWT,16,0.25,0,31,2.6393851877235974,0.8939283241014011,2.715412366639938,0.12985067014397547,3
UD_English-EWT,16,0.25,1,0,2.1768919488988505,0.747310600346989,2.155441060173707,0.07617813453056217,3
UD_English-EWT,16,0.25,1,1,2.130015609232889,0.7273265272921768,2.0560965503825517,0.1710624253048217,3
UD_English-EWT,16,0.25,1,2,2.491057522418503,0.8549183591358865,2.4352319972328367,0.08571543091147264,3
UD_English-EWT,16,0.25,1,3,2.32432415457154,0.8003800495889019,2.239678229410574,0.1564621379453085,3
UD_English-EWT,16,0.25,1,4,1.879479189062379,0.6479907586003479,1.8572836586957855,0.2988036980306244,3
UD_English-EWT,16,0.25,1,5,2.312839548553057,0.7932848235514212,2.234220771407386,0.17894975680396477,3
UD_English-EWT,16,0.25,1,6,2.073854230303582,0.7149459385263898,2.0322905131267937,0.07698249633429073,3
UD_English-EWT,16,0.25,1,7,1.9575320171202468,0.671594985277275,1.9410970327198396,0.2761324100800279,3
UD_English-EWT,16,0.25,1,8,2.058063902354414,0.7103196789658135,2.0839530326738167,0.30797175856778747,3
UD_English-EWT,16,0.25,1,9,2.0544390258784717,0.7113877838046608,1.9460442652467822,0.10159005981383129,3
UD_English-EWT,16,0.25,1,10,2.16291920724028,0.7400163187898139,2.1620195735999146,0.17123263999599225,3
UD_English-EWT,16,0.25,1,11,1.7927826163113008,0.6117185723097598,2.0275769307802283,0.4535314963828562,3
UD_English-EWT,16,0.25,1,12,2.36201134486928,0.8124579969922484,2.281103566858938,0.16640568571419664,3
UD_English-EWT,16,0.25,1,13,2.1692680902711245,0.7486167073466956,2.0718337979527335,0.16369404305851523,3
UD_English-EWT,16,0.25,1,14,2.278747754290239,0.7871617574129383,2.2325403940590784,0.20183127582453206,3
UD_English-EWT,16,0.25,1,15,1.8184175983152755,0.6263910990703736,1.7715296021684706,0.07942881456106386,3
UD_English-EWT,16,0.25,1,16,2.1212616962650435,0.7268030050945194,2.101746326695809,0.11873619886749646,3
UD_English-EWT,16,0.25,1,17,2.010384685219094,0.6946274080535971,2.0522544134835727,0.1312282597959951,3
UD_English-EWT,16,0.25,1,18,1.7929151218065582,0.6062867238791915,1.6990107761217594,0.2921041064269719,3
UD_English-EWT,16,0.25,1,19,2.0727328262368188,0.7110759119192759,2.0407518538186675,0.07339426870025247,3
UD_English-EWT,16,0.25,1,20,2.2303248501649104,0.7650053205005892,2.131499371242002,0.14878241086924934,3
UD_English-EWT,16,0.25,1,21,1.9301533698492797,0.6671117264879206,1.900620241742751,0.30431072889591393,3
UD_English-EWT,16,0.25,1,22,1.335810276817103,0.47234408091923363,1.329389040641663,0.02598535216894579,3
UD_English-EWT,16,0.25,1,23,2.1713656739133302,0.7406007447203652,2.199994345994595,0.1598085438160867,3
UD_English-EWT,16,0.25,1,24,1.6841974168853031,0.5869535579734596,1.6090790595187514,0.07044414559019584,3
UD_English-EWT,16,0.25,1,25,1.5714924828113752,0.5404637684479003,1.5962473896140394,0.06572255203059325,3
UD_English-EWT,16,0.25,1,26,1.8569332711357889,0.6384565595856347,1.8670907338677425,0.3102433772448905,3
UD_English-EWT,16,0.25,1,27,1.3154394364964983,0.46503869578486584,1.2784183222142291,0.08008425321111046,3
UD_English-EWT,16,0.25,1,28,1.7649185127682159,0.613667193766283,1.718793905280761,0.07765834001257664,3
UD_English-EWT,16,0.25,1,29,2.1085271545446638,0.725399212297629,2.0240660827396564,0.1898574937721935,3
UD_English-EWT,16,0.25,1,30,2.2752411047400454,0.7788994872233473,2.2729772784779416,0.24896929071764914,3
UD_English-EWT,16,0.25,1,31,2.2790851566418056,0.7886375847301413,2.2042854290408083,0.1759755421982898,3
UD_English-EWT,16,0.25,2,0,1.0029718781429562,0.34812507320378644,1.0584459041800003,0.5874385585794683,3
UD_English-EWT,16,0.25,2,1,0.6179556977071669,0.2068467543507928,0.939529808417967,0.6994806481542266,3
UD_English-EWT,16,0.25,2,2,1.2171682044999412,0.4253821289590907,1.0430210019938497,0.4163880859092828,3
UD_English-EWT,16,0.25,2,3,0.6389479324092685,0.21426293569937593,0.911702659910711,0.6625240464543819,3
UD_English-EWT,16,0.25,2,4,0.9952079792301728,0.34201678386015755,1.2140282756752439,0.6126934639797402,3
UD_English-EWT,16,0.25,2,5,1.1164129304484156,0.3894841942345835,1.1332464955597845,0.5533610344313099,3
UD_English-EWT,16,0.25,2,6,1.216944632634439,0.4224397055872586,1.4316566714877856,0.5672883707181786,3
UD_English-EWT,16,0.25,2,7,1.1483726055651415,0.39326811670062756,1.375147740833312,0.5784950750338792,3
UD_English-EWT,16,0.25,2,8,1.000506640661284,0.3459667783495181,1.1383445322893573,0.6001765801145513,3
UD_English-EWT,16,0.25,2,9,0.8713495012352376,0.29694324142158796,1.1342461442062548,0.6400170831216706,3
UD_English-EWT,16,0.25,2,10,0.7969547914161274,0.27267402595414597,0.9956680267560678,0.6589723832918865,3
UD_English-EWT,16,0.25,2,11,1.0917761685608298,0.37562763795446613,1.2691770259474147,0.579382687277807,3
UD_English-EWT,16,0.25,2,12,0.9582848304743541,0.33099832698594245,1.1077169651243637,0.6092675888880354,3
UD_English-EWT,16,0.25,2,13,0.9203974633106117,0.31815119270228515,1.0164164828038171,0.6220331388120225,3
UD_English-EWT,16,0.25,2,14,0.984081356971099,0.3368781696231476,1.2223842248510577,0.6163823121313841,3
UD_English-EWT,16,0.25,2,15,0.7975259433298597,0.2655414978893837,1.0741243309634847,0.6549713457434121,3
UD_English-EWT,16,0.25,2,16,0.9983574641641155,0.3469393323353731,1.132942082641989,0.6027561238066095,3
UD_English-EWT,16,0.25,2,17,0.9360237740563782,0.3215138622388271,0.9832318892705852,0.5867282423463892,3
UD_English-EWT,16,0.25,2,18,0.8216473944145908,0.2810849371300043,0.9306085280707626,0.6388018088642582,3
UD_English-EWT,16,0.25,2,19,0.9747656984814529,0.33673605380515365,1.1115275371161533,0.605646694102791,3
UD_English-EWT,16,0.25,2,20,0.8123285399787196,0.2771322413471498,1.0083853499811204,0.646587789845814,3
UD_English-EWT,16,0.25,2,21,0.6253568514577624,0.20870687390502904,0.8055517211257869,0.7081660545398846,3
UD_English-EWT,16,0.25,2,22,0.7018655215904035,0.23481705666389077,1.0028656129547155,0.6953105370773643,3
UD_English-EWT,16,0.25,2,23,0.7458030959160385,0.24881644966335248,1.0562931824414457,0.6858177308963512,3
UD_English-EWT,16,0.25,2,24,1.0131409687069812,0.35221655148408887,1.0672654522029863,0.5853456300844477,3
UD_English-EWT,16,0.25,2,25,0.6105195333492451,0.19887393800192302,1.0408767545646656,0.7041174511684746,3
UD_English-EWT,16,0.25,2,26,0.6615661528022563,0.2227861602843242,0.9624439964854652,0.685067759416251,3
UD_English-EWT,16,0.25,2,27,0.9829537270010494,0.3295307052890026,1.316073687513018,0.6336952864798041,3
UD_English-EWT,16,0.25,2,28,0.8778186249249837,0.29986012977749815,1.1466291219756035,0.639008167798619,3
UD_English-EWT,16,0.25,2,29,1.1151766070794105,0.38249137701775426,1.4265009731814293,0.5809782524415052,3
UD_English-EWT,16,0.25,2,30,1.2381619653360874,0.4315761943264628,1.1805171432119466,0.49869426723929267,3
UD_English-EWT,16,0.25,2,31,0.9855410455164578,0.33732742826388185,1.2103544932354127,0.6111690647126548,3
UD_English-EWT,16,0.25,3,0,0.7875398208127647,0.26610726730487494,1.2760299866533888,0.7065278303237778,3
UD_English-EWT,16,0.25,3,1,0.5649678547186386,0.18694981546200581,1.0604125008814866,0.75374847273249,3
UD_English-EWT,16,0.25,3,2,0.8821346374238775,0.3011903370542279,1.135623818022523,0.6632948701824647,3
UD_English-EWT,16,0.25,3,3,0.751724951288142,0.2501398593336615,1.222485675810682,0.7078609567522353,3
UD_English-EWT,16,0.25,3,4,0.6420445693673766,0.2141166712091269,1.0720374872585678,0.733138460984864,3
UD_English-EWT,16,0.25,3,5,0.8057089047760911,0.27137598314259764,1.1607123643078439,0.6846422137241328,3
UD_English-EWT,16,0.25,3,6,1.093153405520651,0.3779383303092043,1.1408358513223236,0.5517769503951724,3
UD_English-EWT,16,0.25,3,7,0.7221426245076192,0.24369866038267185,1.1983909243361548,0.7126963595793546,3
UD_English-EWT,16,0.25,3,8,0.5660394048199519,0.18621986062997078,1.0151628860847546,0.7594708198026664,3
UD_English-EWT,16,0.25,3,9,0.7267340355584965,0.23625212425165867,1.22459031180063,0.7276407884932606,3
UD_English-EWT,16,0.25,3,10,0.8912009225109888,0.304035194112982,1.0520678412555997,0.6512997088807962,3
UD_English-EWT,16,0.25,3,11,0.8916287151842169,0.30114504034021944,1.2184071419506124,0.6672245734973465,3
UD_English-EWT,16,0.25,3,12,0.7246224313892954,0.24299227790007935,1.1179058358534655,0.7106254894578173,3
UD_English-EWT,16,0.25,3,13,0.7939575149224756,0.2695193186178397,1.1269246482838264,0.6872957393065611,3
UD_English-EWT,16,0.25,3,14,0.8045283799451557,0.27334369020791,1.0873556394937476,0.6808287972662401,3
UD_English-EWT,16,0.25,3,15,0.9135025633135997,0.31353473921521874,1.1500754410940441,0.6443129361272945,3
UD_English-EWT,16,0.25,3,16,0.9312706900750353,0.31753835650008233,1.2577098418563224,0.6558469388437184,3
UD_English-EWT,16,0.25,3,17,0.5287148704165373,0.17204946641876398,0.9826456776231473,0.7739394431991439,3
UD_English-EWT,16,0.25,3,18,0.834049393991195,0.28079457308940986,1.2160995546830156,0.6669207453619151,3
UD_English-EWT,16,0.25,3,19,0.9506124848252219,0.32561042811891205,1.1093337491887516,0.6465747119597616,3
UD_English-EWT,16,0.25,3,20,0.898508523928446,0.30509362456631356,1.1922942478420087,0.6663069149075528,3
UD_English-EWT,16,0.25,3,21,0.752988199918838,0.24795506218064892,1.2013830350803547,0.7101116155177518,3
UD_English-EWT,16,0.25,3,22,1.0065473765949082,0.34410893811907056,1.2750168184330772,0.6257233677774613,3
UD_English-EWT,16,0.25,3,23,0.6908735806743304,0.2316789025040462,1.1054815899696073,0.7231019294137077,3
UD_English-EWT,16,0.25,3,24,0.7997964227568691,0.2718720881943549,1.1186120417545835,0.6894238483574656,3
UD_English-EWT,16,0.25,3,25,0.5556961168214434,0.17973881191192345,0.9757495983647951,0.7568754037139845,3
UD_English-EWT,16,0.25,3,26,0.7566370918586823,0.25429645429733455,0.9650842694935468,0.6866585446050042,3
UD_English-EWT,16,0.25,3,27,0.5833160825351928,0.1905344643982938,0.977035101550633,0.7447679482929693,3
UD_English-EWT,16,0.25,3,28,0.6203023107868292,0.20371432017826752,1.0239258427546107,0.7516362946921576,3
UD_English-EWT,16,0.25,3,29,0.7424156713708285,0.24393326938084456,1.218123756810507,0.715359008160228,3
UD_English-EWT,16,0.25,3,30,0.8218886228736307,0.2722145572596506,1.1884127891943101,0.6702194982810532,3
UD_English-EWT,16,0.25,3,31,0.5455618488427612,0.18277609167800357,0.6498267759173729,0.7690315583283133,3
UD_English-EWT,16,0.25,4,0,1.2563064590449324,0.43622018440960747,1.1898365106793267,0.4838374968285661,3
UD_English-EWT,16,0.25,4,1,0.8040116926339643,0.2632967905618101,1.2145509223414683,0.6918146974917753,3
UD_English-EWT,16,0.25,4,2,0.837537350821799,0.2739280837779705,1.3430548656887913,0.6769348874905288,3
UD_English-EWT,16,0.25,4,3,1.0322852188989329,0.35581741636730935,1.1152516637397811,0.5884406920284956,3
UD_English-EWT,16,0.25,4,4,1.2957531730551104,0.44748581153338945,1.5884412463028357,0.5699174657789735,3
UD_English-EWT,16,0.25,4,5,0.8684406482253243,0.2879800370203938,1.329376817645271,0.6838287578824439,3
UD_English-EWT,16,0.25,4,6,0.9349396326977808,0.3183439234186826,1.1667092410620228,0.6374565772644375,3
UD_English-EWT,16,0.25,4,7,1.0154808104201092,0.3481158670343336,1.3476148229804847,0.6291695959418198,3
UD_English-EWT,16,0.25,4,8,0.8240433390063991,0.27925690725608604,1.1701900122215623,0.6663734507229593,3
UD_English-EWT,16,0.25,4,9,1.010530511497474,0.3403080283835503,1.393017456206902,0.6407586338442965,3
UD_English-EWT,16,0.25,4,10,0.8815789569528919,0.2995539507599639,1.2013134884432584,0.6696696992834626,3
UD_English-EWT,16,0.25,4,11,0.9696993659672842,0.33216399126745527,1.1865398105919251,0.6230842541964328,3
UD_English-EWT,16,0.25,4,12,0.7838009950011046,0.2608000454552241,1.3360816653146117,0.7043547101848112,3
UD_English-EWT,16,0.25,4,13,0.876683422430454,0.2955350567890375,1.2419331228201071,0.6793700539539204,3
UD_English-EWT,16,0.25,4,14,0.8718707070283876,0.28877115303579254,1.3133181105953096,0.6753166460030066,3
UD_English-EWT,16,0.25,4,15,0.8487264991268,0.2867282501443922,1.1446127510733075,0.6679636315732705,3
UD_English-EWT,16,0.25,4,16,0.9105946492939808,0.3062554012461547,1.2697990110147412,0.670295669190002,3
UD_English-EWT,16,0.25,4,17,0.7560609125944434,0.24834441537977295,1.117249617614327,0.6953567229347043,3
UD_English-EWT,16,0.25,4,18,1.144800899228003,0.3933235497666838,1.3642076788867108,0.5817062520508558,3
UD_English-EWT,16,0.25,4,19,0.9365185395643142,0.3159353091417115,1.278933897682335,0.6546190358657654,3
UD_English-EWT,16,0.25,4,20,0.7595360101029304,0.2527253474422708,1.189236386104034,0.7058924638508447,3
UD_English-EWT,16,0.25,4,21,0.7721546933730091,0.25075234354173387,1.2550042325898814,0.7168173799477856,3
UD_English-EWT,16,0.25,4,22,1.1481189275591317,0.3912948205836375,1.423680042064255,0.5922947393794745,3
UD_English-EWT,16,0.25,4,23,0.8925709596517851,0.2943923383720477,1.3346175234255895,0.6794205855829251,3
UD_English-EWT,16,0.25,4,24,0.7707589553814985,0.25947486509472295,1.0948840801914532,0.6971288688738707,3
UD_English-EWT,16,0.25,4,25,1.1294300873748593,0.38806642363278815,1.3909368316603923,0.5953057632257378,3
UD_English-EWT,16,0.25,4,26,1.271655368145372,0.43183955832474435,1.576562188416448,0.5643919710280249,3
UD_English-EWT,16,0.25,4,27,0.9251929080497154,0.3165658683582245,1.1867790213346698,0.6358474857548764,3
UD_English-EWT,16,0.25,4,28,0.9087646728235624,0.30778436531365355,1.2045013832915676,0.6495933592292347,3
UD_English-EWT,16,0.25,4,29,1.0837633397280897,0.3602645162794949,1.503025302917905,0.6293662254086175,3
UD_English-EWT,16,0.25,4,30,0.9059238651112563,0.30128135454784977,1.2762493920429374,0.6610476775654678,3
UD_English-EWT,16,0.25,4,31,0.7244947845343574,0.24219110484772746,1.030950152930992,0.7059747024230618,3
UD_English-EWT,16,0.25,5,0,1.4885734672266278,0.5162888499339856,1.63945953197818,0.4638075243227034,3
UD_English-EWT,16,0.25,5,1,0.9493570894084341,0.3148836287752961,1.5039217327950432,0.6550693796957777,3
UD_English-EWT,16,0.25,5,2,1.4536538443007323,0.5010239713586093,1.741429861044623,0.5248780983732589,3
UD_English-EWT,16,0.25,5,3,0.8178389742631187,0.27821581057512046,1.2618537993188983,0.6853841933369202,3
UD_English-EWT,16,0.25,5,4,1.1003452847917006,0.3678681991098683,1.4942852111842029,0.6055668856073272,3
UD_English-EWT,16,0.25,5,5,0.7085951119254196,0.23581186910999605,1.1772183956398556,0.7171154934878992,3
UD_English-EWT,16,0.25,5,6,0.6113441408304786,0.2005566138747014,1.0302122531896407,0.7273601686178227,3
UD_English-EWT,16,0.25,5,7,1.5212590119009244,0.5219048708677292,1.5854310339048696,0.38024743088607577,3
UD_English-EWT,16,0.25,5,8,1.3691481970698456,0.4697543783401748,1.5796673302767708,0.5105802287060923,3
UD_English-EWT,16,0.25,5,9,1.3622012187765813,0.4726088782857241,1.4425542539694705,0.4755795075675177,3
UD_English-EWT,16,0.25,5,10,1.504180290944915,0.5159013426382576,1.6240215837575482,0.44549521527003716,3
UD_English-EWT,16,0.25,5,11,1.090872016706536,0.3686588815462611,1.4787091522703186,0.6102478354558593,3
UD_English-EWT,16,0.25,5,12,0.901513999680868,0.300524193281223,1.3530223201722829,0.6583247477755303,3
UD_English-EWT,16,0.25,5,13,1.0995770716303468,0.36705756687537133,1.532979764492134,0.6227742590091593,3
UD_English-EWT,16,0.25,5,14,1.2265298017902886,0.4185261443555898,1.5299781646939141,0.5635596741404799,3
UD_English-EWT,16,0.25,5,15,0.43442703129380994,0.1571977064335797,0.39077173992448605,0.05747123419045078,3
UD_English-EWT,16,0.25,5,16,1.2720403509767546,0.44419375122380605,1.3615440760208175,0.5191400797939257,3
UD_English-EWT,16,0.25,5,17,1.0728651667743216,0.37001441165343446,1.4147400346284356,0.6236206857531665,3
UD_English-EWT,16,0.25,5,18,1.133316019628,0.39399344556861454,1.2082462283648645,0.5436326398332697,3
UD_English-EWT,16,0.25,5,19,0.8905617072296165,0.2960732862767246,1.3004971176983011,0.660680745685904,3
UD_English-EWT,16,0.25,5,20,0.8577864313386176,0.28394995909353854,1.3140634349080818,0.660973922151034,3
UD_English-EWT,16,0.25,5,21,1.4097850487477575,0.4823030214790655,1.6689538654136744,0.5339661158132749,3
UD_English-EWT,16,0.25,5,22,1.1811176586305834,0.39714810062193046,1.5272266865048036,0.5848175295050135,3
UD_English-EWT,16,0.25,5,23,0.983443502078888,0.3296946828509723,1.457434505970643,0.6696178951115774,3
UD_English-EWT,16,0.25,5,24,1.1534345893966262,0.4003121280035035,1.3771416088922426,0.575637255970029,3
UD_English-EWT,16,0.25,5,25,0.6614289296780779,0.22132780932005366,1.1578358505158695,0.7262788776627221,3
UD_English-EWT,16,0.25,5,26,0.7295424646896417,0.2434621325393762,1.1645233473708287,0.7036705576426235,3
UD_English-EWT,16,0.25,5,27,0.7131098341434271,0.23895307782128153,1.2559362568897627,0.7195379337489278,3
UD_English-EWT,16,0.25,5,28,1.0661973960304085,0.365063868103403,1.4508525408627992,0.6276918633930887,3
UD_English-EWT,16,0.25,5,29,0.8993450171689084,0.3011279167617605,1.343592730430523,0.6508047627268159,3
UD_English-EWT,16,0.25,5,30,1.2683853500120625,0.4265406192882573,1.6079439067286874,0.5658059854243622,3
UD_English-EWT,16,0.25,5,31,0.8137313787314789,0.26766128070442136,1.2699954474042892,0.6744606460772035,3
UD_English-EWT,16,0.25,6,0,1.1222148040251871,0.38446771736869173,1.5681237864201185,0.6182267532051152,3
UD_English-EWT,16,0.25,6,1,1.064983908120943,0.3612808783408017,1.4168616458637902,0.5973217300188564,3
UD_English-EWT,16,0.25,6,2,0.8151595008055695,0.2728040106526706,1.381578995189706,0.6836718452487053,3
UD_English-EWT,16,0.25,6,3,1.2012896002668934,0.41019694396516887,1.432899934292274,0.54276645690447,3
UD_English-EWT,16,0.25,6,4,1.3663411559384375,0.4608944375237589,1.7275932904041096,0.5473846013645874,3
UD_English-EWT,16,0.25,6,5,1.152404848669396,0.39973449451214416,1.3451473643165253,0.5764150764854228,3
UD_English-EWT,16,0.25,6,6,0.6918483042583983,0.22906555915980822,1.2899701926714735,0.7318005563864292,3
UD_English-EWT,16,0.25,6,7,1.3581515582369976,0.47069526596066075,1.7448612134259038,0.5590013826642531,3
UD_English-EWT,16,0.25,6,8,0.8788844147571558,0.29186606789533664,1.4088581202514403,0.6620529499346007,3
UD_English-EWT,16,0.25,6,9,1.0147505614546912,0.353105014519179,0.8957113238061712,0.33951799855830456,3
UD_English-EWT,16,0.25,6,10,1.153971000949433,0.3964080702791666,1.3864137830521457,0.5630866436657576,3
UD_English-EWT,16,0.25,6,11,1.1750258158193476,0.4049066865379041,1.3778728536569356,0.5533714885051567,3
UD_English-EWT,16,0.25,6,12,0.7871449635871338,0.26492113252942245,1.1463527228608592,0.7119694598874107,3
UD_English-EWT,16,0.25,6,13,0.9640690493914817,0.32080991495271743,1.4210565043765992,0.6380796720272096,3
UD_English-EWT,16,0.25,6,14,1.425270160717825,0.4984685537322189,1.5796277749136713,0.48229215990324487,3
UD_English-EWT,16,0.25,6,15,0.956684434552336,0.3216115853228421,1.38792044374895,0.6448562772086192,3
UD_English-EWT,16,0.25,6,16,0.5619736199109444,0.18952538494363372,0.6772002357792767,0.7628887681008906,3
UD_English-EWT,16,0.25,6,17,0.8534892808598465,0.28863860830623916,1.3004221370094244,0.6818682428429036,3
UD_English-EWT,16,0.25,6,18,1.0599500412742298,0.3549010030524924,1.4771864319352506,0.6180137502392568,3
UD_English-EWT,16,0.25,6,19,1.5018561210734382,0.5232620599572776,1.5861884234761499,0.43782632190645937,3
UD_English-EWT,16,0.25,6,20,1.3648847821686003,0.4665497656239838,1.6399640084425826,0.5321136226568826,3
UD_English-EWT,16,0.25,6,21,1.295090711290502,0.43064096552372416,1.9246334314943445,0.6126965017673748,3
UD_English-EWT,16,0.25,6,22,1.3159376706839803,0.44289739153777097,1.692380629900592,0.5703713997709946,3
UD_English-EWT,16,0.25,6,23,1.283853809920925,0.44543228970877896,1.509655059225355,0.5403386514179259,3
UD_English-EWT,16,0.25,6,24,1.2684351064142634,0.43744242105137676,1.5439573336385857,0.5558819260739998,3
UD_English-EWT,16,0.25,6,25,1.398622515463764,0.4683332597202399,1.7858105204958734,0.555159602144594,3
UD_English-EWT,16,0.25,6,26,0.8977244927841349,0.3059197217158172,1.224248207657715,0.6580780921656577,3
UD_English-EWT,16,0.25,6,27,1.6097280099743703,0.559224607853833,1.8458704352921693,0.4792704331215288,3
UD_English-EWT,16,0.25,6,28,1.1573874667992576,0.3893027150823662,1.6390496921506736,0.6136639136583536,3
UD_English-EWT,16,0.25,6,29,1.348646164781843,0.45431493687526564,1.7139414722313646,0.5419812462545375,3
UD_English-EWT,16,0.25,6,30,0.9992261727108113,0.3434582127763708,1.0973746365373902,0.5874188618364664,3
UD_English-EWT,16,0.25,6,31,1.0587687771394172,0.3550156486273246,1.4480015949256215,0.6280478845148573,3
UD_English-EWT,16,0.25,7,0,1.4069559866314811,0.4717121482546864,1.8936411460457823,0.5515918895154378,3
UD_English-EWT,16,0.25,7,1,1.5720280684082886,0.5431540214570276,1.7914168038329141,0.4802578480232283,3
UD_English-EWT,16,0.25,7,2,1.285891903160591,0.43483825922283753,1.8459881844579196,0.6054728176709406,3
UD_English-EWT,16,0.25,7,3,1.1633153900721251,0.3926820957147685,1.672386528364296,0.6148395543758552,3
UD_English-EWT,16,0.25,7,4,0.8013602712061019,0.272046151959451,0.9615795697426535,0.6661571406628699,3
UD_English-EWT,16,0.25,7,5,1.2586574205528192,0.4210832308034645,1.7020984890519595,0.5800355743406466,3
UD_English-EWT,16,0.25,7,6,1.1631344048160457,0.4002478344125066,0.8848560017369049,0.3715162479228769,3
UD_English-EWT,16,0.25,7,7,1.643221534449329,0.566908795949757,1.9074019178992412,0.4638419709692562,3
UD_English-EWT,16,0.25,7,8,1.4874290203054745,0.507884063600191,1.7844739844835955,0.5018840285462542,3
UD_English-EWT,16,0.25,7,9,1.420384893244733,0.49532762989537527,1.2653418958241387,0.34615243237825255,3
UD_English-EWT,16,0.25,7,10,0.5139883605420644,0.17084092283468755,0.7562874042664829,0.7772338070070375,3
UD_English-EWT,16,0.25,7,11,1.2215144784886982,0.4156745138776596,1.544327605156082,0.5736504545221562,3
UD_English-EWT,16,0.25,7,12,0.6427269076321186,0.219088359321985,0.762700288402144,0.7264688514403742,3
UD_English-EWT,16,0.25,7,13,1.249909411240471,0.4322878688994544,1.4532474566027116,0.5360092704806931,3
UD_English-EWT,16,0.25,7,14,1.0247252416985282,0.3402285782827272,1.5542413872176397,0.6401346799508687,3
UD_English-EWT,16,0.25,7,15,1.0315831952299142,0.3544148915635595,1.4593489571510119,0.6368096409491067,3
UD_English-EWT,16,0.25,7,16,1.3384945143305973,0.45517317868619883,1.57082106591031,0.5194383022835128,3
UD_English-EWT,16,0.25,7,17,1.3620070439300251,0.45660494774824284,1.8544178339084425,0.5702875928787042,3
UD_English-EWT,16,0.25,7,18,1.443569538928229,0.49828494137970686,1.517487268874554,0.4343985803900303,3
UD_English-EWT,16,0.25,7,19,1.2159257998693402,0.4137288218258943,1.4944735660416182,0.5669834395982528,3
UD_English-EWT,16,0.25,7,20,0.9453744563275782,0.3211511031831386,1.3041566764097832,0.630441473542504,3
UD_English-EWT,16,0.25,7,21,1.4897427917653203,0.4997973437599146,1.8041639470500372,0.49800298520396097,3
UD_English-EWT,16,0.25,7,22,1.2891947612139263,0.4311693718483865,1.6756272530403729,0.5765557744436794,3
UD_English-EWT,16,0.25,7,23,0.9092435765543271,0.3062451447212631,1.3680151792307587,0.6801405658704552,3
UD_English-EWT,16,0.25,7,24,1.3313142055533624,0.46347820055832195,1.3647695768129198,0.4721161646459706,3
UD_English-EWT,16,0.25,7,25,1.8246424103830898,0.61930561342526,2.0974889424763528,0.42872998613070273,3
UD_English-EWT,16,0.25,7,26,0.9692232262390666,0.32450861062427033,1.4756850811545965,0.6534059205938992,3
UD_English-EWT,16,0.25,7,27,1.0191840628375772,0.3466641198171944,1.4380348819173967,0.6333679991667388,3
UD_English-EWT,16,0.25,7,28,1.0744538455522994,0.3675549588283229,1.1431284148130694,0.489374756751979,3
UD_English-EWT,16,0.25,7,29,1.277611091814406,0.435477409104669,1.6102773961365113,0.5624645801026965,3
UD_English-EWT,16,0.25,7,30,1.0561479347026848,0.3641856796225238,1.3861006385831667,0.617785407030083,3
UD_English-EWT,16,0.25,7,31,0.9819587991320153,0.33226212339377365,1.2112407875137035,0.6240910796316269,3
UD_English-EWT,16,0.25,8,0,1.2523748137748958,0.43302357012239745,1.6118259385553866,0.5699392090227543,3
UD_English-EWT,16,0.25,8,1,1.6089544304950207,0.5520424631531121,1.6864076745314678,0.37597312437258457,3
UD_English-EWT,16,0.25,8,2,1.6585877497828072,0.5725761571176391,1.8231898849127723,0.4264258705011699,3
UD_English-EWT,16,0.25,8,3,1.34308057453463,0.4482183314262735,1.7149188341555917,0.5518304377129278,3
UD_English-EWT,16,0.25,8,4,0.8946194449585535,0.3013838774885962,1.2930896962248128,0.6663150408581741,3
UD_English-EWT,16,0.25,8,5,1.5667502031354523,0.5338743856152984,1.7103156386883098,0.3648597625387877,3
UD_English-EWT,16,0.25,8,6,1.2393378968230147,0.4113650169284617,1.6286222820724945,0.5735506598103134,3
UD_English-EWT,16,0.25,8,7,1.0753436501804596,0.36427186477678286,1.5850443325678942,0.6271244612520727,3
UD_English-EWT,16,0.25,8,8,1.3401282290183347,0.46304324694751386,1.7922842694490548,0.5802802305756806,3
UD_English-EWT,16,0.25,8,9,1.425065609519599,0.4790522511403852,1.8094122327307751,0.5361893888026855,3
UD_English-EWT,16,0.25,8,10,1.822374891279391,0.627270516503487,2.0338433017930484,0.42065318356283377,3
UD_English-EWT,16,0.25,8,11,1.6935033914115694,0.5831808995163723,1.8842173446180173,0.4297336217945608,3
UD_English-EWT,16,0.25,8,12,1.2067192643541567,0.40684210611184984,1.6073252189300533,0.5921065900440858,3
UD_English-EWT,16,0.25,8,13,1.5931054933203592,0.5369133730783706,1.9958178221853704,0.5072976469125036,3
UD_English-EWT,16,0.25,8,14,1.1336949450423592,0.38178050617105547,1.6971236629672823,0.6365198080846954,3
UD_English-EWT,16,0.25,8,15,1.5143416138511754,0.5256311198347036,1.595587379511154,0.43524698767207143,3
UD_English-EWT,16,0.25,8,16,1.6011781778274772,0.5563661140849464,1.7604302696354404,0.44144085088985646,3
UD_English-EWT,16,0.25,8,17,1.2730381807722897,0.4284956529261527,1.688356686349558,0.5676781382269221,3
UD_English-EWT,16,0.25,8,18,0.9782160662983176,0.321753303769752,1.4913788014150926,0.6523909037203303,3
UD_English-EWT,16,0.25,8,19,0.9848868823822295,0.3355672173439534,1.396827274142936,0.6418866733655686,3
UD_English-EWT,16,0.25,8,20,1.3245836191815756,0.45483870654348246,1.652679824845387,0.5516279145111694,3
UD_English-EWT,16,0.25,8,21,1.7681382964271883,0.6100238054067928,1.7624068588344126,0.3504607314566228,3
UD_English-EWT,16,0.25,8,22,1.6073063740096238,0.5471135123695615,1.9179381922240248,0.4917674085942991,3
UD_English-EWT,16,0.25,8,23,1.2561657561874782,0.41832772254916706,1.7329731576809684,0.5822343808379981,3
UD_English-EWT,16,0.25,8,24,1.2146682035252587,0.40871960631417337,1.6127656829324577,0.5728935289361221,3
UD_English-EWT,16,0.25,8,25,0.9256830108648875,0.3143797631126121,0.9954106886964461,0.6450738233254582,3
UD_English-EWT,16,0.25,8,26,0.9024368336454766,0.3096519670430537,0.9811157187097495,0.6406319934080859,3
UD_English-EWT,16,0.25,8,27,1.4348780486481656,0.4880632460999467,1.6569104420465635,0.4847486371985333,3
UD_English-EWT,16,0.25,8,28,0.8600593361874639,0.2853488639007256,1.3149388008199645,0.667926141364544,3
UD_English-EWT,16,0.25,8,29,1.8053287712005535,0.6226492676687153,1.7516149939572225,0.26337061743701523,3
UD_English-EWT,16,0.25,8,30,1.366803040595654,0.46300242802565866,1.7079485889612434,0.5300003463616138,3
UD_English-EWT,16,0.25,8,31,1.0644394426805075,0.36359804847662786,1.1816149092599995,0.524886704614905,3
UD_English-EWT,16,0.25,9,0,1.0438503956317033,0.3549446623419532,1.4889340252905594,0.6212898198046971,3
UD_English-EWT,16,0.25,9,1,1.2308438345518486,0.42013666995263277,1.5457039345429024,0.5686838738077434,3
UD_English-EWT,16,0.25,9,2,1.6166485932626795,0.5589451551138812,1.6908533180400538,0.3719908433486258,3
UD_English-EWT,16,0.25,9,3,1.224999737958059,0.4096625169538952,1.7733219725729554,0.609693571796237,3
UD_English-EWT,16,0.25,9,4,1.6765259473375937,0.5798210259968032,1.7627146539900906,0.41235534143116737,3
UD_English-EWT,16,0.25,9,5,1.5356165143255762,0.5305831829435405,1.719611088651994,0.4639363742428399,3
UD_English-EWT,16,0.25,9,6,1.7028063754457812,0.5820210332454662,1.90110178685362,0.4381544093833812,3
UD_English-EWT,16,0.25,9,7,1.5663502622796104,0.5374800344430358,1.8748440320157398,0.49152405216665657,3
UD_English-EWT,16,0.25,9,8,1.0659201904751348,0.3586420715330185,1.2663731498470723,0.6066157315571017,3
UD_English-EWT,16,0.25,9,9,1.2682234741788092,0.4279593146034603,1.693724055650673,0.5850612736953412,3
UD_English-EWT,16,0.25,9,10,1.5575881276028622,0.5270634323684243,1.8249251121868852,0.47645184909331123,3
UD_English-EWT,16,0.25,9,11,1.861823937280582,0.6425954116226763,1.9483198837287221,0.36692516781213286,3
UD_English-EWT,16,0.25,9,12,1.8613196878756764,0.6282771232865331,2.1771507113357713,0.4405133525564425,3
UD_English-EWT,16,0.25,9,13,1.6482138140008316,0.5671581181074968,1.8706886001297685,0.46495451609890753,3
UD_English-EWT,16,0.25,9,14,0.8539645576506908,0.28026218185767887,1.4781346123509502,0.6965529808811911,3
UD_English-EWT,16,0.25,9,15,1.5396142201481187,0.5212259685081211,1.8165074644138688,0.49022226264947966,3
UD_English-EWT,16,0.25,9,16,1.2803030020280832,0.4445482274493668,1.122200298776175,0.3297849502991241,3
UD_English-EWT,16,0.25,9,17,1.2985510749569356,0.43290223164283725,1.7290594601946017,0.5719028157139628,3
UD_English-EWT,16,0.25,9,18,1.57476338280029,0.5300149787590587,1.9001904270850896,0.49072282648694543,3
UD_English-EWT,16,0.25,9,19,1.4850268908428583,0.5136248262799286,1.658748125796544,0.4774831932899839,3
UD_English-EWT,16,0.25,9,20,1.43215969678537,0.48158685926124045,1.7915251762597721,0.5356691023012545,3
UD_English-EWT,16,0.25,9,21,1.4110230192514932,0.48084946704149684,1.671102559305931,0.5066611503330628,3
UD_English-EWT,16,0.25,9,22,1.1171659750962302,0.37740946934644964,1.5946661567481708,0.620661309236603,3
UD_English-EWT,16,0.25,9,23,1.1348651674167272,0.3823474874696228,1.6382779059405752,0.6394314200079615,3
UD_English-EWT,16,0.25,9,24,1.6503885327982555,0.5549976191736201,2.0351375782207497,0.49210311623056074,3
UD_English-EWT,16,0.25,9,25,1.6478953290941067,0.5621507915317036,1.8563666453615564,0.4313289371059566,3
UD_English-EWT,16,0.25,9,26,1.1121940706400217,0.3801688087123611,1.5471884859064238,0.6087194369505338,3
UD_English-EWT,16,0.25,9,27,1.3276166048423406,0.4627836423032054,1.1982717691277764,0.11048482755243182,3
UD_English-EWT,16,0.25,9,28,1.5003224049842423,0.5090938989337676,1.817178920101381,0.511791759942453,3
UD_English-EWT,16,0.25,9,29,1.2391355184258008,0.4109141321340491,1.6810072446700002,0.5799194728117606,3
UD_English-EWT,16,0.25,9,30,1.6637050547045,0.561603103742302,1.912030634794296,0.45345018869554304,3
UD_English-EWT,16,0.25,9,31,1.314981076656035,0.44403832791227243,1.6430184949725486,0.5428104786056421,3
UD_English-EWT,16,0.25,10,0,1.2100279910561167,0.40361860645544767,1.733630459273882,0.5963554579852817,3
UD_English-EWT,16,0.25,10,1,1.3451444041153555,0.46933367418189736,1.110091744604875,0.14892336586235813,3
UD_English-EWT,16,0.25,10,2,1.9096625307761472,0.6461215191037276,2.243288848840908,0.4380233813830412,3
UD_English-EWT,16,0.25,10,3,1.6160302574463012,0.5580641523627853,1.670885994948976,0.3873979174998506,3
UD_English-EWT,16,0.25,10,4,0.973190144925821,0.32155481245511214,1.5070830381768865,0.6493245853087398,3
UD_English-EWT,16,0.25,10,5,1.4864146854925242,0.5127545728845241,1.601364263311327,0.4531250540676013,3
UD_English-EWT,16,0.25,10,6,1.4680402106546095,0.48908277839177944,1.9407475829287304,0.5461976474086553,3
UD_English-EWT,16,0.25,10,7,0.9487575185442774,0.3124478191530878,1.5317790985161706,0.664387253871381,3
UD_English-EWT,16,0.25,10,8,1.5048032764392907,0.5031065192270366,1.9360043584540458,0.5297497296078175,3
UD_English-EWT,16,0.25,10,9,1.730591786662303,0.5913317048742363,1.9120281626129412,0.41796058488972415,3
UD_English-EWT,16,0.25,10,10,1.2539948674770436,0.4189970710455611,1.7523541147320214,0.5907728624257017,3
UD_English-EWT,16,0.25,10,11,1.362421504691759,0.45488617098288026,1.777522385364673,0.5506505187268357,3
UD_English-EWT,16,0.25,10,12,1.7166594743104362,0.5775483308566941,2.122864486795523,0.49351143190986696,3
UD_English-EWT,16,0.25,10,13,1.2319355461549673,0.41943999641797153,1.6024218351191728,0.579228744935414,3
UD_English-EWT,16,0.25,10,14,1.1961227648625175,0.4170650876176379,1.1379852724585595,0.20456375056480777,3
UD_English-EWT,16,0.25,10,15,1.3794861662053997,0.4612929165186886,1.7464873229708175,0.5226077068128873,3
UD_English-EWT,16,0.25,10,16,1.3418890175380778,0.4458854272215202,1.8352881802452936,0.5729605864957382,3
UD_English-EWT,16,0.25,10,17,1.5845612404504976,0.5508139629344471,1.5166055495784583,0.12546127760793016,3
UD_English-EWT,16,0.25,10,18,1.282521201911737,0.43242616053731714,1.8186691071709216,0.6016742790453747,3
UD_English-EWT,16,0.25,10,19,1.2004568968477145,0.3987087810544368,1.6306943317742946,0.5876185649459696,3
UD_English-EWT,16,0.25,10,20,1.3849860050042035,0.47387197216758964,1.6928972050086177,0.5298557079690619,3
UD_English-EWT,16,0.25,10,21,1.3124424114633344,0.43702568187766816,1.78387346684607,0.5738389110956036,3
UD_English-EWT,16,0.25,10,22,1.8234545585507689,0.6320868496984949,1.87078923407691,0.3415200405352103,3
UD_English-EWT,16,0.25,10,23,1.1530211879608843,0.3855887297710543,1.5295133070921854,0.6001935894304178,3
UD_English-EWT,16,0.25,10,24,1.457197872667365,0.4930055303828203,1.7916105146399397,0.5280721937399527,3
UD_English-EWT,16,0.25,10,25,1.5589246805519787,0.5433533194395145,1.4398210986444424,0.21811624381263725,3
UD_English-EWT,16,0.25,10,26,1.3618067371742104,0.45524580699335687,1.7125874440472417,0.5389741063525116,3
UD_English-EWT,16,0.25,10,27,1.898526101734469,0.6418686224273211,2.0927245641340977,0.3966410260220043,3
UD_English-EWT,16,0.25,10,28,1.9072833912131566,0.6535552082030281,2.11792759844297,0.40318248403311213,3
UD_English-EWT,16,0.25,10,29,1.4830622918130272,0.5072963617212786,1.6578439738743942,0.45971243961532693,3
UD_English-EWT,16,0.25,10,30,1.6685394279672365,0.555599483296628,1.890670935258622,0.4277541052027587,3
UD_English-EWT,16,0.25,10,31,1.5170483404332822,0.5131494717940498,1.8598005070820964,0.5109480844644357,3
UD_English-EWT,16,0.25,11,0,1.9944885245817823,0.6734654712736715,2.1383815744046957,0.34999023682907743,3
UD_English-EWT,16,0.25,11,1,1.60958561067807,0.5439529355975014,1.9135041173364293,0.4748958820215883,3
UD_English-EWT,16,0.25,11,2,1.0947963659446314,0.3780123863728863,1.1234608775170993,0.4296813665538049,3
UD_English-EWT,16,0.25,11,3,1.4302169301959335,0.47557943684128684,1.951929357479613,0.5525227800581625,3
UD_English-EWT,16,0.25,11,4,1.7521444843006482,0.5947995552816895,2.113775695390823,0.47690746924400546,3
UD_English-EWT,16,0.25,11,5,0.6727683347444607,0.22052385073786226,1.2526941775379938,0.7071885248893816,3
UD_English-EWT,16,0.25,11,6,1.9845405383839634,0.6858147261409812,1.9224678328454168,0.2582762717915689,3
UD_English-EWT,16,0.25,11,7,1.5773718576125109,0.5302672675914234,1.9363180912746107,0.49873065955950485,3
UD_English-EWT,16,0.25,11,8,1.6562903282556594,0.5605960096383572,2.0028194210785553,0.47916257730897227,3
UD_English-EWT,16,0.25,11,9,1.3443008022338752,0.44355548714000886,1.8757136764042148,0.5728863946252073,3
UD_English-EWT,16,0.25,11,10,1.4679864097271242,0.49637712014394597,1.9277212371157384,0.5554507942921152,3
UD_English-EWT,16,0.25,11,11,1.5644312846883182,0.5236741828313183,2.034836553050738,0.5289761092249162,3
UD_English-EWT,16,0.25,11,12,1.4369287552457906,0.4831292539807834,1.8358852809569874,0.5397378800942381,3
UD_English-EWT,16,0.25,11,13,1.440339454414089,0.48098617150212464,1.9490646825516376,0.5538419020957633,3
UD_English-EWT,16,0.25,11,14,0.8206262956415804,0.2754466114684478,1.308042771028582,0.6887985674328491,3
UD_English-EWT,16,0.25,11,15,0.814055220337622,0.27562962632578797,0.9564745980153754,0.671442939073716,3
UD_English-EWT,16,0.25,11,16,1.6710854868636975,0.5732173855486029,1.859391877180023,0.42730939870052215,3
UD_English-EWT,16,0.25,11,17,1.3446125142099863,0.4498871918869474,1.7581870004344724,0.5692428064876948,3
UD_English-EWT,16,0.25,11,18,0.995699473831443,0.3339158842418146,1.32321953549574,0.6494421901720795,3
UD_English-EWT,16,0.25,11,19,1.6037377455901145,0.5333625130111077,2.0278641675719364,0.5099572582994817,3
UD_English-EWT,16,0.25,11,20,1.3430454866427974,0.45592331855756335,1.5771675370430034,0.5283990607534167,3
UD_English-EWT,16,0.25,11,21,1.7917322208918292,0.6146216551978515,1.9062779002936594,0.40183406135912153,3
UD_English-EWT,16,0.25,11,22,1.6667608041010922,0.5632517249993505,1.8842011321546384,0.4289991215298899,3
UD_English-EWT,16,0.25,11,23,0.8361990640791497,0.28242268707460716,1.3885304428949166,0.6858317993432012,3
UD_English-EWT,16,0.25,11,24,1.5795895038053853,0.5340257763102624,1.9171179254795465,0.4984293401526298,3
UD_English-EWT,16,0.25,11,25,1.656354123261674,0.5643819300746223,1.9430629348277177,0.4682288374921446,3
UD_English-EWT,16,0.25,11,26,1.4304117569750776,0.47479571310467406,1.9491774186844817,0.5586454604357102,3
UD_English-EWT,16,0.25,11,27,1.7163383281893199,0.596602644479557,1.7881077985348817,0.3711729107903001,3
UD_English-EWT,16,0.25,11,28,1.3169699566801822,0.4437475518878203,1.6810697421350114,0.5438442824642515,3
UD_English-EWT,16,0.25,11,29,1.4418933002078032,0.4893543495642249,1.889666005399058,0.5425471998886876,3
UD_English-EWT,16,0.25,11,30,1.41462176044782,0.47413943014455406,1.7316412960733871,0.5094382160280463,3
UD_English-EWT,16,0.25,11,31,1.5131851589554863,0.5064067788462822,1.895378307159481,0.5159582261925729,3
UD_English-EWT,16,0.25,12,0,1.8624105237166522,0.6365706049082275,2.0356588721112474,0.3932082766568617,3
UD_English-EWT,16,0.25,12,1,1.9967928411802092,0.6742538388662433,2.2294065940901233,0.37605255004527466,3
UD_English-EWT,16,0.25,12,2,0.6348385545535383,0.21050706721387655,0.9153344767449766,0.7350811771166347,3
UD_English-EWT,16,0.25,12,3,1.8852408700139145,0.649511262665898,2.0123230166231134,0.34819089890014926,3
UD_English-EWT,16,0.25,12,4,1.283609323569986,0.43044374026833115,1.6428954466390262,0.56299745835676,3
UD_English-EWT,16,0.25,12,5,1.6599708285542352,0.5612042324926249,2.0514827752808187,0.49441009535978403,3
UD_English-EWT,16,0.25,12,6,1.4021655565945395,0.47201798728689254,1.851798161457145,0.5556599703262847,3
UD_English-EWT,16,0.25,12,7,1.4483737061258222,0.4962546145492564,1.6039856942896418,0.49651947770885213,3
UD_English-EWT,16,0.25,12,8,1.9105113528003892,0.6448179683317252,2.246372108359589,0.4355515499916504,3
UD_English-EWT,16,0.25,12,9,1.9578973098856505,0.6623061541026841,2.150768407788433,0.37426355720679183,3
UD_English-EWT,16,0.25,12,10,1.8212125299732544,0.6160709052355129,2.273194765186918,0.4854392358839838,3
UD_English-EWT,16,0.25,12,11,1.5426615854701493,0.5123037003279275,1.9399903995851784,0.5191204828669899,3
UD_English-EWT,16,0.25,12,12,1.3383315278044163,0.44432728828519635,1.8493696228348275,0.5738089932620742,3
UD_English-EWT,16,0.25,12,13,1.983452478800315,0.6651636801375066,2.31776033632308,0.4226301341556786,3
UD_English-EWT,16,0.25,12,14,1.5231509832410863,0.5077947761069556,1.9558738162011615,0.5270908956699251,3
UD_English-EWT,16,0.25,12,15,1.1446592998784204,0.3871442136373405,1.6607010679519674,0.6135592080232007,3
UD_English-EWT,16,0.25,12,16,1.0226542821293103,0.3447708063614716,1.3305718073102295,0.626174827715304,3
UD_English-EWT,16,0.25,12,17,1.31279514774083,0.4331961605080381,1.8647174052690547,0.5913372059405284,3
UD_English-EWT,16,0.25,12,18,1.3985026880881606,0.47458118764184865,1.7860040809341686,0.5421247671278556,3
UD_English-EWT,16,0.25,12,19,1.6475210606997566,0.56004692253085,1.8873656019704157,0.460971020603169,3
UD_English-EWT,16,0.25,12,20,1.8752807692263296,0.6416601155679299,2.096504799763796,0.40749419233566647,3
UD_English-EWT,16,0.25,12,21,1.6325593275342047,0.5521646082971265,1.868974576963753,0.4466300074940714,3
UD_English-EWT,16,0.25,12,22,1.2700842493680222,0.4309254861988114,1.7556932479523137,0.5849045671943324,3
UD_English-EWT,16,0.25,12,23,0.6320687485655231,0.20898651794355724,1.2641139236738557,0.7508593772034176,3
UD_English-EWT,16,0.25,12,24,1.918300575463064,0.662934694568099,2.0057020449573226,0.35472123134195915,3
UD_English-EWT,16,0.25,12,25,1.7686478612852878,0.5937962213595599,2.0699121054187284,0.45430761120046315,3
UD_English-EWT,16,0.25,12,26,1.4299834960145377,0.48765239561271795,1.5356462336601673,0.45694266051352567,3
UD_English-EWT,16,0.25,12,27,1.7991946051355268,0.621280070971053,1.8129698343724285,0.3036099088247628,3
UD_English-EWT,16,0.25,12,28,1.3603154235741697,0.45560119282759604,1.7370710188628111,0.5561333112622219,3
UD_English-EWT,16,0.25,12,29,1.2535330835723053,0.4241134361830457,1.528191090960103,0.5454790301770244,3
UD_English-EWT,16,0.25,12,30,1.5948051896305901,0.5292541234735365,2.095476402013897,0.526023019539474,3
UD_English-EWT,16,0.25,12,31,1.9501410870387037,0.667446963733337,1.9742335628833494,0.25547972364259547,3
UD_English-EWT,16,0.25,13,0,1.7344641733799258,0.5974255433960908,1.812250139853342,0.38686247087865794,3
UD_English-EWT,16,0.25,13,1,1.5770732203467948,0.5384616580179372,1.893659970175156,0.4876360348502144,3
UD_English-EWT,16,0.25,13,2,1.8069692701101303,0.6102873162927958,2.034901090956994,0.416093395337571,3
UD_English-EWT,16,0.25,13,3,1.6264267530977616,0.5581634346470373,1.9160302224380723,0.47986600910379584,3
UD_English-EWT,16,0.25,13,4,1.6934290039056201,0.5698146115995278,1.9200485234432099,0.4204562738239222,3
UD_English-EWT,16,0.25,13,5,1.9061768172217197,0.654327234473819,1.9468498672129677,0.3333410039096256,3
UD_English-EWT,16,0.25,13,6,1.1639971339528896,0.4018134381452436,1.1918343184261373,0.5146709599944411,3
UD_English-EWT,16,0.25,13,7,1.4813959770352463,0.49575403420244407,1.8336164571059859,0.5156162635835467,3
UD_English-EWT,16,0.25,13,8,1.8741699773377192,0.6409046506756858,1.8873864099627635,0.2674555841456753,3
UD_English-EWT,16,0.25,13,9,1.6232822808438747,0.5373236605989151,2.1238106497867073,0.5208485003642208,3
UD_English-EWT,16,0.25,13,10,1.60138937510645,0.540359066266614,1.9707025609544067,0.49742092006926325,3
UD_English-EWT,16,0.25,13,11,0.8480213213786619,0.2883077416236501,1.125075002932049,0.6412461969207545,3
UD_English-EWT,16,0.25,13,12,1.6653501447052685,0.5759975409952887,1.7397880564513322,0.38543824476269645,3
UD_English-EWT,16,0.25,13,13,1.7873388852632328,0.6061154742655641,2.207172184856863,0.4766814966426521,3
UD_English-EWT,16,0.25,13,14,1.178565700021055,0.4000906578802888,1.7434734404901338,0.6239097203469016,3
UD_English-EWT,16,0.25,13,15,0.6979981339884369,0.22802124543112104,1.3329620098454271,0.7235293902171765,3
UD_English-EWT,16,0.25,13,16,2.018916724510966,0.6901895013826141,2.2095992940262583,0.3679309337788375,3
UD_English-EWT,16,0.25,13,17,2.0838890670372923,0.7074991274346853,2.081153264788331,0.2027151574930329,3
UD_English-EWT,16,0.25,13,18,1.7948633441752424,0.606241298571419,1.9717928481666551,0.38085849249297804,3
UD_English-EWT,16,0.25,13,19,1.6134048027201864,0.5470272431553821,1.7264517743567953,0.376171784987758,3
UD_English-EWT,16,0.25,13,20,1.3541077489138518,0.45656170595593354,1.8482353978795432,0.5712403501901362,3
UD_English-EWT,16,0.25,13,21,1.4002899903607282,0.46845316518444186,1.8670817197237728,0.5544548628678739,3
UD_English-EWT,16,0.25,13,22,1.9325020991550768,0.6540629905809687,2.2293768074017404,0.4187891151219986,3
UD_English-EWT,16,0.25,13,23,1.1653364302084963,0.4050022512131484,1.1294362045050972,0.26351422257382145,3
UD_English-EWT,16,0.25,13,24,1.5797148489669806,0.5427356250651981,1.5867125281490697,0.41423690780481576,3
UD_English-EWT,16,0.25,13,25,1.3146142307634996,0.4542905244338436,1.628254569931217,0.5244943105390055,3
UD_English-EWT,16,0.25,13,26,1.4361333378704302,0.4865692787293094,1.8119027590165373,0.5274901412332428,3
UD_English-EWT,16,0.25,13,27,1.5702027395666187,0.5275823670169695,2.0253475684611524,0.5272610069054072,3
UD_English-EWT,16,0.25,13,28,1.4243052643342093,0.4859018949673041,1.7369884805709723,0.5139871228873079,3
UD_English-EWT,16,0.25,13,29,1.379596831205764,0.4774906513686606,1.3179836605687394,0.3904903822447867,3
UD_English-EWT,16,0.25,13,30,1.6873400449237101,0.5666924617736718,1.9926030134785588,0.4612165076288315,3
UD_English-EWT,16,0.25,13,31,1.737544465450424,0.587392686969704,2.1445596587245364,0.48496936974819677,3
UD_English-EWT,16,0.25,14,0,1.6874652333924027,0.5847333779181939,1.509183734112533,0.18510038166803958,3
UD_English-EWT,16,0.25,14,1,1.1768906836301252,0.4080113066133037,1.100163365240957,0.26261768437487726,3
UD_English-EWT,16,0.25,14,2,1.7708522857375482,0.6030285610038727,1.9110971129005723,0.36963743781280756,3
UD_English-EWT,16,0.25,14,3,1.6914981612986555,0.5664401701659996,1.9758194948534713,0.45630774920456835,3
UD_English-EWT,16,0.25,14,4,1.7191492951252856,0.580997001501869,2.0423046308679873,0.462188457618917,3
UD_English-EWT,16,0.25,14,5,2.085333518507485,0.7121607735345924,2.283043110631203,0.36843617225171005,3
UD_English-EWT,16,0.25,14,6,0.8008421653057219,0.26828237457577486,1.252305903219243,0.6848470933925367,3
UD_English-EWT,16,0.25,14,7,0.7619386814561807,0.2651239810460578,0.6219478131887691,0.22972003232436644,3
UD_English-EWT,16,0.25,14,8,1.2418866492061449,0.4183420049253926,1.692449305878311,0.5953719563755073,3
UD_English-EWT,16,0.25,14,9,1.7725643611942268,0.6026219676209712,1.9311315228921686,0.3753219766030003,3
UD_English-EWT,16,0.25,14,10,0.8952206735022515,0.3000888456174856,1.3720858407449417,0.6724668624581861,3
UD_English-EWT,16,0.25,14,11,1.6764547495351245,0.5625012448983765,2.0313717259843926,0.48141491608541526,3
UD_English-EWT,16,0.25,14,12,1.470999811489291,0.49040378083242525,1.888178749379782,0.5345170693658632,3
UD_English-EWT,16,0.25,14,13,1.2432000724317165,0.4142630396034222,1.71219644759305,0.5955942633692413,3
UD_English-EWT,16,0.25,14,14,1.7978139624461018,0.6196218996235799,1.7333601025664305,0.2546552407957328,3
UD_English-EWT,16,0.25,14,15,1.8256624963657018,0.6156333983215913,2.1514979958642813,0.45541877483776033,3
UD_English-EWT,16,0.25,14,16,1.7662735136670278,0.5922478059941194,1.9834264230207015,0.4037206771822548,3
UD_English-EWT,16,0.25,14,17,1.5178362081041101,0.5067753645172427,1.9365316667137684,0.5220188988348934,3
UD_English-EWT,16,0.25,14,18,1.3061271407157997,0.44184291383797786,1.6021798791292587,0.5507428805616926,3
UD_English-EWT,16,0.25,14,19,1.6523811992101765,0.5543576867026166,1.9676339713167839,0.47263824987226927,3
UD_English-EWT,16,0.25,14,20,1.9717207666628997,0.6771393349641875,2.027580226868228,0.3005051612684364,3
UD_English-EWT,16,0.25,14,21,1.6692942737691607,0.5590375403454612,1.967839225040976,0.4553881467528682,3
UD_English-EWT,16,0.25,14,22,1.4434915550310972,0.4984766621760115,1.3770535659377474,0.3855677632944072,3
UD_English-EWT,16,0.25,14,23,1.5796848113473867,0.531966849618705,1.953246291489332,0.5129400763477459,3
UD_English-EWT,16,0.25,14,24,1.3764043955746461,0.47068433042188157,1.7786311543867237,0.551414785414717,3
UD_English-EWT,16,0.25,14,25,1.6573425460817166,0.5582841367465877,1.9180899174487003,0.4697539084786057,3
UD_English-EWT,16,0.25,14,26,1.3917124787504989,0.4673609875807562,1.6930482024106388,0.5245932672437422,3
UD_English-EWT,16,0.25,14,27,1.7829744472611146,0.6004483786179177,2.124509010050032,0.4569054671880434,3
UD_English-EWT,16,0.25,14,28,1.3884974473541118,0.4628945596461847,1.8400689100741472,0.5516937558211806,3
UD_English-EWT,16,0.25,14,29,1.9945790276664201,0.6790121800532541,2.076707963382177,0.3106909349241815,3
UD_English-EWT,16,0.25,14,30,1.7100903698275431,0.5812759136133073,1.9598662314193496,0.44442342060239803,3
UD_English-EWT,16,0.25,14,31,1.475834837349603,0.5018920239285042,1.6396948897664883,0.4869281091270985,3
UD_English-EWT,16,0.25,15,0,0.9251417955672046,0.304748846665839,1.4717543674649871,0.6678332611918449,3
UD_English-EWT,16,0.25,15,1,1.519438471041199,0.5121065374253443,1.7832895850657549,0.5011286588355166,3
UD_English-EWT,16,0.25,15,2,2.2672623999023265,0.7715510894257731,2.308357183969086,0.22880624788550352,3
UD_English-EWT,16,0.25,15,3,1.2939037264533384,0.44072452288643477,1.5895801667524383,0.541126412907802,3
UD_English-EWT,16,0.25,15,4,1.4033039676361396,0.46864460254654644,1.8049397275584642,0.5505987640897758,3
UD_English-EWT,16,0.25,15,5,1.3749642904528938,0.46649861930172304,1.4991604150807272,0.4278227264037821,3
UD_English-EWT,16,0.25,15,6,1.5877272636241166,0.5344049876152058,1.9933758562596988,0.5160794161422982,3
UD_English-EWT,16,0.25,15,7,1.750005783170516,0.6006945945960359,1.9639581756730766,0.4227169886339992,3
UD_English-EWT,16,0.25,15,8,1.695379243970243,0.5692339866932733,2.0990242801728796,0.4898536289161672,3
UD_English-EWT,16,0.25,15,9,2.285740221295852,0.788829371251695,2.226489410374334,0.07956406308290546,3
UD_English-EWT,16,0.25,15,10,1.9912414988044833,0.6762131684763402,2.2944285122097514,0.41345626179244244,3
UD_English-EWT,16,0.25,15,11,0.6526682193514862,0.23176769700532404,0.5951712429794892,0.04735213099471641,3
UD_English-EWT,16,0.25,15,12,0.8809218674368872,0.29260160237930727,1.1002466826681012,0.6723774397891619,3
UD_English-EWT,16,0.25,15,13,1.4369764766352207,0.4760997569585433,1.8955777973370909,0.5408186109461744,3
UD_English-EWT,16,0.25,15,14,1.7244944014673023,0.5882354830349296,1.8680600580676223,0.3787353153260788,3
UD_English-EWT,16,0.25,15,15,0.6820876442527023,0.22092034793094154,1.2876003159715612,0.7231184294912115,3
UD_English-EWT,16,0.25,15,16,1.700096053232478,0.5895366530275085,1.805416382509937,0.38810438442235656,3
UD_English-EWT,16,0.25,15,17,1.2432275501729577,0.4212268456029544,1.7106421489696035,0.5979758384001386,3
UD_English-EWT,16,0.25,15,18,1.3272540328145463,0.4458813068740246,1.8003409536375592,0.5730988756840021,3
UD_English-EWT,16,0.25,15,19,1.6589258390127635,0.5616037915367463,1.8807646875390154,0.43429150242012377,3
UD_English-EWT,16,0.25,15,20,1.5965899527751466,0.5348326684279411,2.0488899665017812,0.5151400863988586,3
UD_English-EWT,16,0.25,15,21,1.5934923070267466,0.5475551298597253,1.6579300841835678,0.4074715869416414,3
UD_English-EWT,16,0.25,15,22,1.3280117042864823,0.4502112567289062,1.632140216035921,0.5365189519492003,3
UD_English-EWT,16,0.25,15,23,1.978159900055774,0.6736620486406898,2.2369578099098795,0.40426968587715123,3
UD_English-EWT,16,0.25,15,24,1.6199046555764038,0.5421552781782406,1.8726321669712744,0.45551018368703855,3
UD_English-EWT,16,0.25,15,25,1.3212319788114186,0.45740665993458157,1.4134436494285725,0.47042418865042523,3
UD_English-EWT,16,0.25,15,26,1.517797487518175,0.5255557923749062,1.3453191555154345,0.21227741953433374,3
UD_English-EWT,16,0.25,15,27,1.465816288297565,0.48889334085236263,1.8226923680642046,0.5199059052681229,3
UD_English-EWT,16,0.25,15,28,1.5174164107859893,0.5178035919457837,1.7299575181932398,0.48239973543011644,3
UD_English-EWT,16,0.25,15,29,1.9684591046882243,0.663216777173005,2.2664153457013634,0.41715232662870144,3
UD_English-EWT,16,0.25,15,30,1.3556685930284214,0.45253740757269506,1.7750205129167853,0.5574564554733658,3
UD_English-EWT,16,0.25,15,31,1.4942287287126907,0.5043172623236106,1.6879911300588828,0.4260022145015729,3
UD_English-EWT,16,0.25,16,0,0.954013318257688,0.3198809071642454,1.5323558537007897,0.6661173357935334,3
UD_English-EWT,16,0.25,16,1,1.274381457090052,0.4344304495835456,1.5918046696237091,0.5613431345963196,3
UD_English-EWT,16,0.25,16,2,1.763576658669934,0.6031899699747888,1.836359377930073,0.32368201259964696,3
UD_English-EWT,16,0.25,16,3,2.034219027325538,0.6895264481993321,2.1336127939500007,0.29871564075174334,3
UD_English-EWT,16,0.25,16,4,1.751331559621571,0.5924146852247376,1.8506831332959763,0.34631197928588414,3
UD_English-EWT,16,0.25,16,5,1.5546951091802512,0.5176561200085397,1.838686070345573,0.4747381815737714,3
UD_English-EWT,16,0.25,16,6,2.2004250935355167,0.7472017645048749,2.2296848726240013,0.21200319172098606,3
UD_English-EWT,16,0.25,16,7,1.6761134651189291,0.5711352250017973,1.8041466570888496,0.36916580428123363,3
UD_English-EWT,16,0.25,16,8,1.2691173063547017,0.4292692816010481,1.6546307120926826,0.5721164863074847,3
UD_English-EWT,16,0.25,16,9,1.652704283215092,0.5557855936632455,1.915300831605828,0.4520343512819167,3
UD_English-EWT,16,0.25,16,10,1.5295265722741629,0.514669899637039,1.925891994995715,0.5064908476590513,3
UD_English-EWT,16,0.25,16,11,1.713469053443881,0.5884138697687068,1.771948154751069,0.3145271700676293,3
UD_English-EWT,16,0.25,16,12,1.5236561730069758,0.5145232382693578,1.8238559493113087,0.4881796236599512,3
UD_English-EWT,16,0.25,16,13,1.617760056029252,0.5415152795341388,1.8188229757199956,0.42435567501681315,3
UD_English-EWT,16,0.25,16,14,1.5941719137580017,0.5508118537415789,1.4163689776196506,0.24335614860037472,3
UD_English-EWT,16,0.25,16,15,1.7991515272763474,0.6130030394170454,1.976533836381466,0.36662258822572685,3
UD_English-EWT,16,0.25,16,16,1.6388577176953492,0.563525972999836,1.7002081020662259,0.363128909722432,3
UD_English-EWT,16,0.25,16,17,1.460036946341857,0.500729619832421,1.5588915580120244,0.3224967334229492,3
UD_English-EWT,16,0.25,16,18,1.5139919755563058,0.5052020259690089,2.057131588024737,0.5514626540922185,3
UD_English-EWT,16,0.25,16,19,1.2418654324225606,0.4213025620332724,1.346418535788094,0.4955382242032033,3
UD_English-EWT,16,0.25,16,20,2.0455032248314615,0.7039256026401763,2.1491759838519418,0.3234038925907814,3
UD_English-EWT,16,0.25,16,21,1.5802285286355324,0.5450940520819854,1.6043725999815217,0.38685351210512314,3
UD_English-EWT,16,0.25,16,22,1.5214233539034978,0.5271008955162079,1.3458562703406223,0.1987374868372859,3
UD_English-EWT,16,0.25,16,23,1.3852137935115447,0.4583894962543293,1.8440053998365429,0.5605301889599401,3
UD_English-EWT,16,0.25,16,24,1.4718920709819743,0.5040616750825733,1.7817586579772293,0.4831120237412918,3
UD_English-EWT,16,0.25,16,25,0.8017535898121979,0.26607248946542567,1.3456799797713757,0.700424929303821,3
UD_English-EWT,16,0.25,16,26,1.374306616283451,0.4668667958523461,1.8158589367549494,0.5588592672296452,3
UD_English-EWT,16,0.25,16,27,0.9530002097641619,0.31875316750848554,1.4220537801285043,0.6566441442634239,3
UD_English-EWT,16,0.25,16,28,0.9426732841295569,0.30758645079897645,1.5007495930543906,0.6718432295097138,3
UD_English-EWT,16,0.25,16,29,1.4486494731083377,0.49148550748363656,1.829591632513618,0.5153394375736053,3
UD_English-EWT,16,0.25,16,30,1.5185450463672805,0.5189742302769738,1.5944613588258,0.3078242636714911,3
UD_English-EWT,16,0.25,16,31,2.0757315322512486,0.7031091911165223,2.2373277491233385,0.3516776152226551,3
UD_English-EWT,16,0.25,17,0,1.7498125059357106,0.5946023098459444,1.983863390317163,0.42093280426655744,3
UD_English-EWT,16,0.25,17,1,1.5091743933915656,0.5092146723634667,1.9703964684667483,0.5454359202627058,3
UD_English-EWT,16,0.25,17,2,1.0521007377810383,0.3606969192963372,1.2757925524194818,0.5406800248543097,3
UD_English-EWT,16,0.25,17,3,1.5262849622411154,0.5266417283802302,1.6364034570088588,0.43510611462517085,3
UD_English-EWT,16,0.25,17,4,1.5909768669765938,0.5430338426555875,1.83078219949222,0.4666305069009246,3
UD_English-EWT,16,0.25,17,5,1.731620976535132,0.5914252702628545,1.9332377032829762,0.4357601411314936,3
UD_English-EWT,16,0.25,17,6,1.5509861041613615,0.5306431817226722,1.7347078558417184,0.4628938496153537,3
UD_English-EWT,16,0.25,17,7,1.0869841023682463,0.36548342487905416,1.609155655450074,0.6445882207491792,3
UD_English-EWT,16,0.25,17,8,1.6508025738303778,0.5618305566953071,1.7377730698641967,0.41240983647726925,3
UD_English-EWT,16,0.25,17,9,1.0037814243637255,0.332912914987606,1.5215905831078362,0.6611252779985874,3
UD_English-EWT,16,0.25,17,10,1.6625188170696434,0.5580544121332724,1.9102935428122134,0.4167143813264853,3
UD_English-EWT,16,0.25,17,11,0.8325524159074372,0.27683899659520944,1.5189488017168202,0.7291659998668457,3
UD_English-EWT,16,0.25,17,12,0.9972783373991105,0.3417231326817598,1.5186284546399378,0.6663781287172345,3
UD_English-EWT,16,0.25,17,13,1.3131663056942067,0.4446280385979972,1.5310060176964448,0.39611811431392835,3
UD_English-EWT,16,0.25,17,14,1.6734496241873078,0.5775487390507983,1.7641271975956763,0.4077713101803713,3
UD_English-EWT,16,0.25,17,15,1.6400063353538077,0.5584829646164385,1.6785281326872836,0.28402437969960803,3
UD_English-EWT,16,0.25,17,16,1.1570073894219972,0.397681268688651,1.5308277841202766,0.5737971528509601,3
UD_English-EWT,16,0.25,17,17,1.2882598133007903,0.436535936554653,1.7903217676015935,0.5938182096378725,3
UD_English-EWT,16,0.25,17,18,1.2925712431226273,0.43296716609233493,1.7182975826693363,0.5397097721885896,3
UD_English-EWT,16,0.25,17,19,1.6874863346987734,0.5749134348471309,1.9313444925679102,0.4394392889800511,3
UD_English-EWT,16,0.25,17,20,1.1907780142823312,0.4001562050993271,1.6953730417079613,0.6103481502833696,3
UD_English-EWT,16,0.25,17,21,1.2231598895022777,0.4175992226584362,1.5773323156034575,0.5908879803558081,3
UD_English-EWT,16,0.25,17,22,1.033243316078121,0.3534395974231222,1.2011457025353376,0.47687573930442007,3
UD_English-EWT,16,0.25,17,23,1.6141676073028741,0.5553230035079743,1.9169287432412634,0.4692780358245247,3
UD_English-EWT,16,0.25,17,24,1.864296516352664,0.6409982402413704,1.8914834214527099,0.23518852090703932,3
UD_English-EWT,16,0.25,17,25,0.7164162328765339,0.23172686747928406,1.3249742698351867,0.730094708064622,3
UD_English-EWT,16,0.25,17,26,0.9293239268530261,0.3069758468997989,1.6649705987484726,0.7055355557842766,3
UD_English-EWT,16,0.25,17,27,1.0498773666516028,0.3493980613820431,1.616500827689097,0.6566091259340934,3
UD_English-EWT,16,0.25,17,28,2.006058564087298,0.6790302946267884,2.2583680537771875,0.39359951793862497,3
UD_English-EWT,16,0.25,17,29,1.1188886296716545,0.37660736950938817,1.4185673733443727,0.5992412651755011,3
UD_English-EWT,16,0.25,17,30,1.4247224949408857,0.47696597233265364,1.7318237262128264,0.493557647854524,3
UD_English-EWT,16,0.25,17,31,1.2452262381129036,0.4180966412278744,1.792990462335407,0.6006980017981134,3
UD_English-EWT,16,0.25,18,0,1.203337485483001,0.4134964015680909,1.6812947703243821,0.608215990824072,3
UD_English-EWT,16,0.25,18,1,1.0331316050175978,0.3469741676301307,1.6513582303685785,0.6649677629611422,3
UD_English-EWT,16,0.25,18,2,1.0798825815944288,0.3724422813248982,1.1985739613654183,0.5685960361445644,3
UD_English-EWT,16,0.25,18,3,0.8628248817750502,0.28587938613938557,1.4820052081946358,0.700176231400237,3
UD_English-EWT,16,0.25,18,4,1.9914504732590554,0.6737002633064172,2.0832628123258634,0.2818391592121379,3
UD_English-EWT,16,0.25,18,5,1.2193080804604215,0.42154456276059804,1.131745749076859,0.4111669085282011,3
UD_English-EWT,16,0.25,18,6,1.3924394615252378,0.4725527004330319,1.891324702507811,0.5638647774855295,3
UD_English-EWT,16,0.25,18,7,1.1885497038047388,0.40613096685764566,1.377639974998429,0.5420811556428943,3
UD_English-EWT,16,0.25,18,8,0.6498218138781945,0.2107472740680332,1.2915555484158636,0.7553878635140934,3
UD_English-EWT,16,0.25,18,9,1.5898492768922574,0.5387648302783514,2.021727082969278,0.5193412126956307,3
UD_English-EWT,16,0.25,18,10,1.3470382617688135,0.45450571142747753,1.8251302106295777,0.553925632114076,3
UD_English-EWT,16,0.25,18,11,0.9089019368343286,0.2985500272326103,1.4841317966960386,0.6948767253698166,3
UD_English-EWT,16,0.25,18,12,1.266637273485652,0.41937070616770306,1.6623890873702933,0.5661024274830392,3
UD_English-EWT,16,0.25,18,13,1.1982384165833773,0.40690988084413315,1.5014887951273737,0.5905934151784535,3
UD_English-EWT,16,0.25,18,14,1.3413617919268723,0.45628777045912644,1.7050475888293513,0.5537214757694789,3
UD_English-EWT,16,0.25,18,15,1.1711420730733482,0.3857544812803006,1.8058290491067213,0.641887284604958,3
UD_English-EWT,16,0.25,18,16,0.7865619026938747,0.26264671580306165,1.2699364767917085,0.6995354649799118,3
UD_English-EWT,16,0.25,18,17,0.5700196310748874,0.1884856413191486,1.1899863536213482,0.7581370333396237,3
UD_English-EWT,16,0.25,18,18,0.8606625825763835,0.28918830699580833,1.3306697575283832,0.6831565061092159,3
UD_English-EWT,16,0.25,18,19,0.7790842642312112,0.2545803550881875,1.4558131009313142,0.7198814337696534,3
UD_English-EWT,16,0.25,18,20,0.7414340250540138,0.2469499590891483,1.479891573579368,0.7418857374803616,3
UD_English-EWT,16,0.25,18,21,1.3292434342300523,0.45025320722974277,1.7281125732892633,0.5731513287417441,3
UD_English-EWT,16,0.25,18,22,1.2436852803104346,0.41836768162448656,1.6280964167825944,0.5942755968993587,3
UD_English-EWT,16,0.25,18,23,1.4372453657275777,0.49372876470803345,1.5804183772461444,0.3865770095440208,3
UD_English-EWT,16,0.25,18,24,0.9019144310841578,0.30121058164222103,1.4895719089197546,0.6857115452284696,3
UD_English-EWT,16,0.25,18,25,0.8030411916562713,0.26163633583361223,1.4971798020389562,0.722984422737892,3
UD_English-EWT,16,0.25,18,26,1.4938435932869034,0.513267574238104,1.7034682176043645,0.4746431893718264,3
UD_English-EWT,16,0.25,18,27,1.4005211269540647,0.4776253413225784,1.8074953958853566,0.5557520846702253,3
UD_English-EWT,16,0.25,18,28,1.9630172055058575,0.6709499365373605,2.116976405102047,0.36528397295182957,3
UD_English-EWT,16,0.25,18,29,0.6622115455852832,0.22031869300605497,1.3945591464733706,0.76499431235597,3
UD_English-EWT,16,0.25,18,30,1.262321513994361,0.432841324103226,1.5068710163534231,0.473561210031935,3
UD_English-EWT,16,0.25,18,31,1.3413170102054088,0.4526684287806569,1.6637166497214462,0.4894628988507667,3
UD_English-EWT,16,0.25,19,0,1.1727737058055856,0.3996355969370606,1.4641987582319205,0.5559230759970586,3
UD_English-EWT,16,0.25,19,1,1.7151771357964947,0.588914591418698,1.8333875936725752,0.40153336354645003,3
UD_English-EWT,16,0.25,19,2,1.4386045059328305,0.4963187833464211,1.4541969875820346,0.399693252403418,3
UD_English-EWT,16,0.25,19,3,0.6670698435512289,0.21599568235764247,1.3016209841344526,0.7488244126172557,3
UD_English-EWT,16,0.25,19,4,1.3631384890451892,0.46282259241859336,1.9529366942431323,0.591415008010923,3
UD_English-EWT,16,0.25,19,5,1.6014667374025928,0.5474396425083904,1.88156945018169,0.4611972394740321,3
UD_English-EWT,16,0.25,19,6,0.9352638542767485,0.30598090213294293,1.5164712654572583,0.6812494269254973,3
UD_English-EWT,16,0.25,19,7,1.0586276552309104,0.3521949657373035,1.6791723495271256,0.6689054208700774,3
UD_English-EWT,16,0.25,19,8,0.8962071619805743,0.29499930628186904,1.4460886267772137,0.6776007948500972,3
UD_English-EWT,16,0.25,19,9,0.6950602543545389,0.2250001448425439,1.2574199166128543,0.7385210313228635,3
UD_English-EWT,16,0.25,19,10,0.7858987968679659,0.26193970573798014,1.310831158891836,0.7195921491879039,3
UD_English-EWT,16,0.25,19,11,0.8132158017467931,0.2667325812685414,1.517878111241511,0.7222677528423906,3
UD_English-EWT,16,0.25,19,12,1.1762289160859172,0.41225847443107694,1.0604758704783486,0.2623603653047363,3
UD_English-EWT,16,0.25,19,13,1.8430286613589864,0.6270774149205298,2.1006659276661326,0.4237277996242861,3
UD_English-EWT,16,0.25,19,14,1.153436834219918,0.3909062909298256,1.6437804226395427,0.628954803520213,3
UD_English-EWT,16,0.25,19,15,1.3729324342991702,0.46822090978260905,1.7047021165897285,0.5464911695386543,3
UD_English-EWT,16,0.25,19,16,2.018990181997174,0.699648574537484,1.989640921300009,0.15027369063971852,3
UD_English-EWT,16,0.25,19,17,0.5107271288842207,0.16614067507229188,1.1261218237963748,0.7761970844207999,3
UD_English-EWT,16,0.25,19,18,1.507916039660003,0.49997468950576357,2.110840985222375,0.5683269003755625,3
UD_English-EWT,16,0.25,19,19,1.0781929131956918,0.3610805629808558,1.6382962122749543,0.6477402284578547,3
UD_English-EWT,16,0.25,19,20,0.7370953566050377,0.2460067388660975,1.3476777931230857,0.7245207891302465,3
UD_English-EWT,16,0.25,19,21,0.825415629730687,0.27755511708164043,1.3630140078930906,0.7045492258309666,3
UD_English-EWT,16,0.25,19,22,0.9971911925788568,0.3375198658800027,1.5197969025275746,0.656401917158553,3
UD_English-EWT,16,0.25,19,23,1.3298868500714092,0.4447397272524938,1.9721516059993178,0.6114052956438673,3
UD_English-EWT,16,0.25,19,24,1.5848822249252288,0.5343599977592627,2.0215733648703615,0.5155853021733856,3
UD_English-EWT,16,0.25,19,25,0.9172555599124163,0.3109764782728828,1.4188833928281925,0.6737870944762273,3
UD_English-EWT,16,0.25,19,26,0.7849657449715233,0.25765678588680935,1.5220848718464701,0.7382899110285202,3
UD_English-EWT,16,0.25,19,27,1.4872241206942143,0.5075850349007842,1.741168280171132,0.49206404263095993,3
UD_English-EWT,16,0.25,19,28,0.8779066010346069,0.29304130751985674,1.537467886447798,0.6972171415817433,3
UD_English-EWT,16,0.25,19,29,1.0765169740048914,0.36451896757077434,1.4596805239744308,0.6099945549159319,3
UD_English-EWT,16,0.25,19,30,0.6976461603843992,0.22819121872907833,1.5085318071228233,0.7629433509118462,3
UD_English-EWT,16,0.25,19,31,1.4592222748409096,0.4865211772720562,1.8452963841526018,0.5166130502028,3
UD_English-EWT,16,0.25,20,0,1.002924619055945,0.3429038285333765,1.2018056720739505,0.5067218735216962,3
UD_English-EWT,16,0.25,20,1,0.8090270241664786,0.2702351578244963,1.4537997751993776,0.7263014204596562,3
UD_English-EWT,16,0.25,20,2,0.9638130453318521,0.3256271310924181,1.510750479005508,0.6777796419998987,3
UD_English-EWT,16,0.25,20,3,1.2397392232697084,0.42294841288895996,1.561468984273505,0.5343557955910926,3
UD_English-EWT,16,0.25,20,4,1.4725676514411885,0.5082342994513027,1.712725877490417,0.4538676777009756,3
UD_English-EWT,16,0.25,20,5,1.3723532987965479,0.4604315603650659,1.732377246646499,0.5161102484735255,3
UD_English-EWT,16,0.25,20,6,1.3043795932891806,0.44077311629914634,1.5433391427624639,0.5465485055562794,3
UD_English-EWT,16,0.25,20,7,1.4366797205257502,0.47820285981171556,1.9516333399140333,0.5709269110534089,3
UD_English-EWT,16,0.25,20,8,0.8232806890877219,0.2769032762994912,1.4125773920550373,0.7129402431796809,3
UD_English-EWT,16,0.25,20,9,1.1531388920295866,0.3912391985998996,1.6182607460380252,0.6213489689394316,3
UD_English-EWT,16,0.25,20,10,0.8711167044788327,0.2937100536727732,1.5375237982509784,0.7206981802301545,3
UD_English-EWT,16,0.25,20,11,1.4364686686484542,0.4916495719079763,1.569932473758965,0.3596161849328566,3
UD_English-EWT,16,0.25,20,12,1.3874418768957122,0.46709024311061986,1.7221947965400466,0.502500586866491,3
UD_English-EWT,16,0.25,20,13,1.2748653424025014,0.43721207681846536,1.3529976630254303,0.4185296217817644,3
UD_English-EWT,16,0.25,20,14,0.864158649648962,0.2793405586217474,1.5372377685076117,0.7131110413614085,3
UD_English-EWT,16,0.25,20,15,1.300866940796701,0.44069236917302473,1.5633275232571286,0.4809601388206681,3
UD_English-EWT,16,0.25,20,16,1.065988361577627,0.35859514666358194,1.5456701622146074,0.6491360483599491,3
UD_English-EWT,16,0.25,20,17,0.8415366932614036,0.27456137973252,1.6157941864990037,0.7319405917994312,3
UD_English-EWT,16,0.25,20,18,1.6764208472491615,0.5679087682011349,1.901317270998529,0.42294881945112905,3
UD_English-EWT,16,0.25,20,19,0.8067285011985588,0.2694405278798281,1.3969920435835537,0.7221512872800367,3
UD_English-EWT,16,0.25,20,20,1.5910692546509873,0.5444964888846614,1.671389014723088,0.281614042915241,3
UD_English-EWT,16,0.25,20,21,1.6845797663571513,0.5743826680387522,2.0188801699268795,0.47039526740329946,3
UD_English-EWT,16,0.25,20,22,1.2734930450011905,0.4228894201078484,1.9022637876547968,0.6312150078908777,3
UD_English-EWT,16,0.25,20,23,0.8104220526004532,0.27050624173032783,1.518909777516333,0.7271922346347016,3
UD_English-EWT,16,0.25,20,24,0.9324648858120966,0.3150613937079092,1.5264808888155255,0.6882027326752254,3
UD_English-EWT,16,0.25,20,25,1.1262177835559584,0.3772280751702075,1.8120153472234641,0.6632759021171021,3
UD_English-EWT,16,0.25,20,26,0.8851130547541413,0.2973971217463577,1.3119060334177834,0.6858798536338008,3
UD_English-EWT,16,0.25,20,27,0.7955888605054012,0.26446359865163843,1.4320606892361887,0.7302723563393282,3
UD_English-EWT,16,0.25,20,28,1.062934175852978,0.3645872417735598,1.4220519171712176,0.5663518885825718,3
UD_English-EWT,16,0.25,20,29,0.8013864817243673,0.268651132670338,1.4328936246819184,0.7345555518602848,3
UD_English-EWT,16,0.25,20,30,1.1574774417205151,0.3981589358096403,1.3253149387506404,0.4462073865551875,3
UD_English-EWT,16,0.25,20,31,1.473636803982308,0.49032318922020973,2.01226804338952,0.5537219481552884,3
UD_English-EWT,16,0.25,21,0,1.4508025186417968,0.49079041248815086,1.9856040350726394,0.5609956551071779,3
UD_English-EWT,16,0.25,21,1,0.7492213069931188,0.25009722307405835,1.4111399157804,0.751942627064083,3
UD_English-EWT,16,0.25,21,2,0.7647103290048127,0.2570438572563543,1.5399791264740277,0.7562020585103765,3
UD_English-EWT,16,0.25,21,3,0.7243309169464859,0.24008171357390876,1.4418596990935788,0.7507054631773022,3
UD_English-EWT,16,0.25,21,4,0.8998156250106724,0.29878458919135925,1.598471646589008,0.7193846733246563,3
UD_English-EWT,16,0.25,21,5,0.6971639848105569,0.23045836985518373,1.4702990986610371,0.7758284917538935,3
UD_English-EWT,16,0.25,21,6,0.584627502029575,0.19029076204962606,1.4002264091823051,0.7969694995679273,3
UD_English-EWT,16,0.25,21,7,0.8721308155979398,0.29235672373799626,1.6043972038886152,0.7189717705756805,3
UD_English-EWT,16,0.25,21,8,1.0045857461939527,0.340311420660717,1.5278464332358652,0.6598752314438586,3
UD_English-EWT,16,0.25,21,9,0.7773411961235038,0.25438813085859485,1.506842225769667,0.7400981746613979,3
UD_English-EWT,16,0.25,21,10,1.392809053940634,0.47279149824532873,1.6761852290298116,0.4563527262018135,3
UD_English-EWT,16,0.25,21,11,0.6568713490673102,0.21711376207950228,1.3337140937347662,0.7616066016012528,3
UD_English-EWT,16,0.25,21,12,1.1229859761866607,0.37562406682604427,1.7855925842278209,0.6541042561169531,3
UD_English-EWT,16,0.25,21,13,1.1210580585975682,0.37105148063059934,1.7831076908659849,0.6559212071607348,3
UD_English-EWT,16,0.25,21,14,1.1889777100748484,0.4086626172065735,1.6801079313096017,0.5963074992968954,3
UD_English-EWT,16,0.25,21,15,0.7532902885235181,0.24734203433295635,1.407553556594041,0.7391502357720786,3
UD_English-EWT,16,0.25,21,16,0.7408451714734454,0.24754726895570536,1.3989270450394662,0.742254629751535,3
UD_English-EWT,16,0.25,21,17,1.3726928213065006,0.4730553206239567,1.5592958027656394,0.4997969317455218,3
UD_English-EWT,16,0.25,21,18,0.6132297497989104,0.20188343490495977,1.3617298388633137,0.7706900330460571,3
UD_English-EWT,16,0.25,21,19,0.8649782239440794,0.2897940698488597,1.5396733659646984,0.7065540616738123,3
UD_English-EWT,16,0.25,21,20,1.1496743751326763,0.39401605782965926,1.3980380672086132,0.5593412898562319,3
UD_English-EWT,16,0.25,21,21,0.7580728509441316,0.25148502797336203,1.4067961875288215,0.7295048110227768,3
UD_English-EWT,16,0.25,21,22,1.2433826172951683,0.42145629733366613,1.5609857315954183,0.5500211206100243,3
UD_English-EWT,16,0.25,21,23,0.866528080691514,0.28738262570838025,1.539599090488882,0.7080538807426645,3
UD_English-EWT,16,0.25,21,24,0.936846082192084,0.3091807016247853,1.659500615206464,0.7061063409774464,3
UD_English-EWT,16,0.25,21,25,1.0440585526802284,0.353677541373776,1.5081098824739456,0.6183929143300473,3
UD_English-EWT,16,0.25,21,26,0.7517238974449088,0.24987697329894656,1.4477615278003864,0.7514619492740796,3
UD_English-EWT,16,0.25,21,27,0.7694381976021769,0.2575663763262969,1.439008001747027,0.7403357338112778,3
UD_English-EWT,16,0.25,21,28,0.9565969831522262,0.3230392000619288,1.7080036638430123,0.7165314970853549,3
UD_English-EWT,16,0.25,21,29,0.6756780808469203,0.22126396446877272,1.3412423913853957,0.7620656682901044,3
UD_English-EWT,16,0.25,21,30,0.7161206804446619,0.23964011169908964,1.3699540328132649,0.7682937489167697,3
UD_English-EWT,16,0.25,21,31,1.1467530732747093,0.38176611265021704,1.7391267681192397,0.6411441510478765,3
UD_English-EWT,16,0.25,22,0,0.7810433834675828,0.2558562984861406,1.5106093635365285,0.737584209995843,3
UD_English-EWT,16,0.25,22,1,0.7786017538901615,0.2574310526234829,1.5638472563527754,0.7457755365305476,3
UD_English-EWT,16,0.25,22,2,1.211514323746246,0.41044504004098026,1.4408673739606999,0.5635303915198383,3
UD_English-EWT,16,0.25,22,3,0.9426268189195509,0.3145492006880392,1.4931411264915502,0.6780500032808394,3
UD_English-EWT,16,0.25,22,4,1.4657855758575795,0.506680448565001,1.6033970233195465,0.45327431814429536,3
UD_English-EWT,16,0.25,22,5,0.9941705879102205,0.3325310588656553,1.4055884120568551,0.6400493149168939,3
UD_English-EWT,16,0.25,22,6,0.49967977765927224,0.16690659814324224,1.3506963459947885,0.8255547319822191,3
UD_English-EWT,16,0.25,22,7,1.0292983623204552,0.346877911815145,1.509378102036339,0.6353582213132325,3
UD_English-EWT,16,0.25,22,8,1.1941760616930022,0.3990759446857351,1.8096865860436566,0.6382194309544585,3
UD_English-EWT,16,0.25,22,9,0.7262366664662062,0.23906344728364537,1.4654043662770633,0.7667025825337852,3
UD_English-EWT,16,0.25,22,10,0.9434504342589439,0.3231353120698521,0.9921866062831791,0.5747060803442053,3
UD_English-EWT,16,0.25,22,11,1.538726975981872,0.5263422810369067,1.706025911267772,0.39326843952858487,3
UD_English-EWT,16,0.25,22,12,1.3840379342572504,0.4783340974325799,1.4554884481245487,0.4522530484354235,3
UD_English-EWT,16,0.25,22,13,0.7779454628280441,0.25589631587090494,1.4240793161270613,0.7252959380085785,3
UD_English-EWT,16,0.25,22,14,0.8083768301390668,0.2680531093080567,1.4954197025011364,0.7232053109965472,3
UD_English-EWT,16,0.25,22,15,0.4642912717205294,0.14965096647547513,1.0895421846425382,0.8089230151911467,3
UD_English-EWT,16,0.25,22,16,1.1726208529307869,0.3925022439512073,1.7396443937319876,0.6278210353031618,3
UD_English-EWT,16,0.25,22,17,1.644641090204807,0.5623602058894539,1.855900468206362,0.3781722338737849,3
UD_English-EWT,16,0.25,22,18,0.7996802088280356,0.26342496500844187,1.5242923698328665,0.7345589606094772,3
UD_English-EWT,16,0.25,22,19,0.762955336975704,0.2557054916719053,1.4062639982566807,0.7427180673255295,3
UD_English-EWT,16,0.25,22,20,0.9881547009148287,0.3271998669409307,1.649446358066222,0.6833966234953351,3
UD_English-EWT,16,0.25,22,21,1.2000681702013658,0.4069920445780502,1.6148299344684691,0.5833998096119511,3
UD_English-EWT,16,0.25,22,22,0.5734938390854957,0.18717673582148708,1.1626475684290483,0.7907071412831056,3
UD_English-EWT,16,0.25,22,23,1.3288771372105255,0.4447112700245419,1.897023147939007,0.5956346681833484,3
UD_English-EWT,16,0.25,22,24,0.7065784475801746,0.23373251043782586,1.4089786739568675,0.7646970953826262,3
UD_English-EWT,16,0.25,22,25,1.2258649948570464,0.42023967439902504,1.6787601772878993,0.6007662776090843,3
UD_English-EWT,16,0.25,22,26,1.3652984236921768,0.4726054862630172,1.3845371692992732,0.3199360422817193,3
UD_English-EWT,16,0.25,22,27,0.7591517815851557,0.2527903910261496,1.4448202629395521,0.75482270414712,3
UD_English-EWT,16,0.25,22,28,0.7105752948929432,0.23526779184447014,1.3603373932260308,0.7441278620536536,3
UD_English-EWT,16,0.25,22,29,0.9442282905751238,0.3230891528595341,1.3657599332961228,0.6513907485836624,3
UD_English-EWT,16,0.25,22,30,1.0511726001057033,0.3556666466083465,1.5014476355416309,0.6195456489635621,3
UD_English-EWT,16,0.25,22,31,0.7823831780978185,0.2640364019671804,1.4844344021626945,0.7485709196611398,3
UD_English-EWT,16,0.25,23,0,0.6722113246569759,0.2210898063771549,1.3793956395815414,0.7682445225847007,3
UD_English-EWT,16,0.25,23,1,0.8365796964568085,0.2936550884801073,0.771388445069881,0.32837529244657965,3
UD_English-EWT,16,0.25,23,2,0.7101739685242836,0.2344842709207361,1.313312075407887,0.7377566278577937,3
UD_English-EWT,16,0.25,23,3,1.2878046291312015,0.4402468733978076,1.7490906695850559,0.5725130496075027,3
UD_English-EWT,16,0.25,23,4,1.5515771649628605,0.5284175300370149,2.0008649944390537,0.5132664872811792,3
UD_English-EWT,16,0.25,23,5,0.5486891591558419,0.17825543826347545,1.3036906763110547,0.789049816180448,3
UD_English-EWT,16,0.25,23,6,0.8412004883701357,0.2819325200779082,1.4378299641207484,0.6991931426394832,3
UD_English-EWT,16,0.25,23,7,0.7217144987873313,0.239927143803399,1.4290128719665531,0.7636300105133342,3
UD_English-EWT,16,0.25,23,8,0.7272323302497141,0.24033904143648124,1.5013842532149972,0.7690348501413897,3
UD_English-EWT,16,0.25,23,9,0.8821351004591405,0.2929724827307007,1.5730801998808952,0.7233813778719508,3
UD_English-EWT,16,0.25,23,10,1.3815711909983108,0.47153234337617683,1.8876139434200383,0.5573970596891283,3
UD_English-EWT,16,0.25,23,11,0.687160656331124,0.2263001443339827,1.3179428756562739,0.7531593129011669,3
UD_English-EWT,16,0.25,23,12,1.2966347109791034,0.44765364411600844,1.6932093851634713,0.5448409571619416,3
UD_English-EWT,16,0.25,23,13,0.706242125651007,0.23260664709679144,1.3589648754422454,0.7517159704953595,3
UD_English-EWT,16,0.25,23,14,0.7053796710728079,0.23247649971029308,1.3889657424759452,0.7400499663582049,3
UD_English-EWT,16,0.25,23,15,0.596183228053709,0.19558239240243433,1.3066733083899773,0.7806426063044257,3
UD_English-EWT,16,0.25,23,16,0.7272920014340097,0.23543079985553342,1.5226194050658377,0.7461803845572668,3
UD_English-EWT,16,0.25,23,17,1.1902276312012923,0.4021274417279142,1.6882216147874873,0.5976985316784655,3
UD_English-EWT,16,0.25,23,18,1.5039694766040708,0.5064485783914345,2.007852378954436,0.5488893728913614,3
UD_English-EWT,16,0.25,23,19,0.9882300887562212,0.33021810979926736,1.6442898564814217,0.6818314521812677,3
UD_English-EWT,16,0.25,23,20,0.833469719624313,0.27422027828134526,1.5528114542690783,0.7376289398278804,3
UD_English-EWT,16,0.25,23,21,0.646022633130311,0.21408412245039457,1.2771236633641039,0.7590756767678782,3
UD_English-EWT,16,0.25,23,22,0.723779725297634,0.242820564228261,1.2499883588138825,0.7295252957359254,3
UD_English-EWT,16,0.25,23,23,0.7009175869726146,0.23250531344309802,1.222700028240898,0.7385682072117247,3
UD_English-EWT,16,0.25,23,24,0.7953941621452922,0.25938386647649897,1.6092634556750565,0.7448873587210539,3
UD_English-EWT,16,0.25,23,25,0.7590876563175671,0.25244919165039265,1.4663434748373287,0.741772759224005,3
UD_English-EWT,16,0.25,23,26,0.5469079486727172,0.1757967482882472,1.2584198174831915,0.7830695927767372,3
UD_English-EWT,16,0.25,23,27,0.5061542280323681,0.16392029882264483,1.2659462093967666,0.8057461732180826,3
UD_English-EWT,16,0.25,23,28,1.7585114564861974,0.5968243114935244,2.058318465622396,0.4468656372591066,3
UD_English-EWT,16,0.25,23,29,1.2636933768056131,0.4251820616329085,1.6208071880490402,0.5846748396767837,3
UD_English-EWT,16,0.25,23,30,0.49493673283314993,0.15793995906256195,1.287545409240168,0.8128911716310486,3
UD_English-EWT,16,0.25,23,31,0.8729799990431967,0.28907050118393146,1.6181780930153877,0.7270650443212148,3
UD_English-EWT,16,0.25,24,0,0.6543412229236222,0.21491858505309713,1.2886994640005307,0.7581955598894581,3
UD_English-EWT,16,0.25,24,1,1.4661244583911583,0.49755685291302226,1.856361083482784,0.48304997105321057,3
UD_English-EWT,16,0.25,24,2,0.5568157506662206,0.18135954652962108,1.2426692166710052,0.7813799452640536,3
UD_English-EWT,16,0.25,24,3,0.6541323950768657,0.21598795896060152,1.3439579724668371,0.7823899520632347,3
UD_English-EWT,16,0.25,24,4,1.0715464863702249,0.35511873040911496,1.8435333510674197,0.6945144753896365,3
UD_English-EWT,16,0.25,24,5,0.801167981268224,0.27032761868150507,1.5105037309758649,0.7265930877343661,3
UD_English-EWT,16,0.25,24,6,1.0819519258940589,0.365774349850655,1.3474924715273149,0.5510414193956036,3
UD_English-EWT,16,0.25,24,7,1.1893247166455116,0.4051207888579651,1.798740015628125,0.6268806173338916,3
UD_English-EWT,16,0.25,24,8,0.7254955194218725,0.2424416764892081,1.4385917325570283,0.7626788467575943,3
UD_English-EWT,16,0.25,24,9,0.6631263207868149,0.21875526588274427,1.4379113830476726,0.7666366164774407,3
UD_English-EWT,16,0.25,24,10,1.2740475736449868,0.4298588860345723,1.8053295364796789,0.5954644500612126,3
UD_English-EWT,16,0.25,24,11,0.6170613749821302,0.2010404936535002,1.3735745017211511,0.7924957832284204,3
UD_English-EWT,16,0.25,24,12,0.8224604211659434,0.27325760515640835,1.567265811445826,0.7267987730290285,3
UD_English-EWT,16,0.25,24,13,1.5962674818349452,0.5472956813451154,1.5235243542001113,0.2784618539616927,3
UD_English-EWT,16,0.25,24,14,1.2854303164519572,0.4281645073183899,1.9227454455226713,0.610021136002191,3
UD_English-EWT,16,0.25,24,15,0.7793611201690086,0.25706965171092466,1.4884450897465857,0.7510256105270542,3
UD_English-EWT,16,0.25,24,16,0.9590840852244304,0.31575023294350163,1.7370931295260705,0.7188945923726632,3
UD_English-EWT,16,0.25,24,17,0.9811753796410149,0.32564714332815187,1.7206285753048183,0.7059645766633239,3
UD_English-EWT,16,0.25,24,18,1.9863359592651408,0.6804464026091311,2.20587617424885,0.37311292493305354,3
UD_English-EWT,16,0.25,24,19,0.7596586171218714,0.24759585888571156,1.5291737547799105,0.7464273640502563,3
UD_English-EWT,16,0.25,24,20,0.43532844799111015,0.14103953367547015,1.1466755542144151,0.825667878779123,3
UD_English-EWT,16,0.25,24,21,0.5839676819266735,0.19170684407283645,1.2053857897705176,0.7705424511448933,3
UD_English-EWT,16,0.25,24,22,0.575763701995621,0.18700727605462783,1.2718559399532163,0.7796188607567647,3
UD_English-EWT,16,0.25,24,23,1.8931460052131521,0.6401153728637322,2.1866241550456413,0.3909511846441009,3
UD_English-EWT,16,0.25,24,24,1.2803611567681605,0.42828157016216944,1.896892454997655,0.6178965301800838,3
UD_English-EWT,16,0.25,24,25,0.7993398157231685,0.266192523725263,1.4051903157964862,0.7160248037746587,3
UD_English-EWT,16,0.25,24,26,0.8492591367433957,0.28474017219424574,1.2500233828261467,0.6560433028038516,3
UD_English-EWT,16,0.25,24,27,0.9078045310503473,0.3052290911686171,1.2972559846381237,0.6595278350951893,3
UD_English-EWT,16,0.25,24,28,0.6861615279903178,0.22818330281968813,1.3434245227844555,0.7557814556542098,3
UD_English-EWT,16,0.25,24,29,0.9288715427039099,0.31191944625764706,1.6231077260495537,0.7237208950484276,3
UD_English-EWT,16,0.25,24,30,0.9042220230609558,0.31819032754185855,0.8096146446488159,0.2646117785602862,3
UD_English-EWT,16,0.25,24,31,0.7497660682887816,0.24503644349185824,1.3127271042006916,0.7295390699119841,3
UD_English-EWT,16,0.25,25,0,1.0571489415533557,0.3533740090969644,1.7766695750677084,0.6847280388619947,3
UD_English-EWT,16,0.25,25,1,0.574964443625431,0.18584689457403777,1.350036346704745,0.7870462965864844,3
UD_English-EWT,16,0.25,25,2,0.6966488526316397,0.23284223687772268,1.2495067564597546,0.7390874554089293,3
UD_English-EWT,16,0.25,25,3,0.7047558296811114,0.23134246535891012,1.5730470028622772,0.7833377573306661,3
UD_English-EWT,16,0.25,25,4,0.7897152834061282,0.2656420934131074,1.3463543983675093,0.7051631476872605,3
UD_English-EWT,16,0.25,25,5,1.2286229468746372,0.4204787698341958,1.7739805608363532,0.5995682769103862,3
UD_English-EWT,16,0.25,25,6,0.7240765552072088,0.23966407321244207,1.3639197987258325,0.7296729559156847,3
UD_English-EWT,16,0.25,25,7,0.7680361757227958,0.2556993237854353,1.4450324895114848,0.7588587852639361,3
UD_English-EWT,16,0.25,25,8,0.5046963532300893,0.1626117819574965,1.2136489856031423,0.8006601202927652,3
UD_English-EWT,16,0.25,25,9,0.9352897365114403,0.3086605018805475,1.7384283275687846,0.7124376814873492,3
UD_English-EWT,16,0.25,25,10,0.6243221146107154,0.20225971524954822,1.484667117702342,0.7852485832946549,3
UD_English-EWT,16,0.25,25,11,0.7144451645357307,0.24102111082381564,1.3907043396381624,0.7614968999582453,3
UD_English-EWT,16,0.25,25,12,0.9435114730997706,0.307925037778439,1.7632412076104969,0.7117287635273947,3
UD_English-EWT,16,0.25,25,13,0.5421529450591226,0.17589223106393423,1.2406987188645182,0.7870615455025098,3
UD_English-EWT,16,0.25,25,14,0.4973100474908378,0.15919104560010325,1.2965713952462747,0.8049614632634517,3
UD_English-EWT,16,0.25,25,15,0.9048861373276984,0.30194496897766826,1.5892289702276716,0.7077558752156129,3
UD_English-EWT,16,0.25,25,16,0.7600589380048229,0.25496810752871313,1.5143214034931038,0.7598469779845362,3
UD_English-EWT,16,0.25,25,17,0.8533928834974006,0.28462262095744384,1.5659279758025821,0.7320814086548401,3
UD_English-EWT,16,0.25,25,18,0.7350821732992955,0.24321165488344124,1.3577938496469366,0.7308788257557729,3
UD_English-EWT,16,0.25,25,19,0.9586116168749789,0.3245667274668134,1.19381042195311,0.6280161266593443,3
UD_English-EWT,16,0.25,25,20,0.5317220181440477,0.1724189628858818,1.2273574971571863,0.7902612761002312,3
UD_English-EWT,16,0.25,25,21,0.868104726245766,0.2872171460978266,1.6647521211122769,0.7418854898740902,3
UD_English-EWT,16,0.25,25,22,1.0389222764293027,0.3534739394629805,1.6438120027057461,0.673377297347062,3
UD_English-EWT,16,0.25,25,23,1.0257521138708015,0.34044755090075546,1.797130658001196,0.6931759149093989,3
UD_English-EWT,16,0.25,25,24,0.7265782735814326,0.24296524116128193,1.5462876303233408,0.7620414886928972,3
UD_English-EWT,16,0.25,25,25,0.6574260472152077,0.21865406392891984,1.3532731017141935,0.762907447622502,3
UD_English-EWT,16,0.25,25,26,0.8794524872672146,0.2904262602777103,1.5471179671924837,0.7091686358855179,3
UD_English-EWT,16,0.25,25,27,0.8377571598930329,0.2831679546767896,1.494548412891468,0.7238853472965229,3
UD_English-EWT,16,0.25,25,28,1.1777075927277079,0.41059440298375754,1.2372073539293529,0.4007033572306615,3
UD_English-EWT,16,0.25,25,29,1.1049298480940213,0.3810201959348604,1.52539416638717,0.6245561070970933,3
UD_English-EWT,16,0.25,25,30,0.767627045335774,0.25542971850771506,1.3209248609528732,0.7235045573234776,3
UD_English-EWT,16,0.25,25,31,0.515975750039564,0.16749108749999916,1.2679750480008851,0.8102197701515178,3
UD_English-EWT,16,0.25,26,0,0.6870608503823398,0.22746401276093364,1.331358943623109,0.7358385658397157,3
UD_English-EWT,16,0.25,26,1,0.5978144662444546,0.19444630784194625,1.3082757922116741,0.7689052816337901,3
UD_English-EWT,16,0.25,26,2,1.2443410554028818,0.41984054572432417,1.8550025370983043,0.6266979587031952,3
UD_English-EWT,16,0.25,26,3,0.8972964310621628,0.30318182483077977,1.57677845796655,0.7232761108579423,3
UD_English-EWT,16,0.25,26,4,1.7126648256958943,0.5944048079690863,1.709843373906634,0.23594409486241572,3
UD_English-EWT,16,0.25,26,5,0.5965846596024456,0.1936555365100503,1.2400303699334028,0.7713179154582797,3
UD_English-EWT,16,0.25,26,6,0.8868203594846369,0.302680681328983,1.4465462191264489,0.6762796406428887,3
UD_English-EWT,16,0.25,26,7,0.6531957629491288,0.21226101701159727,1.4519736348347694,0.778943479373264,3
UD_English-EWT,16,0.25,26,8,0.6690088685462845,0.22031468567345122,1.2628518365228547,0.747607217148245,3
UD_English-EWT,16,0.25,26,9,1.1660349713892886,0.3960293023176966,1.6613594678473167,0.6135117071248143,3
UD_English-EWT,16,0.25,26,10,1.6606651551763651,0.5632411725683398,2.067541935459078,0.4957573048580431,3
UD_English-EWT,16,0.25,26,11,0.6571481181122023,0.21446742146667805,1.247144742320904,0.7475632790252159,3
UD_English-EWT,16,0.25,26,12,0.36216208812711126,0.11351156944196115,1.185760458688742,0.8535239743594697,3
UD_English-EWT,16,0.25,26,13,0.751009508261698,0.2569628239817958,0.832181747045999,0.41988456349663833,3
UD_English-EWT,16,0.25,26,14,1.3706451260055565,0.459862738474525,1.7373077128157155,0.49946677022849384,3
UD_English-EWT,16,0.25,26,15,1.5511802518384055,0.5240493850453413,1.943887405192483,0.4615399373698647,3
UD_English-EWT,16,0.25,26,16,0.8355496085311654,0.2778603158728347,1.4015332778240597,0.7006218811812622,3
UD_English-EWT,16,0.25,26,17,0.6605207730264476,0.21762760587033214,1.5227907824928861,0.7792070982248296,3
UD_English-EWT,16,0.25,26,18,0.833989004002297,0.2832059106112666,1.1835678344107283,0.6418018783620797,3
UD_English-EWT,16,0.25,26,19,2.1534358874261925,0.7394621596011742,2.119226183966209,0.18979133121866076,3
UD_English-EWT,16,0.25,26,20,0.8459237512363925,0.28020838837398854,1.621258774429614,0.7312680187826817,3
UD_English-EWT,16,0.25,26,21,1.365957638387906,0.4614428113704931,1.955672218499939,0.5880902277505897,3
UD_English-EWT,16,0.25,26,22,1.0941708597247717,0.3760156696679271,1.2124749320832324,0.4842163970887335,3
UD_English-EWT,16,0.25,26,23,0.9428105282653224,0.3143893203448728,1.7199953565126342,0.7163252038966003,3
UD_English-EWT,16,0.25,26,24,1.0489306572302226,0.35103981758048847,1.8462199180748293,0.7018518860100723,3
UD_English-EWT,16,0.25,26,25,1.243986517014508,0.4231263404891899,1.8774614512431818,0.6294228807430993,3
UD_English-EWT,16,0.25,26,26,0.9056150482081976,0.3003186221779044,1.625741161677464,0.721035801261012,3
UD_English-EWT,16,0.25,26,27,1.0244720698162941,0.34307233864723113,1.715782715933896,0.6927535428049786,3
UD_English-EWT,16,0.25,26,28,1.1938950983987262,0.4062583404907003,1.6453542761463937,0.5717690751696165,3
UD_English-EWT,16,0.25,26,29,1.3334512724821035,0.45272334154783483,1.8915320686005286,0.595130214647463,3
UD_English-EWT,16,0.25,26,30,0.8857189326636995,0.29466309056418843,1.3093171067169456,0.6363201023559536,3
UD_English-EWT,16,0.25,26,31,0.6019491531898035,0.19678936514983084,1.275444215804827,0.7650747511176247,3
UD_English-EWT,16,0.25,27,0,0.6165482696376483,0.20191932171973348,1.1810362529423502,0.7604316304181661,3
UD_English-EWT,16,0.25,27,1,0.5165313795286965,0.16561215908990967,1.138457580824096,0.782115597291451,3
UD_English-EWT,16,0.25,27,2,1.5646133947242153,0.5390963166517855,1.597925860129419,0.2935788882098997,3
UD_English-EWT,16,0.25,27,3,0.5363822396834447,0.1726030652705607,1.2373004980412448,0.7963454175082277,3
UD_English-EWT,16,0.25,27,4,1.0044256645527911,0.3394482279864763,1.527002141463192,0.6665556695454758,3
UD_English-EWT,16,0.25,27,5,0.4886684459964923,0.15655650270641366,1.2399137876927853,0.8082581188237948,3
UD_English-EWT,16,0.25,27,6,1.130062448793856,0.3905345468844655,1.2782473384465458,0.5102185945082558,3
UD_English-EWT,16,0.25,27,7,1.1981329330003978,0.4158173896005896,1.1421496514197038,0.32064802985204105,3
UD_English-EWT,16,0.25,27,8,0.9851021077517821,0.33734328956266896,1.3006354631594839,0.6389823202552691,3
UD_English-EWT,16,0.25,27,9,0.8457580876718183,0.2838087423852151,1.1299999815383026,0.6023335719179151,3
UD_English-EWT,16,0.25,27,10,0.6906117686869505,0.2277825640833416,1.5828484809925214,0.7783064680659163,3
UD_English-EWT,16,0.25,27,11,0.7527525178267059,0.24867068110152615,1.3695929419446078,0.7209936690759355,3
UD_English-EWT,16,0.25,27,12,1.5447935277429867,0.5325428905247122,1.5208963391613655,0.25736195647339244,3
UD_English-EWT,16,0.25,27,13,0.5015072233301463,0.15982520048470933,1.3199578240065952,0.8114488862169896,3
UD_English-EWT,16,0.25,27,14,0.5907484582135071,0.19265648404065053,1.3080784061954158,0.7849270545271901,3
UD_English-EWT,16,0.25,27,15,1.4941013801591858,0.5057948900620793,1.8557257093964161,0.4885453185938529,3
UD_English-EWT,16,0.25,27,16,1.8351400682129277,0.624481996633316,2.0958643043736074,0.35426168854200774,3
UD_English-EWT,16,0.25,27,17,0.9517188405241471,0.33020996029585437,0.9228368777992078,0.42766614980954937,3
UD_English-EWT,16,0.25,27,18,0.8006045485902679,0.26200489326039217,1.549908093768825,0.7364563867178336,3
UD_English-EWT,16,0.25,27,19,0.6145216360152148,0.19986375969391865,1.3123823544672115,0.7743874999180518,3
UD_English-EWT,16,0.25,27,20,0.8365555654783718,0.281959757127397,1.6024338728756744,0.7282619563445367,3
UD_English-EWT,16,0.25,27,21,0.6135337543156413,0.20009202285176095,1.3071416110302472,0.7776055667949722,3
UD_English-EWT,16,0.25,27,22,0.9239111283627798,0.31363870738199723,1.3185577125904338,0.6624285288304362,3
UD_English-EWT,16,0.25,27,23,0.7084575472789764,0.23280729702885902,1.4275656981844937,0.7533143478460976,3
UD_English-EWT,16,0.25,27,24,0.45587368920625265,0.1457198961372428,1.184581341584958,0.8113447735272686,3
UD_English-EWT,16,0.25,27,25,0.5300975306339576,0.17415433114679538,1.2371547558838554,0.8016762900656472,3
UD_English-EWT,16,0.25,27,26,0.749807033206053,0.24789670525027105,1.394045888196901,0.7416385022858888,3
UD_English-EWT,16,0.25,27,27,0.6324859290080102,0.2087325485328209,1.4529535198322954,0.7808742611338206,3
UD_English-EWT,16,0.25,27,28,0.6771519782975016,0.22289631921859063,1.3915471318152433,0.7616545530019128,3
UD_English-EWT,16,0.25,27,29,1.2452223894401762,0.421508673558144,1.7371252698922202,0.5930399596758987,3
UD_English-EWT,16,0.25,27,30,1.0274986605175205,0.3452091930613926,1.6023187389519264,0.6671610194205804,3
UD_English-EWT,16,0.25,27,31,0.4932924803356575,0.15987044278674764,0.9537685416258858,0.7888879260974503,3
UD_English-EWT,16,0.25,28,0,0.7684612386200055,0.26413931226347637,1.3665391834747922,0.7000523620507323,3
UD_English-EWT,16,0.25,28,1,0.5506627999045945,0.17733675458185197,1.3898412653657257,0.8041385571677612,3
UD_English-EWT,16,0.25,28,2,0.9450040317542566,0.31846235567646164,1.437967767128093,0.6670843279616863,3
UD_English-EWT,16,0.25,28,3,1.221532283842781,0.41357408504668475,1.7997212420830093,0.6187410056726746,3
UD_English-EWT,16,0.25,28,4,0.6315646611954779,0.20750596436022195,1.327243581292082,0.7691438513212517,3
UD_English-EWT,16,0.25,28,5,0.6775177323542713,0.22621505152101617,1.0458870742788948,0.7272954200324899,3
UD_English-EWT,16,0.25,28,6,1.047121363876893,0.3555747590083731,1.735156105271454,0.6789683972117245,3
UD_English-EWT,16,0.25,28,7,1.4685246471607403,0.49526480289484853,1.7956910037277825,0.47211698039633326,3
UD_English-EWT,16,0.25,28,8,0.5357565103295533,0.17347819305861367,1.232832561849272,0.7941024501982716,3
UD_English-EWT,16,0.25,28,9,1.1776871988668576,0.3928345739977173,1.769515999462218,0.6350664957163547,3
UD_English-EWT,16,0.25,28,10,0.839961714079037,0.2864353477357732,0.9498270427051572,0.552990432177248,3
UD_English-EWT,16,0.25,28,11,1.0575431968358588,0.3544115050846816,1.5609785192298327,0.649965853401492,3
UD_English-EWT,16,0.25,28,12,0.6260869202928411,0.20317075428517303,1.3712910971585626,0.7673286615390813,3
UD_English-EWT,16,0.25,28,13,1.3497302955142028,0.4493462398498979,1.8005509113516311,0.518998385391763,3
UD_English-EWT,16,0.25,28,14,1.2028278347532282,0.40714292949191105,1.8295415432238187,0.6408552230625856,3
UD_English-EWT,16,0.25,28,15,0.549541401205235,0.1792915998839303,1.2133041404642313,0.7889637814627753,3
UD_English-EWT,16,0.25,28,16,0.642548430076578,0.21091806243949032,1.290064657402169,0.7599066510687976,3
UD_English-EWT,16,0.25,28,17,0.8259153193191969,0.2765759002478396,1.322277743552552,0.6911571166988714,3
UD_English-EWT,16,0.25,28,18,0.9514045217744531,0.3185377047822992,1.389708300187288,0.6589918231119983,3
UD_English-EWT,16,0.25,28,19,0.6163992595321114,0.2001807034797695,1.3546938116412832,0.781052503035911,3
UD_English-EWT,16,0.25,28,20,0.9803788606993488,0.33297295487385736,1.6393618848181595,0.687013172318918,3
UD_English-EWT,16,0.25,28,21,0.8476222197784752,0.2802900160969878,1.4983085903232214,0.7056212444570873,3
UD_English-EWT,16,0.25,28,22,0.6975050826942063,0.23112617667683,1.1657108386574764,0.7374748534952139,3
UD_English-EWT,16,0.25,28,23,1.6963475528961973,0.5812669190796997,1.8598769591588573,0.3616378245763277,3
UD_English-EWT,16,0.25,28,24,0.5263862913399798,0.17115781303725877,1.1383838239914732,0.7946189037491932,3
UD_English-EWT,16,0.25,28,25,1.7112956487850195,0.5803648900505297,1.8540731795770007,0.2898433367587721,3
UD_English-EWT,16,0.25,28,26,1.0589374551356163,0.36199522630493064,1.269473248926451,0.5243796793665934,3
UD_English-EWT,16,0.25,28,27,0.5358104141758168,0.17116858578076713,1.3969282644286833,0.8119007753028461,3
UD_English-EWT,16,0.25,28,28,1.382286411776243,0.4680459682502273,1.8305831177258536,0.5113847828410797,3
UD_English-EWT,16,0.25,28,29,0.7121323385667768,0.23117057024204393,1.4328683251362353,0.7504520343993205,3
UD_English-EWT,16,0.25,28,30,0.9541576996255658,0.3220232167842718,1.4545885279964663,0.669140630257477,3
UD_English-EWT,16,0.25,28,31,0.46523136840302004,0.15510000647698785,1.1307916963788494,0.800591415408422,3
UD_English-EWT,16,0.25,29,0,0.9829858094318099,0.33172033934129613,1.341831820964379,0.6542481667886341,3
UD_English-EWT,16,0.25,29,1,0.4664723851967379,0.14664717356738835,1.3362483538225807,0.818485193741669,3
UD_English-EWT,16,0.25,29,2,1.1673984921830816,0.39456102119348196,1.8856186440082194,0.6625491487632468,3
UD_English-EWT,16,0.25,29,3,0.5920590280414387,0.19289202796878846,1.2508348997831615,0.7805896733220808,3
UD_English-EWT,16,0.25,29,4,1.0969929514157641,0.36998126700941225,1.5975168356994243,0.6203511787514001,3
UD_English-EWT,16,0.25,29,5,1.1688456613237959,0.3915979139818954,1.556587554867259,0.5382724209045668,3
UD_English-EWT,16,0.25,29,6,0.39862681786870696,0.12520731061053222,1.130345657053921,0.837107112892447,3
UD_English-EWT,16,0.25,29,7,0.7052323075048693,0.23650335694047434,1.122840104207315,0.6872120048368998,3
UD_English-EWT,16,0.25,29,8,0.8771662080867424,0.2892693190246766,1.4912368683161414,0.6941584961960441,3
UD_English-EWT,16,0.25,29,9,1.710951573644614,0.58467348195436,1.9545756128967786,0.39343187610579755,3
UD_English-EWT,16,0.25,29,10,1.7571811384516336,0.6010151281274299,1.8168483639241133,0.2521376288979431,3
UD_English-EWT,16,0.25,29,11,0.473188685327904,0.1516460046377406,1.2098761194288894,0.8198009334056756,3
UD_English-EWT,16,0.25,29,12,1.471562599698811,0.49582137553553984,2.0408639724625917,0.5562399557990129,3
UD_English-EWT,16,0.25,29,13,0.9679700902074521,0.32598736939208756,1.603488419238878,0.7014218105685189,3
UD_English-EWT,16,0.25,29,14,0.8856404959775493,0.3011376055971955,0.9572164536553872,0.5522076120101364,3
UD_English-EWT,16,0.25,29,15,1.8304707759716472,0.6315448622614525,1.7986291623886383,0.1985874928649386,3
UD_English-EWT,16,0.25,29,16,0.4504996997937017,0.14052083984209066,1.3219905981865248,0.8329869174077862,3
UD_English-EWT,16,0.25,29,17,0.7841032237113065,0.25981697771793233,1.5345276280599756,0.7336608119146094,3
UD_English-EWT,16,0.25,29,18,1.3012119539095621,0.44284184234986973,1.8357382385511434,0.6025632083965619,3
UD_English-EWT,16,0.25,29,19,1.3143637336668421,0.44782926194464795,1.8144837228109711,0.5929476200095726,3
UD_English-EWT,16,0.25,29,20,1.061880467429024,0.35393589230691963,1.587457963582705,0.6463971512225916,3
UD_English-EWT,16,0.25,29,21,1.3455508456502674,0.45877405097250074,1.883202290030125,0.591849412188911,3
UD_English-EWT,16,0.25,29,22,0.5633711728313174,0.18289104421522961,1.4409372317104283,0.8070439987278158,3
UD_English-EWT,16,0.25,29,23,1.2820479965247962,0.4283503126726233,1.9126957219589384,0.5887487371654024,3
UD_English-EWT,16,0.25,29,24,1.2182799893378777,0.4094525119171008,1.728896183801479,0.6108494086398019,3
UD_English-EWT,16,0.25,29,25,0.4466687426486737,0.1451790948764833,1.1590690313616194,0.8133850097927674,3
UD_English-EWT,16,0.25,29,26,1.3474257894009625,0.45908698014141436,1.8319595347011024,0.5773907311274272,3
UD_English-EWT,16,0.25,29,27,0.5278901651294695,0.16996496592653418,1.2852358841634133,0.8003227418739831,3
UD_English-EWT,16,0.25,29,28,1.2034655575299524,0.40417409616646327,1.88105688297032,0.6504898297995708,3
UD_English-EWT,16,0.25,29,29,0.7872993422634832,0.2699710998704525,0.8330675075424391,0.4588688023469813,3
UD_English-EWT,16,0.25,29,30,1.923103619305814,0.6570692426221402,2.1297868452762647,0.36520443212763426,3
UD_English-EWT,16,0.25,29,31,0.6310907819720565,0.20894820721419646,1.2842014957768997,0.7690260450072411,3
UD_English-EWT,16,0.25,30,0,0.5093389544364587,0.16360610596223213,1.1988233222858555,0.7965114743657451,3
UD_English-EWT,16,0.25,30,1,0.9375082810014107,0.31678702911949,1.247748022956709,0.6348834592706519,3
UD_English-EWT,16,0.25,30,2,1.801186710758939,0.6168975322108669,1.8641707355153148,0.27015127242629317,3
UD_English-EWT,16,0.25,30,3,0.6819542011565008,0.22241358933308739,1.4260048947699084,0.7634708416293662,3
UD_English-EWT,16,0.25,30,4,1.2329954509445227,0.4129919722228428,1.8864960518745342,0.6378178047067155,3
UD_English-EWT,16,0.25,30,5,0.8889964124041937,0.2989524884051041,1.4192892865486482,0.6812636737248612,3
UD_English-EWT,16,0.25,30,6,0.6660929212994696,0.22278397495032223,1.4095376604838883,0.7601173714563277,3
UD_English-EWT,16,0.25,30,7,1.4716290486857755,0.5050959763929709,1.6598237387578125,0.44712223968246384,3
UD_English-EWT,16,0.25,30,8,0.477699982272953,0.15270854200054984,1.2259444851557195,0.8082751837611633,3
UD_English-EWT,16,0.25,30,9,1.7889691698746606,0.6133806063014954,1.8377223124758142,0.2936633143282219,3
UD_English-EWT,16,0.25,30,10,1.2739808267094397,0.4338190492127219,1.7213869362472403,0.5725501686918171,3
UD_English-EWT,16,0.25,30,11,0.8677393819980717,0.2949010240989576,1.3803823951679284,0.6564745116632819,3
UD_English-EWT,16,0.25,30,12,1.9690366840373406,0.672827377671101,2.0042959639500615,0.21413514990094906,3
UD_English-EWT,16,0.25,30,13,0.5693289266461558,0.1873541142034916,1.040886104656536,0.7504876056492654,3
UD_English-EWT,16,0.25,30,14,1.2904862350019168,0.43976079893785314,1.7093788039597442,0.5755711149980733,3
UD_English-EWT,16,0.25,30,15,0.832910263038941,0.27709889565619944,1.1726525264820984,0.6768222836903101,3
UD_English-EWT,16,0.25,30,16,0.7898813057249795,0.26757746127065957,1.182490387615936,0.6917682141337022,3
UD_English-EWT,16,0.25,30,17,0.8980194362854155,0.30569348258317497,1.0040144294988913,0.5577056971336214,3
UD_English-EWT,16,0.25,30,18,0.8030114435405896,0.27109739339260724,1.3505092807154837,0.6827281582947883,3
UD_English-EWT,16,0.25,30,19,0.5274517884094587,0.17499364565342038,1.0441992237064683,0.7700879360890127,3
UD_English-EWT,16,0.25,30,20,0.35880394341472455,0.11185273222386911,0.9954723669847945,0.8472517962229924,3
UD_English-EWT,16,0.25,30,21,0.9603737877827742,0.3247728681086625,1.3521169563161655,0.6474803232864387,3
UD_English-EWT,16,0.25,30,22,0.39296372142410024,0.12377025226944505,1.0763557958984935,0.8308098137460119,3
UD_English-EWT,16,0.25,30,23,0.943270182939338,0.32359266587667074,1.5417999133114824,0.6889741381117989,3
UD_English-EWT,16,0.25,30,24,0.8768189251965729,0.29369188858728806,1.207248987490905,0.6434384387983977,3
UD_English-EWT,16,0.25,30,25,0.7023268117194483,0.2303640947063099,1.3788173805264066,0.7646860353417951,3
UD_English-EWT,16,0.25,30,26,2.2762602567401307,0.7783928886191659,2.2666780722814397,0.12101392525219391,3
UD_English-EWT,16,0.25,30,27,1.3666134279879498,0.47428137935589465,1.8039845911232935,0.5414169498419013,3
UD_English-EWT,16,0.25,30,28,0.6319816879035806,0.20400617283451727,1.3361375941224871,0.7620627806879892,3
UD_English-EWT,16,0.25,30,29,0.662555961796712,0.21588549302222515,1.3611545637453515,0.7578140171227776,3
UD_English-EWT,16,0.25,30,30,0.532828820700535,0.17173327807589808,1.295857312008467,0.7977319882812829,3
UD_English-EWT,16,0.25,30,31,1.532243121028598,0.5222011606373531,1.7901928837127805,0.42634737338253276,3
UD_English-EWT,16,0.25,31,0,2.1525482841528176,0.7410841860243531,2.1541788220839853,0.020280209603225446,3
UD_English-EWT,16,0.25,31,1,1.3778807887831237,0.4864503610845255,1.3126453433477596,0.03913544186042963,3
UD_English-EWT,16,0.25,31,2,2.386363447961043,0.8167505323452593,2.372788853712638,0.014012621926574861,3
UD_English-EWT,16,0.25,31,3,1.8321684016990314,0.6368357384601143,1.8082785887307808,0.009558428601088903,3
UD_English-EWT,16,0.25,31,4,1.9416749284675647,0.6730880871659419,1.9378692825852415,0.011545663808784785,3
UD_English-EWT,16,0.25,31,5,1.2883178188935438,0.4414733951887581,1.2750036341896474,0.0197358855498475,3
UD_English-EWT,16,0.25,31,6,1.1669861289837105,0.4050534420421106,1.1518721881649967,0.004468949367638927,3
UD_English-EWT,16,0.25,31,7,2.0257687782546427,0.7000593432447516,2.0102544489616903,0.015089887419876893,3
UD_English-EWT,16,0.25,31,8,2.0897601052765853,0.7182135549806506,2.0725141762872865,0.009353349720146328,3
UD_English-EWT,16,0.25,31,9,1.6885137471263525,0.6001786475692399,1.629653930854059,0.033388009073195994,3
UD_English-EWT,16,0.25,31,10,2.2061523862440944,0.760172541458533,2.1895466903411194,0.08321513882320787,3
UD_English-EWT,16,0.25,31,11,2.066477771285236,0.7119601052966926,2.052397356332977,0.009079866642436693,3
UD_English-EWT,16,0.25,31,12,1.6618182735147806,0.5831176352522629,1.6276613045585613,0.03520609303502678,3
UD_English-EWT,16,0.25,31,13,2.007572613045818,0.6891687915461961,1.9882616866210336,0.01585322504650881,3
UD_English-EWT,16,0.25,31,14,2.4253480993007703,0.8329627071193442,2.410474055994621,0.009641716054998863,3
UD_English-EWT,16,0.25,31,15,2.0153126388326803,0.6954022595194086,2.090985907855798,0.09418245813196935,3
UD_English-EWT,16,0.25,31,16,2.0453922791179195,0.705580894297535,1.9980877847673681,0.026107313164953756,3
UD_English-EWT,16,0.25,31,17,1.4389931356809178,0.49900032326117677,1.4142062518006029,0.008383888856365552,3
UD_English-EWT,16,0.25,31,18,1.8743750894058815,0.6530407973733104,1.8532875268185727,0.008929418345618754,3
UD_English-EWT,16,0.25,31,19,1.5941544745137783,0.5596940752342751,1.5641673214340035,0.01109429858088449,3
UD_English-EWT,16,0.25,31,20,1.6010254313575547,0.5670967031989539,1.546709450107672,0.02491315970304829,3
UD_English-EWT,16,0.25,31,21,2.1420976726409515,0.7382346516939894,2.119949026050246,0.00990303765243078,3
UD_English-EWT,16,0.25,31,22,1.1435779498275946,0.40508949240578,1.0673069143650853,0.09705033969883264,3
UD_English-EWT,16,0.25,31,23,1.0487137245241627,0.37043038204665174,1.0008705227155719,0.038989163252702304,3
UD_English-EWT,16,0.25,31,24,2.3412303579038176,0.7956807266221889,2.4340355627523746,0.09115455292787857,3
UD_English-EWT,16,0.25,31,25,2.30658030238525,0.7929374615514213,2.2827165777131726,0.01858955241015812,3
UD_English-EWT,16,0.25,31,26,1.953460762002429,0.6758494331537048,1.9160067249354118,0.020235994918251118,3
UD_English-EWT,16,0.25,31,27,1.5225187018106545,0.5250784077415266,1.5220703574369079,0.016043771372933273,3
UD_English-EWT,16,0.25,31,28,1.5634811766214927,0.5460658872768093,1.5381055988629224,0.00919565259606375,3
UD_English-EWT,16,0.25,31,29,2.0355121699621552,0.7060289045419198,1.9976611707108483,0.01714967583161516,3
UD_English-EWT,16,0.25,31,30,2.0839353350070873,0.7227644247829046,2.0561224243897125,0.013396710738304745,3
UD_English-EWT,16,0.25,31,31,1.8118068148638165,0.6272210819826535,1.7854086718164073,0.014076294535409997,3
UD_English-EWT,24,0.375,0,0,1.9111251160502434,0.6481125019151439,1.8242076914927132,0.20004108622466607,3
UD_English-EWT,24,0.375,0,1,2.7015913144052575,0.9169781309822218,2.7555847921440946,0.15380406296236918,3
UD_English-EWT,24,0.375,0,2,2.8397941243018825,0.9687107208376591,2.7894000330149367,0.11551038859978673,3
UD_English-EWT,24,0.375,0,3,2.731268808218516,0.9284294974228505,2.7900974852031264,0.22102189631979974,3
UD_English-EWT,24,0.375,0,4,2.3888138560866614,0.8031740785866487,2.4604056867311126,0.05395407058919469,3
UD_English-EWT,24,0.375,0,5,2.7833838482914945,0.9484863585515969,2.7434449578026388,0.06763950783762748,3
UD_English-EWT,24,0.375,0,6,2.378489885608138,0.8060367740080006,2.301230941802426,0.0920712312060885,3
UD_English-EWT,24,0.375,0,7,2.397085393061403,0.8106108276624715,2.5396607459297162,0.31167810485241954,3
UD_English-EWT,24,0.375,0,8,2.332616362415376,0.7984564167011414,2.246719277214483,0.06364572137566232,3
UD_English-EWT,24,0.375,0,9,2.023147693273691,0.6839180706927251,1.9040685638731079,0.17109993302207338,3
UD_English-EWT,24,0.375,0,10,2.5583902756481653,0.8682418635796979,2.624103020910574,0.21629636470594857,3
UD_English-EWT,24,0.375,0,11,2.666131749097767,0.9049659778375877,2.6330474878920884,0.011862388435617184,3
UD_English-EWT,24,0.375,0,12,2.6139952479055886,0.8898560800513283,2.5569452440098117,0.10586803812509867,3
UD_English-EWT,24,0.375,0,13,2.8051284241654617,0.9569942346470386,2.780437402820761,0.14735283939089824,3
UD_English-EWT,24,0.375,0,14,2.436824653155165,0.8341953800295654,2.343070129770616,0.12137308496666328,3
UD_English-EWT,24,0.375,0,15,2.6755613807337753,0.9177854689472578,2.609212717126193,0.04842740005844498,3
UD_English-EWT,24,0.375,0,16,2.2595043427197226,0.7699415855693252,2.1688094648832834,0.15132070331408462,3
UD_English-EWT,24,0.375,0,17,2.545230385547127,0.8679369625878031,2.456702728849074,0.06955866454311652,3
UD_English-EWT,24,0.375,0,18,2.126702384707706,0.7278933739510173,2.0130151607679756,0.0727597412306354,3
UD_English-EWT,24,0.375,0,19,2.2487068918613353,0.7627909300214389,2.2031214540936257,0.22565170932384734,3
UD_English-EWT,24,0.375,0,20,2.4829083035661004,0.8484541638898503,2.4296588963389616,0.125793003646796,3
UD_English-EWT,24,0.375,0,21,2.853905611459458,0.975076604356314,2.8149908662710903,0.11637851600840565,3
UD_English-EWT,24,0.375,0,22,2.0604699626972116,0.7023005089527489,1.9612356859423858,0.10826490217996236,3
UD_English-EWT,24,0.375,0,23,2.5343221924344044,0.8598995347709169,2.5077663384011535,0.1667635504322598,3
UD_English-EWT,24,0.375,0,24,2.7693859012509088,0.9439844283087006,2.7141461792539374,0.10994263986364781,3
UD_English-EWT,24,0.375,0,25,2.717555414729214,0.9311849450750213,2.6485246807499663,0.09294073049601198,3
UD_English-EWT,24,0.375,0,26,1.8279697495242937,0.6221824027122913,1.779225365521695,0.01482528963475912,3
UD_English-EWT,24,0.375,0,27,2.683802428195602,0.9115171873558632,2.665591552609303,0.16181188932228122,3
UD_English-EWT,24,0.375,0,28,2.159548213464532,0.7325299680911561,2.1440854392850768,0.2275108455736292,3
UD_English-EWT,24,0.375,0,29,1.193275064033183,0.3916822245890759,1.79510679227624,0.6595059307410852,3
UD_English-EWT,24,0.375,0,30,2.5773278498693024,0.8773620965430863,2.5121736878797223,0.06968361447872307,3
UD_English-EWT,24,0.375,0,31,2.636792190467942,0.8932053735564532,2.7131142320420136,0.12901148006051968,3
UD_English-EWT,24,0.375,1,0,2.2008959092946214,0.7542052698374229,2.1805866615531224,0.07604085260371123,3
UD_English-EWT,24,0.375,1,1,2.162418036702986,0.7366950281765074,2.0902276055408957,0.1669385436504998,3
UD_English-EWT,24,0.375,1,2,2.5160022933843575,0.8621140416636927,2.4617711353388856,0.08354596076668912,3
UD_English-EWT,24,0.375,1,3,2.35461728065826,0.80894281616085,2.2702989161883114,0.152065703255177,3
UD_English-EWT,24,0.375,1,4,1.9307423954344405,0.6626775064293587,1.9007083068997048,0.2851400007621024,3
UD_English-EWT,24,0.375,1,5,2.357663139945171,0.8062066829921118,2.2802052876771257,0.17241147214136268,3
UD_English-EWT,24,0.375,1,6,2.102210652469937,0.7232646043997645,2.062378054270979,0.07685053039245471,3
UD_English-EWT,24,0.375,1,7,1.9882459169311384,0.6800903202406045,1.9709794451847318,0.2701015315223858,3
UD_English-EWT,24,0.375,1,8,2.106433018879161,0.7239583721197803,2.1355336057140963,0.3013228455080035,3
UD_English-EWT,24,0.375,1,9,2.1043636276639446,0.725750902894959,1.9982073734801107,0.10469188577985773,3
UD_English-EWT,24,0.375,1,10,2.1902428450697324,0.7477148707501441,2.190919543224606,0.17165463113180193,3
UD_English-EWT,24,0.375,1,11,1.8530692759975926,0.6288774708092538,2.0773767433477013,0.4395221905792997,3
UD_English-EWT,24,0.375,1,12,2.40877947536974,0.8259442672812005,2.328815057683729,0.16030233544730096,3
UD_English-EWT,24,0.375,1,13,2.2050315866379138,0.7589202348163219,2.107437174692614,0.1567959200102286,3
UD_English-EWT,24,0.375,1,14,2.3247969184199753,0.8003556706920566,2.2734967991302573,0.1911371113098004,3
UD_English-EWT,24,0.375,1,15,1.8500778764106318,0.6355648253567666,1.8040342643069873,0.07848033184212766,3
UD_English-EWT,24,0.375,1,16,2.140332418359911,0.7323071229219003,2.1248367360923677,0.11818460606289638,3
UD_English-EWT,24,0.375,1,17,2.0620157576703853,0.7092504761230968,2.1051474130544503,0.13133767017168427,3
UD_English-EWT,24,0.375,1,18,1.7988646491032048,0.607715600663847,1.7170321082319717,0.29942400609982794,3
UD_English-EWT,24,0.375,1,19,2.082991357166693,0.7140313673811965,2.053623002680707,0.07295110517347703,3
UD_English-EWT,24,0.375,1,20,2.2735809647971816,0.7774622791831828,2.1781096634317616,0.1481063840155895,3
UD_English-EWT,24,0.375,1,21,2.0017064693087003,0.6877610191485704,1.9664984072383855,0.28721204060782934,3
UD_English-EWT,24,0.375,1,22,1.3531849941812144,0.47734913118658606,1.3481997676560136,0.026333865957436,3
UD_English-EWT,24,0.375,1,23,2.181539478903477,0.7432878159108709,2.212876798025246,0.16011833362722386,3
UD_English-EWT,24,0.375,1,24,1.7283454983612228,0.5996047470087562,1.6568145614612735,0.06982257888221499,3
UD_English-EWT,24,0.375,1,25,1.600167761002082,0.548487180949126,1.6203108715446486,0.06636848465542909,3
UD_English-EWT,24,0.375,1,26,1.8998692022646713,0.6505824647477416,1.916742016708916,0.3080563846337719,3
UD_English-EWT,24,0.375,1,27,1.3568428719521437,0.4769469082274072,1.3189388036130774,0.08080927905870876,3
UD_English-EWT,24,0.375,1,28,1.80461431505033,0.6250399717813415,1.7608298362929966,0.07842101792267138,3
UD_English-EWT,24,0.375,1,29,2.135536007271004,0.7327282514239921,2.0484792942177834,0.18236275409977673,3
UD_English-EWT,24,0.375,1,30,2.3161306425739077,0.7907542388187297,2.311858450183017,0.2417711865441884,3
UD_English-EWT,24,0.375,1,31,2.341489334412611,0.8066423495447701,2.264188068866295,0.16322487834603516,3
UD_English-EWT,24,0.375,2,0,1.0164077302037258,0.35223846064917813,1.0844675971022069,0.5879143536742267,3
UD_English-EWT,24,0.375,2,1,0.6200716543725551,0.2078635440342033,0.9513033851099036,0.7018230269868301,3
UD_English-EWT,24,0.375,2,2,1.2181220704143383,0.42598611968001165,1.049879194473091,0.4185667530937165,3
UD_English-EWT,24,0.375,2,3,0.6453052867061454,0.21650725542202945,0.9200677116331941,0.664265020609662,3
UD_English-EWT,24,0.375,2,4,0.998248572205151,0.34325643064274375,1.2305850170566301,0.6146739541615728,3
UD_English-EWT,24,0.375,2,5,1.1239976887548773,0.3919185245433357,1.149735640822647,0.5545995667956783,3
UD_English-EWT,24,0.375,2,6,1.23725381374142,0.4287942964346139,1.4668042496362454,0.5660385581747865,3
UD_English-EWT,24,0.375,2,7,1.1511546420730745,0.39414742792564667,1.3889863206606312,0.5807266465518861,3
UD_English-EWT,24,0.375,2,8,1.0096545336540714,0.3488329086310225,1.1619138127304818,0.6015501264177384,3
UD_English-EWT,24,0.375,2,9,0.8907690455896172,0.3027480054673873,1.1725288271795422,0.6389759309549149,3
UD_English-EWT,24,0.375,2,10,0.8113538220741927,0.2771608317694974,1.029830368327313,0.6595379629177475,3
UD_English-EWT,24,0.375,2,11,1.1076380216223078,0.38035574925890386,1.2977421600473382,0.5790417526046218,3
UD_English-EWT,24,0.375,2,12,0.9731845612110118,0.3354953671135483,1.1380497073595206,0.6094385770527826,3
UD_English-EWT,24,0.375,2,13,0.9354975523328738,0.32284320500053343,1.0500087422642768,0.6222715110862408,3
UD_English-EWT,24,0.375,2,14,0.9924082660908473,0.33954827011798683,1.242698333872472,0.6172576592946747,3
UD_English-EWT,24,0.375,2,15,0.8147356895041161,0.27069050194746486,1.110111142578238,0.6546803114355587,3
UD_English-EWT,24,0.375,2,16,1.0093023669524273,0.3503946802885915,1.1588008649959374,0.6036669237773276,3
UD_English-EWT,24,0.375,2,17,0.9538229276139445,0.3268826108337643,1.013411149287593,0.5854703201920826,3
UD_English-EWT,24,0.375,2,18,0.8331888150050558,0.2847893367027813,0.9599264003947132,0.6398279894082273,3
UD_English-EWT,24,0.375,2,19,0.9919286350734898,0.3420188834378411,1.1392378458016992,0.6049052147374562,3
UD_English-EWT,24,0.375,2,20,0.8249527248664198,0.2811014352566503,1.0391908844013467,0.6478752843723489,3
UD_English-EWT,24,0.375,2,21,0.6304471831639825,0.21055906769380192,0.8297675592461787,0.7106812839652453,3
UD_English-EWT,24,0.375,2,22,0.7181148546898842,0.2397606196831946,1.0467727564967395,0.6960213558378548,3
UD_English-EWT,24,0.375,2,23,0.7718815370335604,0.256566557965372,1.113952024889014,0.6844479663667348,3
UD_English-EWT,24,0.375,2,24,1.0262831553735368,0.35633367897844276,1.0925749252619856,0.5855161264837331,3
UD_English-EWT,24,0.375,2,25,0.6183314812598658,0.2014785753885362,1.0615366754581803,0.7051951507808732,3
UD_English-EWT,24,0.375,2,26,0.6677155261876262,0.22501044188081568,0.9826406482980333,0.6866834797711537,3
UD_English-EWT,24,0.375,2,27,1.0061010506363732,0.3364579659566039,1.35943651212912,0.6323200362600482,3
UD_English-EWT,24,0.375,2,28,0.8874749351150352,0.302847642047782,1.1696821291182864,0.6403437266991437,3
UD_English-EWT,24,0.375,2,29,1.1399816277628605,0.3899505588417713,1.46725323231711,0.5792449647747319,3
UD_English-EWT,24,0.375,2,30,1.244352648248438,0.43356431593171885,1.192278280772798,0.4996124634651538,3
UD_English-EWT,24,0.375,2,31,0.9906923087866796,0.33913785063123875,1.2317855652347072,0.6141509765755718,3
UD_English-EWT,24,0.375,3,0,0.7903638079979598,0.26729569552917515,1.3073683959213112,0.7119913310463963,3
UD_English-EWT,24,0.375,3,1,0.5611242370133734,0.1862253496314794,1.081048735571798,0.7610486535480981,3
UD_English-EWT,24,0.375,3,2,0.8823962829776365,0.30151577998556617,1.1609969470778883,0.6697869437639831,3
UD_English-EWT,24,0.375,3,3,0.7549636500712844,0.2513128723168851,1.2526863318323438,0.7137761061200244,3
UD_English-EWT,24,0.375,3,4,0.6458756283590593,0.21552697607809726,1.105343339791715,0.7389142970895506,3
UD_English-EWT,24,0.375,3,5,0.8106032443692559,0.27300851794472053,1.1875899009990127,0.6896601182786929,3
UD_English-EWT,24,0.375,3,6,1.1118982352845654,0.38361388277974934,1.174169014766134,0.5490409515065248,3
UD_English-EWT,24,0.375,3,7,0.7235418888171948,0.24454616809531857,1.2263136483959596,0.71833330947899,3
UD_English-EWT,24,0.375,3,8,0.5673973650038785,0.18687211900257347,1.0455058856658597,0.7658984680373377,3
UD_English-EWT,24,0.375,3,9,0.7618770606218682,0.24669416890376142,1.2950371015945852,0.7265864590586643,3
UD_English-EWT,24,0.375,3,10,0.8867927724682133,0.3031060218994246,1.0656573914385017,0.6579828729449292,3
UD_English-EWT,24,0.375,3,11,0.8908556924491632,0.30111648668899776,1.2379996123535386,0.6732700089152176,3
UD_English-EWT,24,0.375,3,12,0.7269189940504255,0.24396650661427685,1.1453914144950053,0.716641746651388,3
UD_English-EWT,24,0.375,3,13,0.7908121314313677,0.26893164809854303,1.1481001474818244,0.6944092254549644,3
UD_English-EWT,24,0.375,3,14,0.8087909400653102,0.27486091141058017,1.1143693857722812,0.6859634251949566,3
UD_English-EWT,24,0.375,3,15,0.9183961095352858,0.3152403775466867,1.1779213470079426,0.6495667879888704,3
UD_English-EWT,24,0.375,3,16,0.9317652669027855,0.3178788730111279,1.2808072337361633,0.6621578444874352,3
UD_English-EWT,24,0.375,3,17,0.5358151982051536,0.17436058265928903,1.0280949936837012,0.7793272072228795,3
UD_English-EWT,24,0.375,3,18,0.8376858513293369,0.28214058900194305,1.2382821445582344,0.6721116184835442,3
UD_English-EWT,24,0.375,3,19,0.9392874837871674,0.32266243515308873,1.1218779372875807,0.656225030268042,3
UD_English-EWT,24,0.375,3,20,0.8949451551302752,0.3042733173423832,1.2109150835779412,0.6732315867324997,3
UD_English-EWT,24,0.375,3,21,0.782251658494871,0.2564611403078167,1.267735276948016,0.7109029895213784,3
UD_English-EWT,24,0.375,3,22,1.0073156941458177,0.3445655156558003,1.297802815373261,0.6317574063855442,3
UD_English-EWT,24,0.375,3,23,0.6921196826928734,0.23230866139893758,1.1365319015169837,0.7296493317124405,3
UD_English-EWT,24,0.375,3,24,0.8034332642816889,0.27318310289421477,1.1484034368683513,0.6948712827376546,3
UD_English-EWT,24,0.375,3,25,0.5715942904929917,0.18448204829617112,1.0283630152176964,0.7603462521522858,3
UD_English-EWT,24,0.375,3,26,0.7656990222375032,0.2571115108183119,0.9988831909736432,0.6900673765818061,3
UD_English-EWT,24,0.375,3,27,0.5990070157628405,0.19520857019556892,1.0273171407263895,0.7480229399759044,3
UD_English-EWT,24,0.375,3,28,0.6278756971798417,0.20607627655476168,1.0703641964573896,0.7569311606428011,3
UD_English-EWT,24,0.375,3,29,0.7486494369601292,0.24600642194160563,1.2530982748406831,0.7199978677925735,3
UD_English-EWT,24,0.375,3,30,0.8206986168599628,0.27206085285745246,1.1993480775579946,0.6750770955870712,3
UD_English-EWT,24,0.375,3,31,0.5365375659525232,0.18049727366195623,0.6570495456280713,0.7782997583430973,3
UD_English-EWT,24,0.375,4,0,1.2543268507729897,0.4359261648821049,1.1999811975519512,0.49096080938350745,3
UD_English-EWT,24,0.375,4,1,0.8454827179925309,0.2754503584641604,1.289744081705103,0.6891995064900654,3
UD_English-EWT,24,0.375,4,2,0.847178480772807,0.27699496337502705,1.3770892359519917,0.6803414659449095,3
UD_English-EWT,24,0.375,4,3,1.0281052007755511,0.35496416761249794,1.134742151002632,0.5958613196493064,3
UD_English-EWT,24,0.375,4,4,1.3026385561907443,0.44971808537379426,1.611578840158459,0.5727539538170037,3
UD_English-EWT,24,0.375,4,5,0.9061364144534686,0.2989307815728129,1.4007846066806267,0.682991665759156,3
UD_English-EWT,24,0.375,4,6,0.9591358180593814,0.32551620472460063,1.2198210609008056,0.6379243333862995,3
UD_English-EWT,24,0.375,4,7,1.028127447639224,0.3520424051417245,1.3803804016829837,0.6312397241673834,3
UD_English-EWT,24,0.375,4,8,0.8255987229785849,0.27999980028257293,1.1926822791008351,0.6719806888471536,3
UD_English-EWT,24,0.375,4,9,1.006023200551126,0.33923548103763107,1.4095792450648623,0.6477146301764608,3
UD_English-EWT,24,0.375,4,10,0.8949869398115871,0.3036148776563193,1.2420541831107306,0.6728909137524758,3
UD_English-EWT,24,0.375,4,11,0.984535520655427,0.33670116715024623,1.2219137212563516,0.6248009029931927,3
UD_English-EWT,24,0.375,4,12,0.7958407294486932,0.2644594779852201,1.362881536040801,0.7067124295864383,3
UD_English-EWT,24,0.375,4,13,0.8829846815808331,0.2976031077547314,1.2800086230338164,0.6834129431778616,3
UD_English-EWT,24,0.375,4,14,0.8797268351041229,0.2912084129562632,1.3434691618184793,0.6783132923322515,3
UD_English-EWT,24,0.375,4,15,0.860685679159095,0.2903484217652912,1.1804598668125375,0.6715199145842988,3
UD_English-EWT,24,0.375,4,16,0.9365636007775483,0.313927080190464,1.3243132006030915,0.6702498315760564,3
UD_English-EWT,24,0.375,4,17,0.7822431552347698,0.25600644913527487,1.1752093695918393,0.6959882984938734,3
UD_English-EWT,24,0.375,4,18,1.1548319936667202,0.39635552130707413,1.3910348312505174,0.5850569453015787,3
UD_English-EWT,24,0.375,4,19,0.953600328286706,0.32116326961143854,1.3247116016858478,0.6571410256548224,3
UD_English-EWT,24,0.375,4,20,0.7803991180123635,0.25906969525449264,1.2369723899904062,0.7074362608198693,3
UD_English-EWT,24,0.375,4,21,0.8116486502933453,0.2622165715980101,1.3321583553035836,0.7150603991225769,3
UD_English-EWT,24,0.375,4,22,1.162848105711798,0.3957490837625575,1.4658560364461337,0.5960062442310087,3
UD_English-EWT,24,0.375,4,23,0.9188795153031258,0.30226714824935347,1.389026962519235,0.6796906899749038,3
UD_English-EWT,24,0.375,4,24,0.778990578510288,0.26204427719143353,1.1350056711848968,0.7021682009046629,3
UD_English-EWT,24,0.375,4,25,1.141752838219884,0.39190616453904487,1.4200768980226446,0.5974289344688147,3
UD_English-EWT,24,0.375,4,26,1.27664323980311,0.4334086752572998,1.5988352745499983,0.5682436539800007,3
UD_English-EWT,24,0.375,4,27,0.935766586216204,0.31986731293531495,1.2211587163865676,0.6398545621278507,3
UD_English-EWT,24,0.375,4,28,0.9200729519902358,0.31121615349961435,1.2378259782419831,0.6522301610267445,3
UD_English-EWT,24,0.375,4,29,1.1100498830936916,0.3680094651392711,1.5490710915003536,0.629397771397575,3
UD_English-EWT,24,0.375,4,30,0.9317509832847964,0.3088821119718756,1.3243123347886272,0.6605400270587326,3
UD_English-EWT,24,0.375,4,31,0.7337488043028692,0.24502645379342883,1.0755153479146176,0.7110286724019138,3
UD_English-EWT,24,0.375,5,0,1.4891506362102505,0.5166620425404963,1.6589351756759463,0.4698051726530375,3
UD_English-EWT,24,0.375,5,1,0.9618330577113589,0.3185677567873496,1.539715338762992,0.6577071169279313,3
UD_English-EWT,24,0.375,5,2,1.4633621381551623,0.5042478585232368,1.764322370046475,0.5262574082705275,3
UD_English-EWT,24,0.375,5,3,0.8184276116648875,0.2786846406968185,1.29519102695264,0.6923437458895595,3
UD_English-EWT,24,0.375,5,4,1.1158800446080597,0.3726563293195053,1.5303104923722524,0.6080001004325236,3
UD_English-EWT,24,0.375,5,5,0.6968873417198331,0.23279558038186343,1.1949338662168367,0.7262957357888014,3
UD_English-EWT,24,0.375,5,6,0.6168987391913524,0.20235803778637843,1.0634948420516455,0.7322292216732853,3
UD_English-EWT,24,0.375,5,7,1.5347382117924575,0.5261403865745811,1.6031771788614477,0.38073227648879443,3
UD_English-EWT,24,0.375,5,8,1.3766015857620968,0.4722282619288493,1.5939960916999911,0.5121309171839599,3
UD_English-EWT,24,0.375,5,9,1.359998202714764,0.472268865537068,1.4502229173489607,0.48024525397027995,3
UD_English-EWT,24,0.375,5,10,1.507053789694561,0.516968701306208,1.635062085257636,0.4480556834265183,3
UD_English-EWT,24,0.375,5,11,1.0602606198121072,0.36029521929598896,1.4742046880157484,0.6232889518684593,3
UD_English-EWT,24,0.375,5,12,0.9260206369544042,0.30778574159467265,1.4078693867191159,0.6587823483964025,3
UD_English-EWT,24,0.375,5,13,1.090684392046733,0.3649728446723876,1.546899977277537,0.6293692169592245,3
UD_English-EWT,24,0.375,5,14,1.237800181441294,0.42203573856794546,1.5551617979623362,0.5658573641938807,3
UD_English-EWT,24,0.375,5,15,0.43830461348856514,0.15863671120364756,0.3931607714224817,0.05860021915426732,3
UD_English-EWT,24,0.375,5,16,1.2784600421813452,0.4463423511695341,1.385193807586946,0.5228331178046749,3
UD_English-EWT,24,0.375,5,17,1.0729057957267283,0.3702649934682147,1.4425645057240903,0.6289985751790862,3
UD_English-EWT,24,0.375,5,18,1.1446078193589422,0.3975501872178418,1.2338296999316831,0.5454535778197976,3
UD_English-EWT,24,0.375,5,19,0.9182024364765117,0.30426195137311307,1.3569499416266633,0.6609421934939256,3
UD_English-EWT,24,0.375,5,20,0.8919112852660902,0.29406298070684594,1.3689602396988694,0.6589674775188412,3
UD_English-EWT,24,0.375,5,21,1.3971899539123684,0.47896976737756763,1.6655472309917265,0.5398635648611682,3
UD_English-EWT,24,0.375,5,22,1.2036432410592048,0.40396485118049524,1.569594269648927,0.585214307487608,3
UD_English-EWT,24,0.375,5,23,1.0064048318901457,0.33651742760519515,1.5115977660472926,0.6695325190713713,3
UD_English-EWT,24,0.375,5,24,1.170491552051625,0.4055746484459641,1.416966520344842,0.5775148492096117,3
UD_English-EWT,24,0.375,5,25,0.6559953360473957,0.2200788882983431,1.1797582893301555,0.734199460032642,3
UD_English-EWT,24,0.375,5,26,0.7259132941821776,0.242729943917423,1.1908607847432187,0.7115162053503408,3
UD_English-EWT,24,0.375,5,27,0.7090120506634042,0.23797208875865558,1.2835023788860804,0.7276710340234099,3
UD_English-EWT,24,0.375,5,28,1.0667148162975555,0.3654668628762328,1.4724834857199796,0.6324492087943958,3
UD_English-EWT,24,0.375,5,29,0.8966576851673681,0.3007582306000107,1.3613356132406356,0.6569351659365039,3
UD_English-EWT,24,0.375,5,30,1.2856240969402324,0.43170644514574813,1.6390391668823898,0.566494408811702,3
UD_English-EWT,24,0.375,5,31,0.8376019799637393,0.27454299227468576,1.326182847845967,0.6754691410938681,3
UD_English-EWT,24,0.375,6,0,1.1425864664610401,0.39048842089640856,1.6164894722849945,0.6200763359530158,3
UD_English-EWT,24,0.375,6,1,1.0690883864633374,0.36256563520985224,1.4382511677800631,0.6004412965357087,3
UD_English-EWT,24,0.375,6,2,0.8191838600962865,0.2741647977890864,1.4090252456090706,0.6881026537827672,3
UD_English-EWT,24,0.375,6,3,1.2029036665793325,0.41076051573420047,1.4464023884365467,0.5463082401153169,3
UD_English-EWT,24,0.375,6,4,1.3794711682884417,0.46467226859053196,1.757576795223632,0.5492113921078827,3
UD_English-EWT,24,0.375,6,5,1.1591407051394762,0.40199663741802477,1.372124396468121,0.5802835081932974,3
UD_English-EWT,24,0.375,6,6,0.6944331104692432,0.22999823132092181,1.317513887049505,0.736350827882633,3
UD_English-EWT,24,0.375,6,7,1.3566392835209278,0.47044042035095895,1.7705428267817245,0.5648331613787102,3
UD_English-EWT,24,0.375,6,8,0.9057150843514229,0.299606750598805,1.4634226308711458,0.6623742845187639,3
UD_English-EWT,24,0.375,6,9,0.9903629540257115,0.3465227951483974,0.8696332663867642,0.3304815845248477,3
UD_English-EWT,24,0.375,6,10,1.1538331612184616,0.39649210610377766,1.4050627223780898,0.568575080280584,3
UD_English-EWT,24,0.375,6,11,1.180122204979912,0.4067835201100465,1.3999242666152005,0.5557460747727062,3
UD_English-EWT,24,0.375,6,12,0.7840458365981696,0.2643026940979213,1.1679069115110217,0.7180334142322748,3
UD_English-EWT,24,0.375,6,13,0.9792235036718172,0.3251748733079987,1.4589091748379186,0.6397886751440162,3
UD_English-EWT,24,0.375,6,14,1.4260926292513671,0.49912446704718577,1.5893900191143346,0.48503418979260443,3
UD_English-EWT,24,0.375,6,15,0.983433284381157,0.32940560941989844,1.44264010965607,0.6443456283928266,3
UD_English-EWT,24,0.375,6,16,0.5492618246061663,0.18611594568004997,0.6815381111248051,0.7725774760346161,3
UD_English-EWT,24,0.375,6,17,0.8455683613816897,0.2866065736676826,1.3234866250353867,0.6902535512554842,3
UD_English-EWT,24,0.375,6,18,1.0889078143081594,0.3632892691216454,1.5279430233905658,0.6163293135255737,3
UD_English-EWT,24,0.375,6,19,1.4970764887734624,0.5220385992896145,1.5943669157547162,0.4440215144421777,3
UD_English-EWT,24,0.375,6,20,1.3735131052185279,0.4692840984528834,1.652803068726115,0.52953035400702,3
UD_English-EWT,24,0.375,6,21,1.2931289314300853,0.42995835707704444,1.9382173578867279,0.6169510592311241,3
UD_English-EWT,24,0.375,6,22,1.3385818655414334,0.4495590999858193,1.7272578449360008,0.5690291090266192,3
UD_English-EWT,24,0.375,6,23,1.289610766987223,0.4472427938493115,1.5356744703427907,0.5443961921339695,3
UD_English-EWT,24,0.375,6,24,1.271000765820453,0.43835813964026654,1.564667545625421,0.5602860718368398,3
UD_English-EWT,24,0.375,6,25,1.3843223530873792,0.4644054115863554,1.773498108206768,0.5582372466058136,3
UD_English-EWT,24,0.375,6,26,0.9007860481372623,0.3069616808455933,1.2512282898788678,0.663572853692351,3
UD_English-EWT,24,0.375,6,27,1.6090741879518784,0.5591054436749013,1.8619773234825967,0.48418868247602803,3
UD_English-EWT,24,0.375,6,28,1.1820560124158208,0.3965672001595488,1.6839352348354562,0.6126457103383888,3
UD_English-EWT,24,0.375,6,29,1.3305755615071522,0.4494104272328005,1.7118148007896645,0.550323417617215,3
UD_English-EWT,24,0.375,6,30,1.0054971638435874,0.3454365793188088,1.1107396941855958,0.5860452628092253,3
UD_English-EWT,24,0.375,6,31,1.0894214693585813,0.36391834218482505,1.49990303067996,0.6259388891277743,3
UD_English-EWT,24,0.375,7,0,1.421718230867972,0.47606604900516447,1.916279047456161,0.551330024719184,3
UD_English-EWT,24,0.375,7,1,1.5607689448610245,0.5402065144889124,1.7902407891546226,0.48559329010722635,3
UD_English-EWT,24,0.375,7,2,1.2992327948167024,0.43873048086526834,1.879094615252943,0.6075260661922409,3
UD_English-EWT,24,0.375,7,3,1.1797165111494412,0.39781957807762375,1.6978554145614524,0.6155721432850009,3
UD_English-EWT,24,0.375,7,4,0.7908924841788515,0.2694725894347132,0.9661082925040865,0.6738007812063551,3
UD_English-EWT,24,0.375,7,5,1.2818596177549526,0.4279371058883889,1.7357779027442897,0.5778023748029234,3
UD_English-EWT,24,0.375,7,6,1.1384952504235322,0.3935138121695141,0.8499794188880095,0.37238358539310307,3
UD_English-EWT,24,0.375,7,7,1.6514539122581482,0.5695645821251939,1.9184426374339882,0.46279503407129824,3
UD_English-EWT,24,0.375,7,8,1.5025651143738266,0.5125672656547393,1.8059293780550496,0.5002789114125222,3
UD_English-EWT,24,0.375,7,9,1.4144043537274085,0.4938909067129394,1.2644337785102848,0.35228928920214075,3
UD_English-EWT,24,0.375,7,10,0.5018053584187572,0.1676220660045309,0.7625788857919488,0.7866830383656455,3
UD_English-EWT,24,0.375,7,11,1.2441045684784053,0.4224148534360479,1.5790533583835173,0.5724439834921412,3
UD_English-EWT,24,0.375,7,12,0.6323626163960155,0.2164004418357718,0.7705894881258897,0.7359054514863451,3
UD_English-EWT,24,0.375,7,13,1.248649732866248,0.4323070508670503,1.4681743318265905,0.5401813193870698,3
UD_English-EWT,24,0.375,7,14,1.049235965194815,0.34739990024157347,1.598389586735727,0.6397249345245257,3
UD_English-EWT,24,0.375,7,15,1.0353185124084598,0.3555082649481101,1.4926197975602526,0.6422824019562786,3
UD_English-EWT,24,0.375,7,16,1.3274542134397669,0.45237673382072935,1.5694271809470675,0.5245396376524684,3
UD_English-EWT,24,0.375,7,17,1.3737758483690208,0.4601389155646816,1.8815712545521706,0.5720333741716566,3
UD_English-EWT,24,0.375,7,18,1.4357093564881003,0.4961762826190837,1.5202565215704436,0.44175885940727205,3
UD_English-EWT,24,0.375,7,19,1.2295157892157906,0.41781540427404457,1.5218834284224796,0.568056533978285,3
UD_English-EWT,24,0.375,7,20,0.9490192436998225,0.3225184951608624,1.3149369562448483,0.6335692753123022,3
UD_English-EWT,24,0.375,7,21,1.5137591430330428,0.5067618429823652,1.8336498296814538,0.49497496837475263,3
UD_English-EWT,24,0.375,7,22,1.3025909929327626,0.43518945415299015,1.70253185379592,0.5777777168010862,3
UD_English-EWT,24,0.375,7,23,0.9152118837518554,0.3082091596744317,1.3948545728306303,0.6831723659389223,3
UD_English-EWT,24,0.375,7,24,1.3259285207166045,0.4621209725330436,1.367302828066336,0.47626730660570343,3
UD_English-EWT,24,0.375,7,25,1.836759940373333,0.622894147624735,2.1131550200107103,0.4281077967356137,3
UD_English-EWT,24,0.375,7,26,0.9697565497908545,0.32492765901315085,1.4950426458796733,0.6584341409183591,3
UD_English-EWT,24,0.375,7,27,1.0284900200334404,0.3495086407007307,1.4788357170878863,0.6378310480865842,3
UD_English-EWT,24,0.375,7,28,1.062973881096245,0.3645911693220147,1.1358956275796195,0.4925433319801624,3
UD_English-EWT,24,0.375,7,29,1.2798858684757368,0.4366076290878876,1.632631274330377,0.5659684894881288,3
UD_English-EWT,24,0.375,7,30,1.0522805391819317,0.36335836658983717,1.3991396372191243,0.6233867492614983,3
UD_English-EWT,24,0.375,7,31,0.9911446833545393,0.3351328345609385,1.239663278253135,0.6258775149972495,3
UD_English-EWT,24,0.375,8,0,1.2422508879383187,0.4304177828051679,1.6264456434680898,0.5766883525040631,3
UD_English-EWT,24,0.375,8,1,1.611631975039324,0.5530827975066851,1.694316886758978,0.3766053051251803,3
UD_English-EWT,24,0.375,8,2,1.6726172741482168,0.5768278531648748,1.84510164855825,0.42589169438039454,3
UD_English-EWT,24,0.375,8,3,1.3687379106689237,0.45568404318883554,1.745585329057089,0.5480980413859008,3
UD_English-EWT,24,0.375,8,4,0.8916399977992683,0.3007269265004629,1.320152095283207,0.6722002770609218,3
UD_English-EWT,24,0.375,8,5,1.5623435352289394,0.5327496914182855,1.7102553016338193,0.36569312048604363,3
UD_English-EWT,24,0.375,8,6,1.2518698561984116,0.4154294119004452,1.6561590437192084,0.5739515945179648,3
UD_English-EWT,24,0.375,8,7,1.0888831687510991,0.36831967915342156,1.6256713789560322,0.6310892719062952,3
UD_English-EWT,24,0.375,8,8,1.3401617441998155,0.46328625532175893,1.8127435998132755,0.5845758249959442,3
UD_English-EWT,24,0.375,8,9,1.4340757296330724,0.48209305448230283,1.8351671779307728,0.5388367729895971,3
UD_English-EWT,24,0.375,8,10,1.8173258899013855,0.6260845846545718,2.0346684998176134,0.4228443131732919,3
UD_English-EWT,24,0.375,8,11,1.6953923918021834,0.5839441412133598,1.8949347913590937,0.4320742472232691,3
UD_English-EWT,24,0.375,8,12,1.2132387471288606,0.40890641119297194,1.6352608526067873,0.5955046314359362,3
UD_English-EWT,24,0.375,8,13,1.6117352219824366,0.5427203560570333,2.023041581032706,0.5057076627290206,3
UD_English-EWT,24,0.375,8,14,1.1254395935514803,0.3797397099313189,1.7054137938498146,0.641774330267815,3
UD_English-EWT,24,0.375,8,15,1.524592041806445,0.5288842195451585,1.615096858941792,0.4352341395054684,3
UD_English-EWT,24,0.375,8,16,1.6128613402174687,0.5598375256460004,1.7816284856672497,0.44199289625106825,3
UD_English-EWT,24,0.375,8,17,1.2952693445244992,0.4351342337813317,1.7226725021726663,0.565809082592717,3
UD_English-EWT,24,0.375,8,18,0.9963759857896571,0.3270461338017482,1.5296110427227612,0.6535530624426019,3
UD_English-EWT,24,0.375,8,19,0.9844454623935218,0.3355901577460744,1.4206140234062146,0.6477860962948295,3
UD_English-EWT,24,0.375,8,20,1.3504068986097104,0.4625018586104359,1.6937605261205542,0.5504424956937631,3
UD_English-EWT,24,0.375,8,21,1.7486259388739078,0.6046775701050332,1.7480223745324792,0.3569551496910702,3
UD_English-EWT,24,0.375,8,22,1.5987923432460465,0.5448471740946744,1.9189274589817815,0.49434788417892167,3
UD_English-EWT,24,0.375,8,23,1.271784232925956,0.4230107684265178,1.7645843881021215,0.5828064123002341,3
UD_English-EWT,24,0.375,8,24,1.2527508356681396,0.4197351846653961,1.6608209651241754,0.5679129277964976,3
UD_English-EWT,24,0.375,8,25,0.8975979375410384,0.3066147918658559,0.9794993727096443,0.6552143549590705,3
UD_English-EWT,24,0.375,8,26,0.8852312152150116,0.3048843964154006,0.9742679375686931,0.647975064542667,3
UD_English-EWT,24,0.375,8,27,1.4540386708599187,0.4938613485768844,1.6864052494692672,0.48254171811817775,3
UD_English-EWT,24,0.375,8,28,0.8663326819887036,0.2873592279081272,1.3416953195083228,0.671663971315859,3
UD_English-EWT,24,0.375,8,29,1.8026796395607116,0.6221097515580433,1.751326456231715,0.2650892532859778,3
UD_English-EWT,24,0.375,8,30,1.372058852991337,0.46488182360004426,1.7222112329551216,0.5320142347209549,3
UD_English-EWT,24,0.375,8,31,1.0611951807564726,0.3627681894556964,1.1864063624692962,0.5299872076766522,3
UD_English-EWT,24,0.375,9,0,1.0215827695930373,0.34879543880621594,1.486011030352615,0.6303773843471253,3
UD_English-EWT,24,0.375,9,1,1.2254297705214532,0.4188393548958831,1.5566798979195957,0.5749890545216849,3
UD_English-EWT,24,0.375,9,2,1.6226884629068479,0.5609160845451233,1.7002799820107406,0.37070198628189677,3
UD_English-EWT,24,0.375,9,3,1.248823402174672,0.41663368879554485,1.8126509296818074,0.6086607575755845,3
UD_English-EWT,24,0.375,9,4,1.6688863326725845,0.5777462983066267,1.7603850801677217,0.41577817798882233,3
UD_English-EWT,24,0.375,9,5,1.551849973332035,0.5354721814000433,1.7431131547591725,0.4621083454478308,3
UD_English-EWT,24,0.375,9,6,1.703598798461299,0.58248866364387,1.910502473187577,0.44075646407508673,3
UD_English-EWT,24,0.375,9,7,1.586521998441393,0.5435619977097584,1.9074109348117327,0.49057723640825585,3
UD_English-EWT,24,0.375,9,8,1.0529382666114901,0.35525069791545416,1.2641007616600268,0.6113881422495148,3
UD_English-EWT,24,0.375,9,9,1.2808390916859518,0.43163645923653365,1.722491102954729,0.5864027633937331,3
UD_English-EWT,24,0.375,9,10,1.5749166275091293,0.5322015683534801,1.8474242178305902,0.47336557548567787,3
UD_English-EWT,24,0.375,9,11,1.851517221315311,0.6397256549373133,1.9402636203826669,0.3696580421729166,3
UD_English-EWT,24,0.375,9,12,1.8878554414367414,0.6360458679402243,2.204621876198086,0.435982794265088,3
UD_English-EWT,24,0.375,9,13,1.6439032848578332,0.566078051598997,1.8733554968308448,0.46706213701672455,3
UD_English-EWT,24,0.375,9,14,0.8597130657246638,0.2819430601455692,1.5068217905438448,0.7008491187595604,3
UD_English-EWT,24,0.375,9,15,1.563878092840178,0.5283461197369302,1.846470745996265,0.4875289854578308,3
UD_English-EWT,24,0.375,9,16,1.2769004860265225,0.4438364502510738,1.1230111660364548,0.33458525590422156,3
UD_English-EWT,24,0.375,9,17,1.320944632473105,0.43958553622302027,1.754329040863692,0.5679353214121798,3
UD_English-EWT,24,0.375,9,18,1.5972499780370455,0.5367446067337563,1.919890644473239,0.4847609302154547,3
UD_English-EWT,24,0.375,9,19,1.4961363606982758,0.5169723697943115,1.6845839881560407,0.4790046841842555,3
UD_English-EWT,24,0.375,9,20,1.4484724248666145,0.48654198117947756,1.817124348303442,0.5345603292757044,3
UD_English-EWT,24,0.375,9,21,1.4223129508273848,0.48440389103088227,1.6900841370360666,0.5071225841351545,3
UD_English-EWT,24,0.375,9,22,1.113528914505341,0.3766771427004552,1.5997369075244894,0.6244008920964648,3
UD_English-EWT,24,0.375,9,23,1.1318215091317512,0.381897389413772,1.652241510201673,0.6424388129311616,3
UD_English-EWT,24,0.375,9,24,1.6707661191378136,0.5610754975679251,2.0549372664240537,0.4883165778643121,3
UD_English-EWT,24,0.375,9,25,1.6340699729480812,0.5584417379483283,1.8495338547479478,0.43460081156024294,3
UD_English-EWT,24,0.375,9,26,1.0966454151346057,0.37601386553494226,1.5472765921976397,0.6157406805751536,3
UD_English-EWT,24,0.375,9,27,1.3237021197386778,0.46186150035028684,1.1954241914501607,0.11025740099538166,3
UD_English-EWT,24,0.375,9,28,1.5127005576408843,0.5129351149464131,1.8399105600212007,0.5125806873192661,3
UD_English-EWT,24,0.375,9,29,1.2635612331995765,0.4180614750235187,1.7169861320019422,0.5781279701895619,3
UD_English-EWT,24,0.375,9,30,1.6754445060816183,0.56528007790772,1.9262742240300812,0.4502803565008067,3
UD_English-EWT,24,0.375,9,31,1.3071118003819375,0.442135577956944,1.650292039080396,0.5472927706244864,3
UD_English-EWT,24,0.375,10,0,1.246774862087815,0.4142636627515266,1.7837808587077753,0.5934179271953027,3
UD_English-EWT,24,0.375,10,1,1.3233099943247433,0.4632656075508217,1.0866605925538284,0.14921782489777805,3
UD_English-EWT,24,0.375,10,2,1.9228066932851064,0.6500808949733258,2.2568022835124384,0.43585196776970375,3
UD_English-EWT,24,0.375,10,3,1.6185820085591958,0.5589320000484993,1.681344835104621,0.3899532426318293,3
UD_English-EWT,24,0.375,10,4,0.9875139769417774,0.32602098526158296,1.5406052413072526,0.6509938468250747,3
UD_English-EWT,24,0.375,10,5,1.4974065910488747,0.5160669065699769,1.6156131563290872,0.45116632861273537,3
UD_English-EWT,24,0.375,10,6,1.4850668452802251,0.4941702439960343,1.9653848784488843,0.545104057261744,3
UD_English-EWT,24,0.375,10,7,0.9647927029441723,0.3172615123047529,1.5716666023370782,0.6657523096001322,3
UD_English-EWT,24,0.375,10,8,1.5259952769769127,0.5094543628951023,1.9690440124501294,0.5291855149717496,3
UD_English-EWT,24,0.375,10,9,1.7524385325515641,0.597757038692579,1.9410069396207026,0.41512444255049114,3
UD_English-EWT,24,0.375,10,10,1.2631190420554201,0.42187526746091514,1.7719214501330978,0.5909083256589586,3
UD_English-EWT,24,0.375,10,11,1.3839739570716472,0.46130112095825876,1.8047891117238823,0.54754726089985,3
UD_English-EWT,24,0.375,10,12,1.7247235953183555,0.5800812973052208,2.1337529243884408,0.49235024415838696,3
UD_English-EWT,24,0.375,10,13,1.2318770551887799,0.41978608133552936,1.6229946666782238,0.5834011138299776,3
UD_English-EWT,24,0.375,10,14,1.197882453627708,0.41759416410777517,1.1387094224248429,0.20386527389464373,3
UD_English-EWT,24,0.375,10,15,1.3996835477541596,0.46736202936599164,1.775165720579837,0.5208126838117132,3
UD_English-EWT,24,0.375,10,16,1.3493654214402149,0.44839698653023535,1.8513092381272376,0.5733924671424,3
UD_English-EWT,24,0.375,10,17,1.5786660731327338,0.5493674772114702,1.511305907140664,0.1265741314828898,3
UD_English-EWT,24,0.375,10,18,1.2892256430698004,0.4347430023149281,1.8438013151749455,0.6038681489902333,3
UD_English-EWT,24,0.375,10,19,1.219957487260709,0.40460636312708614,1.6549866904652184,0.5855330812298644,3
UD_English-EWT,24,0.375,10,20,1.394229379996576,0.47681633444784555,1.7155694394000893,0.5308539099339904,3
UD_English-EWT,24,0.375,10,21,1.3381141461906971,0.4446517015944739,1.8138081267448942,0.570353623540675,3
UD_English-EWT,24,0.375,10,22,1.843245507019465,0.6379909176101233,1.895815632518089,0.33970590004314055,3
UD_English-EWT,24,0.375,10,23,1.1594592034952453,0.3877566789695908,1.5414912677582062,0.6009905130308942,3
UD_English-EWT,24,0.375,10,24,1.476962189612493,0.4988590640869188,1.824558796506979,0.5271759832885204,3
UD_English-EWT,24,0.375,10,25,1.5636246414186743,0.5448331082534921,1.447253464431059,0.22193977435904885,3
UD_English-EWT,24,0.375,10,26,1.3963071700246605,0.4655383680904715,1.7549104555654178,0.5338035212907744,3
UD_English-EWT,24,0.375,10,27,1.9201089993580662,0.648301944530184,2.1176946917735378,0.39348925992452927,3
UD_English-EWT,24,0.375,10,28,1.9367739961284105,0.6622001167067847,2.1484458815638923,0.3978511241276516,3
UD_English-EWT,24,0.375,10,29,1.497221690736616,0.51170384830953,1.6725880578838845,0.453068310598451,3
UD_English-EWT,24,0.375,10,30,1.6844477084056493,0.5604725623119942,1.9063349222333488,0.4232954486308853,3
UD_English-EWT,24,0.375,10,31,1.5352172975603129,0.518680257312207,1.8860233302867695,0.5097072815118809,3
UD_English-EWT,24,0.375,11,0,1.9975989358618396,0.6746251511036373,2.1439071056892747,0.3505128236294119,3
UD_English-EWT,24,0.375,11,1,1.620909087780612,0.5473134291438023,1.9311056863957632,0.47382322348355704,3
UD_English-EWT,24,0.375,11,2,1.0899507791781036,0.3768717521268922,1.1193710664636667,0.431476847775864,3
UD_English-EWT,24,0.375,11,3,1.4378582160980973,0.4781090336120628,1.9631038090461808,0.5524513545990641,3
UD_English-EWT,24,0.375,11,4,1.7389802138010662,0.5912085625399005,2.108201181085166,0.481027748680017,3
UD_English-EWT,24,0.375,11,5,0.6818808533984129,0.22324211566364616,1.288749421059488,0.7116213540236155,3
UD_English-EWT,24,0.375,11,6,1.9699945449286254,0.6818274368408165,1.9065141408604134,0.25881028273745094,3
UD_English-EWT,24,0.375,11,7,1.5872982541448648,0.533390174702977,1.9529369454186254,0.49782594671313446,3
UD_English-EWT,24,0.375,11,8,1.6707613629260134,0.5650036681599522,2.0246474575149556,0.4782449257151242,3
UD_English-EWT,24,0.375,11,9,1.3465587914478583,0.44429161231998754,1.8869176679893052,0.5742027213311803,3
UD_English-EWT,24,0.375,11,10,1.4725342081869883,0.49781467832068493,1.9468235893001973,0.5578088852252899,3
UD_English-EWT,24,0.375,11,11,1.5807165428181815,0.5286044855627531,2.0561149566008528,0.5275382869122024,3
UD_English-EWT,24,0.375,11,12,1.4637516568701558,0.4911248564570871,1.8689459832096793,0.5353340335013871,3
UD_English-EWT,24,0.375,11,13,1.4533369997567167,0.4848369157080876,1.9762571769985344,0.55483787343286,3
UD_English-EWT,24,0.375,11,14,0.8166874980652375,0.2745804854741622,1.329475191447253,0.6944917145105443,3
UD_English-EWT,24,0.375,11,15,0.8023322718947421,0.2725173945017905,0.9614771184238363,0.677581903380503,3
UD_English-EWT,24,0.375,11,16,1.6803457890051963,0.5761430604427455,1.8758179136095585,0.42641928876819724,3
UD_English-EWT,24,0.375,11,17,1.3396951305003115,0.4488650771207388,1.759748488284634,0.5704600526484743,3
UD_English-EWT,24,0.375,11,18,0.9710041588894982,0.32701783584861704,1.3191046824980737,0.6588906606961252,3
UD_English-EWT,24,0.375,11,19,1.610131235206279,0.5354620836783737,2.035756598920553,0.5078894394960506,3
UD_English-EWT,24,0.375,11,20,1.3269157884116598,0.4516676182711059,1.5770974297123963,0.5356206817107991,3
UD_English-EWT,24,0.375,11,21,1.7803763933683354,0.611434320690202,1.9009057945132473,0.40620781614263635,3
UD_English-EWT,24,0.375,11,22,1.663332478365503,0.562493972548153,1.8863900427609845,0.43161988738781765,3
UD_English-EWT,24,0.375,11,23,0.8480323333978544,0.28589617066723183,1.4268333674671438,0.68935525888248,3
UD_English-EWT,24,0.375,11,24,1.592878881658687,0.5380107320315851,1.936531545821652,0.496979821575144,3
UD_English-EWT,24,0.375,11,25,1.6677252718388276,0.5679885966801687,1.9610526344055252,0.46707552093300014,3
UD_English-EWT,24,0.375,11,26,1.4538801935228276,0.48174090544355597,1.9808692244884094,0.5562520009009185,3
UD_English-EWT,24,0.375,11,27,1.7224999639885892,0.5985680595447457,1.802299131976885,0.3722093006178655,3
UD_English-EWT,24,0.375,11,28,1.32342505499802,0.44580899357442866,1.7061462170547912,0.5460540001502834,3
UD_English-EWT,24,0.375,11,29,1.4379721428310068,0.4885529846034415,1.90850147670084,0.5484983446670252,3
UD_English-EWT,24,0.375,11,30,1.407474984481035,0.4725954731101873,1.7266815703749006,0.5064708880065705,3
UD_English-EWT,24,0.375,11,31,1.5337756837027754,0.512553766396962,1.9175831782741843,0.5113100106802468,3
UD_English-EWT,24,0.375,12,0,1.8611775254779825,0.6364475488527007,2.0435935686357687,0.39658761935780174,3
UD_English-EWT,24,0.375,12,1,2.0028172899953653,0.6762188366039203,2.2330457408028654,0.37262729116340587,3
UD_English-EWT,24,0.375,12,2,0.6341041426949596,0.2105724690753444,0.9355918584435581,0.7414621061396077,3
UD_English-EWT,24,0.375,12,3,1.883175829476346,0.649190022917176,2.0151340134156857,0.35098427867954546,3
UD_English-EWT,24,0.375,12,4,1.277599349319392,0.4290826612700096,1.6450111909967955,0.5657478477364789,3
UD_English-EWT,24,0.375,12,5,1.6755763145200975,0.5658682775302012,2.0698849640800216,0.49241013265806904,3
UD_English-EWT,24,0.375,12,6,1.3852759949279394,0.46740222031518625,1.8561252679112614,0.5639774533623121,3
UD_English-EWT,24,0.375,12,7,1.4288150874154815,0.4907576565126904,1.5983343606709566,0.5055642614381995,3
UD_English-EWT,24,0.375,12,8,1.913827988822929,0.6458181362931629,2.2564277919806632,0.43680727103884537,3
UD_English-EWT,24,0.375,12,9,1.9600807328476062,0.6631908487725345,2.1506173083311,0.3715925715110504,3
UD_English-EWT,24,0.375,12,10,1.8356867270825774,0.6204195846218229,2.294088334713694,0.4848324001948256,3
UD_English-EWT,24,0.375,12,11,1.5493597100286969,0.5144667731078921,1.9515563510154765,0.5193155326648108,3
UD_English-EWT,24,0.375,12,12,1.352103681892211,0.4487036520815395,1.8744262810016157,0.5744653394842735,3
UD_English-EWT,24,0.375,12,13,1.987260694305102,0.6665195550613499,2.3204433928856214,0.4213927552504346,3
UD_English-EWT,24,0.375,12,14,1.543951923621374,0.5139858231952715,1.98144577172176,0.5237966078403109,3
UD_English-EWT,24,0.375,12,15,1.1599499178483728,0.39155164391195946,1.70800369965737,0.6163818467958052,3
UD_English-EWT,24,0.375,12,16,1.0093076303058417,0.3412838077583165,1.338985000884598,0.6333948959866182,3
UD_English-EWT,24,0.375,12,17,1.3365491251707187,0.44019352679288454,1.9004134449748176,0.5899204685673362,3
UD_English-EWT,24,0.375,12,18,1.384877086567857,0.4708696662334688,1.7957390194762166,0.5481769734203056,3
UD_English-EWT,24,0.375,12,19,1.6405012346736285,0.5581840994498117,1.8887260003602353,0.4651048345786464,3
UD_English-EWT,24,0.375,12,20,1.901671762376318,0.6493797684003529,2.1264028578508096,0.40296875091035506,3
UD_English-EWT,24,0.375,12,21,1.6347675852762544,0.5530689669627092,1.8803269257039537,0.4481300484517993,3
UD_English-EWT,24,0.375,12,22,1.2666649353607322,0.4300770553029083,1.7682018831833684,0.5892637589427291,3
UD_English-EWT,24,0.375,12,23,0.6223679191224236,0.2063561127714487,1.284072721763794,0.7598906840403007,3
UD_English-EWT,24,0.375,12,24,1.9256376636050003,0.6653025641033125,2.012137133241351,0.35218209403487283,3
UD_English-EWT,24,0.375,12,25,1.7801075391539243,0.5974212380394149,2.0807553156260368,0.45100374510664426,3
UD_English-EWT,24,0.375,12,26,1.4067192675040285,0.4813852137962325,1.5147643233013284,0.46168825012005743,3
UD_English-EWT,24,0.375,12,27,1.8062299089353593,0.623507113648894,1.825295632599916,0.3053257807967116,3
UD_English-EWT,24,0.375,12,28,1.3556178208094476,0.45463008373867186,1.7381558361003524,0.5568265663782213,3
UD_English-EWT,24,0.375,12,29,1.242548553249332,0.42122367541483846,1.5302335545013512,0.5519640729754132,3
UD_English-EWT,24,0.375,12,30,1.600229494314376,0.5310442712639741,2.1042799717850156,0.5248397258135791,3
UD_English-EWT,24,0.375,12,31,1.9504196865311085,0.6677979658780203,1.9761616388956706,0.25503293656233444,3
UD_English-EWT,24,0.375,13,0,1.7284264765910546,0.596004119675559,1.8104648966552563,0.3894281976250677,3
UD_English-EWT,24,0.375,13,1,1.5854977364965694,0.5413229463245374,1.9065873562909648,0.48772973956061844,3
UD_English-EWT,24,0.375,13,2,1.8046785078142076,0.6097348815267855,2.0363555614902675,0.4155919444959319,3
UD_English-EWT,24,0.375,13,3,1.6179704918290314,0.555742842306422,1.9261304490770363,0.4861111893625642,3
UD_English-EWT,24,0.375,13,4,1.6935319554583188,0.5699590595340686,1.921293675872363,0.4190220492154035,3
UD_English-EWT,24,0.375,13,5,1.9094609113338865,0.6553007230461186,1.9551070183515549,0.33463657128952023,3
UD_English-EWT,24,0.375,13,6,1.1510450673885033,0.3982491056775786,1.200224796198105,0.5265446541685007,3
UD_English-EWT,24,0.375,13,7,1.4717858903557877,0.4932810151796849,1.8347491963150724,0.5197953027766368,3
UD_English-EWT,24,0.375,13,8,1.8706651203239335,0.6402547234340227,1.8886150304628417,0.2714685194418241,3
UD_English-EWT,24,0.375,13,9,1.6243729403137293,0.5378571676602671,2.130103401419026,0.5213690801457466,3
UD_English-EWT,24,0.375,13,10,1.6261988202133681,0.5479333228372267,2.003283953324693,0.49433979356766616,3
UD_English-EWT,24,0.375,13,11,0.8427943714193743,0.2870682969295805,1.1370706230347707,0.6448743708282437,3
UD_English-EWT,24,0.375,13,12,1.6720649568815267,0.5781161950015631,1.7564410194347466,0.38771743349093124,3
UD_English-EWT,24,0.375,13,13,1.8047528223750369,0.6116265914994945,2.2275772759171786,0.4743755521127218,3
UD_English-EWT,24,0.375,13,14,1.1889328292837342,0.4034568866297521,1.7753067694617968,0.6263029710652616,3
UD_English-EWT,24,0.375,13,15,0.6950799562885189,0.22732106075606873,1.361851692362561,0.7305281667245759,3
UD_English-EWT,24,0.375,13,16,2.049565458585439,0.6992625292858792,2.239841460584508,0.3613057377152756,3
UD_English-EWT,24,0.375,13,17,2.089643101358891,0.7093130750462874,2.0889294586112155,0.2016980161471377,3
UD_English-EWT,24,0.375,13,18,1.7911728236871773,0.6053447462957631,1.973637188827188,0.3823192819634042,3
UD_English-EWT,24,0.375,13,19,1.594558820209868,0.5417248253831012,1.7076592573756946,0.3778166762860204,3
UD_English-EWT,24,0.375,13,20,1.3426590352870509,0.45374012813107784,1.8570343178912374,0.5776357135798219,3
UD_English-EWT,24,0.375,13,21,1.4098375892242883,0.4715760243354274,1.8828833080108918,0.5536607402378527,3
UD_English-EWT,24,0.375,13,22,1.9375083617771043,0.6557440782451022,2.229955797421259,0.41603159887515995,3
UD_English-EWT,24,0.375,13,23,1.1672003117198282,0.4055652232715124,1.1324612221974057,0.26493534871558566,3
UD_English-EWT,24,0.375,13,24,1.5597200764441534,0.5371082974071929,1.574990517047585,0.4231491421293365,3
UD_English-EWT,24,0.375,13,25,1.3127687610210834,0.45394151258487625,1.646304293856269,0.5292670428277908,3
UD_English-EWT,24,0.375,13,26,1.4213849479682024,0.482559483328695,1.8142257077120691,0.5339496072877082,3
UD_English-EWT,24,0.375,13,27,1.5821087958328495,0.5312306404873756,2.0448066838126366,0.5274502360864198,3
UD_English-EWT,24,0.375,13,28,1.3951119255878452,0.47782200956903736,1.7280717698928436,0.5251096350247743,3
UD_English-EWT,24,0.375,13,29,1.3778670466011338,0.47718804700127065,1.325362406874615,0.3954663682925788,3
UD_English-EWT,24,0.375,13,30,1.6980278153644235,0.5699300807111901,2.0038745913023503,0.45769171769949585,3
UD_English-EWT,24,0.375,13,31,1.733917733250637,0.5867830672605007,2.153474275423095,0.4887142128536719,3
UD_English-EWT,24,0.375,14,0,1.6858941737854198,0.5843937434188221,1.5081390696687995,0.18982691333064292,3
UD_English-EWT,24,0.375,14,1,1.1820175621407498,0.4095551911436143,1.1043805231922095,0.2662749908973068,3
UD_English-EWT,24,0.375,14,2,1.7529762367461768,0.5981651845986943,1.9010889931346115,0.3748677487473236,3
UD_English-EWT,24,0.375,14,3,1.6722892242295495,0.5612148291385565,1.9613151531021886,0.4596300823155974,3
UD_English-EWT,24,0.375,14,4,1.71040799597682,0.5788202610050068,2.0430737904837875,0.46485053932799775,3
UD_English-EWT,24,0.375,14,5,2.077541701047798,0.7099826177938389,2.284696868100019,0.37249123107960863,3
UD_English-EWT,24,0.375,14,6,0.7887278924202495,0.2649121400925631,1.272058180501118,0.6933386636887743,3
UD_English-EWT,24,0.375,14,7,0.7688845186299206,0.26729536302835566,0.625893540571839,0.2310345387137164,3
UD_English-EWT,24,0.375,14,8,1.2603293853677904,0.4240163444780587,1.7250565095297408,0.5955876079752689,3
UD_English-EWT,24,0.375,14,9,1.7572468895132642,0.5984806243622022,1.9206319820468327,0.37664715473443433,3
UD_English-EWT,24,0.375,14,10,0.8949335183208649,0.30029534955656595,1.4047846197946257,0.6784704785034034,3
UD_English-EWT,24,0.375,14,11,1.693828796699833,0.5678137814819487,2.051484345412645,0.47828864422923667,3
UD_English-EWT,24,0.375,14,12,1.4865452923247071,0.49501009227093884,1.917045121147333,0.5338247142399649,3
UD_English-EWT,24,0.375,14,13,1.2240945109062726,0.40937635953281964,1.7065782109462064,0.6019416614308383,3
UD_English-EWT,24,0.375,14,14,1.7883343226488388,0.6172136477786769,1.7262774453734222,0.25641083195194847,3
UD_English-EWT,24,0.375,14,15,1.8084372969273008,0.6110227354047294,2.140687937836395,0.45952046629319643,3
UD_English-EWT,24,0.375,14,16,1.7595059499687402,0.5904615277896054,1.9838729597940254,0.4045877207565937,3
UD_English-EWT,24,0.375,14,17,1.5278847280665826,0.5100883694063661,1.9481458559170879,0.5203834373727848,3
UD_English-EWT,24,0.375,14,18,1.28408514724566,0.4358887597375663,1.5961240129121232,0.5586608645110943,3
UD_English-EWT,24,0.375,14,19,1.6532555236218187,0.5550188368936163,1.9758298140840236,0.4730329714199775,3
UD_English-EWT,24,0.375,14,20,1.9708862986503837,0.6771834853134086,2.022477649545843,0.2962377989895384,3
UD_English-EWT,24,0.375,14,21,1.6656188173779374,0.5583477226613541,1.9705635258463128,0.4577131218468611,3
UD_English-EWT,24,0.375,14,22,1.4347910171540927,0.49611784049559154,1.3785615124771937,0.3952428527542802,3
UD_English-EWT,24,0.375,14,23,1.5887534802402954,0.5349878481095606,1.9685359234041204,0.5123983256532413,3
UD_English-EWT,24,0.375,14,24,1.3611023929818298,0.46662976018718033,1.776238588931782,0.557317983800162,3
UD_English-EWT,24,0.375,14,25,1.651067621395236,0.5566717634259134,1.9161336878501218,0.47198823936460016,3
UD_English-EWT,24,0.375,14,26,1.3943904479914675,0.46835896380937814,1.7105466245464942,0.5278405480032519,3
UD_English-EWT,24,0.375,14,27,1.7912657453741314,0.6030183442696956,2.137112741316168,0.4556444735793848,3
UD_English-EWT,24,0.375,14,28,1.3724081387339613,0.45880348885428496,1.8439011828386935,0.5596974845059582,3
UD_English-EWT,24,0.375,14,29,1.9906398308461697,0.6780794752127268,2.080940266640243,0.31291229243242674,3
UD_English-EWT,24,0.375,14,30,1.690559546994164,0.5760308578881844,1.9580671940344931,0.45370694695681824,3
UD_English-EWT,24,0.375,14,31,1.4656633531949559,0.49913678971036096,1.6430683278212348,0.49390898718208565,3
UD_English-EWT,24,0.375,15,0,0.9282739198883699,0.3058578386896023,1.495208803231816,0.6719044902394161,3
UD_English-EWT,24,0.375,15,1,1.523963876720009,0.5135478297272232,1.7999223422374448,0.5042143993839648,3
UD_English-EWT,24,0.375,15,2,2.269061677985721,0.7720320848222205,2.3137677105886687,0.23003956511318138,3
UD_English-EWT,24,0.375,15,3,1.2632453224480913,0.43234877516337433,1.5778020435235105,0.5519266759600144,3
UD_English-EWT,24,0.375,15,4,1.3885919048106519,0.4648881919193463,1.8090606006116816,0.5577842248417099,3
UD_English-EWT,24,0.375,15,5,1.3826174739144321,0.4688063161837816,1.5176834446430643,0.4326458688187523,3
UD_English-EWT,24,0.375,15,6,1.6023848830622185,0.5389355625719755,2.0126054111617075,0.5148874504020088,3
UD_English-EWT,24,0.375,15,7,1.7508251196374005,0.6008992480938552,1.9719936255440251,0.4239358164926479,3
UD_English-EWT,24,0.375,15,8,1.6936202784406467,0.5690026689517586,2.1097437371864562,0.4930494613809772,3
UD_English-EWT,24,0.375,15,9,2.276599914161234,0.786365827956052,2.2172270176189195,0.08166856639161842,3
UD_English-EWT,24,0.375,15,10,1.98299743598819,0.6740504738031623,2.2959595958826102,0.41685828778261697,3
UD_English-EWT,24,0.375,15,11,0.6681535782221237,0.2364813325000428,0.6073245946283984,0.048595815593968805,3
UD_English-EWT,24,0.375,15,12,0.857476151441453,0.28625197003922936,1.0919442297602393,0.6828768526378659,3
UD_English-EWT,24,0.375,15,13,1.4302235538027979,0.4744689123864491,1.900931694468514,0.5449358041182785,3
UD_English-EWT,24,0.375,15,14,1.7073033487047653,0.5836129890846425,1.8490122581928805,0.378142562347086,3
UD_English-EWT,24,0.375,15,15,0.6792353124600345,0.22029619459198524,1.320346848323317,0.7305436925267044,3
UD_English-EWT,24,0.375,15,16,1.6957236708079098,0.5884148423951832,1.8087321493252162,0.3918399168331115,3
UD_English-EWT,24,0.375,15,17,1.243792714303417,0.4217360036851387,1.7314763593271998,0.6027540327719869,3
UD_English-EWT,24,0.375,15,18,1.3079956664766554,0.4407279422143661,1.8020947299259824,0.5826433284279426,3
UD_English-EWT,24,0.375,15,19,1.6564992154746543,0.5609448674950878,1.894082181929239,0.44171184623352705,3
UD_English-EWT,24,0.375,15,20,1.595870071896547,0.5350392612888187,2.0571708352405085,0.5176651015918438,3
UD_English-EWT,24,0.375,15,21,1.5888762031639425,0.5464663752821192,1.6500195603824486,0.4035310315100547,3
UD_English-EWT,24,0.375,15,22,1.3190580501555311,0.44792572508662776,1.6425996574493489,0.5434748397933112,3
UD_English-EWT,24,0.375,15,23,1.9791412099734462,0.6741677314341611,2.2397240113148054,0.40373314227332074,3
UD_English-EWT,24,0.375,15,24,1.6184564285211007,0.541975740397617,1.8826728110593525,0.45885314278386,3
UD_English-EWT,24,0.375,15,25,1.3150909441796375,0.4558219386295217,1.4243097421195774,0.4810739197040516,3
UD_English-EWT,24,0.375,15,26,1.5221038852124484,0.5268958277579648,1.3537174424187082,0.22421000792368406,3
UD_English-EWT,24,0.375,15,27,1.464282611198384,0.48865915488838496,1.836727754638712,0.5236516272571135,3
UD_English-EWT,24,0.375,15,28,1.5045053026552406,0.5143904890491879,1.7325299395238114,0.48912919983132075,3
UD_English-EWT,24,0.375,15,29,1.965140799409922,0.6623128772949043,2.2729194399871897,0.42041466652139176,3
UD_English-EWT,24,0.375,15,30,1.3596360178321654,0.45406007907185403,1.7890449039543046,0.5588937178796974,3
UD_English-EWT,24,0.375,15,31,1.492585203374561,0.5040025766294294,1.6935488366146991,0.42899158809042265,3
UD_English-EWT,24,0.375,16,0,0.9313670074353452,0.31373062146274555,1.5389567517517693,0.6766034208903112,3
UD_English-EWT,24,0.375,16,1,1.232896676806153,0.42283895845865943,1.5744999490936162,0.5749611546215898,3
UD_English-EWT,24,0.375,16,2,1.745697430547035,0.5982196430908092,1.8241620717912859,0.3274886922398497,3
UD_English-EWT,24,0.375,16,3,2.0182445700159923,0.6851715000519336,2.1227371428019364,0.3014761514636011,3
UD_English-EWT,24,0.375,16,4,1.7540706032395146,0.5932913875522835,1.8655349745233636,0.3495262988651331,3
UD_English-EWT,24,0.375,16,5,1.5478960048807666,0.515801345535939,1.8470613447531976,0.48061163703790566,3
UD_English-EWT,24,0.375,16,6,2.2161937420322597,0.751742406661719,2.2513576846142285,0.2136590385840076,3
UD_English-EWT,24,0.375,16,7,1.6623650885887702,0.5675131924491111,1.800559989660164,0.3771555706220789,3
UD_English-EWT,24,0.375,16,8,1.2306803089239124,0.4186590786188678,1.6349902717033586,0.5848212591720192,3
UD_English-EWT,24,0.375,16,9,1.647632641707613,0.5545980103775343,1.9220202413738752,0.4558106915506183,3
UD_English-EWT,24,0.375,16,10,1.5177944385343125,0.5117201489856117,1.9294119479986271,0.5117615126819776,3
UD_English-EWT,24,0.375,16,11,1.7026551729560115,0.5855825496922317,1.7728988534494394,0.32429914781738933,3
UD_English-EWT,24,0.375,16,12,1.4950854987421758,0.5066913093808353,1.8115467849053537,0.49836825721223715,3
UD_English-EWT,24,0.375,16,13,1.6084358241877268,0.5389264268912578,1.8241326310324102,0.432071795778685,3
UD_English-EWT,24,0.375,16,14,1.5939836131853269,0.5509475275114152,1.4186326639899791,0.24669180895610696,3
UD_English-EWT,24,0.375,16,15,1.7772828764629927,0.6070124704003986,1.9653983170163218,0.376682020303113,3
UD_English-EWT,24,0.375,16,16,1.6261482424151918,0.5601429101927901,1.6990383542897707,0.3716811337974771,3
UD_English-EWT,24,0.375,16,17,1.4495261809322135,0.4977104916001496,1.5515586061501547,0.33057106139718506,3
UD_English-EWT,24,0.375,16,18,1.4908456659327873,0.4987850462125516,2.046892646231938,0.5579831435706445,3
UD_English-EWT,24,0.375,16,19,1.21285486662377,0.4134798521118303,1.3223452870555914,0.49938509836860806,3
UD_English-EWT,24,0.375,16,20,2.0370109126324647,0.7018041530376359,2.1452309945242,0.3255564984653437,3
UD_English-EWT,24,0.375,16,21,1.5781129496019395,0.5447326153245345,1.604505757355082,0.38675070900761793,3
UD_English-EWT,24,0.375,16,22,1.5172130948641696,0.5260752472069745,1.3431810075468054,0.20557492617212358,3
UD_English-EWT,24,0.375,16,23,1.3706827720047021,0.45445969456871244,1.8478812485634737,0.5680243180409915,3
UD_English-EWT,24,0.375,16,24,1.4336912082084108,0.49344113083702185,1.7658931799979376,0.4951568256184893,3
UD_English-EWT,24,0.375,16,25,0.78245743513718,0.2606987005111529,1.3524547033690473,0.7106821291175806,3
UD_English-EWT,24,0.375,16,26,1.3655199372092557,0.4643602159539261,1.828862746475173,0.5647264493150952,3
UD_English-EWT,24,0.375,16,27,0.9505827151958192,0.3182835938554861,1.4496304364315147,0.6630793867229005,3
UD_English-EWT,24,0.375,16,28,0.9382422053321301,0.3063925229740721,1.5292761245698336,0.6784329144097526,3
UD_English-EWT,24,0.375,16,29,1.4211257118154963,0.483930835374826,1.8220646536903953,0.5260898536257784,3
UD_English-EWT,24,0.375,16,30,1.4832684512238252,0.5089689456401411,1.560801881340032,0.3144751107676433,3
UD_English-EWT,24,0.375,16,31,2.050078927032066,0.6959813017065626,2.2187895067511145,0.3586641086133126,3
UD_English-EWT,24,0.375,17,0,1.744320020378179,0.5932047799473903,1.986531973699403,0.42443377446580016,3
UD_English-EWT,24,0.375,17,1,1.5126191451195592,0.51039471475913,1.9926313439516423,0.5500308168349696,3
UD_English-EWT,24,0.375,17,2,1.0434343324251514,0.35846449470042313,1.2878236248682107,0.5509502492804345,3
UD_English-EWT,24,0.375,17,3,1.5173147644284428,0.5242550807626738,1.6347869292634432,0.43892311960974456,3
UD_English-EWT,24,0.375,17,4,1.5688713254281517,0.5369875720398457,1.8241505385639456,0.477732441389767,3
UD_English-EWT,24,0.375,17,5,1.7398935578397063,0.5941306560797336,1.9457375362162599,0.4350524517471727,3
UD_English-EWT,24,0.375,17,6,1.5310641878398172,0.5251036987034349,1.725605958092191,0.47000621310104435,3
UD_English-EWT,24,0.375,17,7,1.0670945023496945,0.3600594250515836,1.6103603484037796,0.653613468798349,3
UD_English-EWT,24,0.375,17,8,1.6572114788199384,0.5637635766224891,1.7572599328063658,0.41676657200741746,3
UD_English-EWT,24,0.375,17,9,0.9928250923033511,0.33001926624791217,1.5438101215250724,0.670896987527446,3
UD_English-EWT,24,0.375,17,10,1.6450944313396088,0.5531376885531812,1.9160228811598,0.42771784845868527,3
UD_English-EWT,24,0.375,17,11,0.8144363913556157,0.271858290608002,1.5480331689092195,0.7411057855967833,3
UD_English-EWT,24,0.375,17,12,0.9938546407811737,0.34075763860279745,1.5662443338060423,0.675721049790554,3
UD_English-EWT,24,0.375,17,13,1.2960399366195954,0.43988603671066095,1.520423362679603,0.3996621695922209,3
UD_English-EWT,24,0.375,17,14,1.6539737656305398,0.5721802438705997,1.748672629260409,0.41204487564948084,3
UD_English-EWT,24,0.375,17,15,1.6379849216162832,0.5581494652562671,1.6859798891459656,0.29212428369170873,3
UD_English-EWT,24,0.375,17,16,1.1444502441528064,0.39441587949656837,1.541900007098316,0.5813303827248745,3
UD_English-EWT,24,0.375,17,17,1.2402714165317772,0.4227589170002329,1.7762494720450732,0.6109542015512459,3
UD_English-EWT,24,0.375,17,18,1.2930738708523453,0.43338391581763985,1.7349723750667712,0.5441890761581926,3
UD_English-EWT,24,0.375,17,19,1.6658777355306353,0.5689730979705768,1.926692080193747,0.44912305865810004,3
UD_English-EWT,24,0.375,17,20,1.1946693233982788,0.40151573364404053,1.7214249430295547,0.6146667841516558,3
UD_English-EWT,24,0.375,17,21,1.215126472526995,0.41555814128810153,1.5882690993488813,0.5975592809242412,3
UD_English-EWT,24,0.375,17,22,1.0226897162356445,0.35076759881144887,1.1939034375119515,0.47825872865530966,3
UD_English-EWT,24,0.375,17,23,1.566323822014753,0.5416196111135035,1.8953006470843958,0.4859237118686917,3
UD_English-EWT,24,0.375,17,24,1.8395881642246508,0.6341450732126696,1.877094662824615,0.24727267502571282,3
UD_English-EWT,24,0.375,17,25,0.7137700823374867,0.23120548719716663,1.3647565231650036,0.7377396496945826,3
UD_English-EWT,24,0.375,17,26,0.9241636348498107,0.3055085976063554,1.6968263611197472,0.7138919007772739,3
UD_English-EWT,24,0.375,17,27,1.0361178719687985,0.34563941912952884,1.6383593059085542,0.6665591070723663,3
UD_English-EWT,24,0.375,17,28,1.9894314196863245,0.6745810576583953,2.247731691066902,0.3982135516121468,3
UD_English-EWT,24,0.375,17,29,1.1094237011747066,0.3741492768630847,1.424535919842607,0.6051201465622759,3
UD_English-EWT,24,0.375,17,30,1.4050105278649943,0.4715457325377154,1.7385848465295872,0.5056833312736454,3
UD_English-EWT,24,0.375,17,31,1.2265144007277076,0.4128985424951832,1.8069963344730748,0.6107804076118439,3
UD_English-EWT,24,0.375,18,0,1.1890032240248987,0.40954159158799386,1.6989968217678626,0.6181458916739037,3
UD_English-EWT,24,0.375,18,1,1.010635227059949,0.3407756464389613,1.6646382027935027,0.6759052291471775,3
UD_English-EWT,24,0.375,18,2,1.0672537174978325,0.3690142660437386,1.206063536944068,0.5806009063873786,3
UD_English-EWT,24,0.375,18,3,0.8383888434720496,0.2791945212580033,1.4877278098466729,0.7120571731503218,3
UD_English-EWT,24,0.375,18,4,1.9801714116324058,0.6706357526784603,2.0881848165083454,0.29508833208024665,3
UD_English-EWT,24,0.375,18,5,1.2181735690174207,0.4214270363522792,1.1430420368529843,0.4202486082558641,3
UD_English-EWT,24,0.375,18,6,1.368733545361538,0.4659672955183383,1.8923776365803022,0.574420105516639,3
UD_English-EWT,24,0.375,18,7,1.1809466579192758,0.404093287186273,1.3926888769441614,0.5536124864508328,3
UD_English-EWT,24,0.375,18,8,0.6348920377592245,0.20675632601539404,1.3095258289985428,0.766006120906393,3
UD_English-EWT,24,0.375,18,9,1.5933888923709292,0.5400001775398714,2.040035595360784,0.5217713218365536,3
UD_English-EWT,24,0.375,18,10,1.3479391191500785,0.4550451367129937,1.8394503878168287,0.5544008008307881,3
UD_English-EWT,24,0.375,18,11,0.9144507734603732,0.30043797065183275,1.5319126572575292,0.7014618958151461,3
UD_English-EWT,24,0.375,18,12,1.2468864508855322,0.41390840034042986,1.679189892346633,0.5805377359476571,3
UD_English-EWT,24,0.375,18,13,1.1808534486317679,0.4020818636119909,1.4974060504271467,0.5982366634196922,3
UD_English-EWT,24,0.375,18,14,1.3464207154154126,0.4578801088564383,1.723221107937382,0.5561221050665135,3
UD_English-EWT,24,0.375,18,15,1.1643044964456166,0.3842406608130382,1.8245475411360814,0.6480312522887532,3
UD_English-EWT,24,0.375,18,16,0.7796237008520598,0.2608273318359706,1.2939284170260195,0.7083130203092467,3
UD_English-EWT,24,0.375,18,17,0.5578614840952371,0.1851931791404815,1.2085170365720714,0.7683342707314561,3
UD_English-EWT,24,0.375,18,18,0.8531814788100064,0.28717660833360503,1.3547177018092196,0.69210634220439,3
UD_English-EWT,24,0.375,18,19,0.767185065613717,0.2513891734413545,1.4828244110599893,0.7303434060733828,3
UD_English-EWT,24,0.375,18,20,0.72708287366576,0.24304221195163703,1.501224134449859,0.75180575076511,3
UD_English-EWT,24,0.375,18,21,1.3078076224943762,0.44422679656407443,1.7349646515967851,0.5844048557969281,3
UD_English-EWT,24,0.375,18,22,1.241023103477525,0.4177679112639095,1.6417313561739164,0.5997970690357012,3
UD_English-EWT,24,0.375,18,23,1.4258837618191602,0.4905619851308442,1.5863777519575235,0.4004122489428857,3
UD_English-EWT,24,0.375,18,24,0.8986700051387803,0.3004646898571314,1.515109125463689,0.6922162313401047,3
UD_English-EWT,24,0.375,18,25,0.802926702207745,0.26183767294433163,1.532413777500011,0.7296045505745381,3
UD_English-EWT,24,0.375,18,26,1.4826044055390664,0.5101629716288197,1.7057348641215777,0.4823723174224461,3
UD_English-EWT,24,0.375,18,27,1.3675888199189539,0.4683492235934365,1.8001471906086135,0.5690428024201988,3
UD_English-EWT,24,0.375,18,28,1.939335926688651,0.6643173466886111,2.107544733744067,0.37508616657530675,3
UD_English-EWT,24,0.375,18,29,0.6458294433024195,0.2158082223044393,1.4192538134319426,0.7762222448007656,3
UD_English-EWT,24,0.375,18,30,1.2432136496559518,0.42772156141956214,1.4926718457691874,0.4747598358855764,3
UD_English-EWT,24,0.375,18,31,1.3137565461854248,0.4450082922445946,1.653846392567475,0.5008084173831674,3
UD_English-EWT,24,0.375,19,0,1.1413744787646556,0.3910054565765275,1.461976061291816,0.5710731523623774,3
UD_English-EWT,24,0.375,19,1,1.7170166578177763,0.5895023831117131,1.847727976182988,0.40644528173276634,3
UD_English-EWT,24,0.375,19,2,1.4202804415060957,0.49124921915309677,1.446905559800796,0.41154268113234654,3
UD_English-EWT,24,0.375,19,3,0.6609830904908085,0.21450045612387916,1.3377287704192222,0.7579896287052792,3
UD_English-EWT,24,0.375,19,4,1.3331450180630648,0.4545051892897036,1.963736408748045,0.6047926839162852,3
UD_English-EWT,24,0.375,19,5,1.5842623151770923,0.5426584024436921,1.8844619144724584,0.47103482602886815,3
UD_English-EWT,24,0.375,19,6,0.918022674679729,0.30120108069136114,1.533340808268779,0.6924903156653128,3
UD_English-EWT,24,0.375,19,7,1.0218788705806914,0.34184774445990723,1.6750447020368933,0.683301220866826,3
UD_English-EWT,24,0.375,19,8,0.8834803452705099,0.2914665284446137,1.474814844180326,0.688655205776674,3
UD_English-EWT,24,0.375,19,9,0.6779435827059227,0.22048739053118968,1.2742339814309105,0.750030007315138,3
UD_English-EWT,24,0.375,19,10,0.7741702880323583,0.25872902740776976,1.3457366460170903,0.7306842859054089,3
UD_English-EWT,24,0.375,19,11,0.8101885322691746,0.2660139602132291,1.55681343920841,0.730483301031405,3
UD_English-EWT,24,0.375,19,12,1.1991459591575442,0.41883978209643197,1.0894876572495167,0.2724360573073283,3
UD_English-EWT,24,0.375,19,13,1.8364013369129004,0.6254240358434956,2.097947462253232,0.42499547062920096,3
UD_English-EWT,24,0.375,19,14,1.1276652963462206,0.3836497892447508,1.6511960651976596,0.6414060439025553,3
UD_English-EWT,24,0.375,19,15,1.3606734022850981,0.465047137577677,1.7090227965448725,0.5512480723361174,3
UD_English-EWT,24,0.375,19,16,2.0140090408872386,0.69828291245497,1.9857759920842877,0.15473307692573043,3
UD_English-EWT,24,0.375,19,17,0.5023860648589952,0.16397086637712108,1.1615248004310443,0.7845049723439964,3
UD_English-EWT,24,0.375,19,18,1.4741143410404522,0.49056986606389774,2.102813209503726,0.580272954927659,3
UD_English-EWT,24,0.375,19,19,1.0561957984945596,0.35498011205515034,1.6482982670783128,0.6595072171130033,3
UD_English-EWT,24,0.375,19,20,0.7096258459683975,0.238314942312588,1.351583834025052,0.7361136672438168,3
UD_English-EWT,24,0.375,19,21,0.8124930540435628,0.27402838181453215,1.389642944291424,0.715426731006478,3
UD_English-EWT,24,0.375,19,22,0.997353657713679,0.33780737077725714,1.5472562860812864,0.6617833506689154,3
UD_English-EWT,24,0.375,19,23,1.3158572297034368,0.44105059924944284,1.9853395738236894,0.6192552680404134,3
UD_English-EWT,24,0.375,19,24,1.57291724376774,0.5311536776794219,2.0224159811852407,0.5218820240016083,3
UD_English-EWT,24,0.375,19,25,0.9051507690578754,0.3077447873884591,1.4424687331518624,0.6830848444979264,3
UD_English-EWT,24,0.375,19,26,0.7766123780800888,0.25548446147731474,1.5551550080134569,0.7480109048861406,3
UD_English-EWT,24,0.375,19,27,1.4720361051175113,0.5035598715173525,1.7473646028337149,0.5017556213724591,3
UD_English-EWT,24,0.375,19,28,0.8824913875693506,0.294548543278664,1.5808699039677887,0.7041107473219789,3
UD_English-EWT,24,0.375,19,29,1.063729085503163,0.36100692743052115,1.465152505317021,0.6160002232602168,3
UD_English-EWT,24,0.375,19,30,0.6862955593515886,0.22510887435442328,1.543823438956112,0.7728967950806592,3
UD_English-EWT,24,0.375,19,31,1.434880706082982,0.4797717656784153,1.8399105158334221,0.5266383431770437,3
UD_English-EWT,24,0.375,20,0,0.9769710295703025,0.3356337986431867,1.187505583633382,0.5165168643337021,3
UD_English-EWT,24,0.375,20,1,0.7944958218371662,0.2662527614251078,1.4809929778314246,0.7378129881750691,3
UD_English-EWT,24,0.375,20,2,0.9432775109178491,0.31983834444010845,1.5283635142233853,0.6903257998612409,3
UD_English-EWT,24,0.375,20,3,1.2122683507035774,0.4151869575426878,1.5595117816481,0.5453254258724943,3
UD_English-EWT,24,0.375,20,4,1.453058185256027,0.5027622284167506,1.7149912398478155,0.4671234862780527,3
UD_English-EWT,24,0.375,20,5,1.3327885755424291,0.4492608686546051,1.7378069742944071,0.5372863229981646,3
UD_English-EWT,24,0.375,20,6,1.3084466296141264,0.44217322848886526,1.558301078735805,0.5475136912911316,3
UD_English-EWT,24,0.375,20,7,1.4247051080339377,0.47495504208791234,1.9653885422074293,0.5791386642233759,3
UD_English-EWT,24,0.375,20,8,0.8176603262297443,0.27550649943885364,1.44690171956256,0.721968176111389,3
UD_English-EWT,24,0.375,20,9,1.1484485566616058,0.39003737762108964,1.6349698511140593,0.6273737473783163,3
UD_English-EWT,24,0.375,20,10,0.8600872599117744,0.29074252214289537,1.5750928709931495,0.7311219152721334,3
UD_English-EWT,24,0.375,20,11,1.4050593127264133,0.4826378813301822,1.5585675489815642,0.37498812255651465,3
UD_English-EWT,24,0.375,20,12,1.3552018427688675,0.4580770483162451,1.7251501554836992,0.5199619452443605,3
UD_English-EWT,24,0.375,20,13,1.2644237196022043,0.4343633969706264,1.3647343983469982,0.43690772539849493,3
UD_English-EWT,24,0.375,20,14,0.8396390995014128,0.2724545141453015,1.563004641870006,0.7272790699912225,3
UD_English-EWT,24,0.375,20,15,1.2806319495585015,0.43503042789539137,1.5721834148322733,0.4997597583086113,3
UD_English-EWT,24,0.375,20,16,1.0543782526325225,0.3554369234539338,1.5578689906875074,0.6571418365467007,3
UD_English-EWT,24,0.375,20,17,0.8181806029870645,0.26800338393806705,1.6431204453585686,0.7448548588949256,3
UD_English-EWT,24,0.375,20,18,1.6678702486560208,0.5657716763149846,1.9239883670932825,0.43594545260316037,3
UD_English-EWT,24,0.375,20,19,0.7966086413704524,0.26677148376603377,1.4167456271462753,0.7308792276189192,3
UD_English-EWT,24,0.375,20,20,1.5838007960461746,0.5425649342654725,1.6786608231306512,0.29602092861762785,3
UD_English-EWT,24,0.375,20,21,1.6806733006295937,0.5733116322921382,2.0325828130019383,0.4761191316098246,3
UD_English-EWT,24,0.375,20,22,1.2557572540173982,0.41789730572445366,1.9106285034090227,0.6404915255017728,3
UD_English-EWT,24,0.375,20,23,0.8071167738819817,0.26975335753802715,1.5579362769623053,0.7352477124127099,3
UD_English-EWT,24,0.375,20,24,0.9206310284132297,0.31190526754152575,1.5483530639570702,0.6969608845077252,3
UD_English-EWT,24,0.375,20,25,1.0913311108159671,0.36745401364980174,1.813607518708771,0.6767341705592168,3
UD_English-EWT,24,0.375,20,26,0.8741868170137722,0.2945067043227902,1.3257580626694883,0.6943717314870197,3
UD_English-EWT,24,0.375,20,27,0.7801306047773697,0.26018166892529077,1.4613447187295376,0.7420943913835428,3
UD_English-EWT,24,0.375,20,28,1.06375536177382,0.36504828735154615,1.437598850123435,0.5638342484058253,3
UD_English-EWT,24,0.375,20,29,0.7911756626840932,0.2658850340026758,1.4722866795020675,0.7454092951393084,3
UD_English-EWT,24,0.375,20,30,1.1364737694407856,0.39224483250879527,1.3255945609404092,0.46013819278372226,3
UD_English-EWT,24,0.375,20,31,1.4446514940367698,0.48225710859084553,2.0179981814327568,0.5669878091602052,3
UD_English-EWT,24,0.375,21,0,1.39154413687184,0.473962478075034,1.959374423751197,0.5793859451459568,3
UD_English-EWT,24,0.375,21,1,0.7318793756171437,0.24531493295079101,1.4386280003141183,0.7641183635684744,3
UD_English-EWT,24,0.375,21,2,0.7398383801290681,0.2500569011900703,1.5594188605854205,0.7685942087722824,3
UD_English-EWT,24,0.375,21,3,0.7128702160412063,0.23693483464677692,1.4789259951487048,0.7610804250087243,3
UD_English-EWT,24,0.375,21,4,0.8805201206295217,0.293517000467698,1.616644216107649,0.7301877423008065,3
UD_English-EWT,24,0.375,21,5,0.6786161721404133,0.2252350416753733,1.5063129828085884,0.788591302212036,3
UD_English-EWT,24,0.375,21,6,0.5661175330636009,0.18516301520538594,1.4222832023215315,0.80784178039361,3
UD_English-EWT,24,0.375,21,7,0.8628650967350641,0.28976004173595776,1.6383913297525086,0.7282941388085024,3
UD_English-EWT,24,0.375,21,8,0.9624550471893208,0.32835575543981865,1.5156519140892124,0.6754484247341616,3
UD_English-EWT,24,0.375,21,9,0.7482255538840709,0.24621931146253542,1.5203093225933706,0.7544466631252909,3
UD_English-EWT,24,0.375,21,10,1.3561300983303015,0.4623751799645537,1.665381420451218,0.4732544232695915,3
UD_English-EWT,24,0.375,21,11,0.6480396515291137,0.21484417201296338,1.3599358210933883,0.770469331547265,3
UD_English-EWT,24,0.375,21,12,1.119351338676579,0.3749522899017959,1.8146709012366384,0.6613326894428126,3
UD_English-EWT,24,0.375,21,13,1.0745474826035604,0.35774566485921433,1.7768771984565237,0.6731814971102065,3
UD_English-EWT,24,0.375,21,14,1.1548097376289264,0.39891843584608727,1.6856597914803224,0.6124829166451765,3
UD_English-EWT,24,0.375,21,15,0.7313907444748505,0.24132534691076624,1.4298969658807543,0.7520204304169544,3
UD_English-EWT,24,0.375,21,16,0.7202132852961783,0.24178152084554153,1.4250831461099327,0.7551368423118401,3
UD_English-EWT,24,0.375,21,17,1.3660134456929613,0.47127283753348825,1.5580010180970578,0.5022246406595129,3
UD_English-EWT,24,0.375,21,18,0.6008550295290725,0.19859337482944076,1.3865989689632083,0.780874903016946,3
UD_English-EWT,24,0.375,21,19,0.8608491769389595,0.2887940199024473,1.5686291956456415,0.7143008472000966,3
UD_English-EWT,24,0.375,21,20,1.1422780006988236,0.3919985501574037,1.4118177489070511,0.5683738772904938,3
UD_English-EWT,24,0.375,21,21,0.7521936516998462,0.2500867151904627,1.4376988977818108,0.738184877920672,3
UD_English-EWT,24,0.375,21,22,1.212621473176286,0.41282503257330866,1.5652864384303762,0.5674519510447762,3
UD_English-EWT,24,0.375,21,23,0.8507404697275227,0.28312137251370373,1.5571182647580875,0.7187111256796804,3
UD_English-EWT,24,0.375,21,24,0.9157883982243651,0.3033541086297788,1.6734244567367549,0.7174015073258367,3
UD_English-EWT,24,0.375,21,25,1.007046399451453,0.3431620194809087,1.508225773717319,0.6349168282226135,3
UD_English-EWT,24,0.375,21,26,0.7330964508318836,0.2447967090472606,1.4754857699537753,0.7639005816590808,3
UD_English-EWT,24,0.375,21,27,0.7515705200913065,0.25253680672408346,1.4716590485231906,0.7530750411347179,3
UD_English-EWT,24,0.375,21,28,0.9364304687074624,0.31750934908610984,1.7373066533947252,0.7282734159617693,3
UD_English-EWT,24,0.375,21,29,0.6578061060135156,0.21636195883209153,1.36843009712429,0.7751089260796381,3
UD_English-EWT,24,0.375,21,30,0.6920068332338486,0.23294688574291209,1.3999942951107938,0.7817955155108796,3
UD_English-EWT,24,0.375,21,31,1.1090032306918791,0.3710837652346964,1.7409484747301904,0.6576530851274458,3
UD_English-EWT,24,0.375,22,0,0.7703192053101482,0.25296380171104454,1.5352243822346185,0.746569401654118,3
UD_English-EWT,24,0.375,22,1,0.7688744599830853,0.2548177338244295,1.5930996183204194,0.7552586718036611,3
UD_English-EWT,24,0.375,22,2,1.2155620586160971,0.41171348804713165,1.459154251033274,0.567441580623714,3
UD_English-EWT,24,0.375,22,3,0.9406762963299977,0.31409421884446304,1.5223310280367326,0.6846760734237174,3
UD_English-EWT,24,0.375,22,4,1.4372505183536932,0.4986734248711329,1.5975090400985898,0.4678133744983943,3
UD_English-EWT,24,0.375,22,5,0.9812627444908918,0.32886345128788325,1.4130878827936664,0.6477335879141516,3
UD_English-EWT,24,0.375,22,6,0.4817161973877954,0.1618196290446096,1.3906858290676265,0.8376413450350744,3
UD_English-EWT,24,0.375,22,7,0.9881352877383458,0.33525033041373414,1.511303470217248,0.6565961993701471,3
UD_English-EWT,24,0.375,22,8,1.1486269303331176,0.3862699398462184,1.8117042158633634,0.6557815279031277,3
UD_English-EWT,24,0.375,22,9,0.7081924273627377,0.23409269387428333,1.4929859452967438,0.7787439685810242,3
UD_English-EWT,24,0.375,22,10,0.9259503063472677,0.31824307693999754,1.0020050051162368,0.5929103738786092,3
UD_English-EWT,24,0.375,22,11,1.5034358653431596,0.5165587170337936,1.696691962213464,0.41310533360732493,3
UD_English-EWT,24,0.375,22,12,1.3485198516283312,0.46824019200733447,1.4395744386917906,0.46910203924107424,3
UD_English-EWT,24,0.375,22,13,0.7693892723163133,0.25366093486527114,1.4507460970641919,0.7340707307467694,3
UD_English-EWT,24,0.375,22,14,0.7826677287007615,0.26090722068302835,1.5044306544468269,0.7366010700106512,3
UD_English-EWT,24,0.375,22,15,0.4538251957923975,0.14690570370845482,1.119956746076544,0.8196666616003262,3
UD_English-EWT,24,0.375,22,16,1.1209778157427552,0.3779442002742343,1.729804428575903,0.6473885201569138,3
UD_English-EWT,24,0.375,22,17,1.6037425438725883,0.5507076784683381,1.8454182908237522,0.3982077473757588,3
UD_English-EWT,24,0.375,22,18,0.7937070635776756,0.2619301532352774,1.55836029979782,0.7430784376117593,3
UD_English-EWT,24,0.375,22,19,0.74685022702444,0.25133641740351315,1.439625198072423,0.7548028274637755,3
UD_English-EWT,24,0.375,22,20,0.9600998489101348,0.3194701699489127,1.6534230953628681,0.6958221142164996,3
UD_English-EWT,24,0.375,22,21,1.1718785140683743,0.399154448104795,1.6242481015744756,0.5985074990678355,3
UD_English-EWT,24,0.375,22,22,0.5527251577377998,0.18140308304396346,1.1937976225749174,0.8044589521373556,3
UD_English-EWT,24,0.375,22,23,1.268015161278795,0.4274891396417861,1.881469729629588,0.6173793575124228,3
UD_English-EWT,24,0.375,22,24,0.6852708939116834,0.22778141626134815,1.4382849415061905,0.7784239528039114,3
UD_English-EWT,24,0.375,22,25,1.1961584872343936,0.41201705595508953,1.675687655833684,0.6132820346180642,3
UD_English-EWT,24,0.375,22,26,1.3705764172127122,0.4743081515821168,1.4043081335465548,0.3359874391246363,3
UD_English-EWT,24,0.375,22,27,0.7324500538150903,0.24533351577770893,1.4710852426420795,0.7694299412392528,3
UD_English-EWT,24,0.375,22,28,0.6953840794615136,0.2311492985053385,1.3836297460226088,0.7555971574072196,3
UD_English-EWT,24,0.375,22,29,0.9272802978319765,0.3185084883788624,1.3772606297594603,0.6623447287169527,3
UD_English-EWT,24,0.375,22,30,1.0154706857867797,0.3456256526619033,1.4969578332696891,0.6348112096266995,3
UD_English-EWT,24,0.375,22,31,0.7677556170567952,0.25985248027393126,1.5230345880996117,0.7598994773946607,3
UD_English-EWT,24,0.375,23,0,0.6508775721482241,0.21514429049210146,1.401641313807669,0.7815576648858727,3
UD_English-EWT,24,0.375,23,1,0.8636965466653063,0.30151795827273026,0.8024665303731876,0.3470605238525702,3
UD_English-EWT,24,0.375,23,2,0.6911416779287526,0.22920581279746602,1.3262304733821169,0.7492813763695554,3
UD_English-EWT,24,0.375,23,3,1.2578924229751953,0.4318018014625882,1.7505448240725723,0.5855848814186069,3
UD_English-EWT,24,0.375,23,4,1.516755714116852,0.518681106997318,1.9917578145943053,0.5254119053306584,3
UD_English-EWT,24,0.375,23,5,0.531743299216032,0.17360300197942904,1.3278307264741978,0.8005165866353906,3
UD_English-EWT,24,0.375,23,6,0.8325781446622044,0.2796817515757892,1.4605136227222306,0.7080755908523969,3
UD_English-EWT,24,0.375,23,7,0.7001237846700601,0.23385743804628842,1.4561579974541248,0.7767747828299231,3
UD_English-EWT,24,0.375,23,8,0.7059086221889448,0.2343561276725624,1.535042620686397,0.7824318525406833,3
UD_English-EWT,24,0.375,23,9,0.8588854362797976,0.28642504988831957,1.5709829784264766,0.7333443820585103,3
UD_English-EWT,24,0.375,23,10,1.3638887567842595,0.46668174838772786,1.8855348902539042,0.5637115266900136,3
UD_English-EWT,24,0.375,23,11,0.658771296091147,0.2182606258319321,1.3254188348985327,0.767449897725834,3
UD_English-EWT,24,0.375,23,12,1.2938418766459916,0.44702854207996784,1.7124785309172286,0.5509101917665241,3
UD_English-EWT,24,0.375,23,13,0.6985659617896722,0.23056727429454935,1.3892400302196461,0.7605979465124603,3
UD_English-EWT,24,0.375,23,14,0.6957918962596056,0.22981020459270815,1.4126623195811483,0.7491395691365601,3
UD_English-EWT,24,0.375,23,15,0.585119004994088,0.1926169679101509,1.3430962061309313,0.7912649639452959,3
UD_English-EWT,24,0.375,23,16,0.6970338878172614,0.22698582457429398,1.5410024870003831,0.7613704866018886,3
UD_English-EWT,24,0.375,23,17,1.1767018841671162,0.39839057801104744,1.705118338891283,0.6087324340880351,3
UD_English-EWT,24,0.375,23,18,1.5036859510157712,0.5066648169110218,2.0212106433831063,0.5527448439139376,3
UD_English-EWT,24,0.375,23,19,0.9702744978956729,0.3253773974325976,1.656846486995563,0.6922433540795018,3
UD_English-EWT,24,0.375,23,20,0.8009072939147716,0.26514119079305987,1.5631098524821694,0.7528705746342575,3
UD_English-EWT,24,0.375,23,21,0.6378281456257177,0.21197041798762992,1.3089203622483925,0.7682915529972435,3
UD_English-EWT,24,0.375,23,22,0.7153505421666012,0.2405859458808175,1.2724441870884167,0.7380281215319867,3
UD_English-EWT,24,0.375,23,23,0.6817119138006577,0.22714235602228314,1.233607723738978,0.7503310221710492,3
UD_English-EWT,24,0.375,23,24,0.7768882181298645,0.25421588381206134,1.6301841111836755,0.7556223529908394,3
UD_English-EWT,24,0.375,23,25,0.7533822827862205,0.25101333418063726,1.5023136735098177,0.7502640178240497,3
UD_English-EWT,24,0.375,23,26,0.5325231155132932,0.1718113137721228,1.2877904271676404,0.7946924727769714,3
UD_English-EWT,24,0.375,23,27,0.49266848276506675,0.16024188831099098,1.2986505131130335,0.8169123704913318,3
UD_English-EWT,24,0.375,23,28,1.7388499083170474,0.591276024480118,2.0427220196671825,0.45073053013458714,3
UD_English-EWT,24,0.375,23,29,1.2333591211254697,0.4163840911563194,1.6165647186705323,0.5988766008984631,3
UD_English-EWT,24,0.375,23,30,0.47677256527589207,0.1529403015693823,1.3242930118707035,0.824974630916922,3
UD_English-EWT,24,0.375,23,31,0.843365601292779,0.28073005412513546,1.634411894097137,0.7423903705969535,3
UD_English-EWT,24,0.375,24,0,0.6480497072700188,0.21335219040187328,1.3173674506852862,0.76656120274562,3
UD_English-EWT,24,0.375,24,1,1.4192748195432356,0.48446111604299924,1.8450524770334118,0.5025006615114016,3
UD_English-EWT,24,0.375,24,2,0.5470728589245585,0.17887848177806007,1.2704255575270056,0.7905466082507578,3
UD_English-EWT,24,0.375,24,3,0.6390856839071803,0.21184158937086117,1.385402200448383,0.795265596312469,3
UD_English-EWT,24,0.375,24,4,1.0246936290750521,0.3418322058567584,1.8400203862205446,0.7114876589868455,3
UD_English-EWT,24,0.375,24,5,0.7856907307531663,0.266018572299044,1.5354458234919226,0.7374116920803305,3
UD_English-EWT,24,0.375,24,6,1.060931630378321,0.3598922461081289,1.3628050900439312,0.5682674672569951,3
UD_English-EWT,24,0.375,24,7,1.1456315932296663,0.3928839528224073,1.7861699064029803,0.64136155017521,3
UD_English-EWT,24,0.375,24,8,0.6947701289632335,0.23383269117015307,1.4678360661576573,0.7784355541043161,3
UD_English-EWT,24,0.375,24,9,0.6520860994231289,0.2159099864106768,1.4670276189314537,0.7767450484448878,3
UD_English-EWT,24,0.375,24,10,1.2542026149811314,0.424355053032438,1.8041365916937426,0.6035734909791873,3
UD_English-EWT,24,0.375,24,11,0.5893454682981029,0.1931878958908478,1.4012860136211787,0.8081868096426102,3
UD_English-EWT,24,0.375,24,12,0.8376803745860014,0.27787288567916457,1.6213239479558934,0.7312408576571876,3
UD_English-EWT,24,0.375,24,13,1.5656749256267357,0.5386568424181643,1.5036221323823236,0.29380171553304724,3
UD_English-EWT,24,0.375,24,14,1.2367875765405174,0.4144214839455697,1.9193217767120927,0.6282854679707296,3
UD_English-EWT,24,0.375,24,15,0.7474993289480553,0.24815389221340745,1.5049475935747498,0.7663840710275377,3
UD_English-EWT,24,0.375,24,16,0.9178295221064369,0.30413329087279206,1.7363199837682242,0.7348688722932492,3
UD_English-EWT,24,0.375,24,17,0.9424155682854639,0.3146903235397432,1.7256060800971447,0.7222305517949041,3
UD_English-EWT,24,0.375,24,18,1.9844841785552507,0.679859444227592,2.2160433931971726,0.37747262447448166,3
UD_English-EWT,24,0.375,24,19,0.7584285662290666,0.24741600830284352,1.5689749690705745,0.7543912261507333,3
UD_English-EWT,24,0.375,24,20,0.42123703569859156,0.13722076805949698,1.1717726660413983,0.8371647557274241,3
UD_English-EWT,24,0.375,24,21,0.5764510276844429,0.18989670451540494,1.2342213197986176,0.7795143832057335,3
UD_English-EWT,24,0.375,24,22,0.5662911837591446,0.18447529715748812,1.3067457460016283,0.7895546328744603,3
UD_English-EWT,24,0.375,24,23,1.8783778323501839,0.6360661293327374,2.189068083256103,0.3979605886243786,3
UD_English-EWT,24,0.375,24,24,1.22931553438333,0.41382790122432245,1.882859400549873,0.6355500737228897,3
UD_English-EWT,24,0.375,24,25,0.8037686953168425,0.26761134863171204,1.4418829691703203,0.7220588533821871,3
UD_English-EWT,24,0.375,24,26,0.8169862428147393,0.2756017190735034,1.2575662968670083,0.6765419569117558,3
UD_English-EWT,24,0.375,24,27,0.8898183506165371,0.3001767364763171,1.308275588684612,0.6713703350589793,3
UD_English-EWT,24,0.375,24,28,0.6727219455398769,0.22444581829913926,1.3767368739474233,0.7673455956434401,3
UD_English-EWT,24,0.375,24,29,0.9035808300439995,0.3048476428404206,1.6432358913517173,0.7359700394499171,3
UD_English-EWT,24,0.375,24,30,0.910616441787592,0.3199987264455233,0.8195813953170794,0.2733225752319632,3
UD_English-EWT,24,0.375,24,31,0.7470742359126362,0.24441507345706714,1.345608641798922,0.7374511880694952,3
UD_English-EWT,24,0.375,25,0,1.0095522666862318,0.3400426890755341,1.7680965072605996,0.7015525684547771,3
UD_English-EWT,24,0.375,25,1,0.5685968532113321,0.1842483571359043,1.3885214019071428,0.7961456448056876,3
UD_English-EWT,24,0.375,25,2,0.6877742376592425,0.23052320590850053,1.27266695086449,0.7477382257825038,3
UD_English-EWT,24,0.375,25,3,0.6804012650817306,0.22444549320818677,1.6064836439322034,0.7970344641929551,3
UD_English-EWT,24,0.375,25,4,0.7659231682048468,0.2589466056306397,1.3485340971927176,0.715451583605538,3
UD_English-EWT,24,0.375,25,5,1.2014255512621126,0.4127586680669711,1.7882049993793387,0.6136026620925938,3
UD_English-EWT,24,0.375,25,6,0.7156159266971988,0.2374610822674952,1.3881314033964725,0.738638118099428,3
UD_English-EWT,24,0.375,25,7,0.7522514637200016,0.2513203484079171,1.479749077520518,0.7694864518438315,3
UD_English-EWT,24,0.375,25,8,0.49799513401724865,0.16090088009576436,1.2541697726047214,0.8101786409177306,3
UD_English-EWT,24,0.375,25,9,0.9072687855984453,0.3010087769956944,1.745698725713081,0.7247822759554251,3
UD_English-EWT,24,0.375,25,10,0.6092330308305355,0.19799504383935343,1.5144193930609087,0.7958127954577813,3
UD_English-EWT,24,0.375,25,11,0.6910161070681715,0.23442305333213456,1.4011418678490735,0.7744812914636835,3
UD_English-EWT,24,0.375,25,12,0.9091509052489517,0.29834321249133905,1.7635563763438677,0.7251198590683915,3
UD_English-EWT,24,0.375,25,13,0.531842384088737,0.173154196054768,1.2720267235459202,0.797074432554358,3
UD_English-EWT,24,0.375,25,14,0.48935869751406497,0.15706291641592166,1.3354148209393568,0.8147168003009099,3
UD_English-EWT,24,0.375,25,15,0.8845459452146606,0.29629383830927,1.5979947297950912,0.7181519657197003,3
UD_English-EWT,24,0.375,25,16,0.7485647990091794,0.25181045062765345,1.5394078892653973,0.7700142615859843,3
UD_English-EWT,24,0.375,25,17,0.8229845826444513,0.27605270648982466,1.5825045837839227,0.7465037721835198,3
UD_English-EWT,24,0.375,25,18,0.721111754030125,0.23934630998741083,1.374258271644133,0.7411649868652251,3
UD_English-EWT,24,0.375,25,19,0.9248641166286391,0.3150751414574778,1.1834246357309144,0.6448175215275995,3
UD_English-EWT,24,0.375,25,20,0.5220011202211344,0.1698326938268211,1.2558157853985745,0.7999010328644504,3
UD_English-EWT,24,0.375,25,21,0.831215167055093,0.2767809320153,1.6717205945477025,0.7575374165845048,3
UD_English-EWT,24,0.375,25,22,1.0303993097053525,0.35110136470630193,1.6802492772105178,0.6831482466893823,3
UD_English-EWT,24,0.375,25,23,1.016833921829968,0.33808068345506115,1.8181569244583666,0.7007070472955922,3
UD_English-EWT,24,0.375,25,24,0.7126368266243643,0.23924685965965628,1.568455649896072,0.7714471161867643,3
UD_English-EWT,24,0.375,25,25,0.6463610257525914,0.21575160996347176,1.3804630620001337,0.7727301551982463,3
UD_English-EWT,24,0.375,25,26,0.8500719121190802,0.2822859741150247,1.5535575154836279,0.7226578362272521,3
UD_English-EWT,24,0.375,25,27,0.8111467309540412,0.2757118931583015,1.5000374972114578,0.7365308403968811,3
UD_English-EWT,24,0.375,25,28,1.1823453674659485,0.4119317030673253,1.2686434600956886,0.42009062312529827,3
UD_English-EWT,24,0.375,25,29,1.081269759868012,0.37416344062036727,1.5250426121395357,0.634855374436018,3
UD_English-EWT,24,0.375,25,30,0.7597831547165286,0.25336531521531946,1.3409508821471359,0.7311741365679626,3
UD_English-EWT,24,0.375,25,31,0.5080508302714004,0.16536796268055348,1.306628092556839,0.8204579316418896,3
UD_English-EWT,24,0.375,26,0,0.6828826414539949,0.22649876334329555,1.3601319396932812,0.7428688514495917,3
UD_English-EWT,24,0.375,26,1,0.5909266396067724,0.1927129183726246,1.3384509741113213,0.7779943679335556,3
UD_English-EWT,24,0.375,26,2,1.234954877317169,0.4173654203450745,1.8778325241934406,0.6353551348186147,3
UD_English-EWT,24,0.375,26,3,0.8724364061960322,0.2960831532594095,1.6052624721534698,0.7375753042720706,3
UD_English-EWT,24,0.375,26,4,1.6922745347185864,0.5888227053217333,1.6948558501424251,0.24161747232493427,3
UD_English-EWT,24,0.375,26,5,0.5897422264786419,0.1918722076056515,1.2749885021147398,0.7810864575573655,3
UD_English-EWT,24,0.375,26,6,0.8577586168012766,0.294588781499689,1.4545151830560956,0.6900945657996532,3
UD_English-EWT,24,0.375,26,7,0.6398575280594533,0.2086004291632245,1.4777184939368173,0.7892579619377472,3
UD_English-EWT,24,0.375,26,8,0.6625433529104582,0.21867348788007548,1.290513615790612,0.7563891351521558,3
UD_English-EWT,24,0.375,26,9,1.1625346945418904,0.39524016321682537,1.6692736834721922,0.6161148241688862,3
UD_English-EWT,24,0.375,26,10,1.628415535368663,0.5539873228739194,2.056819657918968,0.5061529263894741,3
UD_English-EWT,24,0.375,26,11,0.6534642766014366,0.21363592272682053,1.2794248385588978,0.7555803010386087,3
UD_English-EWT,24,0.375,26,12,0.34572167868873543,0.10893416282371406,1.2188274739055684,0.8657071946938615,3
UD_English-EWT,24,0.375,26,13,0.7613699122286234,0.25991860511823,0.8608771918684189,0.4450073682301032,3
UD_English-EWT,24,0.375,26,14,1.3413518765476449,0.4519472292171476,1.7271325552126966,0.5104024536425896,3
UD_English-EWT,24,0.375,26,15,1.5097245954669238,0.5124930285514487,1.936440020881064,0.4785998096496193,3
UD_English-EWT,24,0.375,26,16,0.812979374203037,0.2715956039543523,1.4233054091071604,0.7155187893353525,3
UD_English-EWT,24,0.375,26,17,0.640931026195812,0.21216850354801017,1.5472945679413437,0.7910339394906614,3
UD_English-EWT,24,0.375,26,18,0.80855598977219,0.2761675830733689,1.1889149709613163,0.6547428339529776,3
UD_English-EWT,24,0.375,26,19,2.1335622267102066,0.733860165790022,2.102516513406036,0.1952301966983194,3
UD_English-EWT,24,0.375,26,20,0.8221991471301608,0.273661983384325,1.6385261665602198,0.7435401307999111,3
UD_English-EWT,24,0.375,26,21,1.3109402024137953,0.44594493634550947,1.9355222026127066,0.6058692626030827,3
UD_English-EWT,24,0.375,26,22,1.0826903223747113,0.37279083039645505,1.2251015662441271,0.5050044147423274,3
UD_English-EWT,24,0.375,26,23,0.9145803064827168,0.3065558824406594,1.7338897436314376,0.7292695688066804,3
UD_English-EWT,24,0.375,26,24,1.0091511861086977,0.33991185837647525,1.852624801922257,0.7178001061950442,3
UD_English-EWT,24,0.375,26,25,1.1907262337175224,0.40797695356042873,1.8691657848099759,0.648773059601775,3
UD_English-EWT,24,0.375,26,26,0.8728722014713809,0.2911025235337801,1.638891978355596,0.7366656235984115,3
UD_English-EWT,24,0.375,26,27,0.9924114273898371,0.3341540554589261,1.7290936695286268,0.7074347993050226,3
UD_English-EWT,24,0.375,26,28,1.1846371608190849,0.40384419267837685,1.6533794273064217,0.5743400543989217,3
UD_English-EWT,24,0.375,26,29,1.3321749599606396,0.4524905478517323,1.9120532515949022,0.6007909930916758,3
UD_English-EWT,24,0.375,26,30,0.864339623159181,0.28888722979048015,1.3177968301353993,0.6474852501083919,3
UD_English-EWT,24,0.375,26,31,0.5942076771521775,0.19473370357682906,1.3076295785348055,0.7744679217700098,3
UD_English-EWT,24,0.375,27,0,0.6027434945805422,0.19807606335654718,1.2049805958957185,0.7716196324194499,3
UD_English-EWT,24,0.375,27,1,0.5048605174094248,0.16254513079761942,1.1647300337846704,0.792772474395067,3
UD_English-EWT,24,0.375,27,2,1.5493294665613677,0.5348816435302325,1.597390441159516,0.3032091350951156,3
UD_English-EWT,24,0.375,27,3,0.5262958595261168,0.169859704806237,1.2742359563233314,0.8067631255733511,3
UD_English-EWT,24,0.375,27,4,0.9585724115941693,0.326458463126383,1.4944779652905378,0.6808455684553079,3
UD_English-EWT,24,0.375,27,5,0.47151672847667375,0.15184310418960786,1.2683355592611927,0.8201217052742215,3
UD_English-EWT,24,0.375,27,6,1.1199657507987189,0.3878292555433913,1.2967561275472625,0.5260420108387054,3
UD_English-EWT,24,0.375,27,7,1.1930086191723257,0.41439845801105485,1.1505862352300864,0.3335889891376939,3
UD_English-EWT,24,0.375,27,8,0.9539944875327181,0.32843266959846673,1.294933279721789,0.6528479327025309,3
UD_English-EWT,24,0.375,27,9,0.8247887640614707,0.2779732799931058,1.1450389212842196,0.6156044423797309,3
UD_English-EWT,24,0.375,27,10,0.676871990364296,0.22397270327593408,1.6176722305801396,0.7889997560551257,3
UD_English-EWT,24,0.375,27,11,0.7494139730597834,0.24788089720820686,1.3951831619460509,0.7283667027543151,3
UD_English-EWT,24,0.375,27,12,1.5268532515983546,0.5275006938338932,1.5102719442277657,0.2640578382273624,3
UD_English-EWT,24,0.375,27,13,0.4879386193731389,0.15604311239121918,1.3578423815855727,0.8225948350107083,3
UD_English-EWT,24,0.375,27,14,0.583269590472901,0.1907267001320104,1.3569664040610927,0.7956254360807181,3
UD_English-EWT,24,0.375,27,15,1.4456847122105312,0.49212311582812845,1.8429853022369966,0.5081138262399667,3
UD_English-EWT,24,0.375,27,16,1.7868383550958773,0.610970992018182,2.0805221198360777,0.37277308731714776,3
UD_English-EWT,24,0.375,27,17,0.9470498203851269,0.3289668660997693,0.9377670120888938,0.44891282077369793,3
UD_English-EWT,24,0.375,27,18,0.7860088266961561,0.2579645249688954,1.5760723207763416,0.7466974442583832,3
UD_English-EWT,24,0.375,27,19,0.6040946820323341,0.19704721418747131,1.3415713584108213,0.7849553952736606,3
UD_English-EWT,24,0.375,27,20,0.8185597394129944,0.27705156557492655,1.6291174773187909,0.7392185909337684,3
UD_English-EWT,24,0.375,27,21,0.5996606022608085,0.19617506422489228,1.3389886047942172,0.7889371304374141,3
UD_English-EWT,24,0.375,27,22,0.9119540247625123,0.3102726316951446,1.3312656445418551,0.6706032785154431,3
UD_English-EWT,24,0.375,27,23,0.696465301590349,0.22957799178573604,1.4525246064709618,0.7636867198272047,3
UD_English-EWT,24,0.375,27,24,0.4440102077492993,0.142590414137683,1.2156716909103489,0.8222677251816014,3
UD_English-EWT,24,0.375,27,25,0.5173645351465472,0.17062727608064865,1.2748376394135161,0.8134458957338376,3
UD_English-EWT,24,0.375,27,26,0.7337785783089793,0.2434407228736278,1.411255131938744,0.7522466587265767,3
UD_English-EWT,24,0.375,27,27,0.6221268459109552,0.20600635199239292,1.4959713596382427,0.7921976535657391,3
UD_English-EWT,24,0.375,27,28,0.6612365811500013,0.21844208131091356,1.4159003776279304,0.772946766586143,3
UD_English-EWT,24,0.375,27,29,1.228599886140211,0.41705902225468544,1.741777667093798,0.600924272151267,3
UD_English-EWT,24,0.375,27,30,1.001482059571804,0.33779689599038903,1.6052945594427148,0.6783628034692102,3
UD_English-EWT,24,0.375,27,31,0.47348941628989133,0.15434295811244236,0.9699120817940092,0.8021560960834361,3
UD_English-EWT,24,0.375,28,0,0.7536166487753609,0.259986809926457,1.3893973295303752,0.7109693096431552,3
UD_English-EWT,24,0.375,28,1,0.5382767162236549,0.1740012330152366,1.4284064343440022,0.8149083656664321,3
UD_English-EWT,24,0.375,28,2,0.9284160600225349,0.3138965802684508,1.4412548229614026,0.6751795670726694,3
UD_English-EWT,24,0.375,28,3,1.2165199155853095,0.4122661457741413,1.8239954569137813,0.6252464440690255,3
UD_English-EWT,24,0.375,28,4,0.6227576062999299,0.20523976979400618,1.3580099430159143,0.7787525489220636,3
UD_English-EWT,24,0.375,28,5,0.6582394139790307,0.2208773169313678,1.0573454227006718,0.7399202328996363,3
UD_English-EWT,24,0.375,28,6,1.0237381966591208,0.34901663450989023,1.755078692362391,0.6913029102774808,3
UD_English-EWT,24,0.375,28,7,1.4231186937167564,0.48252303990618567,1.77443426928885,0.4876754684492484,3
UD_English-EWT,24,0.375,28,8,0.5190283443375011,0.16885997960937696,1.2601508600722138,0.806202256750105,3
UD_English-EWT,24,0.375,28,9,1.155780357666626,0.3866918292744781,1.759779263280997,0.6440063985183374,3
UD_English-EWT,24,0.375,28,10,0.8216695636646562,0.2811833725858799,0.9650128781252655,0.5738869150710345,3
UD_English-EWT,24,0.375,28,11,1.0541022743873691,0.3535568936200361,1.5807305168638681,0.6551386686228555,3
UD_English-EWT,24,0.375,28,12,0.6213875530060307,0.20184918265036544,1.4110567692348324,0.7761739387375409,3
UD_English-EWT,24,0.375,28,13,1.3038825264950376,0.43616107142851,1.7972543232807914,0.536853291213051,3
UD_English-EWT,24,0.375,28,14,1.1440632156756296,0.39050537921515427,1.821554339648596,0.6616253157185291,3
UD_English-EWT,24,0.375,28,15,0.5394614438165,0.17655333357936073,1.251832089551431,0.8000545868945252,3
UD_English-EWT,24,0.375,28,16,0.6277853891979529,0.20684583731613146,1.3185621191406511,0.7712401041594794,3
UD_English-EWT,24,0.375,28,17,0.8009880464557959,0.2695881103340177,1.3236117488916672,0.702907648541454,3
UD_English-EWT,24,0.375,28,18,0.9601698157009423,0.3210611927284026,1.4338381892996406,0.6677456814897517,3
UD_English-EWT,24,0.375,28,19,0.6114001960234076,0.1988890229703991,1.392289152002481,0.78971409895381,3
UD_English-EWT,24,0.375,28,20,0.9517246636210895,0.3247980168241946,1.6513511502270488,0.7008765671531142,3
UD_English-EWT,24,0.375,28,21,0.8331643906243839,0.27643031020647085,1.5147526730496592,0.7156932940180728,3
UD_English-EWT,24,0.375,28,22,0.6851644293729128,0.22780119556974354,1.183660172631723,0.7472821141445571,3
UD_English-EWT,24,0.375,28,23,1.6720074561775708,0.5744709448519083,1.8594271162277145,0.3764616196910649,3
UD_English-EWT,24,0.375,28,24,0.5093163369148834,0.16640539140608468,1.1639454531023627,0.8066461538329368,3
UD_English-EWT,24,0.375,28,25,1.6865709299706804,0.5735247897795098,1.8454693858469335,0.30188628119197697,3
UD_English-EWT,24,0.375,28,26,1.0389665697441728,0.3563326314661672,1.282604279658182,0.5445248405830782,3
UD_English-EWT,24,0.375,28,27,0.5198787113037537,0.1667239913273304,1.435390704126523,0.8236651297502613,3
UD_English-EWT,24,0.375,28,28,1.3455629836910408,0.45755092836305744,1.8236144043111626,0.523847361697471,3
UD_English-EWT,24,0.375,28,29,0.7088156188168107,0.2304866432241132,1.4711445152678124,0.7591888190727198,3
UD_English-EWT,24,0.375,28,30,0.9427383060962341,0.3187798568215527,1.4696263418632995,0.6777703830860352,3
UD_English-EWT,24,0.375,28,31,0.4547365744189378,0.15229718768986142,1.1678592186176875,0.8113058305910377,3
UD_English-EWT,24,0.375,29,0,0.9630578535393505,0.3261023173906004,1.3511487709422798,0.6668226919077568,3
UD_English-EWT,24,0.375,29,1,0.44976289503154204,0.14192865799284646,1.3685010039673369,0.8304368126424935,3
UD_English-EWT,24,0.375,29,2,1.1437378718173352,0.3879008286976966,1.9022916650674382,0.6750629050674117,3
UD_English-EWT,24,0.375,29,3,0.5800698793634013,0.18955034027741255,1.2826594304334107,0.7912259774455608,3
UD_English-EWT,24,0.375,29,4,1.099518521392009,0.3709708608836207,1.6176001387079992,0.6239057404950995,3
UD_English-EWT,24,0.375,29,5,1.12865974845022,0.3802621575150442,1.559319652426981,0.5568989658073432,3
UD_English-EWT,24,0.375,29,6,0.38386271756951557,0.12110742991972538,1.173337275289569,0.848985211431763,3
UD_English-EWT,24,0.375,29,7,0.6945815432090686,0.23363433301937384,1.150221728114157,0.6980551290707511,3
UD_English-EWT,24,0.375,29,8,0.8650405090030805,0.2859662081978414,1.514180623972025,0.7049307866541089,3
UD_English-EWT,24,0.375,29,9,1.6593434777524736,0.5699995059947498,1.930111426310461,0.4113208076226201,3
UD_English-EWT,24,0.375,29,10,1.7304862406518724,0.5935127473349779,1.7968924762121314,0.25933894600366364,3
UD_English-EWT,24,0.375,29,11,0.46010240668156105,0.14805011557014777,1.248171663573368,0.8314554837747784,3
UD_English-EWT,24,0.375,29,12,1.4190012734308703,0.48077578993958636,2.0291178567107693,0.5735033632261181,3
UD_English-EWT,24,0.375,29,13,0.9444264512312325,0.31926071999394395,1.6371414188044533,0.7158298818275793,3
UD_English-EWT,24,0.375,29,14,0.8616796668435707,0.29440214325468617,0.961228441290951,0.5702180192553064,3
UD_English-EWT,24,0.375,29,15,1.811695431805265,0.6261084242868077,1.7830849115368663,0.2085413742023359,3
UD_English-EWT,24,0.375,29,16,0.43726146794373816,0.13682692197451743,1.3782064241844012,0.8449420913008936,3
UD_English-EWT,24,0.375,29,17,0.7748594737878046,0.25733763398178505,1.5637661158590694,0.7433522608952227,3
UD_English-EWT,24,0.375,29,18,1.2628131682538377,0.4320779723507133,1.8145821266595565,0.615427321396456,3
UD_English-EWT,24,0.375,29,19,1.28323187205418,0.43902638462288995,1.828090806367836,0.6076477596091823,3
UD_English-EWT,24,0.375,29,20,1.041290754781449,0.34802209646805765,1.6013865976141453,0.6584123166071044,3
UD_English-EWT,24,0.375,29,21,1.303887846189227,0.44675035681066616,1.8880144154656346,0.6089224436359382,3
UD_English-EWT,24,0.375,29,22,0.5505525624270947,0.17918143148376234,1.4838745564710898,0.8181369771777173,3
UD_English-EWT,24,0.375,29,23,1.2542760348140867,0.4207253350531903,1.9141888996562455,0.5995281217026037,3
UD_English-EWT,24,0.375,29,24,1.1935485349543977,0.40236727728462607,1.7346080238973292,0.6226299484828673,3
UD_English-EWT,24,0.375,29,25,0.4360090426978518,0.14229388347231461,1.1968382384682341,0.8243047993202678,3
UD_English-EWT,24,0.375,29,26,1.3106423501597078,0.4485618340798088,1.8345080364651585,0.5930740299867042,3
UD_English-EWT,24,0.375,29,27,0.5170321958003827,0.1670502918799542,1.3263726327534364,0.8112086449598789,3
UD_English-EWT,24,0.375,29,28,1.1779395707752318,0.39675436817951,1.8909935069377306,0.6625720124440658,3
UD_English-EWT,24,0.375,29,29,0.7876279070186268,0.2700647984263241,0.8510162529208186,0.48258661976820344,3
UD_English-EWT,24,0.375,29,30,1.9216371691074963,0.6567012530044128,2.136881313905907,0.36868527006418983,3
UD_English-EWT,24,0.375,29,31,0.6214116452285555,0.20642058617979941,1.3160547887556975,0.7793923077226119,3
UD_English-EWT,24,0.375,30,0,0.5000907324512366,0.1611537002658943,1.2340852936393902,0.8065101731507505,3
UD_English-EWT,24,0.375,30,1,0.923771391000144,0.31285337406890856,1.2637332983328562,0.645834415581057,3
UD_English-EWT,24,0.375,30,2,1.7761854037561051,0.6099018809845321,1.8507455158266213,0.27888632884320336,3
UD_English-EWT,24,0.375,30,3,0.6702073207362563,0.21907812699790916,1.4682638051500627,0.774729725977708,3
UD_English-EWT,24,0.375,30,4,1.2065745583567462,0.4055582151386907,1.8805916005362144,0.6481533892696998,3
UD_English-EWT,24,0.375,30,5,0.8804164297186613,0.29668149808065486,1.442449459504126,0.6905364313642943,3
UD_English-EWT,24,0.375,30,6,0.6525064515787938,0.21908937222434577,1.4479792397096076,0.7709193015996983,3
UD_English-EWT,24,0.375,30,7,1.468526510484449,0.5045068728820657,1.6614341608813552,0.4472662390689815,3
UD_English-EWT,24,0.375,30,8,0.4641041350839337,0.14885703865854316,1.2680137043476158,0.8212779384031755,3
UD_English-EWT,24,0.375,30,9,1.7575016382722037,0.6042841149999578,1.818258495034416,0.30589590612832857,3
UD_English-EWT,24,0.375,30,10,1.2719528945145928,0.43332171752261767,1.7285686797023037,0.5737956648655168,3
UD_English-EWT,24,0.375,30,11,0.8545363196774041,0.29118961612532807,1.3963686656376486,0.6654381815120171,3
UD_English-EWT,24,0.375,30,12,1.9360005574636772,0.6634214392206709,1.9821369509553648,0.2244742142803329,3
UD_English-EWT,24,0.375,30,13,0.5362063179942754,0.1779622045432121,1.0434482697268546,0.767601420794137,3
UD_English-EWT,24,0.375,30,14,1.2593083247569525,0.4307160031437222,1.7230237167606806,0.5914616013091661,3
UD_English-EWT,24,0.375,30,15,0.8268018085611323,0.27529152197753143,1.1928728999661617,0.6865846834846098,3
UD_English-EWT,24,0.375,30,16,0.7769431122502343,0.2640164761900739,1.2101655065443346,0.7041844803507428,3
UD_English-EWT,24,0.375,30,17,0.8780644580599715,0.2999865808108574,1.015853708287623,0.577233369504602,3
UD_English-EWT,24,0.375,30,18,0.781018970374744,0.2648057704723571,1.3691372711937502,0.6954406587702167,3
UD_English-EWT,24,0.375,30,19,0.5144156271995525,0.17137182637614848,1.0806768284618637,0.7820687222621915,3
UD_English-EWT,24,0.375,30,20,0.3416451376331427,0.10701495697251089,1.0295249499840313,0.8600497761222182,3
UD_English-EWT,24,0.375,30,21,0.9341520774424185,0.3173380113785276,1.3597057251249505,0.6615678686886103,3
UD_English-EWT,24,0.375,30,22,0.38421765027036775,0.12135117942232382,1.1236981894491826,0.8421752395715654,3
UD_English-EWT,24,0.375,30,23,0.9372824436572732,0.32205242943357953,1.5731371058276657,0.6977393983817491,3
UD_English-EWT,24,0.375,30,24,0.8725181328495778,0.2924975711200895,1.2329271592077662,0.65116021978942,3
UD_English-EWT,24,0.375,30,25,0.6974298666114281,0.22893695153536883,1.4313227484555735,0.7746779667807299,3
UD_English-EWT,24,0.375,30,26,2.259154851129363,0.7733885934389789,2.2567163269376493,0.12873149555403815,3
UD_English-EWT,24,0.375,30,27,1.3248558825048158,0.46190081845514325,1.8083957605376053,0.5594434090101165,3
UD_English-EWT,24,0.375,30,28,0.6197289535979348,0.20060174651901985,1.3683536756301946,0.773438288933701,3
UD_English-EWT,24,0.375,30,29,0.6386276565098589,0.2090451262368802,1.3934286227331025,0.7750745911578663,3
UD_English-EWT,24,0.375,30,30,0.5201715271443278,0.16822790124755563,1.3330147670266406,0.809419401926421,3
UD_English-EWT,24,0.375,30,31,1.4911239303526331,0.5104349304621663,1.7772424940040203,0.4435052653343734,3
UD_English-EWT,24,0.375,31,0,2.128866810453394,0.7345025164562062,2.1303704405960056,0.020082345685451603,3
UD_English-EWT,24,0.375,31,1,1.3830330076004855,0.4879770018024631,1.3161608489919014,0.039884808807744504,3
UD_English-EWT,24,0.375,31,2,2.3651069926542445,0.8103412077889417,2.3513239211180603,0.014164097634437179,3
UD_English-EWT,24,0.375,31,3,1.8137434406141548,0.6315183002902076,1.7900897580960626,0.009479732527288369,3
UD_English-EWT,24,0.375,31,4,1.9199319441678961,0.6667624863173357,1.9160742931244368,0.011338853981712124,3
UD_English-EWT,24,0.375,31,5,1.2998205079461274,0.44509107125532865,1.285576732513683,0.019691660229291832,3
UD_English-EWT,24,0.375,31,6,1.1774903540321386,0.4080773216751972,1.162024056365907,0.004558378738747805,3
UD_English-EWT,24,0.375,31,7,1.9922733992501034,0.6905784266296848,1.9766245957443622,0.015044787235368035,3
UD_English-EWT,24,0.375,31,8,2.0577555286048326,0.7089995052563688,2.04062954945751,0.009336965593071705,3
UD_English-EWT,24,0.375,31,9,1.683399523406515,0.5980993805076581,1.624011397904603,0.0335317800567222,3
UD_English-EWT,24,0.375,31,10,2.185414672169312,0.7541122936621606,2.1693247953507853,0.08466280439787142,3
UD_English-EWT,24,0.375,31,11,2.0607362508448097,0.7104336883200973,2.04635897018219,0.009644462022952013,3
UD_English-EWT,24,0.375,31,12,1.657940212956109,0.5819631647759665,1.6228672814553768,0.03516943318445324,3
UD_English-EWT,24,0.375,31,13,1.9706316029276352,0.678552497714378,1.9516433601442367,0.015702487135433017,3
UD_English-EWT,24,0.375,31,14,2.41800337704153,0.8307109356523646,2.4029636233773606,0.009709258001301528,3
UD_English-EWT,24,0.375,31,15,1.9973591730704292,0.6903925355802034,2.072092336383674,0.09526632455744204,3
UD_English-EWT,24,0.375,31,16,2.030174301757404,0.7013313059096236,1.983580135229724,0.026885968309249098,3
UD_English-EWT,24,0.375,31,17,1.4573718756437302,0.5042226514719658,1.4320009110295275,0.008616417281868027,3
UD_English-EWT,24,0.375,31,18,1.8628503283407738,0.6495674262824171,1.8415158999802201,0.009167527973776783,3
UD_English-EWT,24,0.375,31,19,1.5907671588908994,0.5584349791249617,1.560459694060037,0.011215645492656618,3
UD_English-EWT,24,0.375,31,20,1.6028195115549317,0.5670480561223837,1.5489863274255953,0.024516492563531816,3
UD_English-EWT,24,0.375,31,21,2.1456186976046294,0.739321604968203,2.1231826491423207,0.010042451728498589,3
UD_English-EWT,24,0.375,31,22,1.1575443518156345,0.4087453543332377,1.0797629499492423,0.09487824690504253,3
UD_English-EWT,24,0.375,31,23,1.0617230142074856,0.3743628772935798,1.013068010273961,0.039245927262646675,3
UD_English-EWT,24,0.375,31,24,2.3276076383332303,0.7917578661973793,2.4191068677954335,0.09242755659849117,3
UD_English-EWT,24,0.375,31,25,2.2845027170980345,0.7866530549357931,2.2606425251682816,0.018788933584287713,3
UD_English-EWT,24,0.375,31,26,1.9280759303784762,0.6686158219864677,1.8913153839621604,0.019887868967697148,3
UD_English-EWT,24,0.375,31,27,1.4968019357198792,0.5180187696261919,1.4961415152515,0.01570817564007138,3
UD_English-EWT,24,0.375,31,28,1.5710230463732353,0.5481600653115518,1.5452015972908295,0.009361824559044956,3
UD_English-EWT,24,0.375,31,29,2.041366646035773,0.7073780534914499,2.0030094619928596,0.017413658312110922,3
UD_English-EWT,24,0.375,31,30,2.0529982562707856,0.713932283792665,2.024476923984908,0.013904476344672572,3
UD_English-EWT,24,0.375,31,31,1.8104555442359278,0.6270849447297051,1.7842813607556354,0.013832346034270818,3
UD_English-EWT,32,0.5,0,0,2.024890173409806,0.6885572817509074,1.929409311972355,0.15745276561895816,3
UD_English-EWT,32,0.5,0,1,2.7108113825972615,0.9208484163918348,2.758955861484201,0.14312433583393883,3
UD_English-EWT,32,0.5,0,2,2.8307101049058425,0.9658552340905305,2.7778328417754565,0.11439239007517532,3
UD_English-EWT,32,0.5,0,3,2.7483348451785488,0.9351960214055084,2.7910697476459982,0.20907066617235678,3
UD_English-EWT,32,0.5,0,4,2.3223192227397025,0.779303483488564,2.375417574778715,0.048636639392332516,3
UD_English-EWT,32,0.5,0,5,2.7588787392623217,0.9397822344617982,2.719406667899998,0.07316454627147395,3
UD_English-EWT,32,0.5,0,6,2.377094538159709,0.8062462226397787,2.304047160189877,0.0802822102519441,3
UD_English-EWT,32,0.5,0,7,2.46516542855942,0.8361532858594952,2.5519350897961846,0.2748818505378966,3
UD_English-EWT,32,0.5,0,8,2.4419451302192248,0.8360802026394287,2.3710481267157797,0.055689633913628266,3
UD_English-EWT,32,0.5,0,9,2.1606921830735355,0.7331126255198689,2.0442058868122666,0.12865772878645984,3
UD_English-EWT,32,0.5,0,10,2.5803605836217307,0.8765401788639458,2.638633964790238,0.19409740031637482,3
UD_English-EWT,32,0.5,0,11,2.6055427999770053,0.8828453495691383,2.5726417894517573,0.011435999934525926,3
UD_English-EWT,32,0.5,0,12,2.6492223261375463,0.903324702615512,2.590870363871908,0.09805473340047567,3
UD_English-EWT,32,0.5,0,13,2.8211153200632455,0.9631034892547761,2.786075004354418,0.13455098078591252,3
UD_English-EWT,32,0.5,0,14,2.5788389900885864,0.8837937938222469,2.495297098366072,0.10069475948423799,3
UD_English-EWT,32,0.5,0,15,2.7226530586544064,0.9339034816009316,2.6556382241687704,0.055800751898626884,3
UD_English-EWT,32,0.5,0,16,2.378735854407477,0.8124811372606047,2.3041745621867085,0.1307810349050631,3
UD_English-EWT,32,0.5,0,17,2.574932924222425,0.8789893262264724,2.4937404041570392,0.054552584984942,3
UD_English-EWT,32,0.5,0,18,2.311805067438028,0.7931583455351533,2.2208739946068743,0.058019399738154676,3
UD_English-EWT,32,0.5,0,19,2.280536697699073,0.7755931772712367,2.2031043767929077,0.1929232435884507,3
UD_English-EWT,32,0.5,0,20,2.552052872265623,0.872873515352091,2.498268458306898,0.10726010682186848,3
UD_English-EWT,32,0.5,0,21,2.8464755108664814,0.9728221032625991,2.806824800366695,0.11597117720271898,3
UD_English-EWT,32,0.5,0,22,2.092608396717108,0.7124782432895324,1.995532760094641,0.08434835639833142,3
UD_English-EWT,32,0.5,0,23,2.521032706473043,0.855927974067099,2.4742838912160017,0.14615485750016619,3
UD_English-EWT,32,0.5,0,24,2.748167903208342,0.9362836982274533,2.690302958308239,0.10990348334368216,3
UD_English-EWT,32,0.5,0,25,2.7330060436751675,0.9371133390780138,2.6626287153184087,0.08379014719284829,3
UD_English-EWT,32,0.5,0,26,2.0379794148256654,0.695150010966321,2.0031741711231312,0.01014092873783192,3
UD_English-EWT,32,0.5,0,27,2.7017670207010593,0.9190809335050688,2.670150905087563,0.14641889685914192,3
UD_English-EWT,32,0.5,0,28,2.2811897056133152,0.7756791454086756,2.266699384253316,0.1939054348299073,3
UD_English-EWT,32,0.5,0,29,1.4107618632239507,0.46616940367254406,1.9734521860253398,0.5953701677170661,3
UD_English-EWT,32,0.5,0,30,2.510656627828089,0.8534870014707465,2.441627540467867,0.06072542230803893,3
UD_English-EWT,32,0.5,0,31,2.6293444076522454,0.890875093489614,2.7090785505015993,0.1236604880685757,3
UD_English-EWT,32,0.5,1,0,2.280369079666711,0.7816057745604784,2.263589977593804,0.07339972749399955,3
UD_English-EWT,32,0.5,1,1,2.25729174730122,0.7693629408143258,2.193437623358815,0.15529158969116286,3
UD_English-EWT,32,0.5,1,2,2.60809756031019,0.8940982702434171,2.560920834324182,0.07422097664935436,3
UD_English-EWT,32,0.5,1,3,2.4488246387688406,0.8407896656156238,2.364300354962358,0.12982687068414386,3
UD_English-EWT,32,0.5,1,4,2.0945642318013373,0.7188965534631889,2.0279352597634435,0.22781174401252213,3
UD_English-EWT,32,0.5,1,5,2.5071932212576837,0.8584966042871249,2.432886840052943,0.14064540541332168,3
UD_English-EWT,32,0.5,1,6,2.214630184006387,0.7625784594124566,2.1717728739010616,0.07532925865246502,3
UD_English-EWT,32,0.5,1,7,2.1343725526159147,0.7304422824706318,2.1248842944647226,0.24052397784130655,3
UD_English-EWT,32,0.5,1,8,2.2869081981412265,0.7857968730407552,2.308329549046379,0.25812083196390306,3
UD_English-EWT,32,0.5,1,9,2.233410884773796,0.7692099639192523,2.138433215586648,0.10299091331087366,3
UD_English-EWT,32,0.5,1,10,2.2799037667788657,0.7779453799861376,2.2853735159872226,0.17737117230990573,3
UD_English-EWT,32,0.5,1,11,2.0680379603187027,0.7038280834157176,2.240081219128138,0.37663942798022143,3
UD_English-EWT,32,0.5,1,12,2.5561581401659925,0.8770099672571993,2.48335288212599,0.13448009255404952,3
UD_English-EWT,32,0.5,1,13,2.3012223324597643,0.7914686508626018,2.201215986264208,0.12500418875814298,3
UD_English-EWT,32,0.5,1,14,2.470224473265785,0.8500811522232814,2.40580691682185,0.15141658900892582,3
UD_English-EWT,32,0.5,1,15,1.9581593240870803,0.6726628966181657,1.9078544013215761,0.07423909801314628,3
UD_English-EWT,32,0.5,1,16,2.1991229430791024,0.7522316348954411,2.1869506761024557,0.1167388668602743,3
UD_English-EWT,32,0.5,1,17,2.201328190243744,0.7539488350487363,2.255060535256763,0.1249851772730461,3
UD_English-EWT,32,0.5,1,18,1.8448752394465149,0.6242941556895366,1.7853890613182866,0.3011094117180897,3
UD_English-EWT,32,0.5,1,19,2.108902989243766,0.7227810224440145,2.0807277111299265,0.06942439517209846,3
UD_English-EWT,32,0.5,1,20,2.401593877263842,0.8216890681853929,2.3150206288027633,0.13128523773026868,3
UD_English-EWT,32,0.5,1,21,2.226931322142075,0.7661553189457005,2.174461517883346,0.2185196148126449,3
UD_English-EWT,32,0.5,1,22,1.4343186875835794,0.5055554678802716,1.4300107827549207,0.025135218095122785,3
UD_English-EWT,32,0.5,1,23,2.234633828012887,0.7610036271788818,2.27327850859999,0.15841900615550863,3
UD_English-EWT,32,0.5,1,24,1.870918790933647,0.6478385094465019,1.8001336584542835,0.06767620395729912,3
UD_English-EWT,32,0.5,1,25,1.8079559889050347,0.6213638448514356,1.8162919726962385,0.07044674195743629,3
UD_English-EWT,32,0.5,1,26,2.0197619530346875,0.6902756561781321,2.030228294418592,0.2788918960215236,3
UD_English-EWT,32,0.5,1,27,1.5218820224477076,0.5347238122765484,1.4733203877788206,0.08286719404810697,3
UD_English-EWT,32,0.5,1,28,1.9251621810139203,0.6662766378922541,1.8748412740252274,0.07832284240248887,3
UD_English-EWT,32,0.5,1,29,2.243799988526464,0.7692648118365223,2.144275581141856,0.14624837746433167,3
UD_English-EWT,32,0.5,1,30,2.4408839355292433,0.8343469598797068,2.421773273816743,0.2072361845485798,3
UD_English-EWT,32,0.5,1,31,2.5195018003655694,0.8677917095969935,2.445168185972342,0.12276474052093557,3
UD_English-EWT,32,0.5,2,0,1.060347301413887,0.36866906899382074,1.1687688320223752,0.5802334419609418,3
UD_English-EWT,32,0.5,2,1,0.6192539900656661,0.20948522605802625,1.0738227590307838,0.7062092756068772,3
UD_English-EWT,32,0.5,2,2,1.2110463157431892,0.4248267438513768,1.0943462065605951,0.43534141472237137,3
UD_English-EWT,32,0.5,2,3,0.6616346458200439,0.22447956839783326,0.9882700270642348,0.6671456302938564,3
UD_English-EWT,32,0.5,2,4,1.0584410840614897,0.3672498321951196,1.36664906222855,0.6040639100911839,3
UD_English-EWT,32,0.5,2,5,1.16593298031007,0.40837780446601263,1.2214823512594557,0.5458696861301832,3
UD_English-EWT,32,0.5,2,6,1.3271191992232056,0.4642558838622492,1.5611548501394268,0.5452665170902329,3
UD_English-EWT,32,0.5,2,7,1.2077485059806992,0.41612986606869756,1.5003095093592052,0.5727136724972878,3
UD_English-EWT,32,0.5,2,8,1.0569592695445744,0.36700984338919324,1.2692028676822973,0.5940384470564203,3
UD_English-EWT,32,0.5,2,9,0.9572305726956148,0.3269840181281007,1.3131266322889397,0.6273005533495236,3
UD_English-EWT,32,0.5,2,10,0.8842381665615436,0.3050769227293943,1.1714174909914126,0.6484651416404433,3
UD_English-EWT,32,0.5,2,11,1.1841903426336677,0.40848426332184956,1.4129491319476148,0.5644296844691744,3
UD_English-EWT,32,0.5,2,12,1.0363471470026804,0.3587836065483983,1.2530490265843648,0.5973835083739137,3
UD_English-EWT,32,0.5,2,13,0.9969154452609885,0.3463409747317678,1.15207057968732,0.6109952002845175,3
UD_English-EWT,32,0.5,2,14,1.0644526827015077,0.36734396366500893,1.3836475620504285,0.6042139387955866,3
UD_English-EWT,32,0.5,2,15,0.8976377605075502,0.29994499075730313,1.3077878023350173,0.6462755268660182,3
UD_English-EWT,32,0.5,2,16,1.0817710118324162,0.3784763689521015,1.2737626507742592,0.5901425976326556,3
UD_English-EWT,32,0.5,2,17,0.9967870609003554,0.342400211823904,1.0943861053561035,0.576475017505591,3
UD_English-EWT,32,0.5,2,18,0.8615999318971443,0.29617748891626006,1.0639020776433805,0.6359817317410462,3
UD_English-EWT,32,0.5,2,19,1.0587914036569916,0.36730893218180743,1.2388529758527196,0.5908107861116502,3
UD_English-EWT,32,0.5,2,20,0.87685662532439,0.30114009812514964,1.180687576478079,0.6432683875814813,3
UD_English-EWT,32,0.5,2,21,0.6476749232910805,0.21846815250739318,0.9985526991102214,0.7131300094131997,3
UD_English-EWT,32,0.5,2,22,0.7893806852210306,0.2654460962413927,1.2614601305626563,0.6908860714980597,3
UD_English-EWT,32,0.5,2,23,0.873803033739437,0.29203498234229336,1.367082513570243,0.6726701638249101,3
UD_English-EWT,32,0.5,2,24,1.0778395400835517,0.3762840502479798,1.1731315532831548,0.5744354344076581,3
UD_English-EWT,32,0.5,2,25,0.6447133782144996,0.21190919753211554,1.219016304731586,0.7057668846813056,3
UD_English-EWT,32,0.5,2,26,0.6882612999928996,0.235038038120963,1.0769141601951613,0.6867455906609585,3
UD_English-EWT,32,0.5,2,27,1.092563463412293,0.3669686039166698,1.5571661954694758,0.6232399411078794,3
UD_English-EWT,32,0.5,2,28,0.9507961433333344,0.32699051874610024,1.320077829293649,0.6324960756470163,3
UD_English-EWT,32,0.5,2,29,1.219429566397693,0.41883050634751334,1.6023988985407331,0.5693687190028597,3
UD_English-EWT,32,0.5,2,30,1.2612189257514064,0.44048530581951795,1.2442662577757202,0.5000100674714981,3
UD_English-EWT,32,0.5,2,31,1.0159436158958028,0.34984656899000344,1.3261671402035298,0.6152902895717022,3
UD_English-EWT,32,0.5,3,0,0.8044917895467121,0.27368988673828665,1.4172884991803023,0.7170525781118154,3
UD_English-EWT,32,0.5,3,1,0.5587294308607804,0.18704315664955773,1.2358050277704316,0.7677376107439969,3
UD_English-EWT,32,0.5,3,2,0.8879155873410906,0.30471778654566334,1.2598629065115812,0.6769629568540116,3
UD_English-EWT,32,0.5,3,3,0.7661040412068693,0.25600638717942226,1.4031930713759964,0.7204813754460851,3
UD_English-EWT,32,0.5,3,4,0.6673962106361633,0.2243875080570307,1.2206270157178025,0.7414129640235275,3
UD_English-EWT,32,0.5,3,5,0.8332865543812785,0.28205239362607565,1.2974042492784654,0.6927003126679656,3
UD_English-EWT,32,0.5,3,6,1.1973481709459874,0.4152514707358157,1.274364477678292,0.523604198299579,3
UD_English-EWT,32,0.5,3,7,0.7334586160566202,0.2501995941498512,1.3213105671962753,0.7230058251617167,3
UD_English-EWT,32,0.5,3,8,0.5783363271823564,0.1919995349898039,1.1849089868516,0.7706215005564777,3
UD_English-EWT,32,0.5,3,9,0.8502223319823571,0.27796612335759163,1.4993299125186514,0.716962666065858,3
UD_English-EWT,32,0.5,3,10,0.8541901423197191,0.2930254374676552,1.119724810829145,0.6737079934534261,3
UD_English-EWT,32,0.5,3,11,0.8906672188303076,0.30190308678060607,1.322701419284652,0.68090951104796,3
UD_English-EWT,32,0.5,3,12,0.735049334637997,0.24805840991695285,1.2497406221641219,0.7228449863569985,3
UD_English-EWT,32,0.5,3,13,0.7767689953166279,0.26528549585525346,1.2563072082964883,0.7066469722866794,3
UD_English-EWT,32,0.5,3,14,0.8171456332008044,0.27887824106832565,1.198751296624134,0.6908663093283746,3
UD_English-EWT,32,0.5,3,15,0.9369438668824936,0.3231481699805659,1.2835692453362686,0.6535980580527274,3
UD_English-EWT,32,0.5,3,16,0.9526011396762669,0.3264650984485727,1.3904790712184594,0.665545845292305,3
UD_English-EWT,32,0.5,3,17,0.5782882885970108,0.19026201170867477,1.2525194730670723,0.7777417934141742,3
UD_English-EWT,32,0.5,3,18,0.8693650897544808,0.29508498780945064,1.3551409042055271,0.674189791314046,3
UD_English-EWT,32,0.5,3,19,0.9083547289797083,0.3132980952008826,1.1867270603477411,0.6739846535692015,3
UD_English-EWT,32,0.5,3,20,0.8854819015211312,0.30199110819423786,1.3001155227097005,0.6837954986399423,3
UD_English-EWT,32,0.5,3,21,0.8708635341640704,0.2871837700074216,1.4934319906574565,0.7027346072192618,3
UD_English-EWT,32,0.5,3,22,1.0096431267337505,0.34651502066432666,1.3919428768542295,0.6412177057919823,3
UD_English-EWT,32,0.5,3,23,0.7075300911451624,0.23893571638744762,1.252229066046535,0.7329539542505433,3
UD_English-EWT,32,0.5,3,24,0.8193570595974262,0.2797924116633846,1.2526387787798932,0.6988429507488328,3
UD_English-EWT,32,0.5,3,25,0.6308048460768275,0.2053328983058206,1.228116120905607,0.7557775376191556,3
UD_English-EWT,32,0.5,3,26,0.8168757536969332,0.2759837503655252,1.1011879402458777,0.6847521312168388,3
UD_English-EWT,32,0.5,3,27,0.6721384632579289,0.2210738291566978,1.2680227182574828,0.7409330737151084,3
UD_English-EWT,32,0.5,3,28,0.6476814852236942,0.2138476215289373,1.2741841191666807,0.7615182573053789,3
UD_English-EWT,32,0.5,3,29,0.7442876908704231,0.2454869110876854,1.4045767486502563,0.7310344214756416,3
UD_English-EWT,32,0.5,3,30,0.8226365104304093,0.2738208917286824,1.326055656134648,0.6842607228808064,3
UD_English-EWT,32,0.5,3,31,0.5355855670701611,0.18232280681442423,0.6523956975175275,0.785192146015189,3
UD_English-EWT,32,0.5,4,0,1.2304780188208286,0.42820653126648,1.2512649382127004,0.5200353034098509,3
UD_English-EWT,32,0.5,4,1,0.9615425722358005,0.3161290475219922,1.5335267176393603,0.6753971171183665,3
UD_English-EWT,32,0.5,4,2,0.8770476548248846,0.2881328384875437,1.5275245268705329,0.6852949980395305,3
UD_English-EWT,32,0.5,4,3,0.9875682400766834,0.3412731503949031,1.2068715272488273,0.6230430628812595,3
UD_English-EWT,32,0.5,4,4,1.2936632686136849,0.44665795053017815,1.6493073548775552,0.5828538181596116,3
UD_English-EWT,32,0.5,4,5,1.0585362474639342,0.353154164448869,1.645738091543724,0.6594660091052724,3
UD_English-EWT,32,0.5,4,6,1.0332580325626284,0.35257606316893914,1.3561242843531953,0.6283245752743685,3
UD_English-EWT,32,0.5,4,7,1.0859319650193164,0.3737341420341602,1.4667613668085664,0.6226237916501276,3
UD_English-EWT,32,0.5,4,8,0.8287177519407972,0.2822461632031181,1.3269070258367475,0.6818849010518556,3
UD_English-EWT,32,0.5,4,9,1.002331743800575,0.3393581439766402,1.5253896818569233,0.6602996321622356,3
UD_English-EWT,32,0.5,4,10,0.9488764317987829,0.32377548862540434,1.3767281874932877,0.66870742908701,3
UD_English-EWT,32,0.5,4,11,1.038461466711727,0.3567085288200385,1.320609337998001,0.616610272734923,3
UD_English-EWT,32,0.5,4,12,0.8397865334359458,0.2805585382211078,1.4618775976893028,0.7045029901198786,3
UD_English-EWT,32,0.5,4,13,0.8787497986169135,0.2971780361142858,1.389179593783367,0.6941846363612862,3
UD_English-EWT,32,0.5,4,14,0.9278883810998204,0.30958933936930744,1.5333687612729212,0.6781513627571053,3
UD_English-EWT,32,0.5,4,15,0.9051988826206255,0.30670496741333514,1.321789725352832,0.6699164776039904,3
UD_English-EWT,32,0.5,4,16,1.0218854544918394,0.34514326046480504,1.514273421279068,0.6572977741043641,3
UD_English-EWT,32,0.5,4,17,0.8500302693448649,0.2804541625065529,1.3600400285167664,0.6903120657269638,3
UD_English-EWT,32,0.5,4,18,1.1966816285295998,0.4122004869287131,1.519344262113771,0.5864317974513346,3
UD_English-EWT,32,0.5,4,19,1.0158271900902356,0.34381290627660427,1.4701264325549692,0.6531721750623759,3
UD_English-EWT,32,0.5,4,20,0.8507254940605229,0.28536149761376595,1.4263952406757732,0.7014139074363994,3
UD_English-EWT,32,0.5,4,21,0.9427008491606607,0.3077853977093252,1.5941751828257722,0.6972362293653149,3
UD_English-EWT,32,0.5,4,22,1.195351239205601,0.407859434012344,1.5827585801020778,0.601152633505115,3
UD_English-EWT,32,0.5,4,23,1.0084482289999996,0.3345592349516618,1.578754881474924,0.6701934489748952,3
UD_English-EWT,32,0.5,4,24,0.8029789671926116,0.27115341268126975,1.2764196703532789,0.7053330253355057,3
UD_English-EWT,32,0.5,4,25,1.1929555492160098,0.41138139834970183,1.5116444930217086,0.5905356976205316,3
UD_English-EWT,32,0.5,4,26,1.2976226115867304,0.44137899178624806,1.7148583184771633,0.5760724760646269,3
UD_English-EWT,32,0.5,4,27,0.9594059756436201,0.3290880642804183,1.3344097098094736,0.6448558697609302,3
UD_English-EWT,32,0.5,4,28,0.9620949240818701,0.32697873618894807,1.3627832747439435,0.6501053647699687,3
UD_English-EWT,32,0.5,4,29,1.203603792749006,0.4021684745876271,1.711174466815151,0.6169359264708717,3
UD_English-EWT,32,0.5,4,30,1.0167612909646415,0.3388867060160214,1.4702845622254417,0.6439892272710909,3
UD_English-EWT,32,0.5,4,31,0.7770469006564883,0.26092337091234535,1.2564580229353601,0.7100422608450679,3
UD_English-EWT,32,0.5,5,0,1.4804011460644733,0.5143402785279929,1.7313996806659333,0.48946540443080805,3
UD_English-EWT,32,0.5,5,1,1.0065138571520755,0.33425100795748236,1.6680897974251396,0.6589536513244303,3
UD_English-EWT,32,0.5,5,2,1.4921712581685764,0.5168227411684443,1.836348538190289,0.527172670324752,3
UD_English-EWT,32,0.5,5,3,0.8254809443769342,0.2823195101588096,1.4068719010209776,0.6986293781460526,3
UD_English-EWT,32,0.5,5,4,1.1780320631377466,0.3955274483219522,1.6723263686580518,0.6043071042210243,3
UD_English-EWT,32,0.5,5,5,0.6901888908489262,0.23299945141434777,1.3089640601275179,0.7360037878589987,3
UD_English-EWT,32,0.5,5,6,0.637221203326419,0.21039384659990423,1.2114800093848197,0.7350707096615993,3
UD_English-EWT,32,0.5,5,7,1.5457830163624768,0.5314401248792264,1.6568463741104458,0.40207698901195776,3
UD_English-EWT,32,0.5,5,8,1.388979140960888,0.47801613367971824,1.6529188124099932,0.5162762798545356,3
UD_English-EWT,32,0.5,5,9,1.3604824894764385,0.4741736000067875,1.4952915489999323,0.49159378508183904,3
UD_English-EWT,32,0.5,5,10,1.5307782232381388,0.5267874298172788,1.6980144154612917,0.4501088522238918,3
UD_English-EWT,32,0.5,5,11,1.0029205723999846,0.3432875663645986,1.5640809464867216,0.648362008369577,3
UD_English-EWT,32,0.5,5,12,1.0174158699573008,0.3411038345004176,1.5968944287175255,0.6483257414064012,3
UD_English-EWT,32,0.5,5,13,1.121202473839124,0.37785930384649385,1.671416986265469,0.6289917824548993,3
UD_English-EWT,32,0.5,5,14,1.2827279892612677,0.43961542593026853,1.6475606160357135,0.562657565740234,3
UD_English-EWT,32,0.5,5,15,0.45346234546115927,0.16479369731304425,0.4046972580254078,0.058098013656135844,3
UD_English-EWT,32,0.5,5,16,1.2819422796938589,0.4485602184030853,1.4459241952455326,0.5330608335471219,3
UD_English-EWT,32,0.5,5,17,1.0289850321026666,0.35471232306680395,1.5031961093780557,0.6477950422978792,3
UD_English-EWT,32,0.5,5,18,1.174509733263912,0.40963818347980635,1.2949412670020415,0.5415687364524396,3
UD_English-EWT,32,0.5,5,19,1.008393902406232,0.33669819899636216,1.5355400749243022,0.6508507639753254,3
UD_English-EWT,32,0.5,5,20,1.0308011056946926,0.34311925507199786,1.5528381866808363,0.6375996970142389,3
UD_English-EWT,32,0.5,5,21,1.3577829161302641,0.46705909700341564,1.6509390032573694,0.5511124811944415,3
UD_English-EWT,32,0.5,5,22,1.276001195832137,0.4322691483521505,1.714995087251637,0.5797161419344947,3
UD_English-EWT,32,0.5,5,23,1.0572662102720125,0.3553324222924334,1.6712355012233573,0.6663649030138343,3
UD_English-EWT,32,0.5,5,24,1.2359079470101384,0.43088824510275775,1.5207443739438535,0.5662749386333159,3
UD_English-EWT,32,0.5,5,25,0.6428389382533363,0.21704846925232799,1.3006902241872416,0.7451132427364967,3
UD_English-EWT,32,0.5,5,26,0.7245691024540553,0.24401797632261,1.3081113082680762,0.7201135466808287,3
UD_English-EWT,32,0.5,5,27,0.7191501801769048,0.24331584589077473,1.431616503222827,0.7340385401808064,3
UD_English-EWT,32,0.5,5,28,1.1017907375710692,0.3795388819334285,1.558582028920316,0.6293156725949928,3
UD_English-EWT,32,0.5,5,29,0.9035443935835078,0.30549339614876414,1.4707266684004086,0.666385384463113,3
UD_English-EWT,32,0.5,5,30,1.3129009963276175,0.44197600049209296,1.7158964875345888,0.5676774856768453,3
UD_English-EWT,32,0.5,5,31,0.9214841585117775,0.3047460915676856,1.5323427741726239,0.6685611568052043,3
UD_English-EWT,32,0.5,6,0,1.208700638108349,0.41349775347526174,1.7355731545738837,0.6123441171667832,3
UD_English-EWT,32,0.5,6,1,1.1039973372535845,0.3766923415218438,1.5544528265386983,0.6014386514076228,3
UD_English-EWT,32,0.5,6,2,0.8301238091849129,0.2787476639468596,1.5100881856185928,0.6943113462141085,3
UD_English-EWT,32,0.5,6,3,1.1932872693531067,0.4079869619837007,1.4957193991742717,0.5565681279533439,3
UD_English-EWT,32,0.5,6,4,1.3944300797331965,0.4703070677966151,1.8443906691284997,0.5568532511144063,3
UD_English-EWT,32,0.5,6,5,1.1856509741592494,0.4126873761958329,1.457792160995237,0.5809922381584111,3
UD_English-EWT,32,0.5,6,6,0.7217842099920105,0.24093302555775817,1.4340406642558363,0.7363989791122073,3
UD_English-EWT,32,0.5,6,7,1.3332405301228247,0.46540669345030583,1.8373712057515788,0.5769381348199749,3
UD_English-EWT,32,0.5,6,8,1.004065616806131,0.3345402621669196,1.6428252739631628,0.6529488731141733,3
UD_English-EWT,32,0.5,6,9,0.9270540741297717,0.3250882716438918,0.7751613731185595,0.29036863837289356,3
UD_English-EWT,32,0.5,6,10,1.1192164819531536,0.384203973587582,1.464378535747528,0.5910625369347401,3
UD_English-EWT,32,0.5,6,11,1.172933790649547,0.40619719439001245,1.4343775907066567,0.5605632681162088,3
UD_English-EWT,32,0.5,6,12,0.8067027641042985,0.2734393503191204,1.2134330943769662,0.7158081421869483,3
UD_English-EWT,32,0.5,6,13,1.0496949105708433,0.35083071464750715,1.611591156076755,0.6358322032094544,3
UD_English-EWT,32,0.5,6,14,1.4015288040286205,0.49160218869212113,1.577776868323811,0.49243382497509103,3
UD_English-EWT,32,0.5,6,15,1.0771367883340257,0.36264881970045343,1.601379207018186,0.6304889722016448,3
UD_English-EWT,32,0.5,6,16,0.5395396434293147,0.18460622538077917,0.6880015630023943,0.7769550410504767,3
UD_English-EWT,32,0.5,6,17,0.8598636104394504,0.29402525147562253,1.364702531250231,0.6905994517609938,3
UD_English-EWT,32,0.5,6,18,1.1883758893049914,0.398803363091063,1.6906625997879032,0.6030842016751322,3
UD_English-EWT,32,0.5,6,19,1.4662530051717342,0.5118349997533692,1.6126703613442803,0.46322265382727207,3
UD_English-EWT,32,0.5,6,20,1.3933035641474367,0.47739113714607034,1.6658793044274838,0.5224212755759557,3
UD_English-EWT,32,0.5,6,21,1.2554118592149572,0.4167249205238941,1.9779166551561305,0.6328327940651411,3
UD_English-EWT,32,0.5,6,22,1.3805367352885412,0.46607137858894787,1.8063351737779783,0.5651086647070279,3
UD_English-EWT,32,0.5,6,23,1.2870066247622607,0.4471449996930003,1.604371054549252,0.5556353913562436,3
UD_English-EWT,32,0.5,6,24,1.2615609788395235,0.43545945423684046,1.613911581169712,0.5705429477403398,3
UD_English-EWT,32,0.5,6,25,1.3453705986123703,0.4525976886935464,1.771834844869234,0.5726619834904788,3
UD_English-EWT,32,0.5,6,26,0.9017258124504042,0.3082877713542275,1.3359441469493027,0.6731304186506567,3
UD_English-EWT,32,0.5,6,27,1.611517714509547,0.5603624584462038,1.9038748675465367,0.49014119344520873,3
UD_English-EWT,32,0.5,6,28,1.2274047310967915,0.41360629640370333,1.7786598175709798,0.6082809205372259,3
UD_English-EWT,32,0.5,6,29,1.289273467735949,0.4376504437587409,1.7657538018645702,0.5702872785564872,3
UD_English-EWT,32,0.5,6,30,1.0145252857404763,0.3497640909745828,1.0838536474114124,0.5699778947985997,3
UD_English-EWT,32,0.5,6,31,1.1626756977025277,0.3913415678028689,1.623271947295722,0.6132624779364776,3
UD_English-EWT,32,0.5,7,0,1.447341494140078,0.4843648483532266,1.9777871905834514,0.5528382571492148,3
UD_English-EWT,32,0.5,7,1,1.5005197690864296,0.5203654520037179,1.7722656775693426,0.5059908458891788,3
UD_English-EWT,32,0.5,7,2,1.3460797795343922,0.45566895221426185,1.9608091530958378,0.6020755581014904,3
UD_English-EWT,32,0.5,7,3,1.2358357308802275,0.4189304334462666,1.7953642205570999,0.6104596075084474,3
UD_English-EWT,32,0.5,7,4,0.7832363144594682,0.2691219804540466,0.9612308773322401,0.6781389610689194,3
UD_English-EWT,32,0.5,7,5,1.3411983071889164,0.44892277962143085,1.8187769243734564,0.5670265147296241,3
UD_English-EWT,32,0.5,7,6,1.0831340073670628,0.3762290819203702,0.7492221223906307,0.36159802281818537,3
UD_English-EWT,32,0.5,7,7,1.7121258082991309,0.5932556440704291,1.9400533922491612,0.43548273278878685,3
UD_English-EWT,32,0.5,7,8,1.5355274483751513,0.5254100068372238,1.8454651688454582,0.48869459873204457,3
UD_English-EWT,32,0.5,7,9,1.4068414539044456,0.49356432018872826,1.2769836333660045,0.3768092458270395,3
UD_English-EWT,32,0.5,7,10,0.4941248855059916,0.1669116487755408,0.7771156171984795,0.7898643036086268,3
UD_English-EWT,32,0.5,7,11,1.276783158015358,0.4349775442239474,1.6622463967277923,0.5732327807687888,3
UD_English-EWT,32,0.5,7,12,0.6320771071415239,0.21852701741910263,0.7588948330931867,0.738396519031681,3
UD_English-EWT,32,0.5,7,13,1.2409858761969377,0.43144766635554954,1.4917884979580271,0.5455515411070028,3
UD_English-EWT,32,0.5,7,14,1.1087995716565728,0.3680799382998318,1.7085322796864153,0.6341931700557198,3
UD_English-EWT,32,0.5,7,15,1.0659030068034683,0.3675462416320605,1.596328349373488,0.6408473243682437,3
UD_English-EWT,32,0.5,7,16,1.2920923108448747,0.44231799181096104,1.605685008408159,0.5426764185243509,3
UD_English-EWT,32,0.5,7,17,1.4069921479226244,0.4720973541149242,1.9598008607308939,0.570891504968179,3
UD_English-EWT,32,0.5,7,18,1.4085313914740674,0.4875480641487084,1.5424944585518325,0.4662592158820786,3
UD_English-EWT,32,0.5,7,19,1.2609353092225957,0.42949575958654745,1.5875894492441187,0.5650899217197695,3
UD_English-EWT,32,0.5,7,20,0.9654913248803011,0.32982870381671553,1.4003734826797345,0.6383210717003203,3
UD_English-EWT,32,0.5,7,21,1.5561059539245343,0.5222897302081133,1.9181552864000446,0.4915115670156826,3
UD_English-EWT,32,0.5,7,22,1.3210377023845423,0.4427418102372866,1.770381087922442,0.580797647151465,3
UD_English-EWT,32,0.5,7,23,0.9035459112219906,0.30462349740574596,1.474931423496353,0.6934088555542933,3
UD_English-EWT,32,0.5,7,24,1.2970759632483206,0.4529498191329842,1.3775571635186346,0.49379797705291395,3
UD_English-EWT,32,0.5,7,25,1.8956514039163384,0.643636763475849,2.188913508462558,0.42034043383212905,3
UD_English-EWT,32,0.5,7,26,0.9627253291670416,0.3241180079549768,1.5554554893996546,0.6678635483787468,3
UD_English-EWT,32,0.5,7,27,1.1113137733632314,0.37997776028345626,1.6613312557285385,0.6276528381747627,3
UD_English-EWT,32,0.5,7,28,1.0538452400644402,0.3632395333646099,1.1452514488514656,0.511628569102081,3
UD_English-EWT,32,0.5,7,29,1.2809886643442516,0.4375756984417121,1.693940599542281,0.5721144987599337,3
UD_English-EWT,32,0.5,7,30,1.0173466648831828,0.3516874070158856,1.4525443778554816,0.641038296734049,3
UD_English-EWT,32,0.5,7,31,0.9869474681783026,0.3348570652781071,1.2995405174615386,0.6314979676286162,3
UD_English-EWT,32,0.5,8,0,1.1961658092687255,0.4160328585389859,1.6862512599737915,0.5985412126328993,3
UD_English-EWT,32,0.5,8,1,1.6065211182626438,0.5523435173247465,1.7240820097141578,0.3846170626180365,3
UD_English-EWT,32,0.5,8,2,1.705895983564832,0.5898797324636377,1.9046529010345374,0.423031487955096,3
UD_English-EWT,32,0.5,8,3,1.4280874366941567,0.4766001301140734,1.833076028523115,0.538678651658618,3
UD_English-EWT,32,0.5,8,4,0.865264176983108,0.29191517087211916,1.4217720957971662,0.688078659018315,3
UD_English-EWT,32,0.5,8,5,1.5311143993245666,0.5223991516129349,1.718967774390957,0.384827595668928,3
UD_English-EWT,32,0.5,8,6,1.2959509591397258,0.431907104073815,1.7359058503841875,0.5670635842044714,3
UD_English-EWT,32,0.5,8,7,1.1508452553430975,0.39095323785243785,1.7656496745858252,0.6277641231611453,3
UD_English-EWT,32,0.5,8,8,1.356241079301782,0.4702856688402281,1.87248293404045,0.5860438674742624,3
UD_English-EWT,32,0.5,8,9,1.4695198394778863,0.49648082022214196,1.933415645214378,0.5416697340191279,3
UD_English-EWT,32,0.5,8,10,1.8157093171539203,0.626829887199163,2.032922875034353,0.41872827890575043,3
UD_English-EWT,32,0.5,8,11,1.6959042978254173,0.5848383397433927,1.9294563189881746,0.43892524544767125,3
UD_English-EWT,32,0.5,8,12,1.22565030464682,0.4144459459964587,1.7017988866035623,0.6009588860491043,3
UD_English-EWT,32,0.5,8,13,1.6386949371390438,0.5526646816448219,2.0759899459358557,0.5041379389066405,3
UD_English-EWT,32,0.5,8,14,1.0564404022362497,0.3568888756977513,1.731533274325951,0.6645825285267742,3
UD_English-EWT,32,0.5,8,15,1.5444257828544397,0.5371501234738335,1.6562478278504045,0.43521368171076524,3
UD_English-EWT,32,0.5,8,16,1.6359989604554759,0.5686670939670452,1.840596115545714,0.44420158116652453,3
UD_English-EWT,32,0.5,8,17,1.3563729872713324,0.4573517728983704,1.8104825328716598,0.5555099215026001,3
UD_English-EWT,32,0.5,8,18,1.0289134275989238,0.3395282024575333,1.647453173045035,0.6554214470970608,3
UD_English-EWT,32,0.5,8,19,1.007335599274366,0.3445597059502248,1.5236398218596567,0.6517355583187444,3
UD_English-EWT,32,0.5,8,20,1.4292406143657932,0.4922508205166714,1.8132583516597311,0.5378369307976711,3
UD_English-EWT,32,0.5,8,21,1.6769781665289554,0.5805594074541537,1.7187442976594625,0.38849550199937516,3
UD_English-EWT,32,0.5,8,22,1.5355828077361016,0.5227495774029599,1.9147675168753107,0.516931890959568,3
UD_English-EWT,32,0.5,8,23,1.3069684446699414,0.43518059315984364,1.8650836316505632,0.5839492094809892,3
UD_English-EWT,32,0.5,8,24,1.3658881981624713,0.45916672802796565,1.786694592872604,0.5460526394795199,3
UD_English-EWT,32,0.5,8,25,0.8400257764781108,0.2881881984354477,0.8906415641742109,0.670376010259481,3
UD_English-EWT,32,0.5,8,26,0.8380716315899824,0.2890567381566014,0.9023121869792052,0.6574851910368232,3
UD_English-EWT,32,0.5,8,27,1.4812630300421967,0.5046459503865416,1.7495472421140184,0.4794789632555023,3
UD_English-EWT,32,0.5,8,28,0.9066792450750243,0.3030034332639641,1.4847600498323235,0.6730389034202515,3
UD_English-EWT,32,0.5,8,29,1.7988082285027254,0.6221615232812251,1.768271223470596,0.2747973705792905,3
UD_English-EWT,32,0.5,8,30,1.3740359547332552,0.46743942350013445,1.7663462934489675,0.5386123643994657,3
UD_English-EWT,32,0.5,8,31,1.0335796469032006,0.35300033501534295,1.234677758237486,0.5608003445797496,3
UD_English-EWT,32,0.5,9,0,0.9665479883280175,0.3316463871616429,1.535262359608175,0.6529940011315658,3
UD_English-EWT,32,0.5,9,1,1.1799028355675751,0.4051224718749089,1.5984995722336413,0.5988494897624291,3
UD_English-EWT,32,0.5,9,2,1.6241924968736419,0.5623036008362127,1.728569982156076,0.3757375811374253,3
UD_English-EWT,32,0.5,9,3,1.3098078208597197,0.4382996141286279,1.9153490784986857,0.599167257289526,3
UD_English-EWT,32,0.5,9,4,1.6270026579526384,0.5634258513920729,1.7506045862516635,0.43395173428868555,3
UD_English-EWT,32,0.5,9,5,1.576482668139027,0.5448500003482475,1.7931450694148008,0.46104594206739424,3
UD_English-EWT,32,0.5,9,6,1.7027151026849536,0.5833015751317551,1.942560675257108,0.44679446468207784,3
UD_English-EWT,32,0.5,9,7,1.6570225471464444,0.5705939406742816,1.990957170426303,0.4752466271890969,3
UD_English-EWT,32,0.5,9,8,1.003151691622204,0.33978213396310153,1.2168428532792788,0.6267840334219359,3
UD_English-EWT,32,0.5,9,9,1.3041951124079674,0.44045315543783387,1.8152864596014249,0.5882063422535286,3
UD_English-EWT,32,0.5,9,10,1.597435332210446,0.5407004467532283,1.8989770477315335,0.4684117136655446,3
UD_English-EWT,32,0.5,9,11,1.804211009124155,0.6228517510661878,1.9124280853241087,0.3861006528261255,3
UD_English-EWT,32,0.5,9,12,1.9269920488198597,0.6495292341312858,2.2598972067589753,0.4305431767348166,3
UD_English-EWT,32,0.5,9,13,1.6537141770612998,0.5706693489776283,1.8662457196873177,0.4562540201704359,3
UD_English-EWT,32,0.5,9,14,0.8779617915021593,0.28915972427850106,1.6172214493101194,0.7051350049715225,3
UD_English-EWT,32,0.5,9,15,1.6372508540450983,0.5545197701546446,1.9226380187631305,0.46949656870901474,3
UD_English-EWT,32,0.5,9,16,1.2779345600331415,0.44584840047554897,1.1382656328393679,0.3453127488778914,3
UD_English-EWT,32,0.5,9,17,1.3623178953165782,0.4556751712776707,1.8219622837172615,0.5615013066360316,3
UD_English-EWT,32,0.5,9,18,1.6394416531904146,0.5520676944018063,1.940377898093564,0.4652842481252491,3
UD_English-EWT,32,0.5,9,19,1.5331573485242431,0.5305511334636172,1.774378232997189,0.48100876904521916,3
UD_English-EWT,32,0.5,9,20,1.4777587370197196,0.4979307551296574,1.875262067373333,0.5296026667026982,3
UD_English-EWT,32,0.5,9,21,1.429633237462226,0.48812971095841223,1.7403034159340276,0.5130216380706794,3
UD_English-EWT,32,0.5,9,22,1.1375082463894604,0.3875300938192287,1.6416002012015694,0.6206352568837138,3
UD_English-EWT,32,0.5,9,23,1.1152221524378858,0.377408338422278,1.646453113150944,0.6461017863428006,3
UD_English-EWT,32,0.5,9,24,1.709002245848622,0.5754280453089807,2.100524393505738,0.4791261649373342,3
UD_English-EWT,32,0.5,9,25,1.5723661933983175,0.5379141438989908,1.846500022543801,0.46066997332569687,3
UD_English-EWT,32,0.5,9,26,1.0569601308466199,0.3643594024557017,1.5962391441827046,0.6316565768097702,3
UD_English-EWT,32,0.5,9,27,1.3424151930381256,0.46989163023526553,1.2146313899418912,0.11239024402509241,3
UD_English-EWT,32,0.5,9,28,1.542610334622621,0.5252916145601559,1.90303005959384,0.5100716025736488,3
UD_English-EWT,32,0.5,9,29,1.3517284887165972,0.44967247081584616,1.8412368229585268,0.5667175515970463,3
UD_English-EWT,32,0.5,9,30,1.7111606214650124,0.579221728680238,1.9535622607597671,0.43421564283755304,3
UD_English-EWT,32,0.5,9,31,1.2890802308889902,0.4372470025617785,1.6994039258616003,0.5563727825785052,3
UD_English-EWT,32,0.5,10,0,1.3493156325078834,0.4503500301574097,1.926622124670416,0.5811865807448146,3
UD_English-EWT,32,0.5,10,1,1.2681465819613746,0.44546514498460055,1.026525537444377,0.1494666802033592,3
UD_English-EWT,32,0.5,10,2,1.9606788689321508,0.6639027926792647,2.2794151467920867,0.4226262049345751,3
UD_English-EWT,32,0.5,10,3,1.6464517412669888,0.5697290116483397,1.7274715745709635,0.3865558321779434,3
UD_English-EWT,32,0.5,10,4,1.0289617674543992,0.3417062326851818,1.6328989394375535,0.6481775234577217,3
UD_English-EWT,32,0.5,10,5,1.5289979805331846,0.5283306325176809,1.6354202077959838,0.4343586842748311,3
UD_English-EWT,32,0.5,10,6,1.5231808509223015,0.5079554226283385,2.021679229695072,0.5394557736379745,3
UD_English-EWT,32,0.5,10,7,1.006107285320216,0.3318169991602826,1.7024522960755994,0.6647955982967914,3
UD_English-EWT,32,0.5,10,8,1.5691313333605807,0.5242437333316424,2.04886471959194,0.5260458861720257,3
UD_English-EWT,32,0.5,10,9,1.785550236593396,0.6103558468281246,2.0062204504925045,0.4148278195064902,3
UD_English-EWT,32,0.5,10,10,1.2592953408377854,0.4208229049795964,1.814394135889894,0.594331198824885,3
UD_English-EWT,32,0.5,10,11,1.4451039346352301,0.48273571737395615,1.8601944620546316,0.5297961413643182,3
UD_English-EWT,32,0.5,10,12,1.7219930312211178,0.5792102601603081,2.152466646634816,0.49664560715601747,3
UD_English-EWT,32,0.5,10,13,1.2074033559752946,0.4118634175054579,1.6538133629358531,0.595988349816024,3
UD_English-EWT,32,0.5,10,14,1.2272589383935233,0.42820828257362703,1.1669124813516285,0.20436786850897395,3
UD_English-EWT,32,0.5,10,15,1.5008889992597545,0.505402310352725,1.8976559927500445,0.501005698748625,3
UD_English-EWT,32,0.5,10,16,1.340972664930564,0.4466036993989853,1.8761321375441682,0.5772080657179238,3
UD_English-EWT,32,0.5,10,17,1.58830250205238,0.5540808089253898,1.5265165938162848,0.1349358003050469,3
UD_English-EWT,32,0.5,10,18,1.3156425745815092,0.44583019435080024,1.9000269654181485,0.6017726593954533,3
UD_English-EWT,32,0.5,10,19,1.2705334805915698,0.42317320831215016,1.7357033820371592,0.5777416111110881,3
UD_English-EWT,32,0.5,10,20,1.4032607128494208,0.48077020034845414,1.7659815441552407,0.5325785182036445,3
UD_English-EWT,32,0.5,10,21,1.390479153174846,0.46320972528532556,1.8899394723778429,0.5615654165546099,3
UD_English-EWT,32,0.5,10,22,1.894480459188503,0.6572519464516683,1.9624736019171,0.33410827661499737,3
UD_English-EWT,32,0.5,10,23,1.181846404024052,0.39765780153116026,1.5705354029417906,0.597448966664369,3
UD_English-EWT,32,0.5,10,24,1.5413714928216622,0.5212429141208448,1.916472811245093,0.5161674992064309,3
UD_English-EWT,32,0.5,10,25,1.5876377084324702,0.5539014781731942,1.4886038525399832,0.2404607610135782,3
UD_English-EWT,32,0.5,10,26,1.4849459245828116,0.4970857634163293,1.8536886970202129,0.5138217866597171,3
UD_English-EWT,32,0.5,10,27,2.00175391172885,0.6772902925890651,2.1873068280775905,0.3700562391959416,3
UD_English-EWT,32,0.5,10,28,2.054051126585849,0.703605543923834,2.240778098015186,0.364988839657526,3
UD_English-EWT,32,0.5,10,29,1.5385434899499508,0.5277129329998854,1.6799902206995883,0.4231104268734844,3
UD_English-EWT,32,0.5,10,30,1.7280429237282993,0.5771122416701907,1.9424987230687412,0.40118600868489357,3
UD_English-EWT,32,0.5,10,31,1.5896685039302259,0.5381205857125787,1.9561438228263228,0.4995364309755071,3
UD_English-EWT,32,0.5,11,0,2.005164282732322,0.6786464958134463,2.151915482213154,0.3455458335402016,3
UD_English-EWT,32,0.5,11,1,1.6379458005311058,0.5552840105076413,1.9722173435983328,0.4717564575089132,3
UD_English-EWT,32,0.5,11,2,1.1033292772122854,0.38279968542208004,1.1154366039513237,0.43378843162853425,3
UD_English-EWT,32,0.5,11,3,1.4550684596020016,0.48505400580596625,1.996541251928863,0.547769234700634,3
UD_English-EWT,32,0.5,11,4,1.730786288099428,0.589278423313886,2.0883114243465695,0.478112672528554,3
UD_English-EWT,32,0.5,11,5,0.7083229673330846,0.2320265195218809,1.4177427487295182,0.7152724360914829,3
UD_English-EWT,32,0.5,11,6,1.9322914144597636,0.6696033862933435,1.864256797266788,0.2622900942140318,3
UD_English-EWT,32,0.5,11,7,1.589628773037419,0.5347757881782095,1.975281617327683,0.4985495838955832,3
UD_English-EWT,32,0.5,11,8,1.6779123297426002,0.5689171028267491,2.0694370567798615,0.48009919987920197,3
UD_English-EWT,32,0.5,11,9,1.3435432521697601,0.4438897744771127,1.9322593433609425,0.5796661032516449,3
UD_English-EWT,32,0.5,11,10,1.5015610050145394,0.5081238462326739,2.0065539000735693,0.5558092136051377,3
UD_English-EWT,32,0.5,11,11,1.6172583299419268,0.5418422023251733,2.103043368279608,0.5199761127947893,3
UD_English-EWT,32,0.5,11,12,1.5294116695016242,0.5148834064670708,1.9172669640167161,0.512619743032045,3
UD_English-EWT,32,0.5,11,13,1.5288566177632859,0.5124139060251048,2.0893410940150745,0.5455108121553188,3
UD_English-EWT,32,0.5,11,14,0.8165637459368437,0.27585320715166506,1.3719475863056971,0.6956419564498578,3
UD_English-EWT,32,0.5,11,15,0.7830240524056723,0.26860818088407507,0.9143016994515186,0.6711163893952721,3
UD_English-EWT,32,0.5,11,16,1.7038936647289653,0.5859405222079141,1.9043755315257769,0.42048066715372284,3
UD_English-EWT,32,0.5,11,17,1.334774628783727,0.4486153438375187,1.7205865397262226,0.5621428036271766,3
UD_English-EWT,32,0.5,11,18,0.9044857975265149,0.30463574531204823,1.2996534492637288,0.6797696737087381,3
UD_English-EWT,32,0.5,11,19,1.6142081128660664,0.5372443262806573,2.063041837597588,0.5088567358996373,3
UD_English-EWT,32,0.5,11,20,1.3258700078193824,0.4530507518904782,1.6503118212540075,0.5456851894249682,3
UD_English-EWT,32,0.5,11,21,1.7499181327761197,0.600343972430963,1.8901447210806968,0.418984072788437,3
UD_English-EWT,32,0.5,11,22,1.6290145859475127,0.5512311505001098,1.8998731091102832,0.4533759960412762,3
UD_English-EWT,32,0.5,11,23,0.9194495311661713,0.3113943668750737,1.5767388360775014,0.6812241002781577,3
UD_English-EWT,32,0.5,11,24,1.6120101645018885,0.5455681590570344,1.9606644257713102,0.4923344236036902,3
UD_English-EWT,32,0.5,11,25,1.699995932303274,0.5799810422112816,1.9881533270325165,0.4554031203366911,3
UD_English-EWT,32,0.5,11,26,1.5194723099904417,0.5045810025354986,2.0442499965157883,0.5406481168166698,3
UD_English-EWT,32,0.5,11,27,1.752356497207843,0.6105874019839508,1.8520354271912183,0.366647426995749,3
UD_English-EWT,32,0.5,11,28,1.3487916329098637,0.45746207043854265,1.7949523022890308,0.5448270370040381,3
UD_English-EWT,32,0.5,11,29,1.449019720699835,0.4940249994668587,1.987367032628459,0.5554502838187748,3
UD_English-EWT,32,0.5,11,30,1.36859835541802,0.46066273163278026,1.698401782899172,0.5127294688724755,3
UD_English-EWT,32,0.5,11,31,1.5996508530743132,0.5368384835064303,1.992214274645286,0.49575789072610205,3
UD_English-EWT,32,0.5,12,0,1.8562890026304455,0.6359788369529885,2.07488968791966,0.40535775424814185,3
UD_English-EWT,32,0.5,12,1,2.027587071142561,0.6862233573051749,2.2488564246882072,0.35943968429184353,3
UD_English-EWT,32,0.5,12,2,0.6220003935306558,0.20690644059316654,0.9660253851438698,0.7477121352470855,3
UD_English-EWT,32,0.5,12,3,1.8558869185994882,0.6405862746505789,2.018764434453568,0.36720449183618004,3
UD_English-EWT,32,0.5,12,4,1.2601193904551,0.42426663650732444,1.6509695054729125,0.5727171802143473,3
UD_English-EWT,32,0.5,12,5,1.6900209067677758,0.570966851067999,2.0962567401605443,0.49142295039362377,3
UD_English-EWT,32,0.5,12,6,1.3402713415211231,0.4529751408064843,1.8863804774097623,0.5820514785841732,3
UD_English-EWT,32,0.5,12,7,1.375287484872971,0.4729144098084481,1.600630323987841,0.5302605992675045,3
UD_English-EWT,32,0.5,12,8,1.907543072772156,0.64364864920115,2.2863516889797535,0.4453187256861471,3
UD_English-EWT,32,0.5,12,9,1.971207170348567,0.6686192328731219,2.143145553401259,0.35501282836542974,3
UD_English-EWT,32,0.5,12,10,1.8534536815514764,0.6263882087743782,2.3333114212979384,0.48498270269110116,3
UD_English-EWT,32,0.5,12,11,1.5463993633488269,0.5142980492885864,1.9951873018061963,0.5248134276220653,3
UD_English-EWT,32,0.5,12,12,1.383067516911985,0.4610262460233084,1.942402401284225,0.5720771516932815,3
UD_English-EWT,32,0.5,12,13,1.9596779017229116,0.6570488629092501,2.3143514718297182,0.42970987805971134,3
UD_English-EWT,32,0.5,12,14,1.5785883856574259,0.5269420028194269,2.0455982889199738,0.5185226559306483,3
UD_English-EWT,32,0.5,12,15,1.2101986072346813,0.4090673632865503,1.8235287142065921,0.6137967767068381,3
UD_English-EWT,32,0.5,12,16,0.9642485127477264,0.32759184105990147,1.3108996252626017,0.6460666790645305,3
UD_English-EWT,32,0.5,12,17,1.4245647095103082,0.4711352230570464,2.016656515105392,0.5750093555624151,3
UD_English-EWT,32,0.5,12,18,1.3303790712942842,0.45228186292482203,1.8131389634748192,0.5683392715523314,3
UD_English-EWT,32,0.5,12,19,1.6127323195853955,0.5478647411928151,1.8842402786722168,0.475497662098247,3
UD_English-EWT,32,0.5,12,20,1.9762876235993616,0.6766356907119951,2.195201631886494,0.38268082505448264,3
UD_English-EWT,32,0.5,12,21,1.6218029101309661,0.549589423805421,1.9035415498502484,0.4538674497356017,3
UD_English-EWT,32,0.5,12,22,1.2951633721074336,0.4408067259428605,1.8321367075534465,0.5872301708479397,3
UD_English-EWT,32,0.5,12,23,0.5911784321001862,0.1962620629996862,1.3680193000702097,0.7740848674990223,3
UD_English-EWT,32,0.5,12,24,1.9554955241675802,0.6765850573398159,2.0280880732614484,0.3353889314576522,3
UD_English-EWT,32,0.5,12,25,1.8015205953507694,0.6063794483496844,2.0870103460952016,0.44037357725555887,3
UD_English-EWT,32,0.5,12,26,1.3281513207570017,0.4543343941886351,1.418576689080788,0.47679281044405347,3
UD_English-EWT,32,0.5,12,27,1.810964257800731,0.6263689163169791,1.8617291619326028,0.32052648197418465,3
UD_English-EWT,32,0.5,12,28,1.3396112458654876,0.450376303876684,1.7292464501707931,0.5563225014091134,3
UD_English-EWT,32,0.5,12,29,1.2031815719870487,0.4085818100076013,1.5548698667348626,0.5691535205246104,3
UD_English-EWT,32,0.5,12,30,1.6017072943933242,0.5320711601763041,2.139981497913762,0.5267736694906144,3
UD_English-EWT,32,0.5,12,31,1.9711575261393532,0.6766524374593587,2.000936545798036,0.24843665996298384,3
UD_English-EWT,32,0.5,13,0,1.6974954440076928,0.5861435197361614,1.8041993861098542,0.40315939844984605,3
UD_English-EWT,32,0.5,13,1,1.596302778858739,0.5468094030391758,1.9236612488500409,0.4839232533030171,3
UD_English-EWT,32,0.5,13,2,1.767657537250788,0.59745868923777,2.0394278392331415,0.4279821928766962,3
UD_English-EWT,32,0.5,13,3,1.5704432084260744,0.5393725921805331,1.9461836671568655,0.5076930178278456,3
UD_English-EWT,32,0.5,13,4,1.6944154145396253,0.5719440372318084,1.923854640109943,0.41589305571913177,3
UD_English-EWT,32,0.5,13,5,1.9078568640302438,0.6550246049363322,1.9731225738597047,0.3386669727602129,3
UD_English-EWT,32,0.5,13,6,1.1017199384764462,0.3814022798695091,1.271205970064104,0.5709711472030546,3
UD_English-EWT,32,0.5,13,7,1.4355472326007261,0.4822911866932076,1.847738763130862,0.5351946127069995,3
UD_English-EWT,32,0.5,13,8,1.8671389111132788,0.6410875915938171,1.910268245878984,0.28494952482346086,3
UD_English-EWT,32,0.5,13,9,1.6120532524987432,0.5349984221187554,2.148544503691418,0.5272766321300374,3
UD_English-EWT,32,0.5,13,10,1.730300427785988,0.586061880358907,2.0815721223154573,0.46562306461804875,3
UD_English-EWT,32,0.5,13,11,0.82961019838334,0.28372265216309195,1.1578862885851244,0.639243140524908,3
UD_English-EWT,32,0.5,13,12,1.7146654404251953,0.5943656876574666,1.8147898086216063,0.38189540494009444,3
UD_English-EWT,32,0.5,13,13,1.8301938358008971,0.6219985625674381,2.248155556035606,0.4652595022364175,3
UD_English-EWT,32,0.5,13,14,1.2182524620210973,0.41549984493270814,1.8373719210344586,0.6237277733959353,3
UD_English-EWT,32,0.5,13,15,0.6931846087394734,0.22766826296893572,1.466350606176154,0.7389422065030464,3
UD_English-EWT,32,0.5,13,16,2.1506056862667826,0.735535947297223,2.3207008867967325,0.3310335819220988,3
UD_English-EWT,32,0.5,13,17,2.1082218634897676,0.7172347073645106,2.110879386491897,0.18896920932287212,3
UD_English-EWT,32,0.5,13,18,1.769340410787877,0.5993496228165531,2.012899410637784,0.4033146298410734,3
UD_English-EWT,32,0.5,13,19,1.5690027361087677,0.5339356418054395,1.6951051682288094,0.39582471895576177,3
UD_English-EWT,32,0.5,13,20,1.2899154619006727,0.4367871152165809,1.874614173705895,0.5968072407341177,3
UD_English-EWT,32,0.5,13,21,1.4323168245766766,0.48167091614154517,1.9391322480904816,0.548766719730391,3
UD_English-EWT,32,0.5,13,22,1.9293978928651097,0.6538690133580093,2.235344439256387,0.4193732889033243,3
UD_English-EWT,32,0.5,13,23,1.1749276537821374,0.4079693697515081,1.1484183156099474,0.2763593031402223,3
UD_English-EWT,32,0.5,13,24,1.5030538260882453,0.5174597179981962,1.5648018570111315,0.4543311765760129,3
UD_English-EWT,32,0.5,13,25,1.3656703409194295,0.47369102826630377,1.7302585547630471,0.5153488513007624,3
UD_English-EWT,32,0.5,13,26,1.3815378925622273,0.47137482013750165,1.8499315871512738,0.5498395855716669,3
UD_English-EWT,32,0.5,13,27,1.6272328734017893,0.5465276604738826,2.107160779160663,0.5206997344280527,3
UD_English-EWT,32,0.5,13,28,1.328024169840665,0.45695797323447757,1.7667912178569372,0.5535892177176388,3
UD_English-EWT,32,0.5,13,29,1.3626777319363121,0.47211453005101517,1.3450542586043017,0.41032358083215786,3
UD_English-EWT,32,0.5,13,30,1.7124053036390325,0.5757773472420288,2.048683524294629,0.4567723537613731,3
UD_English-EWT,32,0.5,13,31,1.7091753944781745,0.5795349216797747,2.1667139206644834,0.4987261171074404,3
UD_English-EWT,32,0.5,14,0,1.6952461143226136,0.587953390414489,1.5243765462888827,0.2079757852700347,3
UD_English-EWT,32,0.5,14,1,1.2126435073998456,0.42118359407331996,1.1278260971244782,0.28310204431998165,3
UD_English-EWT,32,0.5,14,2,1.6686663137704734,0.5705442292877017,1.8710187121492918,0.40973601411546295,3
UD_English-EWT,32,0.5,14,3,1.6385316212537726,0.5524276644195038,1.9572755399894628,0.4689309336177205,3
UD_English-EWT,32,0.5,14,4,1.6493609858802325,0.5583312742154237,2.0270135095699238,0.4849763682352986,3
UD_English-EWT,32,0.5,14,5,2.0400264379050994,0.6971048332330091,2.279009750197711,0.38737563659964575,3
UD_English-EWT,32,0.5,14,6,0.7635279862186405,0.2574446693415633,1.3850242816291765,0.7060290966420443,3
UD_English-EWT,32,0.5,14,7,0.8083580306278226,0.28230786105729844,0.6492304870203979,0.23768870993932956,3
UD_English-EWT,32,0.5,14,8,1.345153301180712,0.45414396346918223,1.8355709314617734,0.5771880829079121,3
UD_English-EWT,32,0.5,14,9,1.7180042771693786,0.586962444779,1.9140918094169466,0.3922165501353845,3
UD_English-EWT,32,0.5,14,10,0.8896916995948021,0.30048323792145876,1.5083180484862382,0.6895640139792026,3
UD_English-EWT,32,0.5,14,11,1.7654294880795784,0.5958591154988563,2.1177477903379116,0.4594300017575097,3
UD_English-EWT,32,0.5,14,12,1.513569348021826,0.5055344692195591,1.984172745154855,0.5296497834720844,3
UD_English-EWT,32,0.5,14,13,1.1750483880250397,0.39510049502651984,1.6778749554860788,0.6131673790718036,3
UD_English-EWT,32,0.5,14,14,1.757537868559252,0.6082120946386255,1.7079581300200442,0.260717941889156,3
UD_English-EWT,32,0.5,14,15,1.7723846178237206,0.6006865087754089,2.0901913444744,0.46262602080915033,3
UD_English-EWT,32,0.5,14,16,1.7623042365729482,0.5934199244937501,2.0121163604526573,0.40738007653918534,3
UD_English-EWT,32,0.5,14,17,1.5574360484823935,0.5235472527385192,1.9950533794520766,0.5159320227991796,3
UD_English-EWT,32,0.5,14,18,1.2322297815660963,0.42081356607716813,1.6088574474680837,0.5765208089164372,3
UD_English-EWT,32,0.5,14,19,1.6757714002917374,0.5656055398353245,2.0228179200316605,0.47294258879317824,3
UD_English-EWT,32,0.5,14,20,1.9686505327133534,0.678766086955431,1.9964168761977297,0.2766104117035866,3
UD_English-EWT,32,0.5,14,21,1.6744465043934535,0.5649465677720276,2.000382133520366,0.4578694586755745,3
UD_English-EWT,32,0.5,14,22,1.4168060577740869,0.4909134804252501,1.40295715887907,0.4195610545643475,3
UD_English-EWT,32,0.5,14,23,1.6615206079730571,0.56273982348175,2.0030100931886765,0.4852127503834407,3
UD_English-EWT,32,0.5,14,24,1.3531154375557257,0.46654534213692767,1.765986027857645,0.5551471278437825,3
UD_English-EWT,32,0.5,14,25,1.642836902351653,0.5546202892217046,1.9167937172783747,0.4733949778347068,3
UD_English-EWT,32,0.5,14,26,1.3734664826472383,0.46230303160914094,1.7425382062657067,0.5373616572096265,3
UD_English-EWT,32,0.5,14,27,1.7866435297959924,0.6021363220443926,2.168017379790273,0.4598936888139919,3
UD_English-EWT,32,0.5,14,28,1.3456389981785108,0.4531785183957691,1.8891242377744997,0.5721689326203477,3
UD_English-EWT,32,0.5,14,29,1.958842693375108,0.6686092869722996,2.0787400367970026,0.3238410312336325,3
UD_English-EWT,32,0.5,14,30,1.6576487780268725,0.5672469824851102,1.9880682730229609,0.4731585558890645,3
UD_English-EWT,32,0.5,14,31,1.4404587856407376,0.4905429515030866,1.6712228865082797,0.511089962790084,3
UD_English-EWT,32,0.5,15,0,0.9334830663324706,0.3089806949634967,1.595479962699292,0.6778724011108416,3
UD_English-EWT,32,0.5,15,1,1.539024481532895,0.5189890694314231,1.8492042013801946,0.5050364276411212,3
UD_English-EWT,32,0.5,15,2,2.29060776024134,0.7800643450304025,2.354498220000328,0.23432043794617194,3
UD_English-EWT,32,0.5,15,3,1.198379488427782,0.41212456582456775,1.593587770270954,0.5765606856112706,3
UD_English-EWT,32,0.5,15,4,1.3679751913675628,0.46088337763221104,1.8392066203179906,0.5646581014988092,3
UD_English-EWT,32,0.5,15,5,1.3956216172008133,0.4743800403139739,1.5724394686235106,0.4474971957762602,3
UD_English-EWT,32,0.5,15,6,1.6721362665919877,0.5641318149525394,2.075541312930145,0.49766528980300945,3
UD_English-EWT,32,0.5,15,7,1.7828242595567076,0.6127702098048016,1.9884018041668476,0.405073120226517,3
UD_English-EWT,32,0.5,15,8,1.6838600570929725,0.5675330276860565,2.1352431022295755,0.4993650919006279,3
UD_English-EWT,32,0.5,15,9,2.262325933396491,0.7825962159043018,2.203584981040659,0.09005492421813675,3
UD_English-EWT,32,0.5,15,10,1.9410542576745125,0.660739181566651,2.2901593246963725,0.43053077210507645,3
UD_English-EWT,32,0.5,15,11,0.7133747939637884,0.25264087683760406,0.6385152520974912,0.05184138448249875,3
UD_English-EWT,32,0.5,15,12,0.789908610141831,0.26543000438174263,0.9969018579669338,0.7030361372645001,3
UD_English-EWT,32,0.5,15,13,1.4158024159624818,0.4714417520822289,1.9327777691171903,0.554092035674658,3
UD_English-EWT,32,0.5,15,14,1.6555766095772035,0.5671376808663535,1.7880959305606903,0.38010378963973895,3
UD_English-EWT,32,0.5,15,15,0.6919258055234758,0.22549780358887786,1.4475408743300182,0.7366552473145972,3
UD_English-EWT,32,0.5,15,16,1.6848853752424156,0.5855373455744189,1.8069702368942115,0.39312442955315,3
UD_English-EWT,32,0.5,15,17,1.254752982509592,0.4278062544152385,1.7836149921996995,0.6053772474450817,3
UD_English-EWT,32,0.5,15,18,1.2451441420720575,0.42128119283849425,1.830867243323387,0.606630170673729,3
UD_English-EWT,32,0.5,15,19,1.6266331428929972,0.5516569472184382,1.9445633189057174,0.4723204775579369,3
UD_English-EWT,32,0.5,15,20,1.581030618039745,0.5328126008094768,2.0667904019355774,0.5235568789836488,3
UD_English-EWT,32,0.5,15,21,1.5826374416685711,0.5452294027083342,1.617372702325411,0.3833750624664278,3
UD_English-EWT,32,0.5,15,22,1.2787275105470517,0.4351652957200461,1.6779889133241443,0.5639517880256927,3
UD_English-EWT,32,0.5,15,23,1.9949877601395105,0.6810054313561086,2.263974385780498,0.40008098994108604,3
UD_English-EWT,32,0.5,15,24,1.607923348649712,0.5400101949744104,1.9146773577387866,0.4653229008382949,3
UD_English-EWT,32,0.5,15,25,1.2893963063946623,0.4474369540729158,1.4570406809422052,0.5120326675583213,3
UD_English-EWT,32,0.5,15,26,1.5411091186852621,0.533933003770632,1.4063924573809723,0.2812502892494528,3
UD_English-EWT,32,0.5,15,27,1.4235142485284413,0.4758590443334619,1.8621963581209409,0.5411656797916131,3
UD_English-EWT,32,0.5,15,28,1.4611251787681183,0.5004354635141586,1.7480157579012037,0.5064080075203069,3
UD_English-EWT,32,0.5,15,29,1.963750682350499,0.6629389802669133,2.2874700532910603,0.42316110772784726,3
UD_English-EWT,32,0.5,15,30,1.375634062363476,0.4619800471352966,1.8555581681226772,0.5599790988439093,3
UD_English-EWT,32,0.5,15,31,1.4832749090315216,0.5023132188886893,1.7103583476419655,0.43737224104707356,3
UD_English-EWT,32,0.5,16,0,0.869477706847675,0.2934715079961307,1.5949585028060582,0.700363092993018,3
UD_English-EWT,32,0.5,16,1,1.1258124651451797,0.38652378069627047,1.5194860890860549,0.6098164887946159,3
UD_English-EWT,32,0.5,16,2,1.681823868623414,0.5770761799644034,1.7868554042770999,0.34804158880695946,3
UD_English-EWT,32,0.5,16,3,1.9795138607096803,0.6737789815539438,2.1248578080714076,0.3200484296978741,3
UD_English-EWT,32,0.5,16,4,1.7600096903727789,0.5957068786744321,1.921437946635083,0.36119502657797115,3
UD_English-EWT,32,0.5,16,5,1.5016897720622344,0.500742523718917,1.892372271483713,0.5078914337579453,3
UD_English-EWT,32,0.5,16,6,2.2862032350078088,0.7771743807419185,2.3434676841199944,0.2131566023640674,3
UD_English-EWT,32,0.5,16,7,1.5864593772614588,0.5418597914563502,1.7830481547149803,0.4144642836090265,3
UD_English-EWT,32,0.5,16,8,1.1431645490839832,0.3914853521098531,1.640576557519223,0.6121187454432194,3
UD_English-EWT,32,0.5,16,9,1.640510367009049,0.553617587628586,1.9482534638248072,0.45946933680938357,3
UD_English-EWT,32,0.5,16,10,1.4662968196884096,0.495998527121837,1.935732375212923,0.5293686091662376,3
UD_English-EWT,32,0.5,16,11,1.65977685069343,0.5719015373015447,1.7964500171727822,0.36391874035321625,3
UD_English-EWT,32,0.5,16,12,1.4296454168136872,0.4864486899695109,1.8287439611494432,0.5257432391368301,3
UD_English-EWT,32,0.5,16,13,1.5731708657383268,0.5277808617685119,1.858480384983869,0.45756093280657933,3
UD_English-EWT,32,0.5,16,14,1.604813415007513,0.5555954044498164,1.4394852206083815,0.2542017011552072,3
UD_English-EWT,32,0.5,16,15,1.7034024607342666,0.582881730409485,1.971118163867075,0.4185197904624574,3
UD_English-EWT,32,0.5,16,16,1.556437224665409,0.5362868255279104,1.7019723365812789,0.4143671594248009,3
UD_English-EWT,32,0.5,16,17,1.4232820344915806,0.48999574681394514,1.5515732250306993,0.36235750667099415,3
UD_English-EWT,32,0.5,16,18,1.429211806444848,0.47922101149332114,2.040216937145466,0.5753326236400991,3
UD_English-EWT,32,0.5,16,19,1.1422405851316146,0.3914645958237201,1.183296209462462,0.4858637117595837,3
UD_English-EWT,32,0.5,16,20,2.0244369555963626,0.6990369448543463,2.1620009265745055,0.3350807711963825,3
UD_English-EWT,32,0.5,16,21,1.5640232747858338,0.5407945440983729,1.588046603732639,0.38586879666820034,3
UD_English-EWT,32,0.5,16,22,1.5147089306502612,0.5255369032938407,1.3518893033646062,0.23492183173092282,3
UD_English-EWT,32,0.5,16,23,1.329751636459745,0.44203647432377213,1.8782327269188694,0.5836610968457111,3
UD_English-EWT,32,0.5,16,24,1.2980421294877222,0.44866861653376794,1.7185371541748935,0.5478251648147358,3
UD_English-EWT,32,0.5,16,25,0.7285381382999633,0.242538540338239,1.4365319163964312,0.7321284182831129,3
UD_English-EWT,32,0.5,16,26,1.3433241679083778,0.4587506894768641,1.8665514309332452,0.5747994634989507,3
UD_English-EWT,32,0.5,16,27,0.9225496637799484,0.30956838802792447,1.5157684025190132,0.6763191553806456,3
UD_English-EWT,32,0.5,16,28,0.9147154643320783,0.29965856675743946,1.6088039749361345,0.6913175125876085,3
UD_English-EWT,32,0.5,16,29,1.316348724270779,0.44828694322585844,1.817939962221408,0.5678696887319965,3
UD_English-EWT,32,0.5,16,30,1.4101194690485468,0.48559813768703,1.4920639542282605,0.33227365033086964,3
UD_English-EWT,32,0.5,16,31,1.9741851464592477,0.6710880389521899,2.1857855942622777,0.3878636140043836,3
UD_English-EWT,32,0.5,17,0,1.73232358905787,0.5902761522212315,1.988995714537216,0.4310024265396682,3
UD_English-EWT,32,0.5,17,1,1.5201355965709642,0.5139009676642974,2.0366413197556477,0.5539360348006307,3
UD_English-EWT,32,0.5,17,2,1.0203848677010485,0.3517719234368732,1.3356806379632655,0.5775918810134703,3
UD_English-EWT,32,0.5,17,3,1.5035198276323047,0.5204127049836956,1.6296752133764638,0.4417493325371451,3
UD_English-EWT,32,0.5,17,4,1.502298613443618,0.5157897334634064,1.8318404901114533,0.5153887891812837,3
UD_English-EWT,32,0.5,17,5,1.7681556820652304,0.6053371584969139,1.9622473605452122,0.42005014029384097,3
UD_English-EWT,32,0.5,17,6,1.481635403301981,0.50888172177452,1.7214020350320307,0.48920614808417845,3
UD_English-EWT,32,0.5,17,7,1.0218872969430652,0.34644706706043155,1.625232873040036,0.6679053846577044,3
UD_English-EWT,32,0.5,17,8,1.6774773756635861,0.5699499529160437,1.8194256265306734,0.42348321222569557,3
UD_English-EWT,32,0.5,17,9,0.95300850674225,0.31810411205769723,1.6027515604277778,0.6899816113607263,3
UD_English-EWT,32,0.5,17,10,1.5770241215363663,0.5304690233630235,1.9413480035594253,0.47105847342526763,3
UD_English-EWT,32,0.5,17,11,0.7500463758200028,0.2500154514337308,1.5820828482562943,0.765866784517991,3
UD_English-EWT,32,0.5,17,12,1.0060619381824696,0.3451613133064113,1.6909939592978993,0.6845017297970358,3
UD_English-EWT,32,0.5,17,13,1.2602509473788066,0.4292374237734003,1.4971228553514881,0.4131191788930005,3
UD_English-EWT,32,0.5,17,14,1.5970572829517946,0.5538602190563805,1.68971725712057,0.41678816558477655,3
UD_English-EWT,32,0.5,17,15,1.6348783139594047,0.5584177516658667,1.7281156109004723,0.3275217233948369,3
UD_English-EWT,32,0.5,17,16,1.1267155903257524,0.3900705182446482,1.5411261402898366,0.5898144009619788,3
UD_English-EWT,32,0.5,17,17,1.1151155510778201,0.38045173578765007,1.7459102193188798,0.6506033679012392,3
UD_English-EWT,32,0.5,17,18,1.2603986610426061,0.4230168639785714,1.7573227562648135,0.5704320583879295,3
UD_English-EWT,32,0.5,17,19,1.5990152383708347,0.5472983044244769,1.9157789618265433,0.47887315280830495,3
UD_English-EWT,32,0.5,17,20,1.1927424138089564,0.4007058143683579,1.7798087318955442,0.6222279387270059,3
UD_English-EWT,32,0.5,17,21,1.2006523212339928,0.41223142337807217,1.615373992556214,0.6048099237523009,3
UD_English-EWT,32,0.5,17,22,1.0143066349359593,0.3488797942729487,1.1458771271403805,0.48162415228743366,3
UD_English-EWT,32,0.5,17,23,1.4425597689733696,0.500554493026221,1.8855188267207101,0.5366237760132996,3
UD_English-EWT,32,0.5,17,24,1.7745054077309554,0.612646630512235,1.8738623675644288,0.3016044701396985,3
UD_English-EWT,32,0.5,17,25,0.7204360404104428,0.23491645268739655,1.4619049836893332,0.7419188996685332,3
UD_English-EWT,32,0.5,17,26,0.9271999956303715,0.30703741715091176,1.7803807238792027,0.720784163662319,3
UD_English-EWT,32,0.5,17,27,1.0053240236349552,0.3369850970343271,1.6795507479859397,0.6788732778545611,3
UD_English-EWT,32,0.5,17,28,1.9454174467611836,0.6615370480930652,2.222234320770847,0.41091350070412913,3
UD_English-EWT,32,0.5,17,29,1.0953875423454846,0.3705893712549153,1.4358218461817949,0.610756421750089,3
UD_English-EWT,32,0.5,17,30,1.322851301623824,0.44422082726475537,1.774096918643498,0.5500407675908835,3
UD_English-EWT,32,0.5,17,31,1.184469222221761,0.3999841871530578,1.8360459313529436,0.6308665785443154,3
UD_English-EWT,32,0.5,18,0,1.1538878575591658,0.3989934206809611,1.7447501391660971,0.6351729927954344,3
UD_English-EWT,32,0.5,18,1,0.9525636189459452,0.3217818341260345,1.6733891848603666,0.6992374498376756,3
UD_English-EWT,32,0.5,18,2,1.037918585707147,0.35979395692248595,1.2279653998400561,0.6043666292843706,3
UD_English-EWT,32,0.5,18,3,0.7994580133724788,0.2681256706108812,1.5443302540681945,0.7284629159761365,3
UD_English-EWT,32,0.5,18,4,1.9621023218434148,0.6660723695446668,2.145108088986687,0.3372379223661725,3
UD_English-EWT,32,0.5,18,5,1.1993573397560848,0.41471088930068767,1.1718386422795242,0.456263318359309,3
UD_English-EWT,32,0.5,18,6,1.3093260629390977,0.4476320121830875,1.890592601971331,0.594562328652986,3
UD_English-EWT,32,0.5,18,7,1.1463915753044283,0.3926124127008333,1.441441184238875,0.5847749690336933,3
UD_English-EWT,32,0.5,18,8,0.6084318033170178,0.19917128851572782,1.353892369592776,0.7765403567306114,3
UD_English-EWT,32,0.5,18,9,1.6007420592186445,0.5442604252658038,2.0508626848730667,0.5189373804585422,3
UD_English-EWT,32,0.5,18,10,1.3957290936173203,0.4746151033904275,1.8582472038507898,0.5317088821818051,3
UD_English-EWT,32,0.5,18,11,0.9401390612776814,0.3107754668519444,1.6657365613730661,0.7054832706936992,3
UD_English-EWT,32,0.5,18,12,1.1746687898395383,0.3906417175319948,1.7481941098045348,0.620962792223757,3
UD_English-EWT,32,0.5,18,13,1.1222795109198394,0.3825434333965427,1.4688894807586685,0.615423423521397,3
UD_English-EWT,32,0.5,18,14,1.3735483458540478,0.4684603919083412,1.740218896683448,0.5449777497267029,3
UD_English-EWT,32,0.5,18,15,1.160495364024068,0.3861440909765186,1.8700166988731084,0.6531097936581393,3
UD_English-EWT,32,0.5,18,16,0.7555269841477953,0.2533552947238712,1.3290689796046482,0.7232770763731177,3
UD_English-EWT,32,0.5,18,17,0.5318662161431623,0.1772423121901755,1.292627169908396,0.7813053608809231,3
UD_English-EWT,32,0.5,18,18,0.8439782630577547,0.28457133807174056,1.3986593799730034,0.7045169740725301,3
UD_English-EWT,32,0.5,18,19,0.7426497418406286,0.24420013761263215,1.5641230872623584,0.7430541109029062,3
UD_English-EWT,32,0.5,18,20,0.7154861790601347,0.24058477861640504,1.5442670108733498,0.7583634807085297,3
UD_English-EWT,32,0.5,18,21,1.2538809285029253,0.42691828191063225,1.7741138383284725,0.60815229542377,3
UD_English-EWT,32,0.5,18,22,1.2631500504761661,0.4267475242117498,1.675892703886566,0.5942839047242167,3
UD_English-EWT,32,0.5,18,23,1.3717533009625524,0.4721934262032066,1.6305056395643611,0.4607518467312519,3
UD_English-EWT,32,0.5,18,24,0.9037381169031661,0.3037980652850237,1.5737036381235756,0.6968033103329997,3
UD_English-EWT,32,0.5,18,25,0.8158112439362566,0.2677636435713436,1.6279957403101448,0.7328262728026548,3
UD_English-EWT,32,0.5,18,26,1.4413398660597254,0.496747932323884,1.7233383430809273,0.5084693564851862,3
UD_English-EWT,32,0.5,18,27,1.260918625744097,0.43244329508807927,1.7831828844731838,0.6072675253049163,3
UD_English-EWT,32,0.5,18,28,1.8539295416657824,0.6359011478898521,2.0891210729415732,0.41507573615766397,3
UD_English-EWT,32,0.5,18,29,0.6118942363788196,0.20532430449538,1.4804223983434923,0.790084772748374,3
UD_English-EWT,32,0.5,18,30,1.2268554784072554,0.4243219319751354,1.4094289203050574,0.45225139302905576,3
UD_English-EWT,32,0.5,18,31,1.2478433668152014,0.4244611499820902,1.6453956364228208,0.5313191296183292,3
UD_English-EWT,32,0.5,19,0,1.0381586688599518,0.35673140441975093,1.4815030357713905,0.6200138108977854,3
UD_English-EWT,32,0.5,19,1,1.7205255032128541,0.5914995887186141,1.895919915865462,0.4210940186063232,3
UD_English-EWT,32,0.5,19,2,1.3665528669003362,0.47422378313454555,1.4338097176590905,0.4462547214101247,3
UD_English-EWT,32,0.5,19,3,0.6502122804149307,0.21238687599861558,1.4259758698457141,0.7672580716510614,3
UD_English-EWT,32,0.5,19,4,1.2298608346687858,0.419834639408875,1.9780269990690418,0.6432742639521106,3
UD_English-EWT,32,0.5,19,5,1.5419481311176646,0.5295727422600018,1.9171585858899605,0.4979351831630605,3
UD_English-EWT,32,0.5,19,6,0.8832735853110235,0.29084844064333887,1.6081357561119702,0.7101587014330487,3
UD_English-EWT,32,0.5,19,7,0.9290555283929373,0.3123899121074946,1.6723494639922143,0.7151749932185113,3
UD_English-EWT,32,0.5,19,8,0.8459439026480219,0.28022292986654684,1.5465650079137425,0.7093451278782933,3
UD_English-EWT,32,0.5,19,9,0.6456938343587414,0.21153010363658323,1.3200198070626223,0.7653035215884175,3
UD_English-EWT,32,0.5,19,10,0.7598675454479857,0.2554284408620689,1.3959242721344387,0.7419716997550485,3
UD_English-EWT,32,0.5,19,11,0.8195279738195715,0.2705480004737123,1.6301358997523243,0.7348609154599504,3
UD_English-EWT,32,0.5,19,12,1.281499965893332,0.4475688595453681,1.1960819898027324,0.314342219640377,3
UD_English-EWT,32,0.5,19,13,1.8364491259954014,0.6274553822770796,2.079080859874333,0.4136896499302001,3
UD_English-EWT,32,0.5,19,14,1.064192830796993,0.36291498092354324,1.6480310362762005,0.6650497081854088,3
UD_English-EWT,32,0.5,19,15,1.35476598789566,0.465460610967842,1.6915657027117323,0.544711886391125,3
UD_English-EWT,32,0.5,19,16,2.024160736028397,0.7023323371409284,1.9979953751755106,0.16408564504541334,3
UD_English-EWT,32,0.5,19,17,0.5172748987059125,0.17105151869047885,1.2095834240995904,0.7853803625143726,3
UD_English-EWT,32,0.5,19,18,1.4123397193618377,0.4719958738415402,2.0920207300147076,0.600354329484408,3
UD_English-EWT,32,0.5,19,19,1.0120362486751353,0.3412619321886959,1.6698530877385636,0.6769795025985532,3
UD_English-EWT,32,0.5,19,20,0.6620644574411525,0.22342838370198814,1.3748643779838783,0.7488571350311756,3
UD_English-EWT,32,0.5,19,21,0.7965496650579741,0.2695076688683044,1.4306242600327632,0.7287522094470121,3
UD_English-EWT,32,0.5,19,22,1.0164779022553145,0.3461251029463142,1.6038141401250507,0.660668444784124,3
UD_English-EWT,32,0.5,19,23,1.3031962656285376,0.4390823184249614,1.9966034959791354,0.6241399567092486,3
UD_English-EWT,32,0.5,19,24,1.5522283188496566,0.5268994977524698,2.0231972897259047,0.5292792950565155,3
UD_English-EWT,32,0.5,19,25,0.8685855513984823,0.29617140539166925,1.4679793954872693,0.7020559352033776,3
UD_English-EWT,32,0.5,19,26,0.7624408116221483,0.25225695605662896,1.6126380463441212,0.7573347594962202,3
UD_English-EWT,32,0.5,19,27,1.4418613638437077,0.495317317911836,1.7632705524753787,0.5210399540287115,3
UD_English-EWT,32,0.5,19,28,0.9162084991706091,0.3071695903692741,1.6805487220024584,0.7047774548589749,3
UD_English-EWT,32,0.5,19,29,1.0572012474519525,0.36096471239335987,1.4262501019814844,0.6060105492386336,3
UD_English-EWT,32,0.5,19,30,0.6721965716286599,0.22212870531411796,1.6247046304652926,0.7827668916467978,3
UD_English-EWT,32,0.5,19,31,1.3759916054190073,0.4623264422155035,1.8451546655326592,0.5525763605013897,3
UD_English-EWT,32,0.5,20,0,0.9484413589447573,0.32854043161038493,1.1650763120916154,0.5304622397858154,3
UD_English-EWT,32,0.5,20,1,0.7784984078332918,0.26245953928414595,1.5257201674504575,0.7512740070078325,3
UD_English-EWT,32,0.5,20,2,0.8913876522325644,0.3034726020783349,1.566724826593651,0.71121656885184,3
UD_English-EWT,32,0.5,20,3,1.1514438054980694,0.39600354115493963,1.5495310264804107,0.5708800425213543,3
UD_English-EWT,32,0.5,20,4,1.410556944898026,0.4898104979732975,1.7603881926918727,0.5082067933564629,3
UD_English-EWT,32,0.5,20,5,1.2114218837142208,0.40904727275186437,1.783345106276658,0.6028066899471378,3
UD_English-EWT,32,0.5,20,6,1.3545966653767396,0.45954933512840546,1.5721188299425748,0.5265364050933029,3
UD_English-EWT,32,0.5,20,7,1.392681478083351,0.46566265993810957,1.9910392648046784,0.5939269110913269,3
UD_English-EWT,32,0.5,20,8,0.8284338247947028,0.2812436834683401,1.5137158468067102,0.7268919373416293,3
UD_English-EWT,32,0.5,20,9,1.144933800106166,0.38956716050052903,1.650411670080951,0.6294777217119226,3
UD_English-EWT,32,0.5,20,10,0.8411931483336268,0.2853529463863112,1.6489447182644914,0.7461287775136299,3
UD_English-EWT,32,0.5,20,11,1.3174795640025199,0.4534779949985675,1.5502006827916386,0.42995417151321913,3
UD_English-EWT,32,0.5,20,12,1.2541874303110963,0.42475817377640035,1.7525089123101398,0.5737596349434448,3
UD_English-EWT,32,0.5,20,13,1.2095276977466538,0.4153605879764522,1.4197226228338338,0.5087213890732204,3
UD_English-EWT,32,0.5,20,14,0.7709318584777781,0.25056413077801903,1.6358171441135945,0.756373854404916,3
UD_English-EWT,32,0.5,20,15,1.1917685890648317,0.4043021547270494,1.6190169580918627,0.5680038012319901,3
UD_English-EWT,32,0.5,20,16,1.0357276217126457,0.3502451737762475,1.5677978982690906,0.6644802000950377,3
UD_English-EWT,32,0.5,20,17,0.7440582428344666,0.2435911409964001,1.6924099499234195,0.7713364885953715,3
UD_English-EWT,32,0.5,20,18,1.6405780562937586,0.5581063915634416,2.0110930560227955,0.47313800633957914,3
UD_English-EWT,32,0.5,20,19,0.7672333392452021,0.2578403485195884,1.4339198474594153,0.7415138755692593,3
UD_English-EWT,32,0.5,20,20,1.5630724074519182,0.536616105891642,1.7319244727193766,0.35967830800619277,3
UD_English-EWT,32,0.5,20,21,1.7209394371140416,0.5886764584994707,2.0918252156786146,0.4668005255062832,3
UD_English-EWT,32,0.5,20,22,1.2294728599610876,0.41009672197134983,1.9369311969734062,0.6541672418324891,3
UD_English-EWT,32,0.5,20,23,0.8160106056184934,0.27443065368426195,1.617776536604963,0.7367343160922628,3
UD_English-EWT,32,0.5,20,24,0.9161811409779368,0.31252642148573,1.591944458746845,0.6995930190254104,3
UD_English-EWT,32,0.5,20,25,1.0044911000436556,0.3396374643771809,1.796679364038947,0.7040419320292594,3
UD_English-EWT,32,0.5,20,26,0.8509161083370392,0.2875750036723573,1.3623818215016676,0.7050806008591461,3
UD_English-EWT,32,0.5,20,27,0.7603186208870133,0.25507764810041433,1.5025513620134479,0.7557895415494785,3
UD_English-EWT,32,0.5,20,28,1.1077095240571675,0.3819962557751298,1.4284414318144212,0.5244898923379259,3
UD_English-EWT,32,0.5,20,29,0.7873909157346289,0.26646376774732855,1.5260858289992438,0.754891021954123,3
UD_English-EWT,32,0.5,20,30,1.0986197161435647,0.3812002814383346,1.3474226209092446,0.4981855639071629,3
UD_English-EWT,32,0.5,20,31,1.3862614377600249,0.46516352350431717,2.0544694998659505,0.59349048094237,3
UD_English-EWT,32,0.5,21,0,1.2392782863154872,0.42494849283892816,1.9156873892782382,0.628193577405452,3
UD_English-EWT,32,0.5,21,1,0.7062817054422391,0.23848983590475847,1.4712135714151386,0.7773546216184976,3
UD_English-EWT,32,0.5,21,2,0.6939673354757613,0.2355004441203424,1.58495852125907,0.7840104270556804,3
UD_English-EWT,32,0.5,21,3,0.6934365016392997,0.23149555438759659,1.5486208756601876,0.7715498517336958,3
UD_English-EWT,32,0.5,21,4,0.8410620025828996,0.28213127873810806,1.6231438052621696,0.7438893846773927,3
UD_English-EWT,32,0.5,21,5,0.6503404341773801,0.21695808923628543,1.5483528789546757,0.8028347670271966,3
UD_English-EWT,32,0.5,21,6,0.5250430627876997,0.17240509660982398,1.4670649322669254,0.822948635194471,3
UD_English-EWT,32,0.5,21,7,0.8652618619492906,0.29266845221157933,1.6701006754581396,0.7296117144909929,3
UD_English-EWT,32,0.5,21,8,0.8731187270693006,0.2994334370216765,1.4903451454824002,0.7003499766055135,3
UD_English-EWT,32,0.5,21,9,0.6731030527156233,0.22207777826912797,1.5633288682565663,0.7825925635591231,3
UD_English-EWT,32,0.5,21,10,1.247054988989956,0.4263144177002985,1.6467099156373184,0.5287443332591235,3
UD_English-EWT,32,0.5,21,11,0.6386117546875131,0.21325413910044402,1.408835548798949,0.776991268053298,3
UD_English-EWT,32,0.5,21,12,1.1149201333142804,0.37497513234031765,1.8510161286223348,0.6659239564355605,3
UD_English-EWT,32,0.5,21,13,0.9348441280546735,0.31101974572491015,1.7660325174720344,0.7192343691930527,3
UD_English-EWT,32,0.5,21,14,1.0785630819250327,0.3741076090330689,1.7202182301135227,0.645076265914844,3
UD_English-EWT,32,0.5,21,15,0.6811376706593566,0.22623383946452147,1.4663001137610883,0.7706865045922268,3
UD_English-EWT,32,0.5,21,16,0.6872564242552213,0.23225872777741677,1.4573270571307841,0.7722783742815201,3
UD_English-EWT,32,0.5,21,17,1.37347353544283,0.4747745085690842,1.5445083955978003,0.48792448026452123,3
UD_English-EWT,32,0.5,21,18,0.586041207572883,0.19522094159286962,1.457018504031206,0.7907250695514114,3
UD_English-EWT,32,0.5,21,19,0.8609939916754898,0.2904615872598954,1.6068773474849636,0.7163909573671162,3
UD_English-EWT,32,0.5,21,20,1.1231693277756374,0.3859554132843604,1.4801441006810288,0.5928829288778518,3
UD_English-EWT,32,0.5,21,21,0.7492481820855309,0.25104791341936433,1.5038541500577074,0.7451250890714332,3
UD_English-EWT,32,0.5,21,22,1.104369493435478,0.37604301185338657,1.5773075797301608,0.621186657918987,3
UD_English-EWT,32,0.5,21,23,0.8023561955936837,0.267684631066597,1.5805999134244815,0.736605073082751,3
UD_English-EWT,32,0.5,21,24,0.8725596654223776,0.2898766677657003,1.6800255530084633,0.7312933314177724,3
UD_English-EWT,32,0.5,21,25,0.9157633340098168,0.31327153135342134,1.5397356471593044,0.6696583250154129,3
UD_English-EWT,32,0.5,21,26,0.6907985250250129,0.2321138309199492,1.5171731386896907,0.7823146257162746,3
UD_English-EWT,32,0.5,21,27,0.7198867059918376,0.2433728319720004,1.5118300139714025,0.7700124412286478,3
UD_English-EWT,32,0.5,21,28,0.8988806342261628,0.3062873431710435,1.7638740029952782,0.7438947572109912,3
UD_English-EWT,32,0.5,21,29,0.6241977320668476,0.20673522415260473,1.420784034174214,0.7925631973641383,3
UD_English-EWT,32,0.5,21,30,0.6522516387299327,0.2216649745541789,1.4253730537787161,0.7979766531747329,3
UD_English-EWT,32,0.5,21,31,0.9995866726018582,0.3355905305838487,1.766120794244477,0.6986341889683015,3
UD_English-EWT,32,0.5,22,0,0.7719864909823828,0.25510307567835344,1.5707217738683756,0.7488101112549422,3
UD_English-EWT,32,0.5,22,1,0.761104386876624,0.25323213877424405,1.65334399706109,0.761978181347061,3
UD_English-EWT,32,0.5,22,2,1.259590542422292,0.42802015759851547,1.4893165524702905,0.5534874124211583,3
UD_English-EWT,32,0.5,22,3,0.9153698463203259,0.305948987213016,1.5406188297412868,0.6932811900864752,3
UD_English-EWT,32,0.5,22,4,1.3394785120893262,0.4661544128601017,1.5774937470482564,0.5161697790705224,3
UD_English-EWT,32,0.5,22,5,0.9679979270761782,0.32547119317851103,1.4202851920451405,0.6520102257434895,3
UD_English-EWT,32,0.5,22,6,0.45602013184290335,0.1543775920265054,1.4730352936702726,0.8502858103895883,3
UD_English-EWT,32,0.5,22,7,0.8459514733302137,0.28675863009373675,1.521945462485806,0.7194847416790892,3
UD_English-EWT,32,0.5,22,8,1.0339379321736282,0.3496564126290204,1.7890783826428684,0.6921410272084515,3
UD_English-EWT,32,0.5,22,9,0.6794159422494567,0.22619083451144464,1.5423459985135681,0.7924386056611663,3
UD_English-EWT,32,0.5,22,10,0.8709786936695024,0.30008691359983114,1.075302994533532,0.6484490897784685,3
UD_English-EWT,32,0.5,22,11,1.4009338375757736,0.4827661551331562,1.7067489232359037,0.48468472786885575,3
UD_English-EWT,32,0.5,22,12,1.2542237474401574,0.4365154171162344,1.4188859697248113,0.5202797321103961,3
UD_English-EWT,32,0.5,22,13,0.7667336441128633,0.2544168410788821,1.4905966672035298,0.7396269579077028,3
UD_English-EWT,32,0.5,22,14,0.7142767741434778,0.2386246223939084,1.5308274309301855,0.761358894278823,3
UD_English-EWT,32,0.5,22,15,0.44735204836587766,0.1463804809912659,1.216821798650999,0.827988273825476,3
UD_English-EWT,32,0.5,22,16,0.9806211956035353,0.33173627940384853,1.710588291341707,0.6974234042760453,3
UD_English-EWT,32,0.5,22,17,1.4773524411171948,0.5089295760054949,1.8441609035098487,0.4736003166909426,3
UD_English-EWT,32,0.5,22,18,0.8166690474284476,0.2716788693529661,1.6199540192420798,0.7424455130089394,3
UD_English-EWT,32,0.5,22,19,0.7243933952082702,0.24602435519053634,1.4947688170795235,0.7689446618132468,3
UD_English-EWT,32,0.5,22,20,0.8862225405247594,0.2955993302777165,1.651962657701665,0.718555713476162,3
UD_English-EWT,32,0.5,22,21,1.0737427522738774,0.3666794079072597,1.6475201378048876,0.6402521579643415,3
UD_English-EWT,32,0.5,22,22,0.5183473296229386,0.17154778716899113,1.2519590665123175,0.8226011706234545,3
UD_English-EWT,32,0.5,22,23,1.0890693593437772,0.36745365361304777,1.8540337368818796,0.6805179774530489,3
UD_English-EWT,32,0.5,22,24,0.6474596821382398,0.21671492024197603,1.4815103315454798,0.7971125515025169,3
UD_English-EWT,32,0.5,22,25,1.0949218383496577,0.3782599731221225,1.6728841338327023,0.6474539468875782,3
UD_English-EWT,32,0.5,22,26,1.3664102402866865,0.47345266683885523,1.4711455238104303,0.40119554555698383,3
UD_English-EWT,32,0.5,22,27,0.6785683625382802,0.22880148534444186,1.5125623373331702,0.7921214216339566,3
UD_English-EWT,32,0.5,22,28,0.6619681804042262,0.22083225512948357,1.4459983507452876,0.7710613604560358,3
UD_English-EWT,32,0.5,22,29,0.8774686520393321,0.30194250813164564,1.414026505186584,0.6842522352106041,3
UD_English-EWT,32,0.5,22,30,0.947547842176777,0.32440467841095394,1.4809901658140243,0.6647040205642935,3
UD_English-EWT,32,0.5,22,31,0.7638223230404497,0.25961886958230984,1.5718335522057145,0.7675969389102715,3
UD_English-EWT,32,0.5,23,0,0.611361818645957,0.2035236638650054,1.4438826763809054,0.7999197311414395,3
UD_English-EWT,32,0.5,23,1,0.9462232832238756,0.3301236049725058,0.9218958754954225,0.42528284638984387,3
UD_English-EWT,32,0.5,23,2,0.6505066518500474,0.21647217882142314,1.3716661761597966,0.7653896501779774,3
UD_English-EWT,32,0.5,23,3,1.1812781405877761,0.4067819535474417,1.7581516045038816,0.614089593386281,3
UD_English-EWT,32,0.5,23,4,1.4147746505823076,0.48544546351759593,1.9727980757780197,0.559171987232669,3
UD_English-EWT,32,0.5,23,5,0.5021933667117454,0.16536060084193563,1.376791421568296,0.8125483666178525,3
UD_English-EWT,32,0.5,23,6,0.8393223857157651,0.28387106270724416,1.5168500276374035,0.7110186098296135,3
UD_English-EWT,32,0.5,23,7,0.6604598230921505,0.22224698621162195,1.480994284967256,0.7946061379053987,3
UD_English-EWT,32,0.5,23,8,0.677416131646798,0.2265596067200403,1.5879853721470563,0.7980545034092632,3
UD_English-EWT,32,0.5,23,9,0.8188581503995563,0.2742399351691695,1.5365187955955772,0.7461306633180066,3
UD_English-EWT,32,0.5,23,10,1.3347703192267695,0.45951568058442555,1.8531194000567677,0.5647846257521046,3
UD_English-EWT,32,0.5,23,11,0.5868959587766281,0.1948844763519877,1.3462498762758486,0.7922836848024027,3
UD_English-EWT,32,0.5,23,12,1.3213391015221294,0.4580454337724462,1.7558130065762931,0.5419167757495722,3
UD_English-EWT,32,0.5,23,13,0.7093627264414438,0.23616392079075776,1.426023940191026,0.7607539449368886,3
UD_English-EWT,32,0.5,23,14,0.6896183145383478,0.22929899684596258,1.4549738006540769,0.7542120429037481,3
UD_English-EWT,32,0.5,23,15,0.5862731616808362,0.19507288121667524,1.4194325398185539,0.7961036505106369,3
UD_English-EWT,32,0.5,23,16,0.6300527271772234,0.2058162603108297,1.5930334555090342,0.785492501881496,3
UD_English-EWT,32,0.5,23,17,1.1367586902079794,0.38549690790990115,1.7341607095222438,0.6309533503876901,3
UD_English-EWT,32,0.5,23,18,1.5405518503788391,0.5224877680076765,2.046184249914409,0.5400284358617494,3
UD_English-EWT,32,0.5,23,19,0.9303190812522812,0.3131778731141477,1.6667642001680119,0.7060857109711905,3
UD_English-EWT,32,0.5,23,20,0.719750537786409,0.23976195376800655,1.579139190822677,0.7812750092919624,3
UD_English-EWT,32,0.5,23,21,0.6398808005281159,0.21416087910186887,1.3649450120650137,0.7710786938314446,3
UD_English-EWT,32,0.5,23,22,0.7124954149778423,0.24120553190360194,1.315860577891216,0.741523168587511,3
UD_English-EWT,32,0.5,23,23,0.6392065585032785,0.21341490598805998,1.2788676219451187,0.7669420012142272,3
UD_English-EWT,32,0.5,23,24,0.7657519028995369,0.2522954363630362,1.6565994812084026,0.7617746149758063,3
UD_English-EWT,32,0.5,23,25,0.7709772719718339,0.25924457680902196,1.5515191835607445,0.7495925332841976,3
UD_English-EWT,32,0.5,23,26,0.5114634651741613,0.16596426400703757,1.3618821257552325,0.8055306702092263,3
UD_English-EWT,32,0.5,23,27,0.48164304162126265,0.15816528645966657,1.3721737718118021,0.8254544317640894,3
UD_English-EWT,32,0.5,23,28,1.702431232415696,0.5806383678319785,1.9949099222276165,0.4510041330627188,3
UD_English-EWT,32,0.5,23,29,1.143657965358272,0.38463673091922734,1.6186095307596393,0.6382037117018725,3
UD_English-EWT,32,0.5,23,30,0.4523889845091246,0.14674573390106782,1.4050860781093657,0.8369889111412462,3
UD_English-EWT,32,0.5,23,31,0.775081453576874,0.259488545141042,1.6593788839971648,0.7698032572078358,3
UD_English-EWT,32,0.5,24,0,0.6625277060872871,0.22017771173404266,1.382750286417038,0.7671205237344966,3
UD_English-EWT,32,0.5,24,1,1.2535873911664135,0.42929551240144964,1.82444271097852,0.5731586207226869,3
UD_English-EWT,32,0.5,24,2,0.5433878897602766,0.17927225733274266,1.3355118832355857,0.7949418156986244,3
UD_English-EWT,32,0.5,24,3,0.6219384074278976,0.20825088941212236,1.4581771572756637,0.8086494005171545,3
UD_English-EWT,32,0.5,24,4,0.8999512955166385,0.30080143392818876,1.8052526699932112,0.7475398803886386,3
UD_English-EWT,32,0.5,24,5,0.7663749716293834,0.2608076468252582,1.5521894082671306,0.746828649050551,3
UD_English-EWT,32,0.5,24,6,0.992934183643381,0.3373607922182546,1.437955812461172,0.620493385744008,3
UD_English-EWT,32,0.5,24,7,1.069806789087033,0.3699911036180885,1.7741297409345542,0.6615777880441946,3
UD_English-EWT,32,0.5,24,8,0.6321924225052307,0.21433525627821629,1.5236780397010412,0.8050422854789403,3
UD_English-EWT,32,0.5,24,9,0.6400054064604754,0.2140454683530879,1.4857327634763848,0.7847268572297686,3
UD_English-EWT,32,0.5,24,10,1.2031594842862345,0.4086903817239192,1.7725649844373292,0.6153780078288094,3
UD_English-EWT,32,0.5,24,11,0.5354487370082155,0.17690102596561985,1.4504797314251272,0.8304355540507912,3
UD_English-EWT,32,0.5,24,12,0.9619279035887865,0.32136326077613026,1.7474291454627433,0.7039382692921792,3
UD_English-EWT,32,0.5,24,13,1.5125987520254809,0.5219428838656466,1.4869203565604916,0.337418682924141,3
UD_English-EWT,32,0.5,24,14,1.0896650653040691,0.3661903699551232,1.9127456879680924,0.6785037045066801,3
UD_English-EWT,32,0.5,24,15,0.6784979161282217,0.22664267222866932,1.5433392755836521,0.7924523317613019,3
UD_English-EWT,32,0.5,24,16,0.8058178878791346,0.2677121938855976,1.7143118377428888,0.7693332144905743,3
UD_English-EWT,32,0.5,24,17,0.8396964130655121,0.2815766831001569,1.721601527367459,0.7580411567578332,3
UD_English-EWT,32,0.5,24,18,1.9722506847429362,0.6749980452933598,2.231351035974499,0.38781878875673687,3
UD_English-EWT,32,0.5,24,19,0.7856095762913181,0.258530700231524,1.6378793444464115,0.7525644646465562,3
UD_English-EWT,32,0.5,24,20,0.41650598663293864,0.13778796931347032,1.1797878603690146,0.8433199716504589,3
UD_English-EWT,32,0.5,24,21,0.5783089856924201,0.1923712602390726,1.3165685302817105,0.7842972616517478,3
UD_English-EWT,32,0.5,24,22,0.5693686077293205,0.18727790006862202,1.3822927259736588,0.7947944779159376,3
UD_English-EWT,32,0.5,24,23,1.8579213934219385,0.6302496523126444,2.2212689876122123,0.41709700416101786,3
UD_English-EWT,32,0.5,24,24,1.0835915360131552,0.3658286981006409,1.8523258509585983,0.6806802616975455,3
UD_English-EWT,32,0.5,24,25,0.8485220854996767,0.28439728500073835,1.522084217918918,0.7159449387823514,3
UD_English-EWT,32,0.5,24,26,0.7141960307494322,0.24077077964168103,1.3032028516025056,0.7311993150654604,3
UD_English-EWT,32,0.5,24,27,0.8539402323260985,0.2888905043851157,1.3387130946463792,0.6893486549266917,3
UD_English-EWT,32,0.5,24,28,0.6575633564994472,0.2207553593326489,1.45680742014627,0.7780357395690647,3
UD_English-EWT,32,0.5,24,29,0.870339546250841,0.29539927834804375,1.6496926465755386,0.748958732566384,3
UD_English-EWT,32,0.5,24,30,0.9549305226470604,0.33600457283398494,0.8712051826340904,0.29293579806341286,3
UD_English-EWT,32,0.5,24,31,0.7745831369206932,0.2555679572213489,1.405846655368805,0.7341978394024359,3
UD_English-EWT,32,0.5,25,0,0.8881611033717682,0.30079255703300617,1.742059511076557,0.7369873942858209,3
UD_English-EWT,32,0.5,25,1,0.582001093839497,0.19051298332351427,1.4736710358716423,0.7993346117776166,3
UD_English-EWT,32,0.5,25,2,0.6825637195788609,0.23030772559914758,1.3259617799523207,0.7523240480293776,3
UD_English-EWT,32,0.5,25,3,0.6475869340988347,0.2151131615117328,1.6568214374107526,0.812009904526839,3
UD_English-EWT,32,0.5,25,4,0.7218726198231371,0.24546022462456715,1.352691494552707,0.7234153509384296,3
UD_English-EWT,32,0.5,25,5,1.134738270749757,0.39160822012643237,1.7871434368152437,0.6404479898118799,3
UD_English-EWT,32,0.5,25,6,0.7097710377497698,0.23666311353309344,1.4645379818093798,0.7463673353738037,3
UD_English-EWT,32,0.5,25,7,0.7438383522038033,0.24982418662754782,1.5256487586703456,0.7759866853039338,3
UD_English-EWT,32,0.5,25,8,0.506746251103833,0.16588558314388488,1.3397182177630116,0.8127782223152442,3
UD_English-EWT,32,0.5,25,9,0.8417490519488227,0.2803178418237709,1.740530247896747,0.743571625476218,3
UD_English-EWT,32,0.5,25,10,0.6007582357760607,0.19674138064989868,1.5606838829530394,0.8016344643450717,3
UD_English-EWT,32,0.5,25,11,0.6487846239240932,0.2209733172552236,1.3863811281820138,0.7914514002035659,3
UD_English-EWT,32,0.5,25,12,0.8453963729595335,0.2786415784953939,1.7708454560929525,0.7438363563914008,3
UD_English-EWT,32,0.5,25,13,0.5336060050522098,0.1755595904323722,1.3357920478350858,0.8024943371613821,3
UD_English-EWT,32,0.5,25,14,0.49825100745422213,0.16175917759181455,1.4192913187182556,0.8172308508042104,3
UD_English-EWT,32,0.5,25,15,0.8710809924210573,0.29355659397939843,1.6255140825698937,0.724376581378539,3
UD_English-EWT,32,0.5,25,16,0.7409382054890982,0.25051766177656326,1.5795909291462387,0.7781610517255378,3
UD_English-EWT,32,0.5,25,17,0.7582472489166238,0.25567527553694275,1.5983312203530187,0.7702390783905765,3
UD_English-EWT,32,0.5,25,18,0.7062390762362595,0.235515300813852,1.4220987095451747,0.7512751662245322,3
UD_English-EWT,32,0.5,25,19,0.8091906396526239,0.27500667212995783,1.176427768716395,0.6917016804354005,3
UD_English-EWT,32,0.5,25,20,0.5162132313943218,0.1695177662143915,1.3099719819651818,0.8055486530404816,3
UD_English-EWT,32,0.5,25,21,0.7457976593535888,0.2488623349969776,1.6662513869381994,0.7845184889050346,3
UD_English-EWT,32,0.5,25,22,1.0282450986785205,0.3510837795005904,1.7640028640166439,0.6952167695527303,3
UD_English-EWT,32,0.5,25,23,1.018310981451488,0.3404812296184088,1.8274653138684445,0.700854082495137,3
UD_English-EWT,32,0.5,25,24,0.7090202635001451,0.24019128756465316,1.5906703278612353,0.7745282214223144,3
UD_English-EWT,32,0.5,25,25,0.6568490942373519,0.22118544743951063,1.4471272972967129,0.7747275570173406,3
UD_English-EWT,32,0.5,25,26,0.7778982287764767,0.259285063823797,1.5665953011949207,0.7458478712590448,3
UD_English-EWT,32,0.5,25,27,0.7551003688664765,0.25828415057189313,1.500437274548091,0.7567011942113249,3
UD_English-EWT,32,0.5,25,28,1.2002417844718487,0.41830331598067544,1.407056146876408,0.48834635456430237,3
UD_English-EWT,32,0.5,25,29,1.0504324802881164,0.36444375281627606,1.5292011254445017,0.6432384197856341,3
UD_English-EWT,32,0.5,25,30,0.7586551743859801,0.25433324347292574,1.379907664596926,0.7329552717954734,3
UD_English-EWT,32,0.5,25,31,0.5096046634625732,0.1673235662140712,1.3656331767957448,0.8261601393312921,3
UD_English-EWT,32,0.5,26,0,0.7022903135185468,0.2349576835651188,1.4165156257689977,0.7407261215774631,3
UD_English-EWT,32,0.5,26,1,0.6041746969811469,0.19912753401083264,1.4136819534940148,0.7804428970200333,3
UD_English-EWT,32,0.5,26,2,1.241641637582488,0.42144552977901556,1.914596025898157,0.6376215003919407,3
UD_English-EWT,32,0.5,26,3,0.8188798870545267,0.27896473573381675,1.6381900132326699,0.7601803883720182,3
UD_English-EWT,32,0.5,26,4,1.6497860701520588,0.5760847455626846,1.678010831873708,0.2619671092516249,3
UD_English-EWT,32,0.5,26,5,0.60885583688734,0.200271035777829,1.3431424596134864,0.7806333780614404,3
UD_English-EWT,32,0.5,26,6,0.7752936951381804,0.2666574738044394,1.4784802765142722,0.7179607378763362,3
UD_English-EWT,32,0.5,26,7,0.633497590263576,0.2082505179450377,1.501407126877423,0.7956208942122146,3
UD_English-EWT,32,0.5,26,8,0.6648558651848623,0.22105771017333795,1.3553236930788863,0.760212213045261,3
UD_English-EWT,32,0.5,26,9,1.1753800098796143,0.40262368096137086,1.6279317958921682,0.6007856985448923,3
UD_English-EWT,32,0.5,26,10,1.5670074625500563,0.5340593352045301,2.0422419136990615,0.5263521899087508,3
UD_English-EWT,32,0.5,26,11,0.6629504071504475,0.2181878099421579,1.3386372583757116,0.7574217372009011,3
UD_English-EWT,32,0.5,26,12,0.3394729148567686,0.10882717604538551,1.263963379883606,0.8745770928719656,3
UD_English-EWT,32,0.5,26,13,0.7676165102283812,0.2611025385694317,0.9702907985649691,0.5468981200608617,3
UD_English-EWT,32,0.5,26,14,1.2474529391565177,0.4217099978814143,1.6927385796777539,0.5462703058642008,3
UD_English-EWT,32,0.5,26,15,1.366959551753025,0.4651579206812794,1.924353840898295,0.5398586329635918,3
UD_English-EWT,32,0.5,26,16,0.7540596126967224,0.25178422251773935,1.500161887029481,0.7490329183366672,3
UD_English-EWT,32,0.5,26,17,0.6155712796232659,0.20503440494386171,1.596173447310816,0.8028093909128876,3
UD_English-EWT,32,0.5,26,18,0.7454552171931675,0.25616795551676463,1.2253580583982129,0.6780995433854926,3
UD_English-EWT,32,0.5,26,19,2.1003794561264075,0.7232607120074643,2.0813816380305368,0.21460376294306013,3
UD_English-EWT,32,0.5,26,20,0.7661948232336449,0.2561905535925281,1.6536659498059467,0.7624769998351298,3
UD_English-EWT,32,0.5,26,21,1.151434381450026,0.39286376284825564,1.880173166158638,0.6526619297518431,3
UD_English-EWT,32,0.5,26,22,1.0257680286638073,0.3528041968865147,1.2908305221513754,0.582500901595708,3
UD_English-EWT,32,0.5,26,23,0.852561557818143,0.2878323759296688,1.7445198960724424,0.7495997135335739,3
UD_English-EWT,32,0.5,26,24,0.9157782052465476,0.31049398956769475,1.8426808412636346,0.7478229508468904,3
UD_English-EWT,32,0.5,26,25,1.0429561129603229,0.35861563755840553,1.834902802071719,0.6986024727152561,3
UD_English-EWT,32,0.5,26,26,0.7935015010649172,0.26566127501767406,1.650018523448912,0.7665819517847402,3
UD_English-EWT,32,0.5,26,27,0.9106626995518559,0.30817484345375296,1.7443884243079222,0.7363316443204228,3
UD_English-EWT,32,0.5,26,28,1.2031788387910916,0.4128510724067797,1.6428091936966978,0.5598471576792403,3
UD_English-EWT,32,0.5,26,29,1.376200219565402,0.4695485382254332,1.9446476020991044,0.5868426273714323,3
UD_English-EWT,32,0.5,26,30,0.8122919085545836,0.2729341371666864,1.3015748958471478,0.6699814787287203,3
UD_English-EWT,32,0.5,26,31,0.6012115525302285,0.1987322324323714,1.3900560381091143,0.7784547265313688,3
UD_English-EWT,32,0.5,27,0,0.5970255693145952,0.1974444514588336,1.2703086008573925,0.7788449699272876,3
UD_English-EWT,32,0.5,27,1,0.4941701860826985,0.16056183196404075,1.2206225281272538,0.8002343447997705,3
UD_English-EWT,32,0.5,27,2,1.5184556963719522,0.5253315488035996,1.614684456087418,0.33749530942116496,3
UD_English-EWT,32,0.5,27,3,0.5433393253050812,0.1775970616859667,1.3449240996347969,0.8081748853005021,3
UD_English-EWT,32,0.5,27,4,0.868934951620838,0.29765926223784306,1.3946411981907263,0.7017332107398678,3
UD_English-EWT,32,0.5,27,5,0.45890326350622,0.14961221708300335,1.3229177842842914,0.8284573385352862,3
UD_English-EWT,32,0.5,27,6,1.1071629046118108,0.3845048312484567,1.402685861905633,0.5707080620994116,3
UD_English-EWT,32,0.5,27,7,1.1714174811523035,0.4068593419070452,1.1857591095789317,0.376289519238776,3
UD_English-EWT,32,0.5,27,8,0.88746708293593,0.3062292832494434,1.2939298473610688,0.6804599550252405,3
UD_English-EWT,32,0.5,27,9,0.7672975486202102,0.2592705338497821,1.2151686167972118,0.6461342776326534,3
UD_English-EWT,32,0.5,27,10,0.6733592931479758,0.22489978261936613,1.675604915684038,0.7953988655058087,3
UD_English-EWT,32,0.5,27,11,0.7625215301368189,0.25399094407458556,1.4630401426135735,0.729919627851693,3
UD_English-EWT,32,0.5,27,12,1.4977170755248685,0.5185607932304425,1.5056070751342618,0.2833629153356743,3
UD_English-EWT,32,0.5,27,13,0.4911418816699003,0.1587584604834035,1.4189339858668097,0.8267090328051311,3
UD_English-EWT,32,0.5,27,14,0.5992073927359666,0.19832131661769878,1.445266803791017,0.7970685910006038,3
UD_English-EWT,32,0.5,27,15,1.3016708417641227,0.44483468613039384,1.8326445097860307,0.5703396846850713,3
UD_English-EWT,32,0.5,27,16,1.6451121761119214,0.564430046093757,2.0687943826716237,0.4376678180105591,3
UD_English-EWT,32,0.5,27,17,0.9181852986415228,0.31887014179010426,1.0016752065910886,0.5274556514846063,3
UD_English-EWT,32,0.5,27,18,0.7740507485389112,0.2549676365407357,1.591499991389246,0.7524630296941446,3
UD_English-EWT,32,0.5,27,19,0.6023951893153249,0.19825324709807102,1.4028926483967863,0.7906100185001049,3
UD_English-EWT,32,0.5,27,20,0.781028509452152,0.26492963213887477,1.6540117955924385,0.7530079531010058,3
UD_English-EWT,32,0.5,27,21,0.5942814635903403,0.1957749648550644,1.3865153954749443,0.7952669628629484,3
UD_English-EWT,32,0.5,27,22,0.8991240255928213,0.30645484181090454,1.3643943455837029,0.6753862814770805,3
UD_English-EWT,32,0.5,27,23,0.694852032337358,0.23100061120909854,1.5052544587242582,0.769705825212169,3
UD_English-EWT,32,0.5,27,24,0.43291886443635264,0.14063471519661377,1.2839600622742173,0.830920669211173,3
UD_English-EWT,32,0.5,27,25,0.5275991413850873,0.17608290692394388,1.333169553150679,0.8173798850189575,3
UD_English-EWT,32,0.5,27,26,0.7153857498546766,0.2383253587755919,1.4478526968095036,0.7613690352993584,3
UD_English-EWT,32,0.5,27,27,0.6256325465740673,0.2087937964818598,1.5672274778422326,0.798091726034934,3
UD_English-EWT,32,0.5,27,28,0.6504050152807179,0.21573072890216696,1.4610805702081902,0.7804700403944174,3
UD_English-EWT,32,0.5,27,29,1.2260099649429321,0.4189177132695099,1.7445579060439858,0.6017511308817481,3
UD_English-EWT,32,0.5,27,30,0.9585819628720725,0.3246768233731036,1.5851128792665043,0.6903780260630535,3
UD_English-EWT,32,0.5,27,31,0.43968726819778076,0.14391419712542294,1.0359268477746373,0.8172101214908077,3
UD_English-EWT,32,0.5,28,0,0.7389431203798628,0.2566151074294971,1.3967491977921058,0.7186633121961887,3
UD_English-EWT,32,0.5,28,1,0.5317734029951534,0.17386974056314117,1.4778403116827779,0.821817562703335,3
UD_English-EWT,32,0.5,28,2,0.9069652531316371,0.30807415612096234,1.4361545156911422,0.6783547072734121,3
UD_English-EWT,32,0.5,28,3,1.2113818540517751,0.4110889259101535,1.8782969764510138,0.6329480840235894,3
UD_English-EWT,32,0.5,28,4,0.6289671508015179,0.20908094742734032,1.423946718429173,0.7815879775323178,3
UD_English-EWT,32,0.5,28,5,0.6132012070351719,0.20639282875848708,1.1269635385774306,0.7603608934931416,3
UD_English-EWT,32,0.5,28,6,0.9796752193382855,0.3350526638810806,1.7924702173753733,0.7114393645541264,3
UD_English-EWT,32,0.5,28,7,1.2719668496556187,0.43147968409247084,1.7055480261969436,0.5422670702587385,3
UD_English-EWT,32,0.5,28,8,0.5025482299654508,0.16477653117874172,1.3063749355316596,0.8160095566880291,3
UD_English-EWT,32,0.5,28,9,1.093819749363459,0.36688046566870586,1.7073251001794698,0.6648696443042251,3
UD_English-EWT,32,0.5,28,10,0.7689041195128569,0.2632842956548506,1.0495216395359874,0.6382381685064572,3
UD_English-EWT,32,0.5,28,11,1.040506724302126,0.3501552242738193,1.5845058993563625,0.6589580985949882,3
UD_English-EWT,32,0.5,28,12,0.6383532011145233,0.20958283148834886,1.4889004625013618,0.7770848586503926,3
UD_English-EWT,32,0.5,28,13,1.1410146791196152,0.37975884913611063,1.7674532634611555,0.5975252717957308,3
UD_English-EWT,32,0.5,28,14,0.9729224158576494,0.33350675821453607,1.7663998766675022,0.717953722292934,3
UD_English-EWT,32,0.5,28,15,0.5550545731505111,0.1839323739762094,1.3346071440611162,0.8029435025918245,3
UD_English-EWT,32,0.5,28,16,0.6101878765794043,0.20195180510691554,1.3744713444133818,0.7810922319880382,3
UD_English-EWT,32,0.5,28,17,0.7574521060999082,0.2562619547592052,1.3205729940794206,0.7138026873759232,3
UD_English-EWT,32,0.5,28,18,1.001874068789252,0.33622716326870444,1.5115626831360853,0.665777401533826,3
UD_English-EWT,32,0.5,28,19,0.6287794700112933,0.20643808879976064,1.460135189460112,0.7899049033694147,3
UD_English-EWT,32,0.5,28,20,0.8893612932094893,0.3044114883866955,1.6512551530517081,0.723064381507088,3
UD_English-EWT,32,0.5,28,21,0.822364500202985,0.27487568073110397,1.5502720625022721,0.7234829170646346,3
UD_English-EWT,32,0.5,28,22,0.6695163631116214,0.22428713193865582,1.2395484336602667,0.7581115804734777,3
UD_English-EWT,32,0.5,28,23,1.5639851565298055,0.5375847311076353,1.8693365885694604,0.44283523553734705,3
UD_English-EWT,32,0.5,28,24,0.4896211403681607,0.16103740697658753,1.2583570526692276,0.8174210491103335,3
UD_English-EWT,32,0.5,28,25,1.584111152233756,0.539209857481262,1.830413611643084,0.36438281529452415,3
UD_English-EWT,32,0.5,28,26,0.9507332436319692,0.32541445007578274,1.3308644791444142,0.613140252213552,3
UD_English-EWT,32,0.5,28,27,0.507569115269651,0.16406055360197858,1.4819868305708217,0.8322185753337455,3
UD_English-EWT,32,0.5,28,28,1.2823551547169034,0.4372533017087504,1.8223340722761083,0.5417694737133867,3
UD_English-EWT,32,0.5,28,29,0.7295121765629352,0.23980417553308286,1.5286728274789665,0.7603115988980117,3
UD_English-EWT,32,0.5,28,30,0.9379745367744797,0.31786738651616325,1.4943635659953936,0.6799759517791927,3
UD_English-EWT,32,0.5,28,31,0.46494993177973726,0.1580749132673855,1.2373336045400585,0.8152717655636574,3
UD_English-EWT,32,0.5,29,0,0.9260413294254323,0.3145313766023283,1.3840953384700805,0.6860490165555847,3
UD_English-EWT,32,0.5,29,1,0.43147782462976453,0.1371665369033922,1.3903866529003304,0.8396018913697675,3
UD_English-EWT,32,0.5,29,2,1.100713376491882,0.3743413666836605,1.9115898326609304,0.6926526999158721,3
UD_English-EWT,32,0.5,29,3,0.5888939022268076,0.19403472616131975,1.3328856090270322,0.7918093500078701,3
UD_English-EWT,32,0.5,29,4,1.1298921072146497,0.38416804251802206,1.6316188390083433,0.615061652397089,3
UD_English-EWT,32,0.5,29,5,0.9948198350455156,0.3358180486717565,1.5534653665263793,0.6158303638855726,3
UD_English-EWT,32,0.5,29,6,0.38332863305763215,0.1225186924465791,1.2501889917989326,0.8556358820889383,3
UD_English-EWT,32,0.5,29,7,0.6855902808543655,0.23167464530302417,1.2521730432174898,0.7104640260257357,3
UD_English-EWT,32,0.5,29,8,0.8544124338898014,0.2837651852511534,1.5366272073788723,0.7149088418548876,3
UD_English-EWT,32,0.5,29,9,1.4781321034188262,0.5082288528292123,1.8663579090099736,0.4830814582959007,3
UD_English-EWT,32,0.5,29,10,1.6496309619837988,0.5664242534119575,1.7609512545100543,0.30446124267179137,3
UD_English-EWT,32,0.5,29,11,0.4695897257746026,0.1532192302202782,1.3235628057868374,0.836098882995668,3
UD_English-EWT,32,0.5,29,12,1.2657152445399913,0.42899518338573217,1.9718585414964644,0.6186722111913676,3
UD_English-EWT,32,0.5,29,13,0.9028567534842561,0.30702331222810925,1.6801537986987274,0.7374000891038847,3
UD_English-EWT,32,0.5,29,14,0.7745549014628693,0.26447393144659004,1.0192438812420885,0.6305024818481644,3
UD_English-EWT,32,0.5,29,15,1.7541394850106837,0.60520930538032,1.7439470357365077,0.26401122244845104,3
UD_English-EWT,32,0.5,29,16,0.4408708852452849,0.13952657241265684,1.4691250178460813,0.8513663871610752,3
UD_English-EWT,32,0.5,29,17,0.7697709898968211,0.2580899224567392,1.613687254386684,0.7494005207209856,3
UD_English-EWT,32,0.5,29,18,1.1653556170277908,0.39986115725938304,1.7176319377154166,0.6387905887920131,3
UD_English-EWT,32,0.5,29,19,1.19766861124334,0.41121160938575835,1.8347985528694475,0.642988339656852,3
UD_English-EWT,32,0.5,29,20,0.9872184539576806,0.3300850349758329,1.6179454160246909,0.6804233481513781,3
UD_English-EWT,32,0.5,29,21,1.211483921740333,0.4166474196455952,1.8861337261501774,0.6467007428088746,3
UD_English-EWT,32,0.5,29,22,0.5452447018581009,0.17867455062607407,1.533498557640718,0.8251940502440777,3
UD_English-EWT,32,0.5,29,23,1.184246386878043,0.3988027910011496,1.9050894303617145,0.6203388357314473,3
UD_English-EWT,32,0.5,29,24,1.1349200784264366,0.38250366792435636,1.7349664322176919,0.6446253457098168,3
UD_English-EWT,32,0.5,29,25,0.44053679068516843,0.14540062937122145,1.2708704456931255,0.8294661376889939,3
UD_English-EWT,32,0.5,29,26,1.206567184684055,0.4129553852104098,1.8009693055584999,0.6356116183821404,3
UD_English-EWT,32,0.5,29,27,0.5202895177728437,0.16988424730329402,1.4012098699665623,0.817551760915633,3
UD_English-EWT,32,0.5,29,28,1.140126041993363,0.38456007023299543,1.858679315214383,0.6725892983987684,3
UD_English-EWT,32,0.5,29,29,0.7713542596889975,0.26407891347705775,0.9456546623225854,0.5770850544948071,3
UD_English-EWT,32,0.5,29,30,1.8998519633854238,0.6491990366675814,2.1407735265777847,0.38733248187327424,3
UD_English-EWT,32,0.5,29,31,0.6338165372589736,0.21294876488980807,1.3743434109553723,0.7821999663565111,3
UD_English-EWT,32,0.5,30,0,0.5080906800291278,0.165731481410468,1.2927890969321594,0.8105486319391888,3
UD_English-EWT,32,0.5,30,1,0.9167524839468123,0.3114960647556246,1.3089144149818923,0.6545153881384159,3
UD_English-EWT,32,0.5,30,2,1.7144891264931534,0.5893653251081433,1.8265450274086605,0.30730615306190995,3
UD_English-EWT,32,0.5,30,3,0.6884308728170607,0.22651841069227308,1.526488107077791,0.7749708732403476,3
UD_English-EWT,32,0.5,30,4,1.1647191879989236,0.39405374065421533,1.8177342353242778,0.6560559914751023,3
UD_English-EWT,32,0.5,30,5,0.8935704762370534,0.303140107348887,1.481829286422343,0.6920695006915238,3
UD_English-EWT,32,0.5,30,6,0.6558265877592433,0.2219643578686512,1.5174474759478604,0.7750084465454402,3
UD_English-EWT,32,0.5,30,7,1.4859074766057219,0.5128048655656734,1.6400524539591401,0.4274449375592077,3
UD_English-EWT,32,0.5,30,8,0.47077390522049756,0.15268589273300395,1.3454485420029074,0.8285066364757133,3
UD_English-EWT,32,0.5,30,9,1.6646109849404551,0.5712151272266506,1.777158007351427,0.3581888798000003,3
UD_English-EWT,32,0.5,30,10,1.2971276523772701,0.4442195633192206,1.706008244923338,0.5542775942301055,3
UD_English-EWT,32,0.5,30,11,0.8444417774921558,0.2882024608857808,1.4123177469753827,0.6690691958142544,3
UD_English-EWT,32,0.5,30,12,1.8475232440265803,0.6341236811029455,1.9391134833486134,0.2682236563414335,3
UD_English-EWT,32,0.5,30,13,0.4725648691718261,0.15796962837758177,1.0383180325718524,0.791883110301145,3
UD_English-EWT,32,0.5,30,14,1.197650653986983,0.4105758710487835,1.7523353397303374,0.6280210823132801,3
UD_English-EWT,32,0.5,30,15,0.8330787733767201,0.2783117503579197,1.2183277937829604,0.6885996415179717,3
UD_English-EWT,32,0.5,30,16,0.7634829051914762,0.260898609915392,1.3229916269987658,0.7204596578586298,3
UD_English-EWT,32,0.5,30,17,0.8147911225837436,0.2780672607973951,1.0757456127900245,0.64148924555392,3
UD_English-EWT,32,0.5,30,18,0.7326265283078227,0.2497234797760003,1.3638125263928063,0.7128483904678312,3
UD_English-EWT,32,0.5,30,19,0.5250192461552299,0.17682443581731863,1.1788296704341696,0.788141481612278,3
UD_English-EWT,32,0.5,30,20,0.34022484080550447,0.10814849820756905,1.0785248616162368,0.8684348872504817,3
UD_English-EWT,32,0.5,30,21,0.873272267534976,0.2972677195129173,1.378983814289661,0.6862725010362262,3
UD_English-EWT,32,0.5,30,22,0.4037635515546613,0.12979275875539095,1.2126957104746625,0.8452857632956761,3
UD_English-EWT,32,0.5,30,23,0.9663437531823343,0.3339827010384295,1.6334977781973468,0.6945785537009247,3
UD_English-EWT,32,0.5,30,24,0.901306504468503,0.3034736495397184,1.2832108854514654,0.639541024196289,3
UD_English-EWT,32,0.5,30,25,0.7274031648157887,0.24011264753804454,1.5377844688372317,0.7753162714559415,3
UD_English-EWT,32,0.5,30,26,2.198485305210497,0.7514964269375758,2.2264296734647893,0.16766763786244154,3
UD_English-EWT,32,0.5,30,27,1.2046984135561736,0.4194638251729024,1.7854580530703394,0.6030777790100196,3
UD_English-EWT,32,0.5,30,28,0.6352667175538717,0.20757708299687924,1.4264282352665951,0.7758358162038964,3
UD_English-EWT,32,0.5,30,29,0.5765101251655508,0.18859545787955842,1.4622926074394005,0.8053794758893101,3
UD_English-EWT,32,0.5,30,30,0.5289025703896318,0.17297575416430178,1.4045952539246374,0.8137127559883129,3
UD_English-EWT,32,0.5,30,31,1.3650982661786843,0.4673018546228744,1.733636793923074,0.490316918272464,3
UD_English-EWT,32,0.5,31,0,2.0799157551077547,0.718218540233341,2.0778887012942895,0.01969716037355845,3
UD_English-EWT,32,0.5,31,1,1.4234732445634777,0.5032694955137584,1.3522307981884545,0.05325017889998921,3
UD_English-EWT,32,0.5,31,2,2.306141958292065,0.7894669040521854,2.3080771644421616,0.03749671606556894,3
UD_English-EWT,32,0.5,31,3,1.765574319060817,0.6148560059635148,1.7431439604806986,0.016879119421432293,3
UD_English-EWT,32,0.5,31,4,1.8783571467699247,0.6526896724636871,1.8739781742864619,0.008700804936915966,3
UD_English-EWT,32,0.5,31,5,1.3615260967791407,0.4672995749691362,1.3370817601137908,0.02739008263283399,3
UD_English-EWT,32,0.5,31,6,1.2598991641852808,0.43770416361196657,1.2367267409010445,0.015758149347808028,3
UD_English-EWT,32,0.5,31,7,1.8976279455075933,0.6582774279574661,1.878775794622242,0.023225041469385723,3
UD_English-EWT,32,0.5,31,8,1.975143466599435,0.6813011919105856,1.9622336319886922,0.02097115571532065,3
UD_English-EWT,32,0.5,31,9,1.6564836073768596,0.5858060926850376,1.614997671031561,0.05515261450340029,3
UD_English-EWT,32,0.5,31,10,2.1428230798961034,0.7394889936068236,2.132892377118161,0.09851469544402047,3
UD_English-EWT,32,0.5,31,11,2.071949638521302,0.7150378454958372,2.0561054106292826,0.02706291596969791,3
UD_English-EWT,32,0.5,31,12,1.657037932500379,0.5818917804104166,1.620640567770204,0.044524700900039106,3
UD_English-EWT,32,0.5,31,13,1.8834467239012918,0.6492632532353175,1.8637338861524515,0.0167969574011424,3
UD_English-EWT,32,0.5,31,14,2.3795679928175084,0.8173039088158008,2.365711269862882,0.021154610416279404,3
UD_English-EWT,32,0.5,31,15,1.9661025851422103,0.6814305726879825,2.0323177026160644,0.10877441249758968,3
UD_English-EWT,32,0.5,31,16,1.9810713577357362,0.6845231990996606,1.9583636748389033,0.057573334929231244,3
UD_English-EWT,32,0.5,31,17,1.5325481150373952,0.5298994657446127,1.5052909141844086,0.021454563022138235,3
UD_English-EWT,32,0.5,31,18,1.8116411508106793,0.6308056273529873,1.8005418214261641,0.03052645628296542,3
UD_English-EWT,32,0.5,31,19,1.6044958027008454,0.5629280609619857,1.5736622609510231,0.020897964241224018,3
UD_English-EWT,32,0.5,31,20,1.6130185461788011,0.5699089310947935,1.5680999164834264,0.03513289956633703,3
UD_English-EWT,32,0.5,31,21,2.170538434348254,0.7482368652530708,2.150565970845127,0.024255337940606598,3
UD_English-EWT,32,0.5,31,22,1.1673068526066934,0.408769276663186,1.1067692984323034,0.11337896264218093,3
UD_English-EWT,32,0.5,31,23,1.1286380328984427,0.3991730036264886,1.0747944839936572,0.04683680719217707,3
UD_English-EWT,32,0.5,31,24,2.320586694665728,0.7901845674805736,2.39896428992188,0.10137906560166664,3
UD_English-EWT,32,0.5,31,25,2.2058530240870997,0.759985795152969,2.201298863645677,0.042357272392169375,3
UD_English-EWT,32,0.5,31,26,1.8592880293862633,0.6456275923357419,1.8245495639212141,0.023278159603845702,3
UD_English-EWT,32,0.5,31,27,1.427277363443201,0.4957023264334719,1.4236955136494993,0.012120092429736301,3
UD_English-EWT,32,0.5,31,28,1.6211919754146444,0.5659022992561641,1.5955245547227304,0.021038604339183725,3
UD_English-EWT,32,0.5,31,29,2.055758368312118,0.7114575362894922,2.0177212785013388,0.0307429964932569,3
UD_English-EWT,32,0.5,31,30,1.9464149766335286,0.6759727521645132,1.9322104003748608,0.0397963429515323,3
UD_English-EWT,32,0.5,31,31,1.813649640925812,0.6287431369768032,1.786480497629916,0.01395963507095907,3
UD_English-EWT,39,0.625,0,0,2.039589814448183,0.6929852486552436,1.9452039727937762,0.15443760178939106,3
UD_English-EWT,39,0.625,0,1,2.711998303459859,0.9212257709822368,2.759874455372927,0.1421992271232719,3
UD_English-EWT,39,0.625,0,2,2.8297032047273465,0.9655583500590698,2.776694000798713,0.11433982496524742,3
UD_English-EWT,39,0.625,0,3,2.7508811178211743,0.9360140046081039,2.791887987832554,0.20772509991389806,3
UD_English-EWT,39,0.625,0,4,2.315951147990366,0.7773614295627684,2.3642780806306063,0.04759762107930273,3
UD_English-EWT,39,0.625,0,5,2.753679660608642,0.9381114505299237,2.7148239613122196,0.07475595569466233,3
UD_English-EWT,39,0.625,0,6,2.3783952040099057,0.8065707674606251,2.3060416971182343,0.07959971366830183,3
UD_English-EWT,39,0.625,0,7,2.472463682483889,0.8384000478763615,2.5541604340945003,0.2715103684980524,3
UD_English-EWT,39,0.625,0,8,2.4602271145810195,0.8415988874511423,2.3905760875490842,0.05536807537204391,3
UD_English-EWT,39,0.625,0,9,2.1806665280314745,0.7392228058995661,2.0656398571824117,0.12603336735501317,3
UD_English-EWT,39,0.625,0,10,2.582626424010551,0.8771766669546103,2.6421715741763347,0.19274552109632606,3
UD_English-EWT,39,0.625,0,11,2.601310020098921,0.881559892321762,2.5684344411059157,0.0113872897103836,3
UD_English-EWT,39,0.625,0,12,2.6567547511859018,0.9056397949520139,2.5984455657298446,0.09744604967045979,3
UD_English-EWT,39,0.625,0,13,2.8233303481980965,0.9637912372856627,2.7872253859412255,0.13336408146417858,3
UD_English-EWT,39,0.625,0,14,2.5995009875362687,0.8900255224038126,2.5170452399874863,0.09934230163381291,3
UD_English-EWT,39,0.625,0,15,2.7330017905743396,0.9370287784353196,2.6657475242306408,0.05647378419428378,3
UD_English-EWT,39,0.625,0,16,2.3955922028243215,0.8176253361590139,2.3224512016729797,0.12900757129373663,3
UD_English-EWT,39,0.625,0,17,2.581829608952413,0.8811138986401219,2.5014564286652807,0.053587774867412445,3
UD_English-EWT,39,0.625,0,18,2.3369399597953144,0.800760681810492,2.247620334472161,0.0571167088227808,3
UD_English-EWT,39,0.625,0,19,2.2879120754196776,0.7779527132031262,2.2099297712735138,0.19071741118511432,3
UD_English-EWT,39,0.625,0,20,2.5644996519622905,0.8766440299690746,2.5112052316114117,0.10590242681972246,3
UD_English-EWT,39,0.625,0,21,2.8456969573849538,0.972600679959973,2.805968312563575,0.11591382554430303,3
UD_English-EWT,39,0.625,0,22,2.1032258065617584,0.7156010584970206,2.007194634398042,0.08280325229814062,3
UD_English-EWT,39,0.625,0,23,2.5182119717037743,0.8550594044350536,2.4684918951955654,0.14380776454000743,3
UD_English-EWT,39,0.625,0,24,2.7453651846758,0.9354446043950829,2.6872355979757017,0.10970384612016189,3
UD_English-EWT,39,0.625,0,25,2.7355674189839423,0.9379007871956556,2.6652979006641333,0.08284830811258764,3
UD_English-EWT,39,0.625,0,26,2.0650765747646163,0.7032456582985507,2.0311142148921615,0.009892363290445377,3
UD_English-EWT,39,0.625,0,27,2.7052437846017887,0.9202018757715469,2.673057502681875,0.14524850668809722,3
UD_English-EWT,39,0.625,0,28,2.299974934379477,0.7813747130022239,2.286251212458359,0.19128683386692855,3
UD_English-EWT,39,0.625,0,29,1.4417243428487596,0.4755382346080952,1.9964636848978223,0.5863566688093983,3
UD_English-EWT,39,0.625,0,30,2.502205305765018,0.8509286192596935,2.4327997189890493,0.05965322432428843,3
UD_English-EWT,39,0.625,0,31,2.62963812435911,0.8909772297669413,2.7098484777036265,0.12315269018216346,3
UD_English-EWT,39,0.625,1,0,2.2970253264426312,0.7865819550765668,2.2808302175423267,0.07361385593010972,3
UD_English-EWT,39,0.625,1,1,2.2732222955300725,0.7741532348272796,2.210603888840406,0.1546970289658572,3
UD_English-EWT,39,0.625,1,2,2.6238429158763155,0.8988000914481603,2.5772693004113076,0.07363769531933649,3
UD_English-EWT,39,0.625,1,3,2.4649774995115066,0.8456153284439406,2.3812048211015204,0.12810410082659163,3
UD_English-EWT,39,0.625,1,4,2.119389455229424,0.7263634948565443,2.05328391505938,0.22349671315137154,3
UD_English-EWT,39,0.625,1,5,2.5255380305978985,0.8640242513194544,2.451920365320963,0.1382565990375365,3
UD_English-EWT,39,0.625,1,6,2.237145690807228,0.7693801350715165,2.194694318786562,0.07571423715082266,3
UD_English-EWT,39,0.625,1,7,2.1479916786452677,0.7344389100760926,2.1383905166485273,0.23837202913102393,3
UD_English-EWT,39,0.625,1,8,2.3032530022883457,0.7905386244718712,2.330446421285796,0.2586005339789152,3
UD_English-EWT,39,0.625,1,9,2.2551680442305426,0.775773653350024,2.1610717710738627,0.1055101776845034,3
UD_English-EWT,39,0.625,1,10,2.2952681668577735,0.7824858226465614,2.3014701522873184,0.17811238247466923,3
UD_English-EWT,39,0.625,1,11,2.090147716317238,0.7103643295760581,2.2640186822913817,0.3737261052530103,3
UD_English-EWT,39,0.625,1,12,2.578083056244042,0.8836109641199772,2.506163129986744,0.13232414987284302,3
UD_English-EWT,39,0.625,1,13,2.315970828787225,0.7959540106613997,2.2167223801866904,0.12251759552734416,3
UD_English-EWT,39,0.625,1,14,2.4934711810778185,0.8570790848065378,2.429236826620901,0.14787271286179404,3
UD_English-EWT,39,0.625,1,15,1.984372667601851,0.6805383466957697,1.934385210194223,0.07390582911120575,3
UD_English-EWT,39,0.625,1,16,2.2130946999039156,0.7564545012399799,2.202563801044106,0.11639198862382623,3
UD_English-EWT,39,0.625,1,17,2.2264156038643885,0.7614842971654537,2.2798118893131747,0.1259953033158688,3
UD_English-EWT,39,0.625,1,18,1.8432558849318215,0.6236292254756491,1.7928120917038406,0.30767868934216175,3
UD_English-EWT,39,0.625,1,19,2.1205433263479034,0.7262380486031916,2.093196472346457,0.06951917785742338,3
UD_English-EWT,39,0.625,1,20,2.4216117911542914,0.827759686823534,2.3366448652331733,0.1316921142776427,3
UD_English-EWT,39,0.625,1,21,2.2584741443449903,0.7756914453808292,2.2046953785506322,0.21171749058859812,3
UD_English-EWT,39,0.625,1,22,1.4593889140583345,0.5130016552267396,1.455460201602816,0.025213467722578622,3
UD_English-EWT,39,0.625,1,23,2.2466701190979754,0.764611766773712,2.2870347921911267,0.15913479367036962,3
UD_English-EWT,39,0.625,1,24,1.909038171090715,0.6593205020347362,1.8394576578192374,0.06749669956263894,3
UD_English-EWT,39,0.625,1,25,1.8442707755797982,0.6319873933909369,1.8510420829980534,0.07133851509213868,3
UD_English-EWT,39,0.625,1,26,2.0375675099252137,0.695510854540844,2.053559508154301,0.27926202437658887,3
UD_English-EWT,39,0.625,1,27,1.5597603442673258,0.5460395630591554,1.5104310909092753,0.08342592102494124,3
UD_English-EWT,39,0.625,1,28,1.9580939399631514,0.6761428158465631,1.9078712194669443,0.07870631483731239,3
UD_English-EWT,39,0.625,1,29,2.252453121385505,0.7717995540474716,2.1529174232092063,0.14410944909742865,3
UD_English-EWT,39,0.625,1,30,2.4583695063499804,0.8396446738249618,2.4390125057519243,0.20441193301960123,3
UD_English-EWT,39,0.625,1,31,2.5467542009818316,0.8760244618348084,2.472263300679421,0.11803746920499698,3
UD_English-EWT,39,0.625,2,0,1.0474732748363405,0.3645568933534709,1.2034278948178925,0.5938550712632351,3
UD_English-EWT,39,0.625,2,1,0.5897286463807081,0.2002124170525057,1.1589277105877525,0.7238248138669844,3
UD_English-EWT,39,0.625,2,2,1.195848705040084,0.4201459374095573,1.0996657463370776,0.4465956620478457,3
UD_English-EWT,39,0.625,2,3,0.6362299338281697,0.21645328442808678,1.0544624971005325,0.686225503669519,3
UD_English-EWT,39,0.625,2,4,1.0480443017594585,0.3640068697731243,1.4302671980553854,0.6174955008269877,3
UD_English-EWT,39,0.625,2,5,1.1537131377256633,0.40452723380836414,1.2458431121972957,0.5583777568270817,3
UD_English-EWT,39,0.625,2,6,1.3285661826693946,0.46481015663492226,1.6018512473188897,0.5532355645369528,3
UD_English-EWT,39,0.625,2,7,1.1974246477630188,0.41281160440818426,1.5488474418719609,0.5861773035049656,3
UD_English-EWT,39,0.625,2,8,1.0444703008877776,0.36304003562106457,1.3179318215460507,0.608009877887797,3
UD_English-EWT,39,0.625,2,9,0.9456896805128113,0.3232469542057191,1.378760348306545,0.6407885896296449,3
UD_English-EWT,39,0.625,2,10,0.8712799778998658,0.3009151527267933,1.2380647150110893,0.663207778785181,3
UD_English-EWT,39,0.625,2,11,1.1813829176412904,0.40742220616270064,1.4567191837209605,0.5755594181938467,3
UD_English-EWT,39,0.625,2,12,1.0250987261533737,0.35512686674847843,1.3013326100638656,0.6107835120814963,3
UD_English-EWT,39,0.625,2,13,0.9853711055764736,0.3426639323847161,1.194357028560126,0.6242904531445442,3
UD_English-EWT,39,0.625,2,14,1.0529885633775662,0.36375490500708746,1.4421626683087079,0.617795707776681,3
UD_English-EWT,39,0.625,2,15,0.8951408838164502,0.29882851520210557,1.3898916593964852,0.6607028677964579,3
UD_English-EWT,39,0.625,2,16,1.0726384226578833,0.37557414552715956,1.3219870803351828,0.6035672331768307,3
UD_English-EWT,39,0.625,2,17,0.9842676981225039,0.3383542592679651,1.1254281696128932,0.58908741022774,3
UD_English-EWT,39,0.625,2,18,0.8428182325212248,0.2902755001135754,1.112392711074843,0.6510682999816314,3
UD_English-EWT,39,0.625,2,19,1.048934292394281,0.36417568671790196,1.2813480950498406,0.6038797846664496,3
UD_English-EWT,39,0.625,2,20,0.861915768468532,0.296307675577768,1.2464979528729383,0.6590703995609979,3
UD_English-EWT,39,0.625,2,21,0.6232026285629292,0.21076039305272323,1.0748431873940378,0.7298322194315263,3
UD_English-EWT,39,0.625,2,22,0.7790809145811369,0.26192526765954843,1.3524620364978233,0.7053460955402673,3
UD_English-EWT,39,0.625,2,23,0.8721719595768196,0.29109075088359293,1.4581133627174985,0.6853339357508553,3
UD_English-EWT,39,0.625,2,24,1.0665160206931972,0.37277024079161697,1.2071341254997774,0.5878691779812611,3
UD_English-EWT,39,0.625,2,25,0.6276186374923679,0.20637138385006748,1.3202122878045766,0.7228308114306307,3
UD_English-EWT,39,0.625,2,26,0.6637781384538431,0.2274142719333642,1.1554118351966738,0.7041315485355198,3
UD_English-EWT,39,0.625,2,27,1.0962500977643743,0.36785415854501813,1.6318123047197668,0.6345355158132282,3
UD_English-EWT,39,0.625,2,28,0.9378309302262705,0.32278197089410327,1.3911349369392803,0.647909769744278,3
UD_English-EWT,39,0.625,2,29,1.2267278941222661,0.42093638849795845,1.676579889378261,0.5810053199597504,3
UD_English-EWT,39,0.625,2,30,1.249376819324841,0.4367820373609092,1.2560050643858363,0.5113184219243205,3
UD_English-EWT,39,0.625,2,31,1.0027615933904666,0.34569299118576374,1.383925454864085,0.6303524899216731,3
UD_English-EWT,39,0.625,3,0,0.7840807929037915,0.26729659107132037,1.492723869604274,0.7317701392486446,3
UD_English-EWT,39,0.625,3,1,0.5318288959101358,0.17871662727701318,1.3349878858428834,0.7833321602618107,3
UD_English-EWT,39,0.625,3,2,0.8629529918314981,0.29690365795935003,1.3039464216631835,0.693266803721044,3
UD_English-EWT,39,0.625,3,3,0.7426391254859436,0.24860864755899417,1.480129113505664,0.7373013026293075,3
UD_English-EWT,39,0.625,3,4,0.6447438167133291,0.21729381307823845,1.2986859670807973,0.7571221918871928,3
UD_English-EWT,39,0.625,3,5,0.8120607467459852,0.2753179105497449,1.3570701072369118,0.7086499939470778,3
UD_English-EWT,39,0.625,3,6,1.1971483028651588,0.41512944389182144,1.2965081609609133,0.5295010631690259,3
UD_English-EWT,39,0.625,3,7,0.7098592376719841,0.24288680338265142,1.3973559784840364,0.7384292687847531,3
UD_English-EWT,39,0.625,3,8,0.554953440250269,0.18467552634040896,1.2713451733191807,0.7857690243990261,3
UD_English-EWT,39,0.625,3,9,0.8432933610706218,0.27557776238810006,1.5759585174462183,0.7291472093872251,3
UD_English-EWT,39,0.625,3,10,0.8246439261351778,0.2839115216093094,1.1524855106634737,0.6910680482377772,3
UD_English-EWT,39,0.625,3,11,0.865091730051679,0.2938790534519487,1.3657282812347828,0.6973899334587687,3
UD_English-EWT,39,0.625,3,12,0.7113623959852046,0.24065577504114807,1.3142096936051313,0.739108993056042,3
UD_English-EWT,39,0.625,3,13,0.7498901355299141,0.2569190121759645,1.3176650446186517,0.7241417682426006,3
UD_English-EWT,39,0.625,3,14,0.7942454164308277,0.27174950869438425,1.2495348575933818,0.7068616733877819,3
UD_English-EWT,39,0.625,3,15,0.9151927542436753,0.3163562341031698,1.3300395713532123,0.6701152893173455,3
UD_English-EWT,39,0.625,3,16,0.9298348362220006,0.3193142806910969,1.4397707221612253,0.6816294996410553,3
UD_English-EWT,39,0.625,3,17,0.5605190550850768,0.18464518353709433,1.3437342178246146,0.7919557252542568,3
UD_English-EWT,39,0.625,3,18,0.8473169250118602,0.2881515959009718,1.4249361826883857,0.691217566923474,3
UD_English-EWT,39,0.625,3,19,0.8819635220021281,0.30514717509186334,1.2174050909465344,0.6898311677716252,3
UD_English-EWT,39,0.625,3,20,0.8583499653933261,0.29355576187915056,1.3444601014555044,0.7007471933716634,3
UD_English-EWT,39,0.625,3,21,0.86497697299974,0.28497671007173636,1.5802268995911914,0.7156014881064549,3
UD_English-EWT,39,0.625,3,22,0.9869826067449399,0.3394306313063278,1.4387308718239675,0.6582060356799153,3
UD_English-EWT,39,0.625,3,23,0.6840212207986466,0.23157348453605,1.325650138105308,0.7484880180958191,3
UD_English-EWT,39,0.625,3,24,0.7977567344551094,0.2730579939764162,1.3118409669410118,0.7142854440136251,3
UD_English-EWT,39,0.625,3,25,0.6189702612624414,0.20138012407133812,1.3123775664750887,0.7694246700959778,3
UD_English-EWT,39,0.625,3,26,0.804521597528284,0.2718837792511846,1.161255762076009,0.6970707668171338,3
UD_English-EWT,39,0.625,3,27,0.6614842472737061,0.21743771364786857,1.3605235265958069,0.7549726222735068,3
UD_English-EWT,39,0.625,3,28,0.6283395060886017,0.20772704494631897,1.3635004771184616,0.7757866494696866,3
UD_English-EWT,39,0.625,3,29,0.7192259626174669,0.23762761138528857,1.4836393430666195,0.747723722026322,3
UD_English-EWT,39,0.625,3,30,0.7985804247278008,0.26620357587784255,1.3917908638525747,0.702705522988989,3
UD_English-EWT,39,0.625,3,31,0.5107798749523301,0.17472037182737463,0.6750585088652231,0.7984104007618241,3
UD_English-EWT,39,0.625,4,0,1.2099473485909742,0.4219082370400429,1.2616386033309615,0.536135503150292,3
UD_English-EWT,39,0.625,4,1,0.9612651709840381,0.31580018067905485,1.6134323156379393,0.6874486006294226,3
UD_English-EWT,39,0.625,4,2,0.862958446857545,0.2835639478377523,1.6121630621683838,0.7009884069498988,3
UD_English-EWT,39,0.625,4,3,0.9638216709667216,0.33403702866021395,1.2394645376120759,0.6395312855478194,3
UD_English-EWT,39,0.625,4,4,1.283334850939245,0.4434639376423615,1.6871633836371869,0.594801525749904,3
UD_English-EWT,39,0.625,4,5,1.0602836994986935,0.35349766083251694,1.7252885346964193,0.6707393030325571,3
UD_English-EWT,39,0.625,4,6,1.024607409314271,0.3498517008929196,1.4069126586825036,0.641153657506941,3
UD_English-EWT,39,0.625,4,7,1.0739218157551544,0.36990357337617913,1.5166758483170595,0.6353406893642439,3
UD_English-EWT,39,0.625,4,8,0.8059730964809493,0.2751606321318553,1.3964560385420242,0.6991965051720052,3
UD_English-EWT,39,0.625,4,9,0.9803097625084914,0.33251225243989235,1.5805969612031685,0.6762158021547973,3
UD_English-EWT,39,0.625,4,10,0.9335167183250678,0.31898327492082484,1.4312616806809801,0.6829846680897181,3
UD_English-EWT,39,0.625,4,11,1.0252098296590841,0.352564253299777,1.3626639883700615,0.6296966672757935,3
UD_English-EWT,39,0.625,4,12,0.8269467915939286,0.2763193966871728,1.543236200370315,0.718929262068428,3
UD_English-EWT,39,0.625,4,13,0.8634461107407655,0.29240089884954074,1.4649828984410602,0.7087167075314375,3
UD_English-EWT,39,0.625,4,14,0.9088419762614754,0.3035075850750851,1.6104659587280563,0.6946519055897421,3
UD_English-EWT,39,0.625,4,15,0.8868171849130282,0.3008970183359361,1.377420801038299,0.6851570956911112,3
UD_English-EWT,39,0.625,4,16,1.017438716752173,0.343777238379465,1.5831233627537777,0.6679814318110165,3
UD_English-EWT,39,0.625,4,17,0.8383760450574109,0.27675095142521816,1.4298998510671987,0.7045659865295084,3
UD_English-EWT,39,0.625,4,18,1.1816103661022335,0.40749383816166435,1.5606602300331673,0.6005268779147301,3
UD_English-EWT,39,0.625,4,19,1.0048593975305014,0.34031944678509385,1.5269245233637825,0.6666010165475105,3
UD_English-EWT,39,0.625,4,20,0.838077321193963,0.2814780558495085,1.50164299786688,0.7156769029782554,3
UD_English-EWT,39,0.625,4,21,0.9446390290695407,0.3081219973999376,1.6779251905439765,0.7077075091406079,3
UD_English-EWT,39,0.625,4,22,1.1832109921915501,0.40409509205210187,1.6287612936481537,0.6151547727797635,3
UD_English-EWT,39,0.625,4,23,0.9993625568643294,0.33163430355489254,1.6424226092890528,0.6832124549753028,3
UD_English-EWT,39,0.625,4,24,0.7836124658557452,0.2651017360891366,1.3399434877196512,0.7205940437501462,3
UD_English-EWT,39,0.625,4,25,1.1801021170067874,0.4073958192292078,1.5504104521240911,0.6030943590896594,3
UD_English-EWT,39,0.625,4,26,1.284996670750538,0.437414180643463,1.7625779147193732,0.5906946517812098,3
UD_English-EWT,39,0.625,4,27,0.943565798994622,0.32417682418514904,1.389797267719479,0.6602976778573026,3
UD_English-EWT,39,0.625,4,28,0.9437652889279503,0.32121283417136726,1.414593237291051,0.6652011186807316,3
UD_English-EWT,39,0.625,4,29,1.1940615007616513,0.3991609040583282,1.7660167895135332,0.6294404688021524,3
UD_English-EWT,39,0.625,4,30,1.0103947770780117,0.33672791470744673,1.5277643466880628,0.6555324611618762,3
UD_English-EWT,39,0.625,4,31,0.7576561842269802,0.2547890311429355,1.3212657901297284,0.7252719072940571,3
UD_English-EWT,39,0.625,5,0,1.4704171481571127,0.5113875695210771,1.768603610183589,0.5041942274459181,3
UD_English-EWT,39,0.625,5,1,0.992790825434287,0.3298571351949526,1.7475381473211644,0.6743698960173542,3
UD_English-EWT,39,0.625,5,2,1.483220505068428,0.5144540076101629,1.8661503574127274,0.5369661666778592,3
UD_English-EWT,39,0.625,5,3,0.8016218895632061,0.27492445804694415,1.4709039256112388,0.7138577195084594,3
UD_English-EWT,39,0.625,5,4,1.168457831474927,0.3925430560331853,1.72628779375488,0.6187453083490414,3
UD_English-EWT,39,0.625,5,5,0.6614304267833576,0.22418662751151186,1.3835917377406783,0.7528922427140299,3
UD_English-EWT,39,0.625,5,6,0.6150017424210065,0.20344141833585958,1.2941684372424538,0.751549362077739,3
UD_English-EWT,39,0.625,5,7,1.541517409144855,0.5302189257274126,1.6712213634684654,0.4085576760367183,3
UD_English-EWT,39,0.625,5,8,1.3758818416810428,0.47414818666671793,1.683872691377699,0.5288780357464741,3
UD_English-EWT,39,0.625,5,9,1.3415483720261328,0.46840809879380063,1.51282170442067,0.5054563029731992,3
UD_English-EWT,39,0.625,5,10,1.5165002932042588,0.5223999783966711,1.7171464498631508,0.46296834205370563,3
UD_English-EWT,39,0.625,5,11,0.9692326969923434,0.33303402419556577,1.6228373156002094,0.6669524912408575,3
UD_English-EWT,39,0.625,5,12,1.0102111518701948,0.33896771219570887,1.6678030411348101,0.6621323983593825,3
UD_English-EWT,39,0.625,5,13,1.0993813748568133,0.37113715247514034,1.7213206901902058,0.6439527340694746,3
UD_English-EWT,39,0.625,5,14,1.268359281597676,0.43523258198127285,1.691887084632189,0.5769688514195287,3
UD_English-EWT,39,0.625,5,15,0.44894271844044625,0.1633708841813718,0.39964244338278343,0.05748723737512951,3
UD_English-EWT,39,0.625,5,16,1.269191650310718,0.4447944396004108,1.471923142888724,0.546484998876877,3
UD_English-EWT,39,0.625,5,17,1.0056021375978579,0.3476093594860184,1.5472013454999647,0.662238058863116,3
UD_English-EWT,39,0.625,5,18,1.1587776398941034,0.40484868839573124,1.3177610775540654,0.5552791170911603,3
UD_English-EWT,39,0.625,5,19,0.9981081028806491,0.3334519864350069,1.5999543905421032,0.6647246985107605,3
UD_English-EWT,39,0.625,5,20,1.034844273453636,0.3442274663692344,1.6249379596667861,0.6490611609661839,3
UD_English-EWT,39,0.625,5,21,1.3344223516126366,0.4598007085979094,1.6689602384150355,0.5648152957278523,3
UD_English-EWT,39,0.625,5,22,1.2650085458012879,0.4289898295939403,1.7625841036954648,0.5933707105182451,3
UD_English-EWT,39,0.625,5,23,1.0430547175403067,0.35092201865598804,1.7320488183224787,0.678696364205066,3
UD_English-EWT,39,0.625,5,24,1.2240420832470031,0.42726989834822166,1.5627054277610692,0.5789840055429436,3
UD_English-EWT,39,0.625,5,25,0.6160839430119279,0.20882259259248093,1.3857155113679465,0.7616914934419327,3
UD_English-EWT,39,0.625,5,26,0.6983632928808855,0.23594867154100876,1.3795306627216235,0.7365056825004422,3
UD_English-EWT,39,0.625,5,27,0.6930559331208522,0.23521929223748614,1.5203683012333074,0.7501553263793443,3
UD_English-EWT,39,0.625,5,28,1.084860520081116,0.37423280690998545,1.609190738103429,0.6433921154785244,3
UD_English-EWT,39,0.625,5,29,0.8792291659529309,0.29807536134357226,1.5347938724337162,0.6838269530708998,3
UD_English-EWT,39,0.625,5,30,1.3018087989265583,0.43856721593979714,1.7554176595801645,0.5802925919099475,3
UD_English-EWT,39,0.625,5,31,0.9130802885315403,0.30196624542018213,1.6114430139299298,0.6829732433029321,3
UD_English-EWT,39,0.625,6,0,1.2024319412386917,0.4113923057588072,1.7932501900771494,0.624130510865882,3
UD_English-EWT,39,0.625,6,1,1.0875037012041593,0.37150972860717707,1.6103399951411292,0.617279384794131,3
UD_English-EWT,39,0.625,6,2,0.8080177095214852,0.2717920667873543,1.5938993865973528,0.7111216571677361,3
UD_English-EWT,39,0.625,6,3,1.1713510070586466,0.4011308286060835,1.5250834672828841,0.5721289036771747,3
UD_English-EWT,39,0.625,6,4,1.382848280605831,0.4666356053101561,1.8872736742099125,0.5698700873062476,3
UD_English-EWT,39,0.625,6,5,1.1722677697195165,0.40855178681417675,1.4927994092359784,0.5944060049951077,3
UD_English-EWT,39,0.625,6,6,0.7005688746227375,0.23427734477869586,1.5050314425444995,0.751921488260528,3
UD_English-EWT,39,0.625,6,7,1.3084725292165424,0.4579044237855028,1.8746853377432553,0.5905350175141636,3
UD_English-EWT,39,0.625,6,8,1.0011860826383523,0.3334788625215084,1.7287518649560507,0.6669155528500866,3
UD_English-EWT,39,0.625,6,9,0.9071071266530858,0.3190611313573867,0.750275310732845,0.2881788741390073,3
UD_English-EWT,39,0.625,6,10,1.0976661128994545,0.3775155554391539,1.4995191676206276,0.6074688223093911,3
UD_English-EWT,39,0.625,6,11,1.1553654365906516,0.40092637427897615,1.4684204270008048,0.5737652794639486,3
UD_English-EWT,39,0.625,6,12,0.789190318577928,0.2680382484227473,1.2476190330226566,0.727373476684745,3
UD_English-EWT,39,0.625,6,13,1.0374235895908488,0.3468439187752745,1.678568593072001,0.651314391905547,3
UD_English-EWT,39,0.625,6,14,1.386464058348607,0.4871154120887455,1.6003602182387437,0.5047039874033742,3
UD_English-EWT,39,0.625,6,15,1.0710391766088039,0.36050642635978636,1.6671822132281484,0.6427943239527973,3
UD_English-EWT,39,0.625,6,16,0.5126013849812724,0.176367896313835,0.7070412385957705,0.7913799795893807,3
UD_English-EWT,39,0.625,6,17,0.8340668815488371,0.286126915989732,1.4125804036638556,0.7059184234921831,3
UD_English-EWT,39,0.625,6,18,1.1827100660034435,0.3968862861374525,1.7521176570263066,0.6158286737776845,3
UD_English-EWT,39,0.625,6,19,1.4458838444209923,0.5055498101957183,1.6274613793430432,0.4771359117331835,3
UD_English-EWT,39,0.625,6,20,1.3849296667265325,0.4749204253604829,1.6768784850618663,0.5282029774182481,3
UD_English-EWT,39,0.625,6,21,1.234498008257813,0.41019753766380157,2.029915815358388,0.6471932313332033,3
UD_English-EWT,39,0.625,6,22,1.3691554776442072,0.46253351690094974,1.8434843511637877,0.5762644664796649,3
UD_English-EWT,39,0.625,6,23,1.2694475043612534,0.44172815760030987,1.643452057855811,0.5703895427354481,3
UD_English-EWT,39,0.625,6,24,1.2418077644266066,0.4293506520856274,1.6457550586192768,0.5851416537684061,3
UD_English-EWT,39,0.625,6,25,1.3238479267052614,0.44601921884441414,1.7973387033317259,0.584530023827416,3
UD_English-EWT,39,0.625,6,26,0.8790795921885793,0.30124424944185607,1.3829612301319891,0.6891714125084528,3
UD_English-EWT,39,0.625,6,27,1.5994124692645881,0.5565744575065559,1.9263074424097446,0.5009322774771241,3
UD_English-EWT,39,0.625,6,28,1.2167051817902885,0.41026910564748537,1.827459000824579,0.6201527050284089,3
UD_English-EWT,39,0.625,6,29,1.2615140278455554,0.42914154495236434,1.8101335659433149,0.5880352132198806,3
UD_English-EWT,39,0.625,6,30,0.9951439032056292,0.3438217736821357,1.089941734254686,0.5794375377328888,3
UD_English-EWT,39,0.625,6,31,1.1559450142560543,0.38928736373442874,1.6765210683608534,0.6236385636791614,3
UD_English-EWT,39,0.625,7,0,1.440853966769842,0.4822547991975518,2.02896481413116,0.5651415395728551,3
UD_English-EWT,39,0.625,7,1,1.4820638982161798,0.5148018816645462,1.7901743243843697,0.5180732485157978,3
UD_English-EWT,39,0.625,7,2,1.3362941741400511,0.4526454624609652,2.0103418481534514,0.61399503096341,3
UD_English-EWT,39,0.625,7,3,1.2263004681017446,0.41605785308246296,1.8571031258351598,0.6232455330061131,3
UD_English-EWT,39,0.625,7,4,0.7556776091564982,0.26072181010778267,0.9807858312254828,0.6941577690112352,3
UD_English-EWT,39,0.625,7,5,1.3325213189007805,0.44619896464416237,1.858126930770327,0.5777644911451852,3
UD_English-EWT,39,0.625,7,6,1.0583043717567169,0.3686970096210422,0.7134864366391099,0.36595495784814674,3
UD_English-EWT,39,0.625,7,7,1.7073417203619616,0.5917638632009156,1.9595891405541606,0.44250907029664804,3
UD_English-EWT,39,0.625,7,8,1.5278016851573692,0.5232043244718203,1.8753168854068536,0.49759880169710397,3
UD_English-EWT,39,0.625,7,9,1.3910073020201998,0.48880213798992406,1.2705362553424957,0.3876205157617511,3
UD_English-EWT,39,0.625,7,10,0.4672076382618296,0.15866981461332036,0.8170837235920306,0.8044197081243839,3
UD_English-EWT,39,0.625,7,11,1.2609904203394289,0.43018908193759037,1.6989008201954576,0.5866192633282726,3
UD_English-EWT,39,0.625,7,12,0.6057341954855754,0.21045494088920033,0.7716833816634283,0.7532608381630292,3
UD_English-EWT,39,0.625,7,13,1.2231696644875953,0.4261107888473079,1.52279651903281,0.5584677059698735,3
UD_English-EWT,39,0.625,7,14,1.0958348093842767,0.36385083098799154,1.7713659942041546,0.648121557736223,3
UD_English-EWT,39,0.625,7,15,1.0522830166153352,0.363359410549855,1.6580036392873103,0.653630423164487,3
UD_English-EWT,39,0.625,7,16,1.2678020683359794,0.4350373688644182,1.6390129020250994,0.5586135039726893,3
UD_English-EWT,39,0.625,7,17,1.3976322715263982,0.46915028150615795,2.0097097699650868,0.5831625502427636,3
UD_English-EWT,39,0.625,7,18,1.3850386656264355,0.48033663713269764,1.5529485706694572,0.4813266170698003,3
UD_English-EWT,39,0.625,7,19,1.2463535759156954,0.4249869305063683,1.6173500143710815,0.5781105044475995,3
UD_English-EWT,39,0.625,7,20,0.945472433457392,0.3236431359959756,1.4570141146417523,0.6554765518490083,3
UD_English-EWT,39,0.625,7,21,1.542399891887966,0.5179499651361359,1.9493318909884367,0.504155225325749,3
UD_English-EWT,39,0.625,7,22,1.3036978721401513,0.43730482125217146,1.8035913669726453,0.5937806143406744,3
UD_English-EWT,39,0.625,7,23,0.8828362718170241,0.2982686346461267,1.5327741023702701,0.7075017691337129,3
UD_English-EWT,39,0.625,7,24,1.2767960590960115,0.4467862365811466,1.384850833558211,0.5066232799343724,3
UD_English-EWT,39,0.625,7,25,1.9024641130302775,0.645704311154145,2.2238107750324603,0.4276444299353493,3
UD_English-EWT,39,0.625,7,26,0.9379221850663478,0.3164425847919587,1.6129163541646168,0.6843140420244366,3
UD_English-EWT,39,0.625,7,27,1.1020949241757827,0.37715570084438516,1.7341688499397485,0.6407645006404549,3
UD_English-EWT,39,0.625,7,28,1.0343625525687778,0.3572753496630921,1.1470367994247672,0.5223149912319874,3
UD_English-EWT,39,0.625,7,29,1.2637372211924667,0.43243483766126284,1.731930367689315,0.58496234820433,3
UD_English-EWT,39,0.625,7,30,0.9931234695519472,0.34432735346013404,1.4988041691929916,0.6566558734518909,3
UD_English-EWT,39,0.625,7,31,0.9661739086138529,0.3285029976474349,1.3307450281520576,0.6447343188719672,3
UD_English-EWT,39,0.625,8,0,1.1727818150229359,0.40897825661578463,1.7414466726215376,0.6142956942170587,3
UD_English-EWT,39,0.625,8,1,1.594471682941979,0.5486477847144903,1.7392603175779076,0.39414120241931777,3
UD_English-EWT,39,0.625,8,2,1.6957755050263987,0.5868080949685613,1.9235223570265187,0.4327753653210369,3
UD_English-EWT,39,0.625,8,3,1.4204400810794755,0.4741172061754706,1.871514048814122,0.5501846976184671,3
UD_English-EWT,39,0.625,8,4,0.8388428773954918,0.2837662142998317,1.4830280965116074,0.7043750215057142,3
UD_English-EWT,39,0.625,8,5,1.5138147506991804,0.5171224617675788,1.7266417355539587,0.39296287052564066,3
UD_English-EWT,39,0.625,8,6,1.2839087742246782,0.42815144421814355,1.7738287560438197,0.5787046134865458,3
UD_English-EWT,39,0.625,8,7,1.1342292344011027,0.3856493353178701,1.8297475974579325,0.6430457595308297,3
UD_English-EWT,39,0.625,8,8,1.342579192422561,0.4661924740153692,1.9149612845456012,0.5980453266607825,3
UD_English-EWT,39,0.625,8,9,1.4535681418599544,0.49145014960664873,1.974710076965921,0.5562926307795587,3
UD_English-EWT,39,0.625,8,10,1.8049820153439633,0.6235289280124702,2.0431727325655724,0.4268255197190305,3
UD_English-EWT,39,0.625,8,11,1.684641344652584,0.5814316151544913,1.9540336793780544,0.45083274538264034,3
UD_English-EWT,39,0.625,8,12,1.207003972834088,0.40861756712171116,1.7418897501269326,0.6149035367795787,3
UD_English-EWT,39,0.625,8,13,1.6339890780453257,0.551303412473484,2.110311019616049,0.5136716144943172,3
UD_English-EWT,39,0.625,8,14,1.0282663660486975,0.34830746042435284,1.7874941817452565,0.680410757457298,3
UD_English-EWT,39,0.625,8,15,1.5340528025924616,0.5339885986594989,1.6682807388961425,0.44386233585481216,3
UD_English-EWT,39,0.625,8,16,1.6261019884780021,0.565561745634713,1.8626857610022434,0.45560798035401895,3
UD_English-EWT,39,0.625,8,17,1.3440244576074385,0.4534725695644897,1.8541762828284056,0.5679647168025835,3
UD_English-EWT,39,0.625,8,18,1.0087165478040176,0.3330303609730822,1.707729469285854,0.6707538260598218,3
UD_English-EWT,39,0.625,8,19,0.9857919882636904,0.33787917368493986,1.5796833717975025,0.6677153340264314,3
UD_English-EWT,39,0.625,8,20,1.4181542928264441,0.488756331474349,1.8548470879133063,0.549747922659626,3
UD_English-EWT,39,0.625,8,21,1.6585120924617858,0.5748976973209442,1.7198636333690533,0.39980462496805064,3
UD_English-EWT,39,0.625,8,22,1.5164094586569972,0.5168814368288156,1.934674012639266,0.5280303269326144,3
UD_English-EWT,39,0.625,8,23,1.2980107782724126,0.43232545488681956,1.9213654394575375,0.5972002165795784,3
UD_English-EWT,39,0.625,8,24,1.3679961982049142,0.45972303588805086,1.8393053859472275,0.5564627664567451,3
UD_English-EWT,39,0.625,8,25,0.8087254022748528,0.2786944696954528,0.8747431751483125,0.6831363214753257,3
UD_English-EWT,39,0.625,8,26,0.8076237965721251,0.2797249249218266,0.8959444468138648,0.6708386384615698,3
UD_English-EWT,39,0.625,8,27,1.4675460081608567,0.5004101735972316,1.7713271744535704,0.49100372932159186,3
UD_English-EWT,39,0.625,8,28,0.8856755407537268,0.2963646942773369,1.5478843770011963,0.6892556973371674,3
UD_English-EWT,39,0.625,8,29,1.7889638639755805,0.6191817122920398,1.7698904365192563,0.2823472456236409,3
UD_English-EWT,39,0.625,8,30,1.3530727225221788,0.4610222924792484,1.7958839703453044,0.5527694903259829,3
UD_English-EWT,39,0.625,8,31,1.0129344641266624,0.34656306618794064,1.2502242521890092,0.5747448776005504,3
UD_English-EWT,39,0.625,9,0,0.9356715853015581,0.3221786501859815,1.5947708845789965,0.6717322795416054,3
UD_English-EWT,39,0.625,9,1,1.1550598709363973,0.3975541256503872,1.6346383916658567,0.6151662516273654,3
UD_English-EWT,39,0.625,9,2,1.6106765508271739,0.5582610999110184,1.7345968494106945,0.38384948827950566,3
UD_English-EWT,39,0.625,9,3,1.2959090387126353,0.4337552529717295,1.965503507515989,0.611869944697195,3
UD_English-EWT,39,0.625,9,4,1.6077210426819128,0.5574605330444858,1.7559583984546105,0.4461091518103533,3
UD_English-EWT,39,0.625,9,5,1.5668749752537583,0.5419726297259331,1.8146983706723148,0.470617529242308,3
UD_English-EWT,39,0.625,9,6,1.6891631681356707,0.5792190520625514,1.9569609016451464,0.4573558615367921,3
UD_English-EWT,39,0.625,9,7,1.6542936361824012,0.5699027650777543,2.0272624587372134,0.4840157808759716,3
UD_English-EWT,39,0.625,9,8,0.9753394036236575,0.3313682945021081,1.2300858552990064,0.6402530802077934,3
UD_English-EWT,39,0.625,9,9,1.2902963572675412,0.43609038639969727,1.8628722879567432,0.600724532433492,3
UD_English-EWT,39,0.625,9,10,1.5794801806084446,0.5351237306177942,1.916933940760859,0.4803121786001385,3
UD_English-EWT,39,0.625,9,11,1.7904601377216194,0.618648933460478,1.9148848761951989,0.39460285740797635,3
UD_English-EWT,39,0.625,9,12,1.9250944718202823,0.6489380141940707,2.283086002850142,0.4380676403220994,3
UD_English-EWT,39,0.625,9,13,1.641725648622044,0.5669094885687577,1.8740244563160047,0.4642587515961494,3
UD_English-EWT,39,0.625,9,14,0.8567792079012794,0.28244165662601456,1.68427607993882,0.7202882115713886,3
UD_English-EWT,39,0.625,9,15,1.6360640878940107,0.5540588327797167,1.9503939277161664,0.47783025990635536,3
UD_English-EWT,39,0.625,9,16,1.2624887504321414,0.44115577526865546,1.1318757074506773,0.3553314543446231,3
UD_English-EWT,39,0.625,9,17,1.3517059739305892,0.45235374312040366,1.8617858541467802,0.5725759648818027,3
UD_English-EWT,39,0.625,9,18,1.6299346531783732,0.5491634724705814,1.957784420181276,0.4727164329468987,3
UD_English-EWT,39,0.625,9,19,1.5247029469421436,0.5278962264974044,1.8008381589731448,0.49135253405391843,3
UD_English-EWT,39,0.625,9,20,1.4659116121860585,0.4943233953079782,1.901559180982126,0.539984814537679,3
UD_English-EWT,39,0.625,9,21,1.41329202810489,0.48316486930993735,1.7683059695042764,0.5258673874827573,3
UD_English-EWT,39,0.625,9,22,1.111635421251773,0.3794492051846777,1.6822402441436477,0.6365633869716704,3
UD_English-EWT,39,0.625,9,23,1.093958092870391,0.3710149650365277,1.671008743386451,0.6575076314866651,3
UD_English-EWT,39,0.625,9,24,1.6990139832234992,0.5723738524458882,2.126770589629592,0.48883624602183834,3
UD_English-EWT,39,0.625,9,25,1.5503670077072034,0.5312967104311416,1.856994152449085,0.4716165487829236,3
UD_English-EWT,39,0.625,9,26,1.0215637205280568,0.35333776980713144,1.641871521490302,0.6507247287053989,3
UD_English-EWT,39,0.625,9,27,1.335384377880609,0.4677350978300871,1.2066898127451187,0.11418878442467019,3
UD_English-EWT,39,0.625,9,28,1.529572014057354,0.5213278801416221,1.93339397043044,0.5213507698451886,3
UD_English-EWT,39,0.625,9,29,1.3506171302310104,0.4492720535503385,1.8967190336144253,0.5777672505403152,3
UD_English-EWT,39,0.625,9,30,1.7027652357282534,0.576686893425244,1.9684653623073698,0.44153031950412763,3
UD_English-EWT,39,0.625,9,31,1.2656086289980373,0.43009730820664505,1.7313571535661574,0.5708498824082437,3
UD_English-EWT,39,0.625,10,0,1.3451916179967494,0.44883909271877326,1.9888799819409957,0.5939696386375063,3
UD_English-EWT,39,0.625,10,1,1.251246752200448,0.4401972145249284,1.0057985188748233,0.15131106785242404,3
UD_English-EWT,39,0.625,10,2,1.9571112894838192,0.6628051158346113,2.296613963141033,0.428795122719609,3
UD_English-EWT,39,0.625,10,3,1.6421015278617759,0.568443625432546,1.7441167728279892,0.39466751818774176,3
UD_English-EWT,39,0.625,10,4,1.014708036105598,0.33730683349520785,1.6893608365173982,0.6623284205563623,3
UD_English-EWT,39,0.625,10,5,1.517461641265829,0.5248029580397467,1.644069127399196,0.4433207615857133,3
UD_English-EWT,39,0.625,10,6,1.5135416146944565,0.5049046742541542,2.0585460413131993,0.5501827845563655,3
UD_English-EWT,39,0.625,10,7,0.9939160511060491,0.32790030825727084,1.7729598929620398,0.6786709024633648,3
UD_English-EWT,39,0.625,10,8,1.5629532963227488,0.522289143580068,2.0883580962491166,0.5371709137964987,3
UD_English-EWT,39,0.625,10,9,1.7764171689803048,0.6075487960068906,2.0263401228656317,0.4241858568171443,3
UD_English-EWT,39,0.625,10,10,1.2421720560592597,0.4155905874673352,1.8571730390163934,0.60712129756374,3
UD_English-EWT,39,0.625,10,11,1.4352584543395348,0.4796630025642817,1.8915109584457452,0.5394858233494945,3
UD_English-EWT,39,0.625,10,12,1.7135508147175196,0.5767229741306904,2.1793164031101706,0.5058364928759403,3
UD_English-EWT,39,0.625,10,13,1.1881022355188438,0.4060342909805545,1.6946326470331634,0.6102055968319783,3
UD_English-EWT,39,0.625,10,14,1.2258166565215436,0.42772023278018817,1.16886227856134,0.20643182457484074,3
UD_English-EWT,39,0.625,10,15,1.4912616832551626,0.5023484012834687,1.940302812580854,0.5135354817266455,3
UD_English-EWT,39,0.625,10,16,1.3247885074880388,0.4415949513161986,1.9181249795281385,0.5903429005546105,3
UD_English-EWT,39,0.625,10,17,1.5833569690178002,0.552661090017125,1.5243766235089258,0.13808062441904903,3
UD_English-EWT,39,0.625,10,18,1.3006294325998355,0.4413253509851753,1.9405310035620449,0.6135681972844028,3
UD_English-EWT,39,0.625,10,19,1.2582305947586703,0.4192958003917679,1.7811870042146447,0.5907219441604202,3
UD_English-EWT,39,0.625,10,20,1.3864727557411178,0.47569507106677217,1.794816117116228,0.54494479715227,3
UD_English-EWT,39,0.625,10,21,1.3823652345761792,0.46065391940768735,1.931694876925107,0.5723514978609341,3
UD_English-EWT,39,0.625,10,22,1.8920240004314532,0.6565810620024773,1.973699806112192,0.33954129583848625,3
UD_English-EWT,39,0.625,10,23,1.1658452540798916,0.39269186324271993,1.6066678627538333,0.6107851404404923,3
UD_English-EWT,39,0.625,10,24,1.5391498067719904,0.5205569613813159,1.953871825027987,0.5246872614478805,3
UD_English-EWT,39,0.625,10,25,1.581369406267159,0.55199191792578,1.4887866179148357,0.2472551564104136,3
UD_English-EWT,39,0.625,10,26,1.4793838470197116,0.495434607977967,1.8871237597884594,0.5232495910238698,3
UD_English-EWT,39,0.625,10,27,2.004196729870659,0.678012917154148,2.2058141824326225,0.374864396535688,3
UD_English-EWT,39,0.625,10,28,2.0644424676840853,0.7068257765718932,2.2629764555581935,0.36716401309643504,3
UD_English-EWT,39,0.625,10,29,1.5297724809802948,0.5250985192470864,1.6851271026121462,0.42663298401377675,3
UD_English-EWT,39,0.625,10,30,1.7233942930734223,0.5757607269102542,1.9574552827628366,0.4057715483169277,3
UD_English-EWT,39,0.625,10,31,1.5856831393498105,0.5369917862049435,1.9911325044102142,0.5092329978875015,3
UD_English-EWT,39,0.625,11,0,1.9989533373892634,0.6768037125685393,2.164364041146468,0.3531480788173517,3
UD_English-EWT,39,0.625,11,1,1.6251920898918246,0.5514635896082893,1.9963626680532656,0.4828065328388212,3
UD_English-EWT,39,0.625,11,2,1.0892331794257155,0.37849556353411384,1.1093794587857084,0.4410026209914077,3
UD_English-EWT,39,0.625,11,3,1.4387238193947978,0.480077201666782,2.031761652730636,0.5594912592647342,3
UD_English-EWT,39,0.625,11,4,1.7192129373876124,0.5857242134099448,2.1008861325477644,0.4861676974971872,3
UD_English-EWT,39,0.625,11,5,0.6945441781504179,0.22750828598027129,1.5089725672058718,0.7311586244727311,3
UD_English-EWT,39,0.625,11,6,1.9177199339388933,0.665172420564245,1.85340988706587,0.26825196268494994,3
UD_English-EWT,39,0.625,11,7,1.5767747919416166,0.5309388371411785,1.995917435850819,0.5083150440938975,3
UD_English-EWT,39,0.625,11,8,1.663910336127481,0.5645873872715919,2.094837461501523,0.49083049083722313,3
UD_English-EWT,39,0.625,11,9,1.3274837551004033,0.43890514796793134,1.9784823087992347,0.5934258703692038,3
UD_English-EWT,39,0.625,11,10,1.491894848522593,0.5050039662418035,2.0410228251379476,0.5666802069053515,3
UD_English-EWT,39,0.625,11,11,1.6056191776565296,0.5382101102876317,2.129842139821235,0.5301838589591298,3
UD_English-EWT,39,0.625,11,12,1.5268333759192778,0.5141018749654076,1.9435085765271023,0.5188805196427474,3
UD_English-EWT,39,0.625,11,13,1.5207114687735699,0.5097748405267849,2.1368368286198387,0.5572718484412017,3
UD_English-EWT,39,0.625,11,14,0.7900321670758702,0.2676308996609,1.418407585098661,0.7113278303940005,3
UD_English-EWT,39,0.625,11,15,0.757004423192507,0.2607734169139237,0.916873823749563,0.6829852876211016,3
UD_English-EWT,39,0.625,11,16,1.6943459710299642,0.583086597069908,1.9178690402234186,0.4285470196376733,3
UD_English-EWT,39,0.625,11,17,1.313287441237051,0.4419802209270782,1.7277684864233533,0.5717328434202732,3
UD_English-EWT,39,0.625,11,18,0.8738976098963471,0.2953564430975469,1.3261918935836556,0.6950629879135252,3
UD_English-EWT,39,0.625,11,19,1.60105287936433,0.533237245212053,2.088718849290264,0.5194150734021038,3
UD_English-EWT,39,0.625,11,20,1.3068801234382967,0.44721367539929563,1.6875754840984154,0.5609598084130683,3
UD_English-EWT,39,0.625,11,21,1.7378859215692526,0.5965558300524244,1.8944506323294128,0.4277078062838761,3
UD_English-EWT,39,0.625,11,22,1.6137694701253824,0.5465746805180399,1.9141562491221071,0.46388364971389756,3
UD_English-EWT,39,0.625,11,23,0.9111472292648856,0.3085722137337554,1.652706632957215,0.694896266950067,3
UD_English-EWT,39,0.625,11,24,1.5988601847315964,0.5414794696484758,1.9817711100226543,0.5022601191232656,3
UD_English-EWT,39,0.625,11,25,1.6896791979806236,0.5768554337689134,2.005211033836306,0.464510995121113,3
UD_English-EWT,39,0.625,11,26,1.5109606812994771,0.5017918082588575,2.0784658756521015,0.5503575678555149,3
UD_English-EWT,39,0.625,11,27,1.7437399415696253,0.6080180820220155,1.8656330400151633,0.3757126527025834,3
UD_English-EWT,39,0.625,11,28,1.3298908475386098,0.45170791895690293,1.8335753174427427,0.5578206152585632,3
UD_English-EWT,39,0.625,11,29,1.434320256114006,0.4895744788136422,2.034402870605335,0.5691214960631669,3
UD_English-EWT,39,0.625,11,30,1.3524378460368824,0.45599976564012806,1.7074924604000288,0.5205624924942118,3
UD_English-EWT,39,0.625,11,31,1.5924982930413145,0.5346724574466003,2.0231745085103916,0.5047743884008548,3
UD_English-EWT,39,0.625,12,0,1.8436230054644287,0.6322450182368412,2.0896074538728144,0.4159660759790782,3
UD_English-EWT,39,0.625,12,1,2.0183645323434596,0.6835123133355369,2.25899539966618,0.3653189820290046,3
UD_English-EWT,39,0.625,12,2,0.6000364878654262,0.2001268348227406,1.001932380520798,0.7615616313149586,3
UD_English-EWT,39,0.625,12,3,1.8420750770195369,0.6364933466623607,2.0298381664388168,0.3768621960719318,3
UD_English-EWT,39,0.625,12,4,1.2379840844614476,0.4175355304405772,1.673350340084517,0.5864422918383867,3
UD_English-EWT,39,0.625,12,5,1.678331893867048,0.5674108949732477,2.1193520865913733,0.5013170980989173,3
UD_English-EWT,39,0.625,12,6,1.3128734266687394,0.4446463077744716,1.9180776086281341,0.598037113501726,3
UD_English-EWT,39,0.625,12,7,1.3522016981477512,0.4658432962111654,1.6131298948886832,0.5444611049170702,3
UD_English-EWT,39,0.625,12,8,1.9007405662037202,0.6416254114420687,2.3128980266537607,0.45503345254014754,3
UD_English-EWT,39,0.625,12,9,1.9629075585547258,0.666197354934146,2.1493200680380093,0.3602141791442324,3
UD_English-EWT,39,0.625,12,10,1.8489647458811274,0.6250233031090057,2.3609934034460447,0.4929076694223507,3
UD_English-EWT,39,0.625,12,11,1.5296093506131232,0.5092423541746178,2.021587964886959,0.5365582915915273,3
UD_English-EWT,39,0.625,12,12,1.3687805777826163,0.45671572118237586,1.9835818537488878,0.5845384149861358,3
UD_English-EWT,39,0.625,12,13,1.945871415712577,0.6529403386301681,2.3291245153367193,0.43903815294726195,3
UD_English-EWT,39,0.625,12,14,1.5695220232417022,0.5242197076588163,2.077829594684863,0.5281683143045082,3
UD_English-EWT,39,0.625,12,15,1.2095388590285252,0.40890496125095316,1.887942888494072,0.6238626735539384,3
UD_English-EWT,39,0.625,12,16,0.9349875546218267,0.3187019343102836,1.331217622102827,0.6611159723014562,3
UD_English-EWT,39,0.625,12,17,1.41316449775179,0.46751416959072073,2.0586446106759575,0.5867459605327503,3
UD_English-EWT,39,0.625,12,18,1.310682965730926,0.4464542868603123,1.8433150159150957,0.5810476403669853,3
UD_English-EWT,39,0.625,12,19,1.6003544268440895,0.5440127184997925,1.8962177055563867,0.48450086715687163,3
UD_English-EWT,39,0.625,12,20,1.9739178705465161,0.6759045485726037,2.213022670459226,0.3891223481905482,3
UD_English-EWT,39,0.625,12,21,1.6080778934373665,0.5453671639028577,1.9229751076746073,0.4640363545643882,3
UD_English-EWT,39,0.625,12,22,1.2796923644257157,0.4359874819661533,1.8821099657287146,0.6007985568830985,3
UD_English-EWT,39,0.625,12,23,0.563728615974088,0.18780288322640412,1.4452522012162514,0.7903778624529179,3
UD_English-EWT,39,0.625,12,24,1.951857834348696,0.6754584095571428,2.0335418507049643,0.3394873562677745,3
UD_English-EWT,39,0.625,12,25,1.7945513246489353,0.6043772850260275,2.1014688221266145,0.4469414040012003,3
UD_English-EWT,39,0.625,12,26,1.3036398041199464,0.4470027227816469,1.4080915902834557,0.4850036665858304,3
UD_English-EWT,39,0.625,12,27,1.8038947228036941,0.6243361588058576,1.8687767607918202,0.3284882862487289,3
UD_English-EWT,39,0.625,12,28,1.3224606269288584,0.4453667159139676,1.7489472040550307,0.5663164424318108,3
UD_English-EWT,39,0.625,12,29,1.1786382098314105,0.4011442013125602,1.582618164234474,0.5844140430142211,3
UD_English-EWT,39,0.625,12,30,1.5811465088081273,0.5257245242215679,2.163389864542228,0.5384663359070356,3
UD_English-EWT,39,0.625,12,31,1.968833164792026,0.6760598424353886,2.0063827538316583,0.2523816260823027,3
UD_English-EWT,39,0.625,13,0,1.6809533263924779,0.5811605527861304,1.807431140341177,0.4129921395894825,3
UD_English-EWT,39,0.625,13,1,1.5811283205159157,0.542219417838071,1.9475686290930747,0.494826269707556,3
UD_English-EWT,39,0.625,13,2,1.7487696866031552,0.5916813281254473,2.0478295040586607,0.4375085225379695,3
UD_English-EWT,39,0.625,13,3,1.5459406871776114,0.5317069616623372,1.9654068025626337,0.5219130885799182,3
UD_English-EWT,39,0.625,13,4,1.6822207985354252,0.5682383712469338,1.9334260286637779,0.4230587251233327,3
UD_English-EWT,39,0.625,13,5,1.896243613057232,0.6512850333541252,1.9777013480066168,0.34689847265924917,3
UD_English-EWT,39,0.625,13,6,1.077069865604133,0.37378452818006114,1.296692910931584,0.5879783034053222,3
UD_English-EWT,39,0.625,13,7,1.4162842307260128,0.4764892391399065,1.8727803132844534,0.5471047574420119,3
UD_English-EWT,39,0.625,13,8,1.8573522461079508,0.638194059128644,1.9125158018644608,0.2923125109799844,3
UD_English-EWT,39,0.625,13,9,1.5921838286795902,0.529003853958867,2.1775202771245024,0.539965058943233,3
UD_English-EWT,39,0.625,13,10,1.7309798716630223,0.5862830616873036,2.1072004631243115,0.47166369605354813,3
UD_English-EWT,39,0.625,13,11,0.8053241413907709,0.2762556914240122,1.1871286549474807,0.6506008553388232,3
UD_English-EWT,39,0.625,13,12,1.7093922521898655,0.5928362787231287,1.8279840513005283,0.38906727780084144,3
UD_English-EWT,39,0.625,13,13,1.82406175386276,0.6201917139613129,2.2714538127455337,0.47286892805811703,3
UD_English-EWT,39,0.625,13,14,1.2072246893968954,0.4122816620900114,1.8895807222536136,0.6357321379967509,3
UD_English-EWT,39,0.625,13,15,0.6672325709084888,0.21953123100169802,1.5414391237909895,0.7559762492314497,3
UD_English-EWT,39,0.625,13,16,2.1547274910904233,0.7367883390443355,2.338342200700051,0.3346508638271706,3
UD_English-EWT,39,0.625,13,17,2.1051339205008386,0.71629838849026,2.110836347215597,0.1906456256332809,3
UD_English-EWT,39,0.625,13,18,1.7492187718143228,0.593389327951685,2.0264173887249335,0.41470826931216354,3
UD_English-EWT,39,0.625,13,19,1.5534213099540475,0.5292096697404737,1.6973947115608903,0.40516477733009065,3
UD_English-EWT,39,0.625,13,20,1.2647021381092853,0.4291876115597011,1.9118705284400066,0.6118314337114276,3
UD_English-EWT,39,0.625,13,21,1.4126965428527807,0.4756948769241843,1.9686643750235466,0.5607974287563552,3
UD_English-EWT,39,0.625,13,22,1.9151884884673607,0.6495598527197411,2.2436918287329335,0.4274461606351187,3
UD_English-EWT,39,0.625,13,23,1.167344977539745,0.4055330105573753,1.149746024434901,0.28077701272914535,3
UD_English-EWT,39,0.625,13,24,1.4842141006813676,0.5116140955892851,1.5623248771565859,0.4654500332197857,3
UD_English-EWT,39,0.625,13,25,1.3502114265750016,0.4687825940746156,1.7663746468573536,0.5295038998181268,3
UD_English-EWT,39,0.625,13,26,1.3585954096527917,0.4644324227502546,1.8812981859690938,0.5629056062149003,3
UD_English-EWT,39,0.625,13,27,1.6215853650116097,0.5446248360263194,2.1422033678801333,0.5303365487014987,3
UD_English-EWT,39,0.625,13,28,1.2989721550098967,0.448207037737135,1.7996508639529754,0.5701523191738324,3
UD_English-EWT,39,0.625,13,29,1.346856003277723,0.4672531969913151,1.3465117271209242,0.42155563549727254,3
UD_English-EWT,39,0.625,13,30,1.700852425114162,0.5723396785869407,2.0665181780773434,0.4651096470464014,3
UD_English-EWT,39,0.625,13,31,1.6897578001130906,0.5737549355745533,2.1881190418437098,0.5107677465606691,3
UD_English-EWT,39,0.625,14,0,1.6897555964240611,0.5861367768792941,1.520659693793304,0.21415344013311718,3
UD_English-EWT,39,0.625,14,1,1.2085278927465606,0.4198630797542727,1.1284305735581126,0.29034199575827424,3
UD_English-EWT,39,0.625,14,2,1.6437746780383347,0.5630888342178801,1.8707602825321132,0.42119480048956004,3
UD_English-EWT,39,0.625,14,3,1.6161849123912646,0.5458472137744852,1.9647054591628372,0.47964472310763456,3
UD_English-EWT,39,0.625,14,4,1.63445230369848,0.5540491471606526,2.051594941043897,0.4951659200614647,3
UD_English-EWT,39,0.625,14,5,2.0252807613441854,0.6926435003488006,2.2847184834150234,0.3959763371919999,3
UD_English-EWT,39,0.625,14,6,0.7397311014718696,0.2501273251720492,1.4616221371827773,0.7222202458912558,3
UD_English-EWT,39,0.625,14,7,0.8052934720664403,0.2812028015761862,0.6444184686343961,0.2427213913158858,3
UD_English-EWT,39,0.625,14,8,1.3395621977977197,0.4523247072374777,1.8765550710138728,0.5863820739864001,3
UD_English-EWT,39,0.625,14,9,1.7026834538942694,0.582449137038112,1.917211591383147,0.3995563006282992,3
UD_English-EWT,39,0.625,14,10,0.8704558032647943,0.29465645292132603,1.5677837535725374,0.7041301533430543,3
UD_English-EWT,39,0.625,14,11,1.758979715773317,0.5939799388548281,2.13941993962003,0.46694421362410043,3
UD_English-EWT,39,0.625,14,12,1.497451833892064,0.5005226798138441,2.00798980690851,0.5408423770599081,3
UD_English-EWT,39,0.625,14,13,1.1519281254141491,0.38829221240565426,1.7018654022114743,0.6258165777096005,3
UD_English-EWT,39,0.625,14,14,1.745320003215081,0.6045768092673116,1.7012587154932144,0.26635344695971636,3
UD_English-EWT,39,0.625,14,15,1.7574913839933435,0.5961883142047676,2.0919188133462967,0.4699573770457224,3
UD_English-EWT,39,0.625,14,16,1.753385733738406,0.5908589486935208,2.0265805659669778,0.41394042891733523,3
UD_English-EWT,39,0.625,14,17,1.5438782326157845,0.5195138172563741,2.0231329522117676,0.5265772762845774,3
UD_English-EWT,39,0.625,14,18,1.209707151019508,0.41404622890231607,1.6338059143290493,0.5898986081499437,3
UD_English-EWT,39,0.625,14,19,1.664318005013227,0.5622976570371504,2.039035087617586,0.48150782816397036,3
UD_English-EWT,39,0.625,14,20,1.9571113957733404,0.6753519881102775,1.9880943508150366,0.27939598100812923,3
UD_English-EWT,39,0.625,14,21,1.659979795049774,0.5606304184348748,2.019771198757359,0.4676434069919401,3
UD_English-EWT,39,0.625,14,22,1.3994324961320952,0.4856051709129728,1.4052073120636583,0.43213435594257116,3
UD_English-EWT,39,0.625,14,23,1.6561139842634427,0.5610521777324338,2.0197082035419935,0.49129865607603,3
UD_English-EWT,39,0.625,14,24,1.332276190415649,0.4601561907807769,1.7902888920572069,0.5678832028027223,3
UD_English-EWT,39,0.625,14,25,1.6329333927543435,0.5515707743732439,1.9322342756450286,0.4826063735169683,3
UD_English-EWT,39,0.625,14,26,1.3528990584454466,0.45613392562569816,1.759891011295857,0.5497759436079063,3
UD_English-EWT,39,0.625,14,27,1.773340291311398,0.598140255987427,2.1872269204514057,0.4694868442627902,3
UD_English-EWT,39,0.625,14,28,1.3236096638283659,0.4465244199829566,1.9285015272475332,0.5869716709659508,3
UD_English-EWT,39,0.625,14,29,1.9436930553454952,0.6641063850189819,2.080139780115126,0.3314179878661541,3
UD_English-EWT,39,0.625,14,30,1.6381876646169549,0.5613979918980642,2.011099637938979,0.486919425271845,3
UD_English-EWT,39,0.625,14,31,1.4235430630449823,0.4852651846484843,1.6827698031029847,0.5231205397955598,3
UD_English-EWT,39,0.625,15,0,0.9116736008074874,0.30216717761763134,1.6489262889616043,0.6928616050759734,3
UD_English-EWT,39,0.625,15,1,1.5314105726737794,0.5166111310065227,1.8738494805028096,0.5144276709409468,3
UD_English-EWT,39,0.625,15,2,2.287387870157134,0.7790482656008993,2.3606140497386563,0.2388585969646256,3
UD_English-EWT,39,0.625,15,3,1.1690073653051327,0.4032431462124831,1.6181719457842612,0.5922318440073174,3
UD_English-EWT,39,0.625,15,4,1.350005427589182,0.45559246166319145,1.8706694432892217,0.5771320250923516,3
UD_English-EWT,39,0.625,15,5,1.3883175433822015,0.4721710692704375,1.5895829583994896,0.45611401383030503,3
UD_English-EWT,39,0.625,15,6,1.6702518482134423,0.5634355784982498,2.1054661913701964,0.5058991696298774,3
UD_English-EWT,39,0.625,15,7,1.782449287984975,0.6126014130471616,2.0086010396751983,0.4105772641920001,3
UD_English-EWT,39,0.625,15,8,1.6702665152174092,0.5634508739837966,2.160063968601557,0.5098668002677854,3
UD_English-EWT,39,0.625,15,9,2.257160764628638,0.7811233066090252,2.1990084125913123,0.09220424638331642,3
UD_English-EWT,39,0.625,15,10,1.9288785019261807,0.6572013588550963,2.303268481527738,0.4384741864772768,3
UD_English-EWT,39,0.625,15,11,0.7176816410678549,0.2538868131417991,0.6399039705241529,0.05267231285937626,3
UD_English-EWT,39,0.625,15,12,0.756471587646963,0.25532816257836716,0.9993709139593746,0.7183373044830202,3
UD_English-EWT,39,0.625,15,13,1.397211288799191,0.46575399899417586,1.9610168461591169,0.5665386668075629,3
UD_English-EWT,39,0.625,15,14,1.6386562094010941,0.562133576836308,1.7814194366797291,0.38480359752185794,3
UD_English-EWT,39,0.625,15,15,0.6796890860881474,0.22162456191713176,1.531571640451532,0.7507546555881944,3
UD_English-EWT,39,0.625,15,16,1.676065511906516,0.5829282035620269,1.8188325264414802,0.4007896769839341,3
UD_English-EWT,39,0.625,15,17,1.2337163582932753,0.42132108743372076,1.8230316616961213,0.6195439885358559,3
UD_English-EWT,39,0.625,15,18,1.219103768169337,0.4134947189922107,1.8680055324931397,0.6222958013428909,3
UD_English-EWT,39,0.625,15,19,1.6122904984460285,0.5473836470388541,1.9651690485916067,0.48420324060516284,3
UD_English-EWT,39,0.625,15,20,1.5650826838471417,0.5281431868618086,2.0899249013438683,0.5342957326677545,3
UD_English-EWT,39,0.625,15,21,1.5725468516024084,0.5421794607339662,1.6153270785708678,0.38756443886510444,3
UD_English-EWT,39,0.625,15,22,1.2546082116894166,0.42782448255923494,1.7022823030179968,0.5783344178455448,3
UD_English-EWT,39,0.625,15,23,1.9856091488037386,0.6782641465926648,2.272448384045252,0.40653201657769783,3
UD_English-EWT,39,0.625,15,24,1.594691453667829,0.5360142597979535,1.9255386044310308,0.47409719743431705,3
UD_English-EWT,39,0.625,15,25,1.2708483576666028,0.4418163235911689,1.4714192504874128,0.5261012560099309,3
UD_English-EWT,39,0.625,15,26,1.5321077104040401,0.5311616162866191,1.4086855047930351,0.2951736030879622,3
UD_English-EWT,39,0.625,15,27,1.4026794819151116,0.46960877859201594,1.8853915912151773,0.5538449617872907,3
UD_English-EWT,39,0.625,15,28,1.4429979989057464,0.4949451845227477,1.7643641862604353,0.5180777942385179,3
UD_English-EWT,39,0.625,15,29,1.9542623227954128,0.6601825534808832,2.301220042566567,0.4311799386343181,3
UD_English-EWT,39,0.625,15,30,1.3615870681643922,0.45782141792562486,1.8895873632587372,0.5711950714783047,3
UD_English-EWT,39,0.625,15,31,1.468639687504382,0.49796502604293474,1.7207183717649925,0.44681954706165744,3
UD_English-EWT,39,0.625,16,0,0.8411715142225308,0.28489043678620146,1.6571940960997005,0.7173287807565135,3
UD_English-EWT,39,0.625,16,1,1.0990978552805488,0.3785621876979352,1.5365199554161946,0.6228967821378201,3
UD_English-EWT,39,0.625,16,2,1.6640490127391503,0.5717498262044728,1.784275866488507,0.3557844199952695,3
UD_English-EWT,39,0.625,16,3,1.9636298739139282,0.6690781568948906,2.1274897295486297,0.3290290471424225,3
UD_English-EWT,39,0.625,16,4,1.7515214144613573,0.5931691023129257,1.9331990602835063,0.3686150491665133,3
UD_English-EWT,39,0.625,16,5,1.4834805428235367,0.49532608812393275,1.9119175407350173,0.5195631033355855,3
UD_English-EWT,39,0.625,16,6,2.290081391786183,0.7783782750313835,2.3571254677242703,0.21537330110162115,3
UD_English-EWT,39,0.625,16,7,1.570118428579445,0.5370419497969806,1.7944526767361577,0.42688829267231276,3
UD_English-EWT,39,0.625,16,8,1.1078246819001294,0.3807675549200649,1.671176423547698,0.6297871575628039,3
UD_English-EWT,39,0.625,16,9,1.625780908584269,0.5493313745207039,1.9638976881684282,0.4692602384977979,3
UD_English-EWT,39,0.625,16,10,1.445982496377983,0.49002663745716185,1.9588894086783049,0.5418168995766909,3
UD_English-EWT,39,0.625,16,11,1.6458949474363378,0.5678702330383013,1.8110640067166102,0.37609887328032804,3
UD_English-EWT,39,0.625,16,12,1.4053280893679307,0.47908726116075756,1.8546190820159374,0.5402739414697572,3
UD_English-EWT,39,0.625,16,13,1.5543554118259355,0.5221662636785234,1.8722730782188355,0.46926621243506944,3
UD_English-EWT,39,0.625,16,14,1.5977190053310986,0.5533648784694776,1.4329096200741922,0.2586024710077297,3
UD_English-EWT,39,0.625,16,15,1.6823596865047306,0.5765993440140358,1.9885244951982097,0.43252384054639087,3
UD_English-EWT,39,0.625,16,16,1.5360969837300331,0.5301868082558522,1.710053883967938,0.4275577881174986,3
UD_English-EWT,39,0.625,16,17,1.406355762280836,0.4848346515729996,1.5583469493955864,0.37360997877350055,3
UD_English-EWT,39,0.625,16,18,1.401371724930726,0.4708998100679429,2.0635742867579228,0.5889769556350287,3
UD_English-EWT,39,0.625,16,19,1.1193374034784096,0.38468995099999215,1.164208460334546,0.4907865293005071,3
UD_English-EWT,39,0.625,16,20,2.016610636004333,0.6967713328685701,2.1715625433865355,0.3421292010803312,3
UD_English-EWT,39,0.625,16,21,1.550005350852273,0.5365418869533826,1.585422541274399,0.3924659383712245,3
UD_English-EWT,39,0.625,16,22,1.5053553978873515,0.5226240366534457,1.3464549270972528,0.24355759142044733,3
UD_English-EWT,39,0.625,16,23,1.3081795417098074,0.43548764737801315,1.9108543982542712,0.596829113928781,3
UD_English-EWT,39,0.625,16,24,1.2690111934351573,0.4401616242617532,1.7396854025418642,0.5614139814377644,3
UD_English-EWT,39,0.625,16,25,0.6992356010232603,0.23357443726080418,1.495713097509845,0.748786119788288,3
UD_English-EWT,39,0.625,16,26,1.3240645124571897,0.4528340985302988,1.8998868256155912,0.5880347859650471,3
UD_English-EWT,39,0.625,16,27,0.9003058944867824,0.30285535380244255,1.5577580054139613,0.690083319650376,3
UD_English-EWT,39,0.625,16,28,0.893910577664922,0.2931523843768489,1.6636881463311084,0.7057459582430471,3
UD_English-EWT,39,0.625,16,29,1.2895929787599758,0.44027809155443326,1.8419392985072944,0.5828839490539606,3
UD_English-EWT,39,0.625,16,30,1.3906069070860771,0.47975721849444136,1.4864630673643886,0.3383976598601035,3
UD_English-EWT,39,0.625,16,31,1.9546107888927444,0.665321872438998,2.1869894591294137,0.39772332154336526,3
UD_English-EWT,39,0.625,17,0,1.723110037531792,0.5876339175797768,1.9970557370472477,0.4370671685561131,3
UD_English-EWT,39,0.625,17,1,1.5086568942351202,0.510544664906728,2.062330479613202,0.5636636846459628,3
UD_English-EWT,39,0.625,17,2,1.001704526797127,0.3461983604916458,1.357516911430437,0.5895945967492293,3
UD_English-EWT,39,0.625,17,3,1.4904813521926739,0.5165082597341694,1.634411955846029,0.44976493967985415,3
UD_English-EWT,39,0.625,17,4,1.4806241929965376,0.5093091231361981,1.8463791531726095,0.5286463726182995,3
UD_English-EWT,39,0.625,17,5,1.7623657183568986,0.6036935725498721,1.9715145356233872,0.42487619825399636,3
UD_English-EWT,39,0.625,17,6,1.460293515620987,0.5023833442486157,1.7315129875756787,0.501378512596932,3
UD_English-EWT,39,0.625,17,7,0.9987841141842754,0.3394751108924982,1.667257810306679,0.681835091857745,3
UD_English-EWT,39,0.625,17,8,1.6740284742743377,0.5688737039954719,1.835251024729133,0.4302610947440068,3
UD_English-EWT,39,0.625,17,9,0.9285419481977794,0.3108125579287256,1.6390191928800772,0.703614321209911,3
UD_English-EWT,39,0.625,17,10,1.5549308862028226,0.5238665824854417,1.9511871506716165,0.4827551789011786,3
UD_English-EWT,39,0.625,17,11,0.7241096838711606,0.24230222711899405,1.6308281365069535,0.7798035357466379,3
UD_English-EWT,39,0.625,17,12,0.9971239370970778,0.3425776367983315,1.7443638889624555,0.6936069342472297,3
UD_English-EWT,39,0.625,17,13,1.244961937702853,0.42468034765108037,1.5013535848949342,0.4201709733213992,3
UD_English-EWT,39,0.625,17,14,1.5776432930391777,0.5479987787120112,1.6857187885295717,0.42502902917740343,3
UD_English-EWT,39,0.625,17,15,1.6288899782848272,0.5567095268565231,1.7386469250385446,0.3355453430771665,3
UD_English-EWT,39,0.625,17,16,1.114096496098137,0.3864392749965191,1.5604999465477707,0.598201361286347,3
UD_English-EWT,39,0.625,17,17,1.079604488022232,0.3696566478829349,1.7698077222905741,0.666836387255587,3
UD_English-EWT,39,0.625,17,18,1.2458428255738674,0.4187209894626192,1.7762861159546997,0.5804406186779504,3
UD_English-EWT,39,0.625,17,19,1.5820759314711192,0.5422683659337041,1.9288132382872327,0.4899291202683809,3
UD_English-EWT,39,0.625,17,20,1.1798690077059908,0.39662369535743974,1.822222968322549,0.6343009017462179,3
UD_English-EWT,39,0.625,17,21,1.1831564733483753,0.40697322982297246,1.6427978929980422,0.6167522887470293,3
UD_English-EWT,39,0.625,17,22,1.005303459632158,0.3463150416254888,1.1399422608220946,0.48588173672597595,3
UD_English-EWT,39,0.625,17,23,1.408999537496076,0.4903828084183847,1.9029817768187687,0.5529209516318226,3
UD_English-EWT,39,0.625,17,24,1.7570552476605432,0.6073985486299831,1.8785135936541633,0.3132722763368395,3
UD_English-EWT,39,0.625,17,25,0.7019921483502524,0.22924378523365585,1.521681218348674,0.7548195416538658,3
UD_English-EWT,39,0.625,17,26,0.9110703993188336,0.3022163588492597,1.8392721343181606,0.7328598764614763,3
UD_English-EWT,39,0.625,17,27,0.9798212950618325,0.3293789450608479,1.7066905466883775,0.6915564581290403,3
UD_English-EWT,39,0.625,17,28,1.9294397490869237,0.6568183538610818,2.2228514721484784,0.4189718904920288,3
UD_English-EWT,39,0.625,17,29,1.0760142071705263,0.3646775326727192,1.4552284983717894,0.6232830255897971,3
UD_English-EWT,39,0.625,17,30,1.2975605468932396,0.43672397067746616,1.795378114627793,0.5639345071164854,3
UD_English-EWT,39,0.625,17,31,1.163568979851861,0.3938206184981136,1.8630652410030801,0.6417070108250408,3
UD_English-EWT,39,0.625,18,0,1.1318143475223976,0.39233597157648575,1.7879866940564797,0.6489611912742664,3
UD_English-EWT,39,0.625,18,1,0.93223658917923,0.315854944115698,1.7063882293379808,0.7107682709390457,3
UD_English-EWT,39,0.625,18,2,1.0196362232521368,0.35423504523865085,1.2389793298012137,0.616011536688644,3
UD_English-EWT,39,0.625,18,3,0.7659625552648945,0.258061618862236,1.5917219985921092,0.7457023845927854,3
UD_English-EWT,39,0.625,18,4,1.9453768588208977,0.660961104573882,2.1596622487126367,0.3503096875461507,3
UD_English-EWT,39,0.625,18,5,1.1852508532002106,0.41036015927438746,1.1753505472982733,0.4684852638870532,3
UD_English-EWT,39,0.625,18,6,1.2845262729025062,0.44013601371540073,1.9226156478045417,0.6079204155705558,3
UD_English-EWT,39,0.625,18,7,1.125843998716503,0.38632751191085807,1.4635972523406988,0.5993751236432671,3
UD_English-EWT,39,0.625,18,8,0.5810901372878386,0.19086906500330336,1.4078441210878243,0.791615346253244,3
UD_English-EWT,39,0.625,18,9,1.591037123852523,0.5415562933721395,2.066206602505213,0.5258559784724738,3
UD_English-EWT,39,0.625,18,10,1.389957171333835,0.4730721034638869,1.8768128542626492,0.5360949985506539,3
UD_English-EWT,39,0.625,18,11,0.9261674899641825,0.3065554567431193,1.7201173602720428,0.7173690321212312,3
UD_English-EWT,39,0.625,18,12,1.14593766464806,0.38193979348396995,1.7828866991813284,0.6372700558944804,3
UD_English-EWT,39,0.625,18,13,1.0985238625513618,0.3752721198961709,1.480729783710452,0.6285370733514292,3
UD_English-EWT,39,0.625,18,14,1.362530563019881,0.4651019518316226,1.7630645758955856,0.5540152949523621,3
UD_English-EWT,39,0.625,18,15,1.1418624230760586,0.38073014701718294,1.9064535457091256,0.6644880785411716,3
UD_English-EWT,39,0.625,18,16,0.7358537012192069,0.24743302677756343,1.3653676456658133,0.7357862963865364,3
UD_English-EWT,39,0.625,18,17,0.506091299987583,0.1693036613039306,1.3747862099393362,0.7977991454126839,3
UD_English-EWT,39,0.625,18,18,0.8272237492172226,0.27956068175480125,1.4308766331014737,0.7158852881516156,3
UD_English-EWT,39,0.625,18,19,0.7181960910572273,0.23676431730969763,1.6271140091664045,0.757623260335247,3
UD_English-EWT,39,0.625,18,20,0.6920688948059669,0.23346057751526436,1.6052881759372564,0.7719845386910742,3
UD_English-EWT,39,0.625,18,21,1.2308299846146493,0.41987301170730956,1.8013266494636762,0.6211877346160959,3
UD_English-EWT,39,0.625,18,22,1.2502309641171456,0.42286848025108076,1.698618749112488,0.6043249375113916,3
UD_English-EWT,39,0.625,18,23,1.3551601479559432,0.46713924984055794,1.6494102736422709,0.474259975897267,3
UD_English-EWT,39,0.625,18,24,0.8849137235018943,0.2979723680628725,1.6269796434213122,0.7111901509455101,3
UD_English-EWT,39,0.625,18,25,0.7998536821549762,0.26286322745292673,1.6919310994324137,0.745545790576544,3
UD_English-EWT,39,0.625,18,26,1.4227833815991116,0.49108721561499197,1.7380982202041777,0.5213224211799317,3
UD_English-EWT,39,0.625,18,27,1.23043140393083,0.4232129209313562,1.8029114401242772,0.621945889025438,3
UD_English-EWT,39,0.625,18,28,1.8292090756265627,0.6284574420481431,2.0937255384817797,0.4283343341493324,3
UD_English-EWT,39,0.625,18,29,0.5880124697356548,0.19814371608726966,1.548845269491655,0.8041097442119064,3
UD_English-EWT,39,0.625,18,30,1.212714878017785,0.4202505898456647,1.398715321184942,0.45397961499993916,3
UD_English-EWT,39,0.625,18,31,1.2253639278000386,0.41779361984850283,1.6567335153483738,0.5426924141337637,3
UD_English-EWT,39,0.625,19,0,1.0069768739311205,0.3472859994296276,1.5157150581940495,0.6369597556405381,3
UD_English-EWT,39,0.625,19,1,1.7129902770176175,0.589083663013192,1.9104223626450327,0.4298748054791018,3
UD_English-EWT,39,0.625,19,2,1.3494627189657944,0.4690768478645219,1.4387253990264537,0.4592611614363658,3
UD_English-EWT,39,0.625,19,3,0.6276665737475854,0.20559654722858786,1.4826384475743077,0.7814795378195241,3
UD_English-EWT,39,0.625,19,4,1.2017024875718605,0.4114882041698488,2.017539193911414,0.6575894165370199,3
UD_English-EWT,39,0.625,19,5,1.5236195883627144,0.5239833840092675,1.9392184297840886,0.5101973307140864,3
UD_English-EWT,39,0.625,19,6,0.8581507616695051,0.2832423534807503,1.6518647821657428,0.7243675711091425,3
UD_English-EWT,39,0.625,19,7,0.897394015075459,0.30287866847409795,1.7053752916921032,0.7299650087816901,3
UD_English-EWT,39,0.625,19,8,0.82207507684569,0.27295948030640843,1.5879297084658524,0.7229526741379271,3
UD_English-EWT,39,0.625,19,9,0.619766696330791,0.203763037914909,1.3677647280725624,0.7796659410298413,3
UD_English-EWT,39,0.625,19,10,0.7391990724414966,0.24927000660035348,1.4414432281679144,0.754927660041711,3
UD_English-EWT,39,0.625,19,11,0.804274864671226,0.2659204696255901,1.6916656210909995,0.7474762535296069,3
UD_English-EWT,39,0.625,19,12,1.285886100108289,0.4488428388544119,1.2073416937624388,0.3229575636364072,3
UD_English-EWT,39,0.625,19,13,1.8229125824185235,0.623397979132139,2.0815684321473857,0.42045802311574826,3
UD_English-EWT,39,0.625,19,14,1.039567256627947,0.35561327878487564,1.6738714610781174,0.6775640945386256,3
UD_English-EWT,39,0.625,19,15,1.3438129548818036,0.46238903398667963,1.6965654505677996,0.5498111041530777,3
UD_English-EWT,39,0.625,19,16,2.0237529411341977,0.7022197704443297,2.0003701581438165,0.1673910736067319,3
UD_English-EWT,39,0.625,19,17,0.501416184265974,0.16635667717250535,1.2545712530572233,0.7960212211818426,3
UD_English-EWT,39,0.625,19,18,1.3855854324548622,0.4639424681867081,2.1111308953204007,0.6134420545103337,3
UD_English-EWT,39,0.625,19,19,0.9879436082934422,0.3340655080566967,1.7032825895780206,0.6900536618407523,3
UD_English-EWT,39,0.625,19,20,0.6312285412801854,0.21404416708764237,1.4337043848587623,0.764642571531684,3
UD_English-EWT,39,0.625,19,21,0.776054121017836,0.26336884835161584,1.4754869145475233,0.7411568579560854,3
UD_English-EWT,39,0.625,19,22,1.0044452993840467,0.34255954798629923,1.6531600726866766,0.672773296254363,3
UD_English-EWT,39,0.625,19,23,1.2831833653816977,0.43304723053356337,2.026960899703924,0.636291548236526,3
UD_English-EWT,39,0.625,19,24,1.5343513002785396,0.5215664656666568,2.0446217087502903,0.5399967017354536,3
UD_English-EWT,39,0.625,19,25,0.8475506904455264,0.28991975564380706,1.4996558316255528,0.7144778140418516,3
UD_English-EWT,39,0.625,19,26,0.7403376765569539,0.24553600873438497,1.6698911259381715,0.7706242796366114,3
UD_English-EWT,39,0.625,19,27,1.4217972646862649,0.48929977955768233,1.7732099423860157,0.5324674947475692,3
UD_English-EWT,39,0.625,19,28,0.9056514382688073,0.3038995181988986,1.745435964078634,0.7173988688092523,3
UD_English-EWT,39,0.625,19,29,1.0379848014732962,0.3551510817461218,1.4372715302395254,0.6152873535475987,3
UD_English-EWT,39,0.625,19,30,0.6522990695399339,0.21606127286282364,1.6908953746472009,0.7958549953902136,3
UD_English-EWT,39,0.625,19,31,1.3527244813197405,0.4553083310511051,1.865724396265921,0.5650799156307414,3
UD_English-EWT,39,0.625,20,0,0.9301735715489352,0.32309804782135676,1.1649668763081233,0.5388366612037457,3
UD_English-EWT,39,0.625,20,1,0.7591703328862108,0.256724335463592,1.5677716987027714,0.7633033542875166,3
UD_English-EWT,39,0.625,20,2,0.8697827916409149,0.2969570543196303,1.6086238301842588,0.7242831939963695,3
UD_English-EWT,39,0.625,20,3,1.1305087024044036,0.38978127596088985,1.5663279755573674,0.5814425351067646,3
UD_English-EWT,39,0.625,20,4,1.3925153818965395,0.4843487911170623,1.7883835177332543,0.5212636725172971,3
UD_English-EWT,39,0.625,20,5,1.1770459031635294,0.39867491062343774,1.8137623876713231,0.6204571502727672,3
UD_English-EWT,39,0.625,20,6,1.3490505169106746,0.4578369058302192,1.5853738076102755,0.5320690507052266,3
UD_English-EWT,39,0.625,20,7,1.3715040836422172,0.45915418608158226,2.008538707357938,0.6048613625539566,3
UD_English-EWT,39,0.625,20,8,0.8143967261473447,0.2770769948136394,1.5550311099201821,0.7374821191819856,3
UD_English-EWT,39,0.625,20,9,1.1321902843039544,0.3856894878470398,1.6776635656319898,0.6393351829619247,3
UD_English-EWT,39,0.625,20,10,0.8264934697709231,0.28113469056690105,1.6913733442054422,0.7565022230636878,3
UD_English-EWT,39,0.625,20,11,1.2927542339962905,0.4458696340874027,1.5565310922911042,0.44363604213207797,3
UD_English-EWT,39,0.625,20,12,1.2253485153987327,0.4160905372290338,1.7771677160415058,0.5899866465513064,3
UD_English-EWT,39,0.625,20,13,1.1904275212402986,0.4096151203297092,1.4393965652134464,0.5260287925451722,3
UD_English-EWT,39,0.625,20,14,0.7392452049742576,0.24109334248425152,1.6816732333548952,0.7718269582668181,3
UD_English-EWT,39,0.625,20,15,1.168374585228648,0.3972957169464051,1.646073736155402,0.5859180755696118,3
UD_English-EWT,39,0.625,20,16,1.0185282340439508,0.34505365878506433,1.5979549017054568,0.676260638174572,3
UD_English-EWT,39,0.625,20,17,0.7185427678413078,0.23588386065715106,1.74790159583716,0.7848044980541279,3
UD_English-EWT,39,0.625,20,18,1.622699594752819,0.5526600761138893,2.0323102496740812,0.48608123747214593,3
UD_English-EWT,39,0.625,20,19,0.7464868226487237,0.2514910978453407,1.4753973087896413,0.7546625482444339,3
UD_English-EWT,39,0.625,20,20,1.550608765449246,0.532827328625924,1.7428285610371816,0.3740718018752141,3
UD_English-EWT,39,0.625,20,21,1.7111497786852832,0.5857544571147698,2.1127055259947354,0.47455537739550807,3
UD_English-EWT,39,0.625,20,22,1.2178064999467473,0.4065423080382125,1.9705416085995828,0.6634779263878129,3
UD_English-EWT,39,0.625,20,23,0.8024422071589147,0.2703907217640423,1.6715848164968803,0.7474434997458927,3
UD_English-EWT,39,0.625,20,24,0.8978122486469958,0.3069553530193146,1.6382151318948124,0.7112211362680995,3
UD_English-EWT,39,0.625,20,25,0.9774842742552305,0.33155245165627295,1.835062501290457,0.7175154259703199,3
UD_English-EWT,39,0.625,20,26,0.8310522111930049,0.2815411175331457,1.399672188502626,0.7177349745630132,3
UD_English-EWT,39,0.625,20,27,0.7407872345780305,0.24926079213212096,1.5445704052465643,0.767586886964209,3
UD_English-EWT,39,0.625,20,28,1.1049160728797671,0.38135723372707603,1.434221560729223,0.5234325577068959,3
UD_English-EWT,39,0.625,20,29,0.7704983425270665,0.2614666509911934,1.5695602589156241,0.766219294190624,3
UD_English-EWT,39,0.625,20,30,1.0836901215527661,0.37675432852030016,1.3614050562210203,0.5086556738666607,3
UD_English-EWT,39,0.625,20,31,1.3664519358799538,0.4593201383866899,2.08841927070001,0.6047171774322001,3
UD_English-EWT,39,0.625,21,0,1.1997079670917792,0.4129057047593463,1.9396559012772174,0.6445191353559494,3
UD_English-EWT,39,0.625,21,1,0.6849506561506967,0.2322101939014941,1.5123926766203184,0.7893981002067608,3
UD_English-EWT,39,0.625,21,2,0.6693441525630938,0.22810133220203807,1.6377435368511195,0.7966759737533516,3
UD_English-EWT,39,0.625,21,3,0.6736673064977744,0.22561581098120012,1.603338325949206,0.7835747197080396,3
UD_English-EWT,39,0.625,21,4,0.8212065861402639,0.2763383637245181,1.6610641822571746,0.7547563013021846,3
UD_English-EWT,39,0.625,21,5,0.6286136753355002,0.21053399633826564,1.599573766001804,0.8149420532291053,3
UD_English-EWT,39,0.625,21,6,0.5013184949843882,0.16522339044074327,1.5354825917543176,0.8361047553967257,3
UD_English-EWT,39,0.625,21,7,0.8477839563238708,0.2874647189976685,1.7140942019137313,0.7405907251280079,3
UD_English-EWT,39,0.625,21,8,0.8400127795848907,0.2893509397856579,1.5282070995978536,0.7162188631915004,3
UD_English-EWT,39,0.625,21,9,0.6433508824387426,0.21312918750491192,1.6166411629574329,0.7971399796139348,3
UD_English-EWT,39,0.625,21,10,1.219775075021663,0.41797671496243854,1.6619011721487256,0.5437005392067094,3
UD_English-EWT,39,0.625,21,11,0.6197873436979854,0.2075997591748128,1.4660962742154497,0.7900678804229083,3
UD_English-EWT,39,0.625,21,12,1.0996859801325858,0.37039202491401646,1.8912072996787035,0.6765275983401118,3
UD_English-EWT,39,0.625,21,13,0.8992024478799442,0.3003214440751271,1.8025807822174063,0.734920855224784,3
UD_English-EWT,39,0.625,21,14,1.0525715944436946,0.3662019336870948,1.7656624684134032,0.6597279267341496,3
UD_English-EWT,39,0.625,21,15,0.6536075758233748,0.21790624271827208,1.5142414149690848,0.7851889517789329,3
UD_English-EWT,39,0.625,21,16,0.6665736912378196,0.22615416652653605,1.499421133166128,0.7842569658583631,3
UD_English-EWT,39,0.625,21,17,1.36550862202336,0.47228960498814593,1.5617520485636531,0.49529169567051484,3
UD_English-EWT,39,0.625,21,18,0.5650494876156521,0.18883985436380668,1.53024505158184,0.8050381301585009,3
UD_English-EWT,39,0.625,21,19,0.8431652218021982,0.285059589940125,1.6616466769538072,0.7288109955457607,3
UD_English-EWT,39,0.625,21,20,1.1099170348276206,0.38190763527849764,1.5130573430782241,0.6049191576033451,3
UD_English-EWT,39,0.625,21,21,0.7316866923931084,0.24576091558039734,1.5639345896971466,0.7584784741297987,3
UD_English-EWT,39,0.625,21,22,1.0737640744037857,0.3667307918202573,1.5986740584799068,0.6381224268786134,3
UD_English-EWT,39,0.625,21,23,0.7772351328303905,0.26010142256911223,1.628858151141629,0.7510535381259379,3
UD_English-EWT,39,0.625,21,24,0.8454877836680641,0.28170690414086935,1.7167683089040018,0.7449909502636974,3
UD_English-EWT,39,0.625,21,25,0.8841131027713282,0.3036213383343213,1.5831193122843141,0.6863973239107645,3
UD_English-EWT,39,0.625,21,26,0.6689915649307882,0.22566656845677746,1.5648001474489497,0.794360108483576,3
UD_English-EWT,39,0.625,21,27,0.6980726269085659,0.2368939050926211,1.5552977046815641,0.782323696669225,3
UD_English-EWT,39,0.625,21,28,0.8826078126081459,0.3016203144405763,1.7995746850505985,0.7532123122737491,3
UD_English-EWT,39,0.625,21,29,0.5996888141488769,0.19943010605165976,1.4727038853345455,0.8061541300979469,3
UD_English-EWT,39,0.625,21,30,0.6310600776340684,0.21551334649622986,1.4610856240835781,0.8083090084199479,3
UD_English-EWT,39,0.625,21,31,0.9661814395562222,0.32551003028324826,1.8055434839457327,0.7150989662726938,3
UD_English-EWT,39,0.625,22,0,0.7531752888612001,0.24931861793551124,1.6201506706806263,0.7615509650963469,3
UD_English-EWT,39,0.625,22,1,0.7405165477650738,0.24694857011991936,1.7126740437265628,0.7751037197930565,3
UD_English-EWT,39,0.625,22,2,1.2552898690538763,0.4267713178512394,1.502062793447889,0.5596324768399171,3
UD_English-EWT,39,0.625,22,3,0.8910949326549505,0.29861721917919015,1.57684418772142,0.706557931972223,3
UD_English-EWT,39,0.625,22,4,1.3106267070346842,0.4574421353244608,1.5854742425224169,0.5314171392002393,3
UD_English-EWT,39,0.625,22,5,0.9532755144578294,0.3209791058956057,1.4542966056445474,0.6647280609754266,3
UD_English-EWT,39,0.625,22,6,0.4362227795900054,0.14858018217323338,1.5404249725588521,0.8615531530672301,3
UD_English-EWT,39,0.625,22,7,0.8117371475788847,0.27645429409361816,1.5536781722486346,0.7368480966092242,3
UD_English-EWT,39,0.625,22,8,0.9983712642136383,0.33905469163071583,1.8214961747844145,0.7078095178080822,3
UD_English-EWT,39,0.625,22,9,0.6575212453938138,0.21977505045781806,1.5907428121170495,0.8044120506782132,3
UD_English-EWT,39,0.625,22,10,0.848249027637836,0.2932131466420133,1.095927928070553,0.6648188349680605,3
UD_English-EWT,39,0.625,22,11,1.3727187250209854,0.4742745087636407,1.7210967035621458,0.5023053900384512,3
UD_English-EWT,39,0.625,22,12,1.2277167133023397,0.4284744210174827,1.43054625527672,0.5361710344195257,3
UD_English-EWT,39,0.625,22,13,0.7475380472608167,0.24857939095431447,1.54153393924182,0.7527627208573788,3
UD_English-EWT,39,0.625,22,14,0.6851641274377949,0.22977841629024143,1.582926776850484,0.7768311438596857,3
UD_English-EWT,39,0.625,22,15,0.4270940730433049,0.14031620121023233,1.2844560198038002,0.8410597693426145,3
UD_English-EWT,39,0.625,22,16,0.9442360487466303,0.32085173609641077,1.7402477503257154,0.7137393393233173,3
UD_English-EWT,39,0.625,22,17,1.4514779135286264,0.5011708697945368,1.8584766763047007,0.48866863993211956,3
UD_English-EWT,39,0.625,22,18,0.8034769619436753,0.26777970682293556,1.6703848300572952,0.7535673439000582,3
UD_English-EWT,39,0.625,22,19,0.7034353994253771,0.2399063929372581,1.54098439093116,0.7809744110850038,3
UD_English-EWT,39,0.625,22,20,0.8574511984631229,0.28697787673434816,1.6915814027135923,0.7335551394275194,3
UD_English-EWT,39,0.625,22,21,1.0421286448157767,0.35715570140677505,1.678116049217179,0.6565363405913603,3
UD_English-EWT,39,0.625,22,22,0.49584171123198745,0.16497580741170814,1.296810285444414,0.8347369695323196,3
UD_English-EWT,39,0.625,22,23,1.0481216219306426,0.35521446736037515,1.883440248464626,0.698117020324497,3
UD_English-EWT,39,0.625,22,24,0.6247164839115299,0.20999479382375222,1.530628569261298,0.8097052684762872,3
UD_English-EWT,39,0.625,22,25,1.065455415209786,0.3693386610590586,1.7047872800916053,0.6625187681590924,3
UD_English-EWT,39,0.625,22,26,1.356679813729392,0.47066234742954566,1.4847210466536016,0.4158884840788411,3
UD_English-EWT,39,0.625,22,27,0.651652803227224,0.22088381162893791,1.558653759052519,0.805293462179832,3
UD_English-EWT,39,0.625,22,28,0.6396657155931864,0.21414623215102432,1.5063815023716138,0.7851018540303346,3
UD_English-EWT,39,0.625,22,29,0.8549168685515612,0.295151892591451,1.4570554942706895,0.6986028611429292,3
UD_English-EWT,39,0.625,22,30,0.9215317731536586,0.3165944160822311,1.4938176946344706,0.6773901051945157,3
UD_English-EWT,39,0.625,22,31,0.7471035874511484,0.2546813574556825,1.6106596961346045,0.7778542480399265,3
UD_English-EWT,39,0.625,23,0,0.5868222468001649,0.1962329842190925,1.4977639979922055,0.8136456498167121,3
UD_English-EWT,39,0.625,23,1,0.9490439510329174,0.3309326307993986,0.9399757893901922,0.44088958218720875,3
UD_English-EWT,39,0.625,23,2,0.6262082172785028,0.2091211733172473,1.4307100405689255,0.7804916700677359,3
UD_English-EWT,39,0.625,23,3,1.155002765791772,0.3988089725402318,1.787579266615687,0.6277067040200116,3
UD_English-EWT,39,0.625,23,4,1.3850314893059175,0.47648128951290697,1.9958165580566245,0.5730629971281427,3
UD_English-EWT,39,0.625,23,5,0.47782881274642947,0.15803775647129248,1.4457196169388642,0.8267606623294358,3
UD_English-EWT,39,0.625,23,6,0.8271786894086063,0.28024031736553806,1.5713479027884905,0.7232936624512213,3
UD_English-EWT,39,0.625,23,7,0.6371936884612007,0.2154011357887792,1.5247859555162584,0.8064878905677187,3
UD_English-EWT,39,0.625,23,8,0.6573936424959445,0.2207399723874931,1.637789822965589,0.8095470133673515,3
UD_English-EWT,39,0.625,23,9,0.7962580775546897,0.267523049909574,1.5626588938774741,0.7578489320634275,3
UD_English-EWT,39,0.625,23,10,1.3138181628126697,0.45324688669436614,1.872978517212286,0.5743838832094478,3
UD_English-EWT,39,0.625,23,11,0.5561410063005753,0.18553617036645256,1.3939826415210472,0.8080210098369092,3
UD_English-EWT,39,0.625,23,12,1.3158742401932106,0.45644475513889377,1.7945075224548959,0.5496443423607094,3
UD_English-EWT,39,0.625,23,13,0.6942061542894672,0.23163995744562105,1.471363489297244,0.7724720313330816,3
UD_English-EWT,39,0.625,23,14,0.6720688236768751,0.22394932912856014,1.5168446793487271,0.7676827972296808,3
UD_English-EWT,39,0.625,23,15,0.5688575373585921,0.1899075446046468,1.4774785199777678,0.8084209822593275,3
UD_English-EWT,39,0.625,23,16,0.6015748115789098,0.19729878428733091,1.656537734535277,0.8004072695183407,3
UD_English-EWT,39,0.625,23,17,1.1189444079547306,0.38019584558687036,1.7672120462458425,0.6428209090561272,3
UD_English-EWT,39,0.625,23,18,1.5284581246271811,0.518913920883951,2.069166691983984,0.5485594916362689,3
UD_English-EWT,39,0.625,23,19,0.9055089067755935,0.30572434145964017,1.7067008957348235,0.7200885663294184,3
UD_English-EWT,39,0.625,23,20,0.6892496692847955,0.23079982013500996,1.621916879640251,0.7953997767091013,3
UD_English-EWT,39,0.625,23,21,0.6212777883927244,0.20856415395046465,1.4177039782830494,0.7839535917469278,3
UD_English-EWT,39,0.625,23,22,0.6939350372224449,0.2355725884926124,1.3662883592379333,0.7544450879178412,3
UD_English-EWT,39,0.625,23,23,0.6151502655551028,0.20609136136462455,1.3262362693502603,0.7813152123398686,3
UD_English-EWT,39,0.625,23,24,0.7448257559465961,0.2459684584793619,1.710203619059752,0.7744438500433671,3
UD_English-EWT,39,0.625,23,25,0.7542294918479762,0.2542221668195013,1.603862321150162,0.7616130162457951,3
UD_English-EWT,39,0.625,23,26,0.48889327602111526,0.15912237741690952,1.4325115268096624,0.8195763063805351,3
UD_English-EWT,39,0.625,23,27,0.4589134071697439,0.1513246660950324,1.4380339849434913,0.8387755022294318,3
UD_English-EWT,39,0.625,23,28,1.68738436508917,0.5760431151246764,1.9950739141479,0.45799501294538186,3
UD_English-EWT,39,0.625,23,29,1.1205072051460407,0.3775389092636781,1.6383874957298754,0.6518352281417569,3
UD_English-EWT,39,0.625,23,30,0.4292648443019184,0.1398674648832733,1.4733849832608292,0.8497574268713023,3
UD_English-EWT,39,0.625,23,31,0.747425705547324,0.2513134258889164,1.7030183314897105,0.7838415991114571,3
UD_English-EWT,39,0.625,24,0,0.6452887683211128,0.215013850548174,1.4384246006988004,0.7799901974358628,3
UD_English-EWT,39,0.625,24,1,1.2173106101882698,0.4185149990062896,1.8479270353940451,0.5917723699386328,3
UD_English-EWT,39,0.625,24,2,0.5233293742905006,0.17327095501681278,1.3971539722969297,0.8082782828362696,3
UD_English-EWT,39,0.625,24,3,0.6014394967295976,0.2022859522689453,1.5079732575404623,0.8202905479296092,3
UD_English-EWT,39,0.625,24,4,0.8634701125147348,0.2899265090013788,1.8400163107122445,0.7628162175226949,3
UD_English-EWT,39,0.625,24,5,0.7470025847613377,0.25505902845147854,1.5931671886469063,0.7578145842354589,3
UD_English-EWT,39,0.625,24,6,0.9715047902911086,0.3309904230293735,1.4697382854525074,0.635927616803481,3
UD_English-EWT,39,0.625,24,7,1.0410704133804813,0.36134096458282844,1.8164797816934481,0.6757545629431424,3
UD_English-EWT,39,0.625,24,8,0.6048993597346577,0.20628738583647435,1.5708078971108888,0.8182619553608973,3
UD_English-EWT,39,0.625,24,9,0.6195863782070266,0.20797633793279666,1.540077607366231,0.7975355997301624,3
UD_English-EWT,39,0.625,24,10,1.1795836810585796,0.4016274986127035,1.789575851761578,0.6265140104638531,3
UD_English-EWT,39,0.625,24,11,0.5091058100507558,0.16907294181757393,1.5047639453603814,0.8437564151534618,3
UD_English-EWT,39,0.625,24,12,0.9698318407509495,0.3237794863572429,1.8155302210068005,0.710028783762607,3
UD_English-EWT,39,0.625,24,13,1.498232597780358,0.517633303429911,1.488942525398753,0.34824129383339253,3
UD_English-EWT,39,0.625,24,14,1.0485407933592796,0.353832682893223,1.9423258738059597,0.6957236011470167,3
UD_English-EWT,39,0.625,24,15,0.6482012007751914,0.21764841273542365,1.590202276267532,0.8067482402768725,3
UD_English-EWT,39,0.625,24,16,0.7720335150215578,0.25773543217143075,1.7484611463894175,0.7838168815049752,3
UD_English-EWT,39,0.625,24,17,0.8055796698550058,0.2714677630823601,1.7563583823989648,0.7730355869795456,3
UD_English-EWT,39,0.625,24,18,1.9662770872124773,0.6731306504736398,2.2429417409749193,0.39364514630186104,3
UD_English-EWT,39,0.625,24,19,0.7707612438395429,0.25409155920358245,1.6944089522262955,0.7642421784568137,3
UD_English-EWT,39,0.625,24,20,0.3955519577939545,0.13154477358902575,1.2336052304103238,0.8557124605541455,3
UD_English-EWT,39,0.625,24,21,0.5585282828848817,0.18645298574798366,1.3758100787744276,0.797927892856802,3
UD_English-EWT,39,0.625,24,22,0.550825685330536,0.18168861248474466,1.4493857553883547,0.8082068773946692,3
UD_English-EWT,39,0.625,24,23,1.844528353374404,0.6261983453236751,2.2380924053313738,0.4252406861090215,3
UD_English-EWT,39,0.625,24,24,1.0440023623013321,0.353994854123676,1.8792777762821247,0.6970942704946834,3
UD_English-EWT,39,0.625,24,25,0.8385922786642294,0.28139373395449474,1.5810753995576408,0.7274565246288676,3
UD_English-EWT,39,0.625,24,26,0.6834195171888301,0.23145204682737752,1.3428848557893478,0.7489733787725098,3
UD_English-EWT,39,0.625,24,27,0.8328918391373857,0.2825343396704651,1.3737112248421584,0.703326088171079,3
UD_English-EWT,39,0.625,24,28,0.6382461806253712,0.21495899938399785,1.5110944184476345,0.7905859966611385,3
UD_English-EWT,39,0.625,24,29,0.8534108721439088,0.2905171413436016,1.671804124187468,0.7572542687637124,3
UD_English-EWT,39,0.625,24,30,0.9549263331408059,0.3359863296802578,0.8759031261712692,0.2996578784405045,3
UD_English-EWT,39,0.625,24,31,0.7607059314446643,0.2513447705289868,1.4446654258964273,0.745357349752457,3
UD_English-EWT,39,0.625,25,0,0.8524753077732626,0.29021264247270556,1.7755580195149439,0.7514578209127993,3
UD_English-EWT,39,0.625,25,1,0.5655968018446138,0.1855808292542718,1.5414290917063562,0.812034011687846,3
UD_English-EWT,39,0.625,25,2,0.6655573359502306,0.22518976871942073,1.3752462304314303,0.7652378784652073,3
UD_English-EWT,39,0.625,25,3,0.6263690275803399,0.2088294105692504,1.708439969693485,0.8237807005100998,3
UD_English-EWT,39,0.625,25,4,0.6954541350689416,0.2373682032178117,1.4033083511831983,0.7378170202691482,3
UD_English-EWT,39,0.625,25,5,1.1124624580701301,0.385068707397116,1.8171791718875776,0.6519116545214788,3
UD_English-EWT,39,0.625,25,6,0.6928131670906515,0.23144644450308086,1.5335494411501944,0.7607373495489522,3
UD_English-EWT,39,0.625,25,7,0.7272839179170912,0.24499104223901128,1.5639140585705447,0.7858151926613245,3
UD_English-EWT,39,0.625,25,8,0.48769833808612145,0.16015766897087813,1.40407888914623,0.8255323468078138,3
UD_English-EWT,39,0.625,25,9,0.8163197526541999,0.2726919621276671,1.7855178808118257,0.7568780054051585,3
UD_English-EWT,39,0.625,25,10,0.5809310807495333,0.19073200192241394,1.61807938102626,0.8141888389482633,3
UD_English-EWT,39,0.625,25,11,0.6244240960238573,0.2137456344447365,1.4147847556595596,0.8040191136395562,3
UD_English-EWT,39,0.625,25,12,0.8159819651591865,0.269825919152989,1.8177237568765825,0.7585838192527629,3
UD_English-EWT,39,0.625,25,13,0.5153340947710806,0.17005772474993744,1.4020559491151996,0.8157510664076536,3
UD_English-EWT,39,0.625,25,14,0.48130611458348826,0.1566157709554394,1.4873855601595833,0.829598926319885,3
UD_English-EWT,39,0.625,25,15,0.8507225553900383,0.28741051712648463,1.6678259461466733,0.737441516571249,3
UD_English-EWT,39,0.625,25,16,0.7228029640170938,0.24518625808876338,1.6258657615502894,0.7894145130894006,3
UD_English-EWT,39,0.625,25,17,0.7314641614782137,0.24778323530479043,1.6339314135778797,0.7831128768636447,3
UD_English-EWT,39,0.625,25,18,0.6856780037697817,0.22919948299827633,1.4759859722820137,0.7654533585116186,3
UD_English-EWT,39,0.625,25,19,0.7765005872820678,0.26506127565352755,1.20008863550772,0.7091554780176863,3
UD_English-EWT,39,0.625,25,20,0.4974159654382555,0.16376562189829888,1.3722402277573915,0.8186100810861219,3
UD_English-EWT,39,0.625,25,21,0.7155717478383109,0.23989604044712412,1.7075852118228954,0.7985567803238477,3
UD_English-EWT,39,0.625,25,22,1.015558885576675,0.34747325429499476,1.8028766124192048,0.7046725433319807,3
UD_English-EWT,39,0.625,25,23,1.0014823751697124,0.33546769036105645,1.8568444886602773,0.7109224351703144,3
UD_English-EWT,39,0.625,25,24,0.692633430505738,0.23538765406069806,1.6448617652872872,0.7852818816357406,3
UD_English-EWT,39,0.625,25,25,0.6385286623893648,0.2157132692825056,1.5061255422215536,0.7874578012998312,3
UD_English-EWT,39,0.625,25,26,0.7490179959094263,0.25061067964929157,1.605614815931937,0.7601639914490921,3
UD_English-EWT,39,0.625,25,27,0.7298485306218837,0.2507185391124969,1.5484800172090967,0.7709062679353526,3
UD_English-EWT,39,0.625,25,28,1.190372255140532,0.41533960288692473,1.4332778805592021,0.5032103987298703,3
UD_English-EWT,39,0.625,25,29,1.031737053329176,0.358682424335559,1.5567003561689337,0.6543067782465878,3
UD_English-EWT,39,0.625,25,30,0.7428436832458378,0.24957535729382208,1.4240734742747412,0.7447816335166956,3
UD_English-EWT,39,0.625,25,31,0.492677823367286,0.1622874196008092,1.4287506674122887,0.8379499062705777,3
UD_English-EWT,39,0.625,26,0,0.6882095850786984,0.2307173144699962,1.4793137435433208,0.7538673504237051,3
UD_English-EWT,39,0.625,26,1,0.5895396426442217,0.1947076273861533,1.4793548057625963,0.7934104909133065,3
UD_English-EWT,39,0.625,26,2,1.2295305967358074,0.4178219711126417,1.944736730151272,0.6474530336689645,3
UD_English-EWT,39,0.625,26,3,0.7957571937697506,0.2722538957450342,1.6811295158903239,0.772111049916032,3
UD_English-EWT,39,0.625,26,4,1.6380478617869223,0.572762631314157,1.6794161167409685,0.26820597492280557,3
UD_English-EWT,39,0.625,26,5,0.5917237157711185,0.19512744942842855,1.3965585142279042,0.7934028142706944,3
UD_English-EWT,39,0.625,26,6,0.7491114638433647,0.25883060192624835,1.5253792697587516,0.7326019596315255,3
UD_English-EWT,39,0.625,26,7,0.6118551667080768,0.20176102738243906,1.5519461558422647,0.8086071407425816,3
UD_English-EWT,39,0.625,26,8,0.6492770363853223,0.21639357148440644,1.4091057640403672,0.7728221846137108,3
UD_English-EWT,39,0.625,26,9,1.1606011848849243,0.3983072938977695,1.6341935548463153,0.6072170413786271,3
UD_English-EWT,39,0.625,26,10,1.545267282192933,0.5274578119833396,2.0552370192683243,0.5369106858615884,3
UD_English-EWT,39,0.625,26,11,0.6476088528994653,0.21355913717550767,1.3912153520870731,0.7703518954076837,3
UD_English-EWT,39,0.625,26,12,0.3175280597485018,0.10232360559585207,1.327361338760005,0.886698728824248,3
UD_English-EWT,39,0.625,26,13,0.7581988162003146,0.25827469568842093,0.9984327111467856,0.5678654110944662,3
UD_English-EWT,39,0.625,26,14,1.2278608135838327,0.41619470161818417,1.6999975205390614,0.5572464186732126,3
UD_English-EWT,39,0.625,26,15,1.3379272849236248,0.4566435234278495,1.9476020369264815,0.5562194300873141,3
UD_English-EWT,39,0.625,26,16,0.729173788444592,0.24431154798913088,1.5463738136251333,0.7638398608793326,3
UD_English-EWT,39,0.625,26,17,0.5913337895456695,0.19783695892113617,1.6514486838233928,0.8161981833898522,3
UD_English-EWT,39,0.625,26,18,0.7192096799232052,0.24829764344232438,1.265573049340743,0.6938468948250911,3
UD_English-EWT,39,0.625,26,19,2.09464091591822,0.7214739182200588,2.0802785185842567,0.2186426161796886,3
UD_English-EWT,39,0.625,26,20,0.7421287618414626,0.24901557884743955,1.7018481662500318,0.7760058289261463,3
UD_English-EWT,39,0.625,26,21,1.1097936026874136,0.3804623865893955,1.901727094594898,0.6689358881330337,3
UD_English-EWT,39,0.625,26,22,1.0049742872543457,0.3465332242241214,1.3148787299031985,0.6014943532442135,3
UD_English-EWT,39,0.625,26,23,0.8279075708667762,0.2805669033401162,1.784552060311935,0.7619485309540899,3
UD_English-EWT,39,0.625,26,24,0.8866533391001229,0.30200057504240607,1.8746134665792973,0.7608778642147834,3
UD_English-EWT,39,0.625,26,25,1.0040858019082273,0.34705154246944114,1.8569709143189133,0.7143006346142683,3
UD_English-EWT,39,0.625,26,26,0.7642275159109811,0.2570645345056019,1.6881260285476298,0.7804088499702391,3
UD_English-EWT,39,0.625,26,27,0.8807353682897455,0.2994210231974585,1.7812329157508353,0.7502156922997455,3
UD_English-EWT,39,0.625,26,28,1.1894421583424934,0.40885761346946214,1.644882409733284,0.564035775570813,3
UD_English-EWT,39,0.625,26,29,1.3716946607540432,0.46828412429814675,1.9797890665372648,0.5944463509136645,3
UD_English-EWT,39,0.625,26,30,0.7905201011410284,0.2666748948327396,1.3194480632959384,0.6822270252258399,3
UD_English-EWT,39,0.625,26,31,0.5858561491732823,0.19406876028031925,1.4570672695943998,0.791449666511817,3
UD_English-EWT,39,0.625,27,0,0.5777346505350917,0.19164643800208422,1.320848083635877,0.7921310676794452,3
UD_English-EWT,39,0.625,27,1,0.47323339838934947,0.15428018526009576,1.2782533911916891,0.8141331804173241,3
UD_English-EWT,39,0.625,27,2,1.5094168318913932,0.5228134736228728,1.6242860147427558,0.34594434428491877,3
UD_English-EWT,39,0.625,27,3,0.5269200911640252,0.17272589949870612,1.3951002038567444,0.820343545191872,3
UD_English-EWT,39,0.625,27,4,0.8409139915201508,0.2892436877517318,1.4154122419560327,0.7151393166086714,3
UD_English-EWT,39,0.625,27,5,0.43847221167815786,0.14352296194899658,1.3815508370265663,0.8411632640548525,3
UD_English-EWT,39,0.625,27,6,1.0950831293055485,0.3809849857225444,1.438263271431454,0.5847054706760877,3
UD_English-EWT,39,0.625,27,7,1.16357090078525,0.40465027546486354,1.1954655947743869,0.38780950336888403,3
UD_English-EWT,39,0.625,27,8,0.8637688277197665,0.29897411139461405,1.3213305408728797,0.6944746305056609,3
UD_English-EWT,39,0.625,27,9,0.74570282628736,0.252868673034718,1.257333916243851,0.6610055418858112,3
UD_English-EWT,39,0.625,27,10,0.6550324072922242,0.2195250428296992,1.7337859738855632,0.8071799558300681,3
UD_English-EWT,39,0.625,27,11,0.7484164664518421,0.24972312528986096,1.5214229755524293,0.7430359192450408,3
UD_English-EWT,39,0.625,27,12,1.4910051892418246,0.516698548390457,1.5102086968597819,0.28980734702097916,3
UD_English-EWT,39,0.625,27,13,0.472410841137578,0.1531657183395261,1.4815392717210158,0.8392052080326176,3
UD_English-EWT,39,0.625,27,14,0.5849596258788922,0.19420558210370728,1.499398782150396,0.8081162522915065,3
UD_English-EWT,39,0.625,27,15,1.2650450687509418,0.4338611504012118,1.85053590854769,0.5879866950933182,3
UD_English-EWT,39,0.625,27,16,1.6156990471921986,0.5558327969930429,2.08907013398702,0.4533870121182531,3
UD_English-EWT,39,0.625,27,17,0.9014152448848297,0.3138592816102157,1.0159144628460508,0.5464591639683003,3
UD_English-EWT,39,0.625,27,18,0.7587062690393466,0.2504839982297984,1.6301546679955579,0.7633768023485369,3
UD_English-EWT,39,0.625,27,19,0.5843788562088065,0.19289549637860695,1.4568640057520028,0.8028913826863189,3
UD_English-EWT,39,0.625,27,20,0.7619602933105333,0.2592440448830308,1.7121206397268722,0.7655465487926819,3
UD_English-EWT,39,0.625,27,21,0.5753335054244554,0.19013074093849444,1.434884380053844,0.8079887976384771,3
UD_English-EWT,39,0.625,27,22,0.8848247945118688,0.3020917683609088,1.404835709823611,0.6874931419916276,3
UD_English-EWT,39,0.625,27,23,0.6771418368596521,0.22569095120953567,1.5642699238679665,0.7823976267787386,3
UD_English-EWT,39,0.625,27,24,0.4123091601337457,0.13450836241991684,1.3495000682988347,0.8445529971400679,3
UD_English-EWT,39,0.625,27,25,0.5119352466740623,0.1714927457461307,1.3861079828131722,0.8291487518718333,3
UD_English-EWT,39,0.625,27,26,0.6964532169895095,0.23264651969991257,1.494206008377514,0.774135564275778,3
UD_English-EWT,39,0.625,27,27,0.6104836686258163,0.2043758598419215,1.6294684876604701,0.8093428766670449,3
UD_English-EWT,39,0.625,27,28,0.6337526726667075,0.21076418150331697,1.5091379205263704,0.7927144284076811,3
UD_English-EWT,39,0.625,27,29,1.2109764583395262,0.4145256864595717,1.7609957059767296,0.6111365138249427,3
UD_English-EWT,39,0.625,27,30,0.9390823096444046,0.31883885634415027,1.6146610345562518,0.7017164969026283,3
UD_English-EWT,39,0.625,27,31,0.4148002944527048,0.13641709956477902,1.0864132255492207,0.8323382590040701,3
UD_English-EWT,39,0.625,28,0,0.7178972310340795,0.25029892329879794,1.4453331734747616,0.7321074034455478,3
UD_English-EWT,39,0.625,28,1,0.511224588068823,0.1678115978043099,1.5263230349590327,0.8340473766073937,3
UD_English-EWT,39,0.625,28,2,0.889473101914689,0.30286755035198776,1.4648462070359125,0.6893470535811397,3
UD_English-EWT,39,0.625,28,3,1.2040953962013587,0.4090307264271547,1.919253882217494,0.6415511325123857,3
UD_English-EWT,39,0.625,28,4,0.6135419897925115,0.20454593199917637,1.4780626543856927,0.7939013540948349,3
UD_English-EWT,39,0.625,28,5,0.589758687053819,0.1993550703621627,1.1741274230874301,0.7755045327061079,3
UD_English-EWT,39,0.625,28,6,0.9613709192390543,0.3298214174847785,1.8387354621850294,0.7222648822924697,3
UD_English-EWT,39,0.625,28,7,1.2428851773070073,0.42303358207716313,1.7110022757548453,0.5569140815289728,3
UD_English-EWT,39,0.625,28,8,0.48302062530450535,0.15897127926410712,1.361791646274278,0.8291253248714793,3
UD_English-EWT,39,0.625,28,9,1.0721869920202292,0.36056471995344364,1.7184115229598593,0.6757791991835843,3
UD_English-EWT,39,0.625,28,10,0.7469793201469984,0.2567044191625654,1.0755367727987537,0.6557343908482127,3
UD_English-EWT,39,0.625,28,11,1.0302483847938166,0.3470643022893258,1.613723109640819,0.6679112330174077,3
UD_English-EWT,39,0.625,28,12,0.623377212704938,0.2050471515674653,1.5534293566760902,0.7899358600839457,3
UD_English-EWT,39,0.625,28,13,1.106621940571048,0.3696322169270238,1.7837562537285583,0.6144949238889855,3
UD_English-EWT,39,0.625,28,14,0.9347908737338088,0.32230940865580066,1.7871657998889738,0.7333597430114538,3
UD_English-EWT,39,0.625,28,15,0.5400187239332467,0.17949687354588958,1.3829131663754881,0.8146683552891071,3
UD_English-EWT,39,0.625,28,16,0.5905656378566947,0.19611866653087687,1.4224237597094536,0.7938488727140296,3
UD_English-EWT,39,0.625,28,17,0.7326918132467456,0.24879369058244216,1.3551160024109217,0.728002873057659,3
UD_English-EWT,39,0.625,28,18,0.9973649371191452,0.33491042559331996,1.54358919287857,0.6744373689366604,3
UD_English-EWT,39,0.625,28,19,0.614641129580379,0.20225297767526462,1.5116466607606693,0.8009519837864545,3
UD_English-EWT,39,0.625,28,20,0.8664120365008848,0.29748840664321713,1.6848380450831086,0.7361940829141002,3
UD_English-EWT,39,0.625,28,21,0.8039122457821296,0.2694250160322706,1.5886116171822302,0.73588103325342,3
UD_English-EWT,39,0.625,28,22,0.6507373786784152,0.21869219059908326,1.281037368083912,0.7709936249071566,3
UD_English-EWT,39,0.625,28,23,1.5422996188393492,0.5312516211459112,1.8846271370820877,0.45770559526423504,3
UD_English-EWT,39,0.625,28,24,0.4691516528506585,0.15494207662440332,1.3176389101465216,0.8308080824020783,3
UD_English-EWT,39,0.625,28,25,1.5706236096190622,0.535549833373131,1.8444414727240528,0.37685528986888833,3
UD_English-EWT,39,0.625,28,26,0.9253391725823744,0.317850738784166,1.3548795906843818,0.6310668920721513,3
UD_English-EWT,39,0.625,28,27,0.4879399383498291,0.15830593050214953,1.5397350403644783,0.8443658949573183,3
UD_English-EWT,39,0.625,28,28,1.2625820372382581,0.4313871001108856,1.8462654889607037,0.5538944566523986,3
UD_English-EWT,39,0.625,28,29,0.7172932795779898,0.2362940782843962,1.5839871470502598,0.771742177105938,3
UD_English-EWT,39,0.625,28,30,0.9261517981525328,0.3143511778914212,1.5325357261196946,0.690620085594324,3
UD_English-EWT,39,0.625,28,31,0.4467403865970658,0.15268488259365162,1.3019691280722074,0.8275538544375823,3
UD_English-EWT,39,0.625,29,0,0.906010259234623,0.3085544647374114,1.403597981226249,0.6987548671418526,3
UD_English-EWT,39,0.625,29,1,0.4096821352062519,0.13071965408988148,1.4438176302676968,0.8524755234601068,3
UD_English-EWT,39,0.625,29,2,1.0812537626029146,0.3686704080796144,1.9512818655192525,0.7042813939949962,3
UD_English-EWT,39,0.625,29,3,0.5735520310988328,0.18952405033717934,1.376341197185069,0.8026328877781692,3
UD_English-EWT,39,0.625,29,4,1.1201360980778226,0.38136732516189414,1.6531036333308193,0.6230945741666145,3
UD_English-EWT,39,0.625,29,5,0.9669851062374906,0.3277960101444484,1.575484112855081,0.6313576892439025,3
UD_English-EWT,39,0.625,29,6,0.36439564100123994,0.11694166811971073,1.3069757438724512,0.8679138699000216,3
UD_English-EWT,39,0.625,29,7,0.6685011408856658,0.22648961116340968,1.3145353336884675,0.7253995006445978,3
UD_English-EWT,39,0.625,29,8,0.8376497112940623,0.2788168520909244,1.5692409683283561,0.726541641563557,3
UD_English-EWT,39,0.625,29,9,1.4430962112106258,0.49789871683917625,1.8718352169341295,0.49975737765811395,3
UD_English-EWT,39,0.625,29,10,1.6379027734960145,0.5631400249043449,1.762851689601205,0.3127801233464903,3
UD_English-EWT,39,0.625,29,11,0.45336670148269514,0.1484937980772761,1.3724585450941422,0.8477256326293251,3
UD_English-EWT,39,0.625,29,12,1.2290820080535878,0.4180112044600081,1.993793048412422,0.6338056032299887,3
UD_English-EWT,39,0.625,29,13,0.8826043785283365,0.30125689121109106,1.7153763984667583,0.7486214891266085,3
UD_English-EWT,39,0.625,29,14,0.7482906198485302,0.2565838111690051,1.0443436787862377,0.6486037625559692,3
UD_English-EWT,39,0.625,29,15,1.743819090810847,0.601992925591699,1.7398187496405917,0.273602647194554,3
UD_English-EWT,39,0.625,29,16,0.4226398791249278,0.1341972371867819,1.52986474911969,0.8628665416184237,3
UD_English-EWT,39,0.625,29,17,0.7537298774879378,0.2532873776128926,1.67191492910675,0.7623790485109246,3
UD_English-EWT,39,0.625,29,18,1.1334234071396738,0.3902907396661616,1.724988693775158,0.6528882276884302,3
UD_English-EWT,39,0.625,29,19,1.175220861148856,0.4047470369693469,1.8573918631113726,0.6541705021129172,3
UD_English-EWT,39,0.625,29,20,0.9673064796963132,0.32413996408993756,1.6475015063591993,0.6929908831127137,3
UD_English-EWT,39,0.625,29,21,1.1878603221967354,0.40979389589150966,1.9066502471710598,0.6581071601139011,3
UD_English-EWT,39,0.625,29,22,0.526602322608911,0.17306845613376987,1.5911995625778192,0.8372933613798006,3
UD_English-EWT,39,0.625,29,23,1.161551072596418,0.3921693831220785,1.9343166558957492,0.6332490566731152,3
UD_English-EWT,39,0.625,29,24,1.1172708543407677,0.3772381241882868,1.7561321889062178,0.6557089375817168,3
UD_English-EWT,39,0.625,29,25,0.4234287300976655,0.14031769475646874,1.3383016426163727,0.8425037000864365,3
UD_English-EWT,39,0.625,29,26,1.185046508406138,0.4067398527660873,1.8102313552343563,0.6462360466804986,3
UD_English-EWT,39,0.625,29,27,0.5032010064417928,0.16487544211635335,1.4550859522183028,0.8298868894685597,3
UD_English-EWT,39,0.625,29,28,1.120364926925068,0.37865375501454857,1.882708251177722,0.6837935432221721,3
UD_English-EWT,39,0.625,29,29,0.7579269057007435,0.2600849316012664,0.9693064984266658,0.598025878087256,3
UD_English-EWT,39,0.625,29,30,1.893738307262379,0.6475354798667418,2.152271959408168,0.3943605748241011,3
UD_English-EWT,39,0.625,29,31,0.616365831324963,0.20772705054443283,1.4241411357317357,0.7949898334420227,3
UD_English-EWT,39,0.625,30,0,0.49220027404418304,0.16106715225334703,1.3478819379118188,0.8230614828417426,3
UD_English-EWT,39,0.625,30,1,0.901821427372961,0.3070203319958705,1.328494821062722,0.6647402776476464,3
UD_English-EWT,39,0.625,30,2,1.7059436736591094,0.5870570258961784,1.833119563961941,0.3146106012755893,3
UD_English-EWT,39,0.625,30,3,0.6752790320199832,0.22257987243243796,1.5757709599434244,0.786448610814217,3
UD_English-EWT,39,0.625,30,4,1.140217585153267,0.38675740713385937,1.8325691752149325,0.6685053011663733,3
UD_English-EWT,39,0.625,30,5,0.8800372575394443,0.299111581371863,1.5138897577840122,0.7029548833021159,3
UD_English-EWT,39,0.625,30,6,0.6363198390206787,0.21616977922116254,1.5620826977849658,0.7869562087801093,3
UD_English-EWT,39,0.625,30,7,1.4762836483414057,0.5100074544928982,1.639238992512552,0.43130115455589874,3
UD_English-EWT,39,0.625,30,8,0.45443332139979403,0.1478186015456148,1.408860971472601,0.8416283469925379,3
UD_English-EWT,39,0.625,30,9,1.6442518715894288,0.5649947805944254,1.7741512992505821,0.3700545667713077,3
UD_English-EWT,39,0.625,30,10,1.2865022375826844,0.4410991152114012,1.712980857855201,0.5596531990827324,3
UD_English-EWT,39,0.625,30,11,0.8306493330712961,0.2840179319617309,1.4505896280724928,0.6813313678341268,3
UD_English-EWT,39,0.625,30,12,1.8341656210535426,0.6303997698268821,1.9385054201593384,0.276760233749376,3
UD_English-EWT,39,0.625,30,13,0.44364332355124597,0.14932059901062475,1.0643088093302289,0.8074651094109417,3
UD_English-EWT,39,0.625,30,14,1.1778496332697312,0.40477085399198837,1.7748996740536178,0.639184607874826,3
UD_English-EWT,39,0.625,30,15,0.8222908969486781,0.2750512557901537,1.2446581842089395,0.6991012709754738,3
UD_English-EWT,39,0.625,30,16,0.7465826754334411,0.25587617597442613,1.3687339356281065,0.7337149161512951,3
UD_English-EWT,39,0.625,30,17,0.7921485579648956,0.27128507141261365,1.0959015179472977,0.6579592922780466,3
UD_English-EWT,39,0.625,30,18,0.7105070627031539,0.24310309204267835,1.4009172493941362,0.7266961374474462,3
UD_English-EWT,39,0.625,30,19,0.5083616159293115,0.1718893900398294,1.2266089666994435,0.80092687627304,3
UD_English-EWT,39,0.625,30,20,0.3224298398537164,0.10293521233615915,1.1203575722486432,0.8800631542104841,3
UD_English-EWT,39,0.625,30,21,0.8506128724209815,0.2904080935501119,1.4106477187142346,0.7011198555755485,3
UD_English-EWT,39,0.625,30,22,0.38974132390993094,0.1256386368416287,1.2675392052196033,0.8573206596022204,3
UD_English-EWT,39,0.625,30,23,0.9550517813959082,0.330797158503983,1.67794773058596,0.7047553249246327,3
UD_English-EWT,39,0.625,30,24,0.893916983062398,0.30127330855525797,1.3133908720697212,0.6489165837186065,3
UD_English-EWT,39,0.625,30,25,0.7210640008366228,0.23836163093313875,1.581727103389569,0.7832806906603508,3
UD_English-EWT,39,0.625,30,26,2.1924715270924438,0.7497489274036688,2.2293936048646223,0.17496217161634145,3
UD_English-EWT,39,0.625,30,27,1.1763387215620615,0.4107360496017776,1.8095129031572619,0.6182446271886808,3
UD_English-EWT,39,0.625,30,28,0.621269974453826,0.20339129185931712,1.4750472503715961,0.7879598682071126,3
UD_English-EWT,39,0.625,30,29,0.5517771069506668,0.18122884888246057,1.521321665414207,0.8203409426253567,3
UD_English-EWT,39,0.625,30,30,0.512030960503416,0.16794700943652832,1.4666011149440308,0.826468294476225,3
UD_English-EWT,39,0.625,30,31,1.3420190550997608,0.46046352252798434,1.7523979474069424,0.5056255511016685,3
UD_English-EWT,39,0.625,31,0,2.072325525170901,0.7159437156385846,2.069785124942905,0.019668560231654683,3
UD_English-EWT,39,0.625,31,1,1.4265690943962455,0.5043450519374703,1.3566134556829386,0.055801032583681125,3
UD_English-EWT,39,0.625,31,2,2.290529947870416,0.7846114267416991,2.2975451571422414,0.04271332373702008,3
UD_English-EWT,39,0.625,31,3,1.7575924887248944,0.612493692010044,1.735189979519349,0.018528253160727627,3
UD_English-EWT,39,0.625,31,4,1.8726208363074424,0.6509890591891955,1.8682797132619744,0.008484723234178303,3
UD_English-EWT,39,0.625,31,5,1.366514726604703,0.46911673677342186,1.3414417467264963,0.029634146228181796,3
UD_English-EWT,39,0.625,31,6,1.2656910151840342,0.4396495975838984,1.2420229286579703,0.01829787700208049,3
UD_English-EWT,39,0.625,31,7,1.8846218188875143,0.6545663365113713,1.865569223770244,0.0252331023722932,3
UD_English-EWT,39,0.625,31,8,1.9649731382211917,0.6782764016306247,1.9534571921021995,0.023698563611046147,3
UD_English-EWT,39,0.625,31,9,1.655638954692091,0.5858396503511131,1.619787134976552,0.060104133847971336,3
UD_English-EWT,39,0.625,31,10,2.1384348772154045,0.7382632074487449,2.130794204866517,0.10137153552838335,3
UD_English-EWT,39,0.625,31,11,2.0741237286335785,0.7158654105793584,2.0575116241455946,0.029963695136323413,3
UD_English-EWT,39,0.625,31,12,1.6570274108148881,0.5819499047510394,1.6215561647612757,0.04632943650338477,3
UD_English-EWT,39,0.625,31,13,1.8664044771200974,0.6440672533813938,1.846367796533529,0.01716799671638544,3
UD_English-EWT,39,0.625,31,14,2.3759522884269884,0.8161424187526025,2.3631876441624646,0.02347871900629501,3
UD_English-EWT,39,0.625,31,15,1.958855541894562,0.6795277679186374,2.0248771616018537,0.1109552505162743,3
UD_English-EWT,39,0.625,31,16,1.9688350811519257,0.6804717248119075,1.9538888497267914,0.06497601578501944,3
UD_English-EWT,39,0.625,31,17,1.5420600651663292,0.5329600295462461,1.5153122276393443,0.02418155783178469,3
UD_English-EWT,39,0.625,31,18,1.8064672543594311,0.6294560651744433,1.799670377172842,0.03525695682097261,3
UD_English-EWT,39,0.625,31,19,1.6074252887773166,0.5639747111618737,1.5774138532103954,0.023222872478986994,3
UD_English-EWT,39,0.625,31,20,1.6074452387450606,0.5684764812240727,1.565507595140643,0.03806649233864596,3
UD_English-EWT,39,0.625,31,21,2.171576256471905,0.7486144462108394,2.1534595846695543,0.027351130632376586,3
UD_English-EWT,39,0.625,31,22,1.1639803603345795,0.4081408304700081,1.1093985499824333,0.11922395909494526,3
UD_English-EWT,39,0.625,31,23,1.1327683428651865,0.40064610643329296,1.079195712894907,0.04842183503945411,3
UD_English-EWT,39,0.625,31,24,2.3211879859422293,0.7904326512133922,2.397874157556853,0.10245317589967233,3
UD_English-EWT,39,0.625,31,25,2.188697258957097,0.7549135402143544,2.189587692066837,0.04781215631726458,3
UD_English-EWT,39,0.625,31,26,1.843597379321392,0.6408710470915058,1.8089831753723826,0.024656391220152646,3
UD_English-EWT,39,0.625,31,27,1.4157855547625295,0.4924712923706555,1.4120832643385144,0.01186926028663162,3
UD_English-EWT,39,0.625,31,28,1.628834974516068,0.5684518739920388,1.6039830463614404,0.023430113997661872,3
UD_English-EWT,39,0.625,31,29,2.06125843343079,0.713403275077026,2.025047715488679,0.03378603645521496,3
UD_English-EWT,39,0.625,31,30,1.9265672291182865,0.6700000885826535,1.9170708752123602,0.04518306891750962,3
UD_English-EWT,39,0.625,31,31,1.811387656219236,0.6282342780781791,1.784084507622137,0.014200511932600364,3
UD_English-EWT,47,0.75,0,0,2.1084822343835414,0.7163384752059677,2.0204851621242823,0.13956671463620793,3
UD_English-EWT,47,0.75,0,1,2.722101259372708,0.9250400307399979,2.7683367645045664,0.13664078303037688,3
UD_English-EWT,47,0.75,0,2,2.829510443306143,0.9657759825225737,2.7756737870705366,0.11301078403093774,3
UD_English-EWT,47,0.75,0,3,2.7655942172952037,0.9415276793997144,2.7987828545665914,0.2005892948524005,3
UD_English-EWT,47,0.75,0,4,2.290596141895527,0.7690652624071187,2.3237819935454698,0.04339176616434242,3
UD_English-EWT,47,0.75,0,5,2.739446876478977,0.9329611749705503,2.7022905244961897,0.08000481559005218,3
UD_English-EWT,47,0.75,0,6,2.389789752947177,0.8105255581153546,2.3222459717526465,0.07502372254649743,3
UD_English-EWT,47,0.75,0,7,2.5146932043338732,0.8533888150868303,2.5721970366107096,0.25203564558822816,3
UD_English-EWT,47,0.75,0,8,2.5383746632678474,0.8679119188114593,2.4759287587171914,0.05377687806806838,3
UD_English-EWT,47,0.75,0,9,2.2695677747546217,0.7701785661320869,2.163108334094557,0.11165084710042712,3
UD_English-EWT,47,0.75,0,10,2.5991322985275196,0.8826301965068598,2.6633880305322792,0.18342857083936778,3
UD_English-EWT,47,0.75,0,11,2.568267490694432,0.8700604363325949,2.5356325316895987,0.011076093223649934,3
UD_English-EWT,47,0.75,0,12,2.695903640138647,0.9195964321466961,2.6383433513791186,0.09365538260789219,3
UD_English-EWT,47,0.75,0,13,2.8360944833803265,0.9683865905350891,2.795471096516524,0.1264819635692407,3
UD_English-EWT,47,0.75,0,14,2.683483501003957,0.9183806647531322,2.606662672236969,0.0922762476088469,3
UD_English-EWT,47,0.75,0,15,2.7700071535692405,0.949465119122156,2.7034771253502434,0.06244302670802592,3
UD_English-EWT,47,0.75,0,16,2.467425449162667,0.8425558898971163,2.402604434551003,0.12082498075817126,3
UD_English-EWT,47,0.75,0,17,2.6146057082004237,0.892549856302951,2.5395071892193326,0.047477104667173815,3
UD_English-EWT,47,0.75,0,18,2.4429417246026417,0.8368957181391603,2.3624889638091697,0.0520762609195334,3
UD_English-EWT,47,0.75,0,19,2.319431000557102,0.7894271575796582,2.237322848758411,0.17767957695344216,3
UD_English-EWT,47,0.75,0,20,2.6221297769272915,0.8963295129587525,2.571349905053992,0.09832035663931245,3
UD_English-EWT,47,0.75,0,21,2.842166603914375,0.9715582684686709,2.8021341853237325,0.11570438193089459,3
UD_English-EWT,47,0.75,0,22,2.1447082461283724,0.7288350329644476,2.05469353092607,0.0741819274079102,3
UD_English-EWT,47,0.75,0,23,2.514375292864002,0.8539527823473371,2.4553161208909717,0.13205634688581924,3
UD_English-EWT,47,0.75,0,24,2.7327445779667525,0.9311460394459777,2.672440181121583,0.10870414446506697,3
UD_English-EWT,47,0.75,0,25,2.7520237918434245,0.9437522812999228,2.682255232540419,0.07789824307957267,3
UD_English-EWT,47,0.75,0,26,2.1809029845157824,0.7420924199110606,2.1516067622083566,0.008487537457810829,3
UD_English-EWT,47,0.75,0,27,2.7224834068442525,0.9267767843924367,2.6862311768727225,0.13759768740927125,3
UD_English-EWT,47,0.75,0,28,2.3809198181811575,0.8089196883372706,2.37222502786388,0.17769220591571946,3
UD_English-EWT,47,0.75,0,29,1.5735229504700132,0.5200712004157363,2.0923264723115063,0.5467227717729214,3
UD_English-EWT,47,0.75,0,30,2.475378934775762,0.8415805160022173,2.4056768149463204,0.054636707687190644,3
UD_English-EWT,47,0.75,0,31,2.6316321093745136,0.8918110579252243,2.714687411793811,0.1203888915682751,3
UD_English-EWT,47,0.75,1,0,2.356658572761956,0.8064889508844074,2.3391458962404443,0.07397947674201553,3
UD_English-EWT,47,0.75,1,1,2.3282601221011636,0.7923811495249824,2.272681474251391,0.1558072403215808,3
UD_English-EWT,47,0.75,1,2,2.68618051987311,0.9196616600120002,2.642400972775857,0.07236009724658722,3
UD_English-EWT,47,0.75,1,3,2.5186436655634306,0.8630116170981325,2.4365826318607087,0.11969496504334098,3
UD_English-EWT,47,0.75,1,4,2.2055073495553925,0.7547998381117003,2.1340506226367206,0.20151107572188742,3
UD_English-EWT,47,0.75,1,5,2.6008308717136175,0.8893496930762067,2.530551264954829,0.12683492877651245,3
UD_English-EWT,47,0.75,1,6,2.3219866507257483,0.7975599083961251,2.2755482772226108,0.07976259485494434,3
UD_English-EWT,47,0.75,1,7,2.210922343700527,0.7546628202788382,2.201619361647708,0.23061097609065814,3
UD_English-EWT,47,0.75,1,8,2.3651777348448886,0.8095162826266229,2.408393790541668,0.257423177317382,3
UD_English-EWT,47,0.75,1,9,2.3255206686877163,0.7985561288119665,2.2358987779239485,0.11328316338611377,3
UD_English-EWT,47,0.75,1,10,2.35072658464774,0.8007698685527934,2.3573536670924535,0.18297299590107655,3
UD_English-EWT,47,0.75,1,11,2.1760068160154344,0.7384635863896928,2.3529794481608386,0.3590463365348419,3
UD_English-EWT,47,0.75,1,12,2.6621834443566574,0.9119548384229125,2.5952743220741845,0.12293996716525495,3
UD_English-EWT,47,0.75,1,13,2.362188013253533,0.8109341394597281,2.264551974846583,0.11083062044353324,3
UD_English-EWT,47,0.75,1,14,2.5725179798833224,0.8828878434466535,2.50909890356611,0.13445374218132924,3
UD_English-EWT,47,0.75,1,15,2.0814186303124838,0.7130216769941953,2.0278451055396887,0.07507462185537798,3
UD_English-EWT,47,0.75,1,16,2.260172668647679,0.7721039433785476,2.250105461624802,0.11902259641287948,3
UD_English-EWT,47,0.75,1,17,2.320332051300612,0.792173777067379,2.3736424027027763,0.13000845769420266,3
UD_English-EWT,47,0.75,1,18,1.8487317511618464,0.6259492887608124,1.8248081598396944,0.32375470225873976,3
UD_English-EWT,47,0.75,1,19,2.157019687806322,0.7382053974710527,2.1271391326395324,0.07139301782631687,3
UD_English-EWT,47,0.75,1,20,2.4940492144916444,0.852070736347652,2.414819819951101,0.12895618911021692,3
UD_English-EWT,47,0.75,1,21,2.3766349135526545,0.8153930656028359,2.3169220804299595,0.18055107124244799,3
UD_English-EWT,47,0.75,1,22,1.5581439716134131,0.546155264590933,1.551801050865585,0.024442420783940405,3
UD_English-EWT,47,0.75,1,23,2.3077659162341573,0.7858113587879744,2.351277673206477,0.1612261053732849,3
UD_English-EWT,47,0.75,1,24,2.048952593069476,0.7059181181948041,1.9786833532303845,0.07015769107043336,3
UD_English-EWT,47,0.75,1,25,2.0486400741099877,0.7003836199261234,2.049388915734647,0.07609854777045005,3
UD_English-EWT,47,0.75,1,26,2.088771260229833,0.7113485348382066,2.1170183783346186,0.27691185262345985,3
UD_English-EWT,47,0.75,1,27,1.7103489396893476,0.5967084491160616,1.6541081937555842,0.0874369009270694,3
UD_English-EWT,47,0.75,1,28,2.08300247006729,0.7180224474661988,2.024613448396624,0.08152444542594295,3
UD_English-EWT,47,0.75,1,29,2.2902619137355757,0.7837862078446508,2.188600577671888,0.1335801236545209,3
UD_English-EWT,47,0.75,1,30,2.522502460874929,0.8610520638077638,2.4999071055639854,0.1902304407826647,3
UD_English-EWT,47,0.75,1,31,2.645219211098492,0.9089446426360768,2.5727477164867794,0.1002627238190185,3
UD_English-EWT,47,0.75,2,0,1.036335436074243,0.361632428133694,1.2998406010627315,0.6202110581113558,3
UD_English-EWT,47,0.75,2,1,0.5284223136693945,0.1807020276883288,1.4026307255463957,0.7633637548958668,3
UD_English-EWT,47,0.75,2,2,1.1664021842466676,0.4118061934501096,1.139629957101601,0.4780005790116791,3
UD_English-EWT,47,0.75,2,3,0.5907909099236538,0.20243305979612095,1.2507709437584291,0.7285345408298713,3
UD_English-EWT,47,0.75,2,4,1.066579413503571,0.37238183160921484,1.6232956161753076,0.6367156571676388,3
UD_English-EWT,47,0.75,2,5,1.1482190313343577,0.4040138848424501,1.3186055698138552,0.5807787508233866,3
UD_English-EWT,47,0.75,2,6,1.3722323257415023,0.48202922712258306,1.7212656413379694,0.5598872091709373,3
UD_English-EWT,47,0.75,2,7,1.198761998860671,0.4143798389626439,1.6905499954041237,0.6113567385815749,3
UD_English-EWT,47,0.75,2,8,1.0370116374287448,0.3616200881265443,1.4542460984708183,0.6336743696872654,3
UD_English-EWT,47,0.75,2,9,0.9341712053084851,0.31964850924121985,1.5595259706885003,0.6677117298046747,3
UD_English-EWT,47,0.75,2,10,0.8788684428498176,0.304908858391648,1.4285637680135788,0.688115752962009,3
UD_English-EWT,47,0.75,2,11,1.2064215729525398,0.4168299246165488,1.584136987237331,0.5920286325836225,3
UD_English-EWT,47,0.75,2,12,1.0230501680914823,0.35496499210948934,1.4326426691099161,0.634292926931099,3
UD_English-EWT,47,0.75,2,13,0.9886202742303221,0.34531662276588065,1.3112142921742629,0.6466127900043689,3
UD_English-EWT,47,0.75,2,14,1.0542159836827516,0.3657178866298689,1.611829150868461,0.6407203032670777,3
UD_English-EWT,47,0.75,2,15,0.9235126219744131,0.3083190540859445,1.6333704785001082,0.6875340470226519,3
UD_English-EWT,47,0.75,2,16,1.0893120445134643,0.38312682642419915,1.4613509961218998,0.6234905861304539,3
UD_English-EWT,47,0.75,2,17,0.9697769839038397,0.33412479818925833,1.209426990433686,0.6126012009295393,3
UD_English-EWT,47,0.75,2,18,0.8130772285204116,0.28133929549684183,1.2482926136320405,0.6814322896396745,3
UD_English-EWT,47,0.75,2,19,1.0504250447308214,0.36581721114086324,1.3951317105299788,0.6266461380219633,3
UD_English-EWT,47,0.75,2,20,0.8527884873644686,0.2942275944486505,1.4316924462580074,0.6897226943072942,3
UD_English-EWT,47,0.75,2,21,0.5792325183016355,0.19697316893239,1.3134644833378128,0.7666398401903107,3
UD_English-EWT,47,0.75,2,22,0.786522357549878,0.2645133220419315,1.6228731149071336,0.7343013373310449,3
UD_English-EWT,47,0.75,2,23,0.9071708050486929,0.3023159187796012,1.7321717358026347,0.7082725602366668,3
UD_English-EWT,47,0.75,2,24,1.0603843593260847,0.37223753831832784,1.3015351376355453,0.6126212392728403,3
UD_English-EWT,47,0.75,2,25,0.6002481739106291,0.197787920647523,1.6021598385467122,0.7600440703915985,3
UD_English-EWT,47,0.75,2,26,0.6216702408654333,0.21486216929753077,1.3586379831388784,0.7402000739926198,3
UD_English-EWT,47,0.75,2,27,1.129858300110193,0.3793255058821216,1.849517643777399,0.6564547622844387,3
UD_English-EWT,47,0.75,2,28,0.9403271004150474,0.32485907107510203,1.5971990659398676,0.6757748693173483,3
UD_English-EWT,47,0.75,2,29,1.2712434656198777,0.43696663059117796,1.8762362219651105,0.6018691326343948,3
UD_English-EWT,47,0.75,2,30,1.2333340812033426,0.4324891911395478,1.3056967218554085,0.5364357632718885,3
UD_English-EWT,47,0.75,2,31,0.991933573302024,0.34359263268406276,1.5421420706805853,0.6603963894189381,3
UD_English-EWT,47,0.75,3,0,0.7448790942629179,0.2549400305874198,1.6843461979228074,0.7655751323140819,3
UD_English-EWT,47,0.75,3,1,0.47100888477648545,0.15912478259223461,1.5945688977647565,0.8209086000403637,3
UD_English-EWT,47,0.75,3,2,0.8105852482585959,0.27983458733732364,1.4186951963193646,0.7317007350547066,3
UD_English-EWT,47,0.75,3,3,0.6906763955489317,0.2314493270499296,1.6767395255452733,0.7776333570670344,3
UD_English-EWT,47,0.75,3,4,0.6034395110900285,0.20401331137031153,1.4897538889708415,0.7927585085124482,3
UD_English-EWT,47,0.75,3,5,0.767029251027954,0.26047819363248476,1.5083411784879932,0.7461557927081711,3
UD_English-EWT,47,0.75,3,6,1.2311402878746092,0.4280885594925811,1.3798033770696279,0.5339080102823145,3
UD_English-EWT,47,0.75,3,7,0.6586463318523595,0.22655699585644165,1.5950858418868756,0.7752491923927827,3
UD_English-EWT,47,0.75,3,8,0.5039806574759479,0.16816203737248056,1.505148266033288,0.8221353427634214,3
UD_English-EWT,47,0.75,3,9,0.8388584371493325,0.27420831357514003,1.7988973393602015,0.7571290600060983,3
UD_English-EWT,47,0.75,3,10,0.7485108782549156,0.2593475974933372,1.2486115024715174,0.735736173630195,3
UD_English-EWT,47,0.75,3,11,0.8006642307197245,0.2722947834219058,1.4792552805609176,0.7390889595712252,3
UD_English-EWT,47,0.75,3,12,0.6607668696341183,0.22421958245242013,1.4757413801708292,0.7774324916262444,3
UD_English-EWT,47,0.75,3,13,0.6891811942115073,0.23724030714502428,1.481677386848653,0.766111380700531,3
UD_English-EWT,47,0.75,3,14,0.743832075449287,0.2553499217954327,1.3730427388420738,0.7446285161869991,3
UD_English-EWT,47,0.75,3,15,0.8725945649359831,0.30275710457036836,1.4586492748914086,0.7086517731565812,3
UD_English-EWT,47,0.75,3,16,0.8845596940601025,0.30452623112442717,1.5672384970880815,0.7191135308998747,3
UD_English-EWT,47,0.75,3,17,0.5311633672816288,0.17502614586378273,1.6100838121522105,0.8247184841902095,3
UD_English-EWT,47,0.75,3,18,0.8021130986335282,0.2737106511060603,1.6004890994811756,0.7304582288709277,3
UD_English-EWT,47,0.75,3,19,0.822483808738612,0.2863277821803299,1.316606370287732,0.7288358442498905,3
UD_English-EWT,47,0.75,3,20,0.7940425179315178,0.2722866879250237,1.4683057379744309,0.7426361795141614,3
UD_English-EWT,47,0.75,3,21,0.8720996442415458,0.28677202217308007,1.816163467837053,0.7426439182653019,3
UD_English-EWT,47,0.75,3,22,0.9359667276885557,0.32278859664860754,1.5644154445232588,0.6995740559610296,3
UD_English-EWT,47,0.75,3,23,0.63695374432483,0.21621572080056417,1.5116286178565634,0.7844106041994251,3
UD_English-EWT,47,0.75,3,24,0.7526231712385171,0.2583486916080036,1.460215889053158,0.750352047302358,3
UD_English-EWT,47,0.75,3,25,0.6112573331863177,0.19867706106626218,1.5568031187089524,0.7983858494837861,3
UD_English-EWT,47,0.75,3,26,0.7950596223926283,0.2688844171649554,1.302310186752096,0.7228251051001644,3
UD_English-EWT,47,0.75,3,27,0.6664374955677053,0.21900514893077708,1.6393180163560235,0.783379744826553,3
UD_English-EWT,47,0.75,3,28,0.5838608153788661,0.19294464401561487,1.6093263242169806,0.8107230190208049,3
UD_English-EWT,47,0.75,3,29,0.6552637690756273,0.21660694987504645,1.6989756210118478,0.789088327824418,3
UD_English-EWT,47,0.75,3,30,0.7407923237927841,0.24722512457553694,1.565352727860918,0.7469072461209662,3
UD_English-EWT,47,0.75,3,31,0.4550743502902312,0.15711272184911754,0.7188056718510575,0.8307414777807635,3
UD_English-EWT,47,0.75,4,0,1.1504002283776826,0.4024703692990899,1.3093343651522704,0.5842775592414191,3
UD_English-EWT,47,0.75,4,1,0.9882558261490476,0.3252759149335393,1.842800989584193,0.7109516263008118,3
UD_English-EWT,47,0.75,4,2,0.8369191541507813,0.2751531518541127,1.831900433140157,0.7379133945605795,3
UD_English-EWT,47,0.75,4,3,0.8978190574191091,0.312621877038468,1.3419502993370447,0.6846062025981522,3
UD_English-EWT,47,0.75,4,4,1.2570515369185549,0.43523433876439305,1.7752502036224949,0.6243415178361269,3
UD_English-EWT,47,0.75,4,5,1.1117582679310567,0.3715061888180144,1.958022558053986,0.6879286364616592,3
UD_English-EWT,47,0.75,4,6,1.0198990027598345,0.34906631118477155,1.5310583308963395,0.6677066001952889,3
UD_English-EWT,47,0.75,4,7,1.072382426218474,0.37032896790565256,1.6379711894226856,0.6577852907673691,3
UD_English-EWT,47,0.75,4,8,0.7535517953797659,0.25779982096768356,1.5880492051523891,0.7412593323323463,3
UD_English-EWT,47,0.75,4,9,0.9294065226052628,0.3161678592011143,1.732012555138878,0.7150357701223622,3
UD_English-EWT,47,0.75,4,10,0.9109305048222316,0.31209342847009935,1.5689354163809988,0.714247474959205,3
UD_English-EWT,47,0.75,4,11,1.00003489232427,0.34447929199669636,1.4616019024983566,0.6594477473929498,3
UD_English-EWT,47,0.75,4,12,0.8119550429976702,0.27142445352233824,1.7425472892020135,0.7503377884924954,3
UD_English-EWT,47,0.75,4,13,0.8217996483794218,0.27876949785633487,1.660083001089335,0.7461115896756098,3
UD_English-EWT,47,0.75,4,14,0.8804935039053307,0.2946390468281149,1.8364835042906806,0.731561151046462,3
UD_English-EWT,47,0.75,4,15,0.8494223817870807,0.2887741472056383,1.5231990727081977,0.7205155292739635,3
UD_English-EWT,47,0.75,4,16,1.0286195280067691,0.3485853236596115,1.7683508766642033,0.6883971111506278,3
UD_English-EWT,47,0.75,4,17,0.824673247464232,0.27263750637693157,1.6260001565412854,0.7363828025581842,3
UD_English-EWT,47,0.75,4,18,1.1509892983134762,0.3978803789137926,1.6706120350104647,0.6339450954902367,3
UD_English-EWT,47,0.75,4,19,0.9997702996383926,0.3394989180692449,1.6814955558716056,0.6941317179001093,3
UD_English-EWT,47,0.75,4,20,0.8212075119732942,0.2765972386360277,1.7089721764724546,0.7474135215409466,3
UD_English-EWT,47,0.75,4,21,0.990010509057096,0.32367563907409896,1.9229781081957678,0.725093534111108,3
UD_English-EWT,47,0.75,4,22,1.1594567749723927,0.39679148152660587,1.75500171898927,0.6489471798603218,3
UD_English-EWT,47,0.75,4,23,1.0003452576249023,0.3330956352857673,1.8205939020235464,0.7098124793345594,3
UD_English-EWT,47,0.75,4,24,0.7457503606658599,0.2527978471488792,1.507941310278705,0.7555487828773662,3
UD_English-EWT,47,0.75,4,25,1.1559446634680628,0.4002156817780058,1.651131356579467,0.6320348082480102,3
UD_English-EWT,47,0.75,4,26,1.2613649664137967,0.4298496708979589,1.8889105385661342,0.6250797042416202,3
UD_English-EWT,47,0.75,4,27,0.9108738937230275,0.3134032840109371,1.5326589261112098,0.6974572494544619,3
UD_English-EWT,47,0.75,4,28,0.9093667735601819,0.31024245577499626,1.5436693439175304,0.6986285495437777,3
UD_English-EWT,47,0.75,4,29,1.1833163068980956,0.396755213599876,1.9085491371285068,0.6570980023314501,3
UD_English-EWT,47,0.75,4,30,1.0134998733255816,0.33807901744959784,1.6675395556676367,0.6760370054558761,3
UD_English-EWT,47,0.75,4,31,0.7266389875382674,0.24467057509106907,1.4958606385278135,0.7588916728731062,3
UD_English-EWT,47,0.75,5,0,1.4507064366058355,0.5055536371952631,1.8649885585507844,0.5391392929510015,3
UD_English-EWT,47,0.75,5,1,0.9694867237642381,0.32213856279850006,1.9451441337610635,0.7096142689875565,3
UD_English-EWT,47,0.75,5,2,1.4686431745525266,0.5119469196744304,1.95386679858675,0.5609291949205928,3
UD_English-EWT,47,0.75,5,3,0.7500850358241676,0.2580586138142371,1.6326540133802183,0.7503516214792846,3
UD_English-EWT,47,0.75,5,4,1.1617461629958319,0.3911039522884648,1.8696505896652116,0.6494625447239923,3
UD_English-EWT,47,0.75,5,5,0.5976419583750118,0.20415556408424196,1.5763260888950203,0.7938404706305059,3
UD_English-EWT,47,0.75,5,6,0.5739159454033457,0.19013808881405925,1.5033669111154335,0.7885167718693641,3
UD_English-EWT,47,0.75,5,7,1.5359299788166698,0.5291800991732132,1.7254265028922287,0.43321226383194683,3
UD_English-EWT,47,0.75,5,8,1.3389684133950912,0.46306544779129805,1.7531426558457655,0.56048685230844,3
UD_English-EWT,47,0.75,5,9,1.2887252065707644,0.4512773828279017,1.555232549571383,0.5441501603236181,3
UD_English-EWT,47,0.75,5,10,1.4805763292996612,0.5112074553179394,1.7656568491285183,0.496291400820614,3
UD_English-EWT,47,0.75,5,11,0.8908311823732431,0.3081664339908974,1.7765222830742002,0.7122909254877946,3
UD_English-EWT,47,0.75,5,12,1.0221846024039285,0.3440318459268313,1.8684872098823497,0.6890810495327296,3
UD_English-EWT,47,0.75,5,13,1.0616127705177758,0.35926837902957187,1.8575699128794103,0.6775578653578984,3
UD_English-EWT,47,0.75,5,14,1.2380184193967905,0.42614206505467767,1.7930910337600985,0.609105106124244,3
UD_English-EWT,47,0.75,5,15,0.4509461706534761,0.1650663851531314,0.39743614632412383,0.05686565686546551,3
UD_English-EWT,47,0.75,5,16,1.2358423379981018,0.43424530059967753,1.5425500879793654,0.580416099282019,3
UD_English-EWT,47,0.75,5,17,0.9216256315780903,0.31920211144700944,1.6453203053802306,0.7051688989654917,3
UD_English-EWT,47,0.75,5,18,1.1193887641303961,0.39218472799316784,1.370073157852899,0.5877694235351242,3
UD_English-EWT,47,0.75,5,19,0.991034348310397,0.3318238734099709,1.765304869084953,0.6939825392675965,3
UD_English-EWT,47,0.75,5,20,1.0814745997796293,0.36069610287420084,1.8155581967426777,0.6666175855869912,3
UD_English-EWT,47,0.75,5,21,1.2781832766446042,0.4420873613142577,1.7028484132229087,0.5965890660474861,3
UD_English-EWT,47,0.75,5,22,1.2525276852354326,0.42682541615053166,1.8909677833535852,0.6225478290656551,3
UD_English-EWT,47,0.75,5,23,1.0083730578666827,0.33966419585591995,1.8941006111371277,0.7100785835925999,3
UD_English-EWT,47,0.75,5,24,1.2098843541220237,0.4236684872519449,1.661313677366097,0.6043375941750022,3
UD_English-EWT,47,0.75,5,25,0.5559061302554086,0.18921336660734997,1.5978574135318697,0.8017344127098719,3
UD_English-EWT,47,0.75,5,26,0.6451966569289049,0.218976843074127,1.5557585130216645,0.7748977690528,3
UD_English-EWT,47,0.75,5,27,0.6371604412902682,0.21716638072945163,1.737946492821684,0.7885866402114025,3
UD_English-EWT,47,0.75,5,28,1.0693967663199524,0.36992468900015013,1.7426686993442164,0.6703548947101515,3
UD_English-EWT,47,0.75,5,29,0.8242747413981807,0.28077189566971283,1.6927630882065587,0.7254387029804601,3
UD_English-EWT,47,0.75,5,30,1.2744956836104393,0.4300375429129666,1.8467440979999707,0.6098119505021199,3
UD_English-EWT,47,0.75,5,31,0.9148955005433118,0.30323682142716774,1.8234500876052782,0.7130025666213861,3
UD_English-EWT,47,0.75,6,0,1.2051362989161618,0.4126879616635419,1.9358594049792908,0.6476516402674286,3
UD_English-EWT,47,0.75,6,1,1.0680642364807902,0.365861315164844,1.7578445191890382,0.6499971111181221,3
UD_English-EWT,47,0.75,6,2,0.7578529462299711,0.2553796505653902,1.7749444227971016,0.7502313999150404,3
UD_English-EWT,47,0.75,6,3,1.1017819888930502,0.37754357647564674,1.5874801389940885,0.615301644704381,3
UD_English-EWT,47,0.75,6,4,1.345988825004283,0.45466339062281863,1.9821224524512318,0.6031629700410452,3
UD_English-EWT,47,0.75,6,5,1.1535541799279077,0.4033508487045765,1.5876065911979624,0.6230564008115745,3
UD_English-EWT,47,0.75,6,6,0.6622345184259294,0.2220033951212257,1.6823937435836307,0.7869187862712396,3
UD_English-EWT,47,0.75,6,7,1.2452252019868524,0.4383858895991235,1.9679566649465612,0.624852774559583,3
UD_English-EWT,47,0.75,6,8,1.027592768203908,0.34288488034301445,1.9527056469889068,0.6930314084219802,3
UD_English-EWT,47,0.75,6,9,0.8484015097817871,0.2999143742282751,0.6652438515196732,0.2763788170590047,3
UD_English-EWT,47,0.75,6,10,1.0319132200002887,0.3552524573449554,1.5848196899766045,0.6512700504129701,3
UD_English-EWT,47,0.75,6,11,1.1064316178443,0.385498983286769,1.5272828898577526,0.6061548955046414,3
UD_English-EWT,47,0.75,6,12,0.757912167950189,0.2583569990359043,1.3168074393912959,0.753580796805453,3
UD_English-EWT,47,0.75,6,13,1.032007702529593,0.3459319379961013,1.8524253357113603,0.6818446926704738,3
UD_English-EWT,47,0.75,6,14,1.3394002774916929,0.4721180570798711,1.6272805610532535,0.5344678765681924,3
UD_English-EWT,47,0.75,6,15,1.077790341687767,0.36293710166340754,1.826757267551778,0.6659890916164565,3
UD_English-EWT,47,0.75,6,16,0.44607010643881745,0.15461817910667433,0.7226379611520928,0.8273327961048359,3
UD_English-EWT,47,0.75,6,17,0.7769301241375709,0.2683137852040362,1.4932099032081758,0.7416263675971978,3
UD_English-EWT,47,0.75,6,18,1.1828950918898773,0.3972806001662231,1.8987832024476348,0.6414745822345299,3
UD_English-EWT,47,0.75,6,19,1.3886286078092178,0.48701234677558825,1.6579430008032283,0.5151658886144505,3
UD_English-EWT,47,0.75,6,20,1.3603328566027904,0.4674053056155398,1.6913713433920579,0.5420322800377462,3
UD_English-EWT,47,0.75,6,21,1.1611573537625033,0.3858097515023145,2.1387323639160516,0.6873068894872031,3
UD_English-EWT,47,0.75,6,22,1.3443543389846717,0.4552010365156202,1.9353617630315394,0.6027078035479252,3
UD_English-EWT,47,0.75,6,23,1.2217211675557065,0.4256664693274133,1.7317496968911648,0.6074960596778028,3
UD_English-EWT,47,0.75,6,24,1.1803083820149765,0.40878141480743996,1.7135265622634055,0.624666446809723,3
UD_English-EWT,47,0.75,6,25,1.2649590753710986,0.4270137645887764,1.8699031460127762,0.617538986581705,3
UD_English-EWT,47,0.75,6,26,0.8221306959421583,0.28228523558131224,1.495357258425167,0.7289680012914,3
UD_English-EWT,47,0.75,6,27,1.573745940986661,0.5484592067060792,1.9811000794118003,0.5260858049307473,3
UD_English-EWT,47,0.75,6,28,1.1978440457354478,0.40476715785259537,1.9438924354879366,0.6461420906181762,3
UD_English-EWT,47,0.75,6,29,1.1876903033945947,0.4056291120069166,1.9102276942009049,0.6327099095222511,3
UD_English-EWT,47,0.75,6,30,0.9530580203932709,0.3304293678567926,1.0617110150949334,0.595586426379685,3
UD_English-EWT,47,0.75,6,31,1.1467553704284905,0.387480177314365,1.8014295218149385,0.6459911067330555,3
UD_English-EWT,47,0.75,7,0,1.4238576378218681,0.4763933847605748,2.1396013966512157,0.5937029227600832,3
UD_English-EWT,47,0.75,7,1,1.42723535036563,0.49733597790662926,1.8292765082123068,0.5503985418756586,3
UD_English-EWT,47,0.75,7,2,1.3192972236725151,0.4479287404275223,2.1227606413088647,0.6399738090435121,3
UD_English-EWT,47,0.75,7,3,1.210401700344785,0.41181216311924335,1.9954785635671113,0.6515561229123552,3
UD_English-EWT,47,0.75,7,4,0.6913743613250486,0.24024551832719362,0.9977797799097384,0.7330717725750527,3
UD_English-EWT,47,0.75,7,5,1.3182911934612662,0.441545162906358,1.942925231405729,0.5997367081569952,3
UD_English-EWT,47,0.75,7,6,0.9919467562969048,0.34728611674573684,0.6110468811961145,0.37249211804137206,3
UD_English-EWT,47,0.75,7,7,1.7229832102746476,0.5985051564777266,2.000453783297582,0.4445988385308744,3
UD_English-EWT,47,0.75,7,8,1.5046125495694376,0.5164186012929471,1.9266830528043009,0.5174953915884477,3
UD_English-EWT,47,0.75,7,9,1.3550650956743617,0.4780106148216025,1.2685981533186466,0.4216099074738056,3
UD_English-EWT,47,0.75,7,10,0.4042772020778207,0.13849067801477316,0.8816293839887734,0.8404073107763718,3
UD_English-EWT,47,0.75,7,11,1.2180351993656007,0.4162339747345621,1.783366966605838,0.6202844416210344,3
UD_English-EWT,47,0.75,7,12,0.543417038094042,0.19034652429240975,0.7758543097527735,0.7896768476657963,3
UD_English-EWT,47,0.75,7,13,1.1708416739285317,0.40916780128613633,1.5704632330896207,0.591290217937939,3
UD_English-EWT,47,0.75,7,14,1.0847830867941044,0.36040178958482644,1.9151129811079342,0.6753555499627942,3
UD_English-EWT,47,0.75,7,15,1.0253316768477305,0.35459744035247676,1.8138741496373614,0.6851249372684999,3
UD_English-EWT,47,0.75,7,16,1.1900494691452692,0.40977247183521587,1.7163559303691913,0.6040372324120152,3
UD_English-EWT,47,0.75,7,17,1.3740576410527003,0.4615182160842614,2.1172651219671974,0.6120809648586318,3
UD_English-EWT,47,0.75,7,18,1.3142055019003445,0.4570438457018473,1.5752303151105054,0.5276174398583575,3
UD_English-EWT,47,0.75,7,19,1.2139042391694526,0.4144331469982591,1.6915620289376525,0.6080834480284124,3
UD_English-EWT,47,0.75,7,20,0.9055818423275955,0.31092615412694075,1.5936738652582594,0.6939164914516477,3
UD_English-EWT,47,0.75,7,21,1.5098072695113272,0.5068765873452462,2.031138315878279,0.5344081862417401,3
UD_English-EWT,47,0.75,7,22,1.2703867255012844,0.42672267805221736,1.8948033424077355,0.6224714293397406,3
UD_English-EWT,47,0.75,7,23,0.8187644454245141,0.2770836085237169,1.680258430906984,0.7469240040509861,3
UD_English-EWT,47,0.75,7,24,1.2166012967164832,0.42713500845681995,1.4047420870356655,0.5455608426683153,3
UD_English-EWT,47,0.75,7,25,1.9393540497577473,0.6582614874063512,2.3191674467861545,0.43852132294184526,3
UD_English-EWT,47,0.75,7,26,0.8857491775899312,0.29967159115605885,1.7414555345646672,0.7213842405484674,3
UD_English-EWT,47,0.75,7,27,1.1177756202785478,0.3832062756564665,1.9302242019354539,0.6628649542023358,3
UD_English-EWT,47,0.75,7,28,0.9847931665366682,0.34173421082655153,1.1577848274742537,0.5631609982480117,3
UD_English-EWT,47,0.75,7,29,1.2152441870862234,0.4168872920039681,1.813143492396412,0.6176650501475525,3
UD_English-EWT,47,0.75,7,30,0.9178664890713378,0.31920906121355697,1.6140872078569426,0.7006762884625104,3
UD_English-EWT,47,0.75,7,31,0.911074169590825,0.31068814183179905,1.401247749970259,0.6785538190456687,3
UD_English-EWT,47,0.75,8,0,1.1086539903516544,0.3879446822247436,1.8811436011600147,0.6556521030872354,3
UD_English-EWT,47,0.75,8,1,1.5598899310078125,0.5373825421777362,1.7672525151939773,0.4179866935223178,3
UD_English-EWT,47,0.75,8,2,1.6773606790382354,0.5817280106775747,1.9695768374237206,0.45443227390448254,3
UD_English-EWT,47,0.75,8,3,1.406519435454696,0.46960586000688526,1.969349756755464,0.5754872548694168,3
UD_English-EWT,47,0.75,8,4,0.7655511964960718,0.2592385331735368,1.6344753652946764,0.747003395904283,3
UD_English-EWT,47,0.75,8,5,1.4682500350453598,0.5022305628939622,1.7572343306300418,0.42226679429737596,3
UD_English-EWT,47,0.75,8,6,1.27044893603073,0.42432950331892255,1.8642314429817304,0.6022664780621646,3
UD_English-EWT,47,0.75,8,7,1.1159591515614686,0.3800467065788249,1.9906484628527108,0.6744109298999952,3
UD_English-EWT,47,0.75,8,8,1.318857056657039,0.45956951207421953,2.014815125444765,0.6237023891185585,3
UD_English-EWT,47,0.75,8,9,1.432159253916888,0.4851169622620273,2.081979056172249,0.5872145342574419,3
UD_English-EWT,47,0.75,8,10,1.7891474070879063,0.6190162347748415,2.0645985533848052,0.4398260159054958,3
UD_English-EWT,47,0.75,8,11,1.6526861131354107,0.5714951366837558,2.0010417770384006,0.47926864733678615,3
UD_English-EWT,47,0.75,8,12,1.1782508976486101,0.3992737569729161,1.8426295756099436,0.643713495166521,3
UD_English-EWT,47,0.75,8,13,1.6206358217367927,0.5476313077714057,2.186650871144835,0.53613438633676,3
UD_English-EWT,47,0.75,8,14,0.9354232311085925,0.31780979105819335,1.9141781969582883,0.7254923603248075,3
UD_English-EWT,47,0.75,8,15,1.5170315671271097,0.5290258970579814,1.7069141205217016,0.462909676073516,3
UD_English-EWT,47,0.75,8,16,1.6098636015842522,0.5604907975605059,1.9183886641253105,0.4801605946650705,3
UD_English-EWT,47,0.75,8,17,1.326930395240992,0.44847095535155423,1.9505353087121673,0.5929722595342413,3
UD_English-EWT,47,0.75,8,18,0.9720425779824374,0.3211840371650479,1.8592089271284842,0.7050365047403807,3
UD_English-EWT,47,0.75,8,19,0.9459118744823233,0.3248410332194769,1.7063420028688696,0.702461869664531,3
UD_English-EWT,47,0.75,8,20,1.4139631145340281,0.4881599061326794,1.9562351063083865,0.5702430670690776,3
UD_English-EWT,47,0.75,8,21,1.6050201247298652,0.5577274475701303,1.7257563118129047,0.43336062060027825,3
UD_English-EWT,47,0.75,8,22,1.4481682768447801,0.494050429214491,1.9816718560207518,0.5642793102491858,3
UD_English-EWT,47,0.75,8,23,1.2813003830652419,0.42669865477470537,2.057140271520354,0.6274268030373885,3
UD_English-EWT,47,0.75,8,24,1.3855843696139332,0.46589150367973065,1.9574950003830243,0.575989439113164,3
UD_English-EWT,47,0.75,8,25,0.7207876731979174,0.24996902129675627,0.8006884579585766,0.7186936001498626,3
UD_English-EWT,47,0.75,8,26,0.7303555491626371,0.25419112628084933,0.82987857481061,0.7026409854898686,3
UD_English-EWT,47,0.75,8,27,1.4349522959230594,0.4901519660686969,1.8303299133949158,0.5183717441933403,3
UD_English-EWT,47,0.75,8,28,0.8632111766244979,0.2894176665204959,1.7207567560298196,0.7226325230086003,3
UD_English-EWT,47,0.75,8,29,1.7633485273476726,0.6112864427200649,1.770612929660983,0.30165567689444633,3
UD_English-EWT,47,0.75,8,30,1.2980021633384222,0.44393848519914786,1.8593347170585275,0.5885900820932862,3
UD_English-EWT,47,0.75,8,31,0.9547827510207294,0.32736095860057624,1.2977924182712488,0.6215105225791805,3
UD_English-EWT,47,0.75,9,0,0.8571367629265959,0.2958966194395865,1.7365091253472373,0.718703981237876,3
UD_English-EWT,47,0.75,9,1,1.0812152423683845,0.37352617313654485,1.7212814740795908,0.6600883060316461,3
UD_English-EWT,47,0.75,9,2,1.573120757041733,0.5461728489518383,1.7480450760579933,0.4077848196165375,3
UD_English-EWT,47,0.75,9,3,1.2770544433854318,0.4278115126658875,2.0875316220174507,0.6373891969684694,3
UD_English-EWT,47,0.75,9,4,1.5462666399274803,0.5370655960262581,1.7707589054259663,0.4831448939640774,3
UD_English-EWT,47,0.75,9,5,1.5446899342189504,0.5355255275910452,1.855280601533167,0.4926515649088093,3
UD_English-EWT,47,0.75,9,6,1.6481864839412257,0.5659739909683421,1.9846927191390364,0.48490650837864385,3
UD_English-EWT,47,0.75,9,7,1.664690127816791,0.5749343910232485,2.1126347791356035,0.4970167450986816,3
UD_English-EWT,47,0.75,9,8,0.8901394930666479,0.3038370898146121,1.2140015488141005,0.6783189969052491,3
UD_English-EWT,47,0.75,9,9,1.263007452728427,0.4272075648366971,1.9782018513573105,0.6289768862539736,3
UD_English-EWT,47,0.75,9,10,1.5226804421084825,0.5159019126076733,1.949797909225054,0.5117594277408171,3
UD_English-EWT,47,0.75,9,11,1.7466640300058058,0.6039220965950868,1.9153135630059548,0.42109791462212964,3
UD_English-EWT,47,0.75,9,12,1.913836822917987,0.645283761327384,2.3357581661807165,0.4575311110977538,3
UD_English-EWT,47,0.75,9,13,1.6274391294394253,0.5628022329376261,1.8926896455617985,0.47680301443828044,3
UD_English-EWT,47,0.75,9,14,0.819338415259112,0.2698642607975093,1.8539967852456323,0.7544558117732758,3
UD_English-EWT,47,0.75,9,15,1.6454402329383218,0.5572403008440587,2.0206804543136463,0.49260125080554423,3
UD_English-EWT,47,0.75,9,16,1.2393097853345731,0.43447167051783026,1.1325028058826814,0.38146241732579544,3
UD_English-EWT,47,0.75,9,17,1.3299615227079566,0.44610257278483206,1.9567972106523202,0.5969345296490496,3
UD_English-EWT,47,0.75,9,18,1.6091371059472008,0.543010716813401,1.9859541327792656,0.48586990777912037,3
UD_English-EWT,47,0.75,9,19,1.5170830137525535,0.5257277808581328,1.8729808316421857,0.5119583384695384,3
UD_English-EWT,47,0.75,9,20,1.4348927191806402,0.4843739368130058,1.9722528460627264,0.5662855658890554,3
UD_English-EWT,47,0.75,9,21,1.362914388948451,0.4670045939842426,1.8228078467706947,0.560069545295992,3
UD_English-EWT,47,0.75,9,22,1.0579969616698437,0.3623496899262532,1.7693384645306567,0.6712946004839869,3
UD_English-EWT,47,0.75,9,23,1.0341493747924846,0.35148835982889864,1.7150275457806492,0.6876567994432697,3
UD_English-EWT,47,0.75,9,24,1.6665081582515617,0.5624079994979452,2.1799148818942804,0.5132467843293601,3
UD_English-EWT,47,0.75,9,25,1.4780859312344552,0.5075048317756158,1.8904384286134404,0.5088485255023169,3
UD_English-EWT,47,0.75,9,26,0.9364089445568933,0.32513384207513163,1.750804272655038,0.6956493441415832,3
UD_English-EWT,47,0.75,9,27,1.3363615875632817,0.46937759551737046,1.2029934650073286,0.12245297237877854,3
UD_English-EWT,47,0.75,9,28,1.5025787094305991,0.5134002987044323,2.0069048795543734,0.5471545794337499,3
UD_English-EWT,47,0.75,9,29,1.3721425712909312,0.45665714685857733,2.046084406828077,0.5979352793664772,3
UD_English-EWT,47,0.75,9,30,1.6819960167716328,0.5700296226936394,1.9949821897108915,0.45738098639078806,3
UD_English-EWT,47,0.75,9,31,1.2073680483388338,0.41158091976478667,1.807893975266342,0.6068550691157851,3
UD_English-EWT,47,0.75,10,0,1.3563694436720592,0.45304747276645974,2.142034320801985,0.6188982153932253,3
UD_English-EWT,47,0.75,10,1,1.2125393493687955,0.4276156305778222,0.9570549845369788,0.15668191614209628,3
UD_English-EWT,47,0.75,10,2,1.9490097984535881,0.6605081269568432,2.330749956582196,0.4418505441723137,3
UD_English-EWT,47,0.75,10,3,1.6442155414048873,0.5699352775250844,1.7909098071044476,0.4077922461693513,3
UD_English-EWT,47,0.75,10,4,0.9801560081880818,0.3266490571648697,1.808930518400799,0.6955525633185179,3
UD_English-EWT,47,0.75,10,5,1.4955955670505272,0.5181853736467482,1.6583182941206165,0.4596908345465669,3
UD_English-EWT,47,0.75,10,6,1.4935718642747904,0.4987563538977466,2.1362654886230525,0.5737801800822951,3
UD_English-EWT,47,0.75,10,7,0.9835535520467168,0.32457600389089847,1.9521931269645474,0.7080537541167224,3
UD_English-EWT,47,0.75,10,8,1.5477623624798378,0.5170729239225279,2.1859619778687835,0.5642448316424922,3
UD_English-EWT,47,0.75,10,9,1.751784891514396,0.5997137441851185,2.0758150325772537,0.44878672821979926,3
UD_English-EWT,47,0.75,10,10,1.187626336468808,0.3978793475647984,1.9432236804662508,0.6399566410804923,3
UD_English-EWT,47,0.75,10,11,1.4156835355502444,0.47337102520199853,1.9520362011939014,0.5597685846637507,3
UD_English-EWT,47,0.75,10,12,1.6723346571914703,0.5628489445766031,2.234406675173068,0.5342257161148042,3
UD_English-EWT,47,0.75,10,13,1.1329618144936466,0.3882788316514649,1.790081221603522,0.647803672526595,3
UD_English-EWT,47,0.75,10,14,1.2334957601865566,0.4304661033692039,1.1853480136839636,0.21113682224098018,3
UD_English-EWT,47,0.75,10,15,1.4966059049459102,0.5052391372906054,2.0599093530836003,0.5357382488598155,3
UD_English-EWT,47,0.75,10,16,1.2722461189267198,0.42452381243539095,2.0019418518508503,0.6238051617758956,3
UD_English-EWT,47,0.75,10,17,1.5876164780505586,0.5548490711058641,1.5368959846175219,0.15053660965410956,3
UD_English-EWT,47,0.75,10,18,1.2691141320816588,0.43184004379317625,2.0295440501148367,0.6407728472314028,3
UD_English-EWT,47,0.75,10,19,1.2263783353273985,0.4091478192428965,1.8828654619296827,0.6211548456701642,3
UD_English-EWT,47,0.75,10,20,1.3409558857344972,0.46038314211563985,1.8650198407566176,0.5776153553094043,3
UD_English-EWT,47,0.75,10,21,1.3657588720837361,0.45569457003137676,2.025152308421925,0.5964024575030217,3
UD_English-EWT,47,0.75,10,22,1.9001867314614016,0.6603394447535765,2.0133555030996466,0.3485923489056975,3
UD_English-EWT,47,0.75,10,23,1.1362006717339457,0.3834641498389682,1.682546389368931,0.6385677210267341,3
UD_English-EWT,47,0.75,10,24,1.544752495970665,0.5225176798461347,2.0476405202582453,0.5414094510802046,3
UD_English-EWT,47,0.75,10,25,1.5771478913412285,0.5510481219256945,1.506827048889492,0.2670091158440693,3
UD_English-EWT,47,0.75,10,26,1.4683208921567992,0.49226928313003215,1.9602069319217366,0.5442107852772285,3
UD_English-EWT,47,0.75,10,27,2.026021106158449,0.6854851131475037,2.252942362281143,0.3775715910488628,3
UD_English-EWT,47,0.75,10,28,2.1159100736913783,0.7244064730128956,2.327121237588059,0.3611013708748127,3
UD_English-EWT,47,0.75,10,29,1.5119926236257744,0.5198519252688506,1.689172403625669,0.4300681062836627,3
UD_English-EWT,47,0.75,10,30,1.7154172123537037,0.5736973905335359,1.9956024898205948,0.41571402814381764,3
UD_English-EWT,47,0.75,10,31,1.580079091349803,0.5356738119503188,2.0679963372769903,0.5296148820313707,3
UD_English-EWT,47,0.75,11,0,1.97642616140495,0.6698646752913575,2.1809515131735844,0.3697899002581835,3
UD_English-EWT,47,0.75,11,1,1.5922010746429962,0.5407744517417553,2.0496925578905585,0.5097342911897352,3
UD_English-EWT,47,0.75,11,2,1.0695427455320168,0.37266014915346446,1.0995369770704941,0.4609298461773356,3
UD_English-EWT,47,0.75,11,3,1.3990068153931141,0.4676851450528386,2.1101496407731637,0.5857666336366387,3
UD_English-EWT,47,0.75,11,4,1.702428082815068,0.5811161197084113,2.1261077921138654,0.5002728227071315,3
UD_English-EWT,47,0.75,11,5,0.6700302066827678,0.21888598239554843,1.7291286983315193,0.768086454350983,3
UD_English-EWT,47,0.75,11,6,1.8814788686013177,0.6535438274072385,1.8261297357646928,0.2838945709379264,3
UD_English-EWT,47,0.75,11,7,1.5405316255131707,0.5193052560647438,2.0322342615961375,0.5324729484538183,3
UD_English-EWT,47,0.75,11,8,1.6206360648510019,0.5506785901599244,2.1489057306383477,0.5196918329946656,3
UD_English-EWT,47,0.75,11,9,1.28826921406068,0.4258642118417391,2.0871574699010136,0.6268447139902628,3
UD_English-EWT,47,0.75,11,10,1.4856798499551191,0.503212829200188,2.1304821688783626,0.5881222821907811,3
UD_English-EWT,47,0.75,11,11,1.5812863438290108,0.5308773754832957,2.185624520038212,0.5523478706962749,3
UD_English-EWT,47,0.75,11,12,1.526246466407576,0.5142901515645842,2.0025314918849855,0.5307524992197156,3
UD_English-EWT,47,0.75,11,13,1.5420237372481758,0.5176009483608283,2.26807723163147,0.5746076244433396,3
UD_English-EWT,47,0.75,11,14,0.7320705631201602,0.24915861414375637,1.5134158442797776,0.7480278951548488,3
UD_English-EWT,47,0.75,11,15,0.6921907355550859,0.23988214594215318,0.8880003554057772,0.7086552297374156,3
UD_English-EWT,47,0.75,11,16,1.6799711947124079,0.5791176710216726,1.954223493192148,0.444525497302223,3
UD_English-EWT,47,0.75,11,17,1.2667600189781796,0.42717678034728995,1.7304733275878625,0.5929674428967396,3
UD_English-EWT,47,0.75,11,18,0.7851303172499646,0.2658054760720017,1.3698340178024573,0.7373377712942212,3
UD_English-EWT,47,0.75,11,19,1.5659588202291281,0.5220297438606538,2.1464819340052284,0.5454459936444551,3
UD_English-EWT,47,0.75,11,20,1.2720100471719367,0.43632833478473576,1.779717412124132,0.5939466422169261,3
UD_English-EWT,47,0.75,11,21,1.7070301162903425,0.5861777769628987,1.9080752841653286,0.4514708361081195,3
UD_English-EWT,47,0.75,11,22,1.565978539636009,0.5306379207713574,1.9584472822958439,0.497145257232022,3
UD_English-EWT,47,0.75,11,23,0.9174087307532953,0.3104077718629483,1.8364255484906051,0.7214702822417292,3
UD_English-EWT,47,0.75,11,24,1.5726212484046194,0.5333309859878813,2.0280808509753268,0.5239731147613899,3
UD_English-EWT,47,0.75,11,25,1.6696302015707574,0.5708623461846011,2.0409237851264916,0.48213786582966317,3
UD_English-EWT,47,0.75,11,26,1.5033250030924064,0.4992098261166249,2.160909283302304,0.5693043446293836,3
UD_English-EWT,47,0.75,11,27,1.739079359884905,0.607951970007576,1.912341355843188,0.3920586894186577,3
UD_English-EWT,47,0.75,11,28,1.2981796440598852,0.4422102948457329,1.9360679330097303,0.5863697432483698,3
UD_English-EWT,47,0.75,11,29,1.4076402299173978,0.4813736901365777,2.146240190078652,0.5997428596494737,3
UD_English-EWT,47,0.75,11,30,1.3057886202071534,0.44183751128491805,1.735518729833306,0.5461897337351177,3
UD_English-EWT,47,0.75,11,31,1.5883033153463584,0.5342993701660568,2.0990929312610453,0.5214907211507713,3
UD_English-EWT,47,0.75,12,0,1.8089850118794295,0.6214981398974394,2.1243553093493746,0.4436150979325311,3
UD_English-EWT,47,0.75,12,1,1.989169911228677,0.6745575857238474,2.273189771913657,0.37943102040401033,3
UD_English-EWT,47,0.75,12,2,0.540829954095497,0.1805748772537692,1.0638442800697516,0.7979830126591937,3
UD_English-EWT,47,0.75,12,3,1.7957012276071884,0.6216439332114109,2.0535697666130868,0.40605990277884874,3
UD_English-EWT,47,0.75,12,4,1.1832945973142466,0.4006364468166194,1.7230878754880259,0.6205999454066076,3
UD_English-EWT,47,0.75,12,5,1.6522724562221105,0.5591933915768165,2.169413953530984,0.523900985140998,3
UD_English-EWT,47,0.75,12,6,1.2450491948314486,0.42287024643224663,1.9963797369669913,0.638183237458893,3
UD_English-EWT,47,0.75,12,7,1.2919257447422092,0.4462503400276702,1.656303998035377,0.5826809310400095,3
UD_English-EWT,47,0.75,12,8,1.8677345621509847,0.6300830660024844,2.3738735770375787,0.4833058016968446,3
UD_English-EWT,47,0.75,12,9,1.9394461893644488,0.6594530265025101,2.15052296321683,0.3687602884402475,3
UD_English-EWT,47,0.75,12,10,1.8299414876488822,0.6189559865573282,2.4243738306567533,0.5147864000637674,3
UD_English-EWT,47,0.75,12,11,1.4733565693588855,0.49127307837533823,2.081427241582254,0.5705771858384918,3
UD_English-EWT,47,0.75,12,12,1.3346743911151895,0.4464785180619506,2.07990548074354,0.6146719997209278,3
UD_English-EWT,47,0.75,12,13,1.8874041422088723,0.6339260324537211,2.353087583037673,0.46933486611533143,3
UD_English-EWT,47,0.75,12,14,1.5424406789718212,0.5159164555099384,2.157742870445677,0.5535000426684572,3
UD_English-EWT,47,0.75,12,15,1.2259755639837737,0.414455275371915,2.054145387110923,0.6455105586428677,3
UD_English-EWT,47,0.75,12,16,0.8612864580419329,0.295456632415345,1.3498160976285491,0.6983457665300108,3
UD_English-EWT,47,0.75,12,17,1.4072152702561926,0.4661100188470386,2.1649464619344267,0.6090864935221459,3
UD_English-EWT,47,0.75,12,18,1.2480278322252636,0.4260341955827234,1.9148808932695234,0.6176752085934897,3
UD_English-EWT,47,0.75,12,19,1.5772299360219246,0.5369242075932482,1.9346245882289657,0.5069145952268267,3
UD_English-EWT,47,0.75,12,20,1.9735992222155812,0.6761171002829878,2.2594607561446716,0.40268283186035947,3
UD_English-EWT,47,0.75,12,21,1.5600274185936742,0.5296631425429129,1.963025934654941,0.493733019959894,3
UD_English-EWT,47,0.75,12,22,1.2541419628783654,0.4276889435309095,1.9948010063833659,0.6304843813615201,3
UD_English-EWT,47,0.75,12,23,0.49446506755178854,0.16470763694328716,1.6247115530317924,0.8320712608527834,3
UD_English-EWT,47,0.75,12,24,1.9587171675403263,0.6786823358474967,2.050739036394599,0.3411234011042368,3
UD_English-EWT,47,0.75,12,25,1.7711101269624272,0.5980878291288577,2.1283934718652717,0.46414564550601506,3
UD_English-EWT,47,0.75,12,26,1.2164573093743922,0.418168221537587,1.338252872920753,0.5118754069322554,3
UD_English-EWT,47,0.75,12,27,1.781386144337107,0.6176597054891682,1.8914079858305677,0.3556939797011121,3
UD_English-EWT,47,0.75,12,28,1.2761908045177686,0.4316102199677127,1.7874002990826883,0.5910421631592436,3
UD_English-EWT,47,0.75,12,29,1.1105253067824359,0.37891865433456684,1.6462437011885076,0.6270063353230827,3
UD_English-EWT,47,0.75,12,30,1.523479966735145,0.5067291665272634,2.2168783235799636,0.5689331067552983,3
UD_English-EWT,47,0.75,12,31,1.9672296451903433,0.6763527858832713,2.0264997316731344,0.2637737230932126,3
UD_English-EWT,47,0.75,13,0,1.6338072539678687,0.5662538704813503,1.817445969158183,0.4421846232765468,3
UD_English-EWT,47,0.75,13,1,1.5406639496159684,0.5295550876275004,1.992971627031519,0.5221822255838982,3
UD_English-EWT,47,0.75,13,2,1.6763720243137825,0.5672729908877167,2.061197146746196,0.47246395803322994,3
UD_English-EWT,47,0.75,13,3,1.472021648114062,0.5059132075958456,2.01349269616365,0.5628579515753439,3
UD_English-EWT,47,0.75,13,4,1.6502616948877311,0.5581457779924291,1.947833249857734,0.4385398381164056,3
UD_English-EWT,47,0.75,13,5,1.8725189093792156,0.6434621245401805,1.9959589815367769,0.36757974186148795,3
UD_English-EWT,47,0.75,13,6,1.0170389112689022,0.35397304804191565,1.382385657757575,0.6369437440374836,3
UD_English-EWT,47,0.75,13,7,1.357306131492547,0.45735499868084606,1.9413315559616942,0.5818718152972301,3
UD_English-EWT,47,0.75,13,8,1.8304789811644182,0.6301163553594457,1.9272980733430234,0.32052547840201356,3
UD_English-EWT,47,0.75,13,9,1.5331003171118667,0.5107052110963397,2.2323449371833832,0.573133556134931,3
UD_English-EWT,47,0.75,13,10,1.7616884806388498,0.5978543783091891,2.1719677707210914,0.4743772121672205,3
UD_English-EWT,47,0.75,13,11,0.7503193467855453,0.25839412253085386,1.2399485737139626,0.6725429599538093,3
UD_English-EWT,47,0.75,13,12,1.710745052073171,0.5940008557423652,1.8592355318082487,0.39804228284618465,3
UD_English-EWT,47,0.75,13,13,1.8105554061454938,0.616358211633829,2.3234059744411044,0.48972040084351826,3
UD_English-EWT,47,0.75,13,14,1.1891731720668806,0.40715468632148916,2.009334446763949,0.6619352791967288,3
UD_English-EWT,47,0.75,13,15,0.6089139947216476,0.20021669650094107,1.718087637400041,0.797363424982421,3
UD_English-EWT,47,0.75,13,16,2.1901211199538957,0.748990466509469,2.3897486308993323,0.3320762174872373,3
UD_English-EWT,47,0.75,13,17,2.1010723827586584,0.7151558204996782,2.1160803984423153,0.1922300376849612,3
UD_English-EWT,47,0.75,13,18,1.682475407823296,0.5719349993382646,2.064191380322305,0.45268034102066074,3
UD_English-EWT,47,0.75,13,19,1.509075037714345,0.5148536952276915,1.7016625929834195,0.4333608183731581,3
UD_English-EWT,47,0.75,13,20,1.1865368086729327,0.4039622008230517,1.9892329560331525,0.6532068794189473,3
UD_English-EWT,47,0.75,13,21,1.3549989401371318,0.45731768233935693,2.0330493569862647,0.5931279682274399,3
UD_English-EWT,47,0.75,13,22,1.8776026975858844,0.6373936207812341,2.2609415272003095,0.4486892322902796,3
UD_English-EWT,47,0.75,13,23,1.150344589586032,0.39990000354841976,1.1549815163966302,0.29785351477264815,3
UD_English-EWT,47,0.75,13,24,1.4329509561124827,0.49463493644322637,1.57162707859484,0.4999900730649087,3
UD_English-EWT,47,0.75,13,25,1.3408039909107219,0.46609752265590565,1.8478931163069545,0.5508170633327439,3
UD_English-EWT,47,0.75,13,26,1.3045488964420198,0.44762482369260925,1.9719861333270325,0.5962911866985275,3
UD_English-EWT,47,0.75,13,27,1.627470281280455,0.546540511015443,2.228048806904878,0.5479292211433252,3
UD_English-EWT,47,0.75,13,28,1.2224771643298353,0.42390743679687626,1.8830748683550753,0.6137579933406009,3
UD_English-EWT,47,0.75,13,29,1.3075031239152606,0.45467193039280035,1.3536242865202421,0.4525571993750627,3
UD_English-EWT,47,0.75,13,30,1.6632066128032454,0.5601034706054707,2.1054867910177113,0.4894135871220156,3
UD_English-EWT,47,0.75,13,31,1.6314411262942576,0.5555002332167982,2.2275611878744237,0.5431590955670522,3
UD_English-EWT,47,0.75,14,0,1.689213749598067,0.5859648642182784,1.530005604272983,0.23692248682262465,3
UD_English-EWT,47,0.75,14,1,1.2123706034081012,0.4217136018317471,1.1392605597855614,0.31251813357658614,3
UD_English-EWT,47,0.75,14,2,1.5582373497264632,0.5350996189511539,1.866443375963548,0.46508962773668744,3
UD_English-EWT,47,0.75,14,3,1.5568614682701767,0.5273630491683501,1.9896594054440548,0.5112576610892197,3
UD_English-EWT,47,0.75,14,4,1.5764501487296787,0.5351666706005189,2.10048073299487,0.5285197286501879,3
UD_English-EWT,47,0.75,14,5,1.973446314424982,0.6749707729655755,2.292817196559385,0.4239781604153537,3
UD_English-EWT,47,0.75,14,6,0.683374259753224,0.23139239062227732,1.645984133301754,0.7623714692008517,3
UD_English-EWT,47,0.75,14,7,0.8098627981850249,0.2828947980099363,0.6384488460226138,0.255022070653913,3
UD_English-EWT,47,0.75,14,8,1.3664060054526737,0.4616238745998164,1.9851555186976935,0.5977111046146499,3
UD_English-EWT,47,0.75,14,9,1.6559191465323524,0.5677550576206548,1.933378977283754,0.42535260805897485,3
UD_English-EWT,47,0.75,14,10,0.8388293684614595,0.2846438108429394,1.734584362420825,0.7384948724293862,3
UD_English-EWT,47,0.75,14,11,1.7565230330645711,0.5944994167986246,2.1972755854355612,0.48058956221614596,3
UD_English-EWT,47,0.75,14,12,1.4592324128757843,0.487646920888096,2.075640539192545,0.568015452420071,3
UD_English-EWT,47,0.75,14,13,1.0894548291771355,0.3689330127191999,1.7572071184497495,0.6602161300516194,3
UD_English-EWT,47,0.75,14,14,1.709924127506211,0.5934362872647893,1.6853473479087668,0.28456029039086644,3
UD_English-EWT,47,0.75,14,15,1.7216278271705512,0.585298203664725,2.087455673133089,0.4864741887469761,3
UD_English-EWT,47,0.75,14,16,1.728136695256433,0.5830272698472975,2.0648441205313515,0.43226907601434134,3
UD_English-EWT,47,0.75,14,17,1.5185188162929373,0.5128195503750351,2.08572438101408,0.5499852035255706,3
UD_English-EWT,47,0.75,14,18,1.1556531938101642,0.3969070481540184,1.6951283142377769,0.6242033779376843,3
UD_English-EWT,47,0.75,14,19,1.6509235608637443,0.5594312688692019,2.092634063437988,0.4997069243280614,3
UD_English-EWT,47,0.75,14,20,1.9304225798730208,0.6673818693270666,1.9651382969648241,0.2826448303760998,3
UD_English-EWT,47,0.75,14,21,1.6340882231113254,0.5539918477309423,2.0678459574453165,0.4910102475074905,3
UD_English-EWT,47,0.75,14,22,1.3585966548904478,0.47259801125428713,1.4236903032372776,0.4668363991968727,3
UD_English-EWT,47,0.75,14,23,1.670353653978129,0.5673647458056066,2.060991726557848,0.4956478810409433,3
UD_English-EWT,47,0.75,14,24,1.2888009278799233,0.4469535217869803,1.8281393269643538,0.594537563038437,3
UD_English-EWT,47,0.75,14,25,1.6049964421705252,0.5425353371326173,1.9695043339918221,0.5065045222802892,3
UD_English-EWT,47,0.75,14,26,1.2988633349374996,0.4382347946338532,1.8042267309891937,0.5828627537671335,3
UD_English-EWT,47,0.75,14,27,1.7337408537530292,0.5852183511443368,2.234375977179609,0.49482949135082016,3
UD_English-EWT,47,0.75,14,28,1.2687871910645228,0.4299772185203916,2.018841530320206,0.6241196052108523,3
UD_English-EWT,47,0.75,14,29,1.8894147395761938,0.6462456020501142,2.077302341062732,0.36050387488538993,3
UD_English-EWT,47,0.75,14,30,1.589786393666311,0.5466721325515614,2.068965574132723,0.5219725748703888,3
UD_English-EWT,47,0.75,14,31,1.3859457843996354,0.4729811581214703,1.7302729108783066,0.5552337111291121,3
UD_English-EWT,47,0.75,15,0,0.8732540652915862,0.28931448891935346,1.795657298006864,0.7279871667248412,3
UD_English-EWT,47,0.75,15,1,1.5115077967309343,0.5099324911344246,1.943689190651984,0.5401817813841371,3
UD_English-EWT,47,0.75,15,2,2.275755351358424,0.7753439034812003,2.3798132221772588,0.25454743282160364,3
UD_English-EWT,47,0.75,15,3,1.0901969729334062,0.37816258384176077,1.6811033134469133,0.6350114582232004,3
UD_English-EWT,47,0.75,15,4,1.2999860926349742,0.44048471467226796,1.9425835362169044,0.6102428620643846,3
UD_English-EWT,47,0.75,15,5,1.3727978893805073,0.4676447459555932,1.637536891795464,0.4775937210788818,3
UD_English-EWT,47,0.75,15,6,1.6850766778697952,0.5686397831920935,2.17114560246359,0.5177544495107806,3
UD_English-EWT,47,0.75,15,7,1.7952526494562084,0.6172291687358924,2.0435392178852916,0.4107730242954686,3
UD_English-EWT,47,0.75,15,8,1.6282168210964167,0.5499959439582077,2.2164020645542437,0.5389828411879218,3
UD_English-EWT,47,0.75,15,9,2.2567402977761026,0.7818201392726168,2.199414957579368,0.10163344791284568,3
UD_English-EWT,47,0.75,15,10,1.8772941656777116,0.6407687040436029,2.3322709805327033,0.4660935032915982,3
UD_English-EWT,47,0.75,15,11,0.7446616740391772,0.2631712642333764,0.6557362805814474,0.05617714258129683,3
UD_English-EWT,47,0.75,15,12,0.6634694138212717,0.22539675364335268,0.9560421808929825,0.7600095216829486,3
UD_English-EWT,47,0.75,15,13,1.3488253400557573,0.4505596345524645,2.0349549837885443,0.6000898072533377,3
UD_English-EWT,47,0.75,15,14,1.5909293897870675,0.5467785220789997,1.7602196689729048,0.3978404966547732,3
UD_English-EWT,47,0.75,15,15,0.6629824049309412,0.21610591808530777,1.7319481747533672,0.7835305053163965,3
UD_English-EWT,47,0.75,15,16,1.655984445266385,0.5769182809769346,1.840732306296274,0.4171079966987743,3
UD_English-EWT,47,0.75,15,17,1.1960616548204683,0.40932690953404965,1.9095414254291896,0.6505283640124216,3
UD_English-EWT,47,0.75,15,18,1.141848913415968,0.38894805774255525,1.955096606022673,0.6658355042012664,3
UD_English-EWT,47,0.75,15,19,1.5619059620876348,0.5308875427844312,2.0192528288058242,0.5212346595968161,3
UD_English-EWT,47,0.75,15,20,1.513537558592951,0.5124515713089042,2.137190662148003,0.5635251817047487,3
UD_English-EWT,47,0.75,15,21,1.5573378289169302,0.5378828154832722,1.6164654935752543,0.39298844604815725,3
UD_English-EWT,47,0.75,15,22,1.1913596195031386,0.40685735184882504,1.7662802292458128,0.6166648094784909,3
UD_English-EWT,47,0.75,15,23,1.9662050804859519,0.672627989983081,2.297909660960373,0.42285195701434963,3
UD_English-EWT,47,0.75,15,24,1.5535971539566642,0.5229726926795121,1.9638055032068262,0.5013447280138569,3
UD_English-EWT,47,0.75,15,25,1.2281520309126877,0.42776595837757236,1.5117247521823005,0.5649269436348657,3
UD_English-EWT,47,0.75,15,26,1.5132287467383732,0.5251626489320956,1.440938351258554,0.3499341795020796,3
UD_English-EWT,47,0.75,15,27,1.3326886165581766,0.4466916999944192,1.9490614818690688,0.5938296457023134,3
UD_English-EWT,47,0.75,15,28,1.3936481840623534,0.47943673569213713,1.808253302491645,0.5492622090574822,3
UD_English-EWT,47,0.75,15,29,1.920164491580918,0.6492262001544616,2.329915044846213,0.4540125566902817,3
UD_English-EWT,47,0.75,15,30,1.3376400905418702,0.45090882554786016,1.9872239493987165,0.5968835728551738,3
UD_English-EWT,47,0.75,15,31,1.4314033481782686,0.4862351490011632,1.74721915658923,0.47119906759110086,3
UD_English-EWT,47,0.75,16,0,0.7732934341893171,0.263079139877294,1.8044886985736033,0.7603532983251391,3
UD_English-EWT,47,0.75,16,1,1.019479219162182,0.35246097331422166,1.5553008493965657,0.6605902254744306,3
UD_English-EWT,47,0.75,16,2,1.6155329179188376,0.5562354400482551,1.7778971989406696,0.3801518764197555,3
UD_English-EWT,47,0.75,16,3,1.913270512239529,0.6530723342967164,2.1409080891661305,0.36223790272798917,3
UD_English-EWT,47,0.75,16,4,1.7263661486339263,0.5846621104955456,1.9672080997940837,0.3908901443952637,3
UD_English-EWT,47,0.75,16,5,1.4362403457078452,0.47967803920322316,1.9846385671792788,0.554177935532072,3
UD_English-EWT,47,0.75,16,6,2.3145098456593813,0.7869315817816444,2.410288039018113,0.22059449656121774,3
UD_English-EWT,47,0.75,16,7,1.5091648783622977,0.5175157065871417,1.828394125828109,0.4691439949396747,3
UD_English-EWT,47,0.75,16,8,1.0150039753518687,0.3514104717443332,1.745154172534934,0.676003917047452,3
UD_English-EWT,47,0.75,16,9,1.5897105057708554,0.5385655015096312,2.0036009261842636,0.4947575564633628,3
UD_English-EWT,47,0.75,16,10,1.3872405035736783,0.4709458530749888,2.0257837019168616,0.5783716545445347,3
UD_English-EWT,47,0.75,16,11,1.5987596022463888,0.5529581919746756,1.855997406475531,0.419686109492579,3
UD_English-EWT,47,0.75,16,12,1.3374150594346943,0.45740832252689184,1.9227204181403195,0.580595562000418,3
UD_English-EWT,47,0.75,16,13,1.504017914280648,0.5058565962862881,1.9179802982370708,0.5042376902585473,3
UD_English-EWT,47,0.75,16,14,1.5937249854288467,0.5525584625714681,1.4353857759135236,0.26796037171083503,3
UD_English-EWT,47,0.75,16,15,1.6147435148719882,0.5549642903041535,2.032641885927683,0.4767425500250036,3
UD_English-EWT,47,0.75,16,16,1.4700063556867002,0.5086074542450992,1.742048348993986,0.4727341407716599,3
UD_English-EWT,47,0.75,16,17,1.3591650553685504,0.4695134383163166,1.5801173152167942,0.41309692927777003,3
UD_English-EWT,47,0.75,16,18,1.3275949243720764,0.44734186240096996,2.124561625615929,0.6263713209138325,3
UD_English-EWT,47,0.75,16,19,1.0529669251951146,0.36369375232437484,1.0686084365774156,0.49375595109628856,3
UD_English-EWT,47,0.75,16,20,2.0013103525006706,0.692549198608038,2.2047285600980993,0.36049094315082214,3
UD_English-EWT,47,0.75,16,21,1.5137374969725184,0.5250212321624513,1.574237820554952,0.40925576403492786,3
UD_English-EWT,47,0.75,16,22,1.488976179712023,0.5176240417610969,1.3486302789768887,0.2747404819595303,3
UD_English-EWT,47,0.75,16,23,1.2430072305333855,0.4139988931041814,2.0006227524499858,0.6355761848525815,3
UD_English-EWT,47,0.75,16,24,1.1700045558571381,0.40739043875307335,1.7788802828836527,0.6082627369576085,3
UD_English-EWT,47,0.75,16,25,0.6250922732540357,0.20877920397691332,1.6422825446912175,0.792842101624646,3
UD_English-EWT,47,0.75,16,26,1.277628218704234,0.43770184070686174,1.9828941151364035,0.6204716532553914,3
UD_English-EWT,47,0.75,16,27,0.8520144199467313,0.286963486507915,1.6688298221765754,0.7235519983390098,3
UD_English-EWT,47,0.75,16,28,0.8407532350704726,0.2754197731853305,1.8059015222850556,0.742175041346765,3
UD_English-EWT,47,0.75,16,29,1.1991573281192605,0.41094399657514363,1.9037782482545016,0.6307571911692402,3
UD_English-EWT,47,0.75,16,30,1.344814387854114,0.46538430712913553,1.4744747896392054,0.3557574639269889,3
UD_English-EWT,47,0.75,16,31,1.8967785662369216,0.6473875251108397,2.1925504919826877,0.42868451852833206,3
UD_English-EWT,47,0.75,17,0,1.6922348536320289,0.5779769646855435,2.0161601447776802,0.4569658003611751,3
UD_English-EWT,47,0.75,17,1,1.4693435921667921,0.4980164313984048,2.126501150687101,0.5923734247983045,3
UD_English-EWT,47,0.75,17,2,0.9461131184370357,0.32824253223375005,1.4239617775589608,0.6291367868351697,3
UD_English-EWT,47,0.75,17,3,1.4560041288371945,0.5057007214546421,1.6517448874770617,0.47257988032747483,3
UD_English-EWT,47,0.75,17,4,1.405510859872691,0.4850186578563002,1.8844579176498895,0.5714933322725617,3
UD_English-EWT,47,0.75,17,5,1.7532744875859692,0.6018304602397379,1.9932240753660218,0.43354528617853455,3
UD_English-EWT,47,0.75,17,6,1.3995417924038047,0.482371147036661,1.7621992547166805,0.53651788846364,3
UD_English-EWT,47,0.75,17,7,0.935063066731168,0.3189643028383915,1.7685922508845564,0.7191221868188439,3
UD_English-EWT,47,0.75,17,8,1.668583727300927,0.5670771818465549,1.8889110012349752,0.44984395321601073,3
UD_English-EWT,47,0.75,17,9,0.8632585411155104,0.28961466512183076,1.7330840597767214,0.740479823249394,3
UD_English-EWT,47,0.75,17,10,1.479284602259786,0.49900430491116093,1.9897845404287071,0.5275940835706631,3
UD_English-EWT,47,0.75,17,11,0.6491193420920379,0.2177991501627344,1.741975638533659,0.8180183684809612,3
UD_English-EWT,47,0.75,17,12,0.9822511017078259,0.33723600432344586,1.8987775223638408,0.7175451335861927,3
UD_English-EWT,47,0.75,17,13,1.199934455228525,0.410667604293491,1.5082741821072794,0.44449283340046747,3
UD_English-EWT,47,0.75,17,14,1.5243067977261238,0.5310099437452839,1.6648978177858398,0.4449095427582824,3
UD_English-EWT,47,0.75,17,15,1.6067709140275996,0.5498320650858957,1.7795749550417257,0.36953451960790357,3
UD_English-EWT,47,0.75,17,16,1.078843650216396,0.37556462842150024,1.5950861031729016,0.6184194675546635,3
UD_English-EWT,47,0.75,17,17,0.9672043772858783,0.3319933258322744,1.829470662824226,0.715399501672208,3
UD_English-EWT,47,0.75,17,18,1.2004912271688546,0.4043919296972522,1.8267653571994795,0.6125178797296053,3
UD_English-EWT,47,0.75,17,19,1.5189719505214516,0.5218491251079981,1.9634598973996,0.528892818736574,3
UD_English-EWT,47,0.75,17,20,1.1505449328483346,0.38653122395521305,1.9317840537792563,0.6646031024874288,3
UD_English-EWT,47,0.75,17,21,1.1371789569194635,0.3923685625670495,1.7060701487168588,0.6470552885358668,3
UD_English-EWT,47,0.75,17,22,0.9742533931668121,0.3365341867634073,1.1189930409953026,0.509870220124993,3
UD_English-EWT,47,0.75,17,23,1.3123576723324144,0.4580199419637847,1.943792241681469,0.6005390876724311,3
UD_English-EWT,47,0.75,17,24,1.702685077795131,0.5894646612835711,1.903420788234266,0.36370070931079285,3
UD_English-EWT,47,0.75,17,25,0.66158684336314,0.21617800373081897,1.6796486924295542,0.7871195788415513,3
UD_English-EWT,47,0.75,17,26,0.8701189325847586,0.28893750247788125,1.9854349665113051,0.7639624484982647,3
UD_English-EWT,47,0.75,17,27,0.9152466772032565,0.3088070256482871,1.7911480895238496,0.7256974641552606,3
UD_English-EWT,47,0.75,17,28,1.8788476853694203,0.6409205316085851,2.224261223889874,0.4442150588257608,3
UD_English-EWT,47,0.75,17,29,1.030071278874557,0.34997346917869615,1.5116514155882086,0.6551413643623419,3
UD_English-EWT,47,0.75,17,30,1.214141120750776,0.40962926564035845,1.8494016793310533,0.6103453772627699,3
UD_English-EWT,47,0.75,17,31,1.1039814881722567,0.37464363010556107,1.9284211155603928,0.6734385347241479,3
UD_English-EWT,47,0.75,18,0,1.0735108673382543,0.3734794500502732,1.9010060521857117,0.6867954650442565,3
UD_English-EWT,47,0.75,18,1,0.8684486508953007,0.2952260902738419,1.7783435710955189,0.7449070108012857,3
UD_English-EWT,47,0.75,18,2,0.9874258443224626,0.34448508135906547,1.279301070477576,0.6436270202471042,3
UD_English-EWT,47,0.75,18,3,0.6723050162236873,0.2271711984293057,1.705707647754575,0.7923259617988094,3
UD_English-EWT,47,0.75,18,4,1.8926057208376939,0.6437243872300088,2.206276946597629,0.39478989441171697,3
UD_English-EWT,47,0.75,18,5,1.1477432607898728,0.397920040335703,1.1937444586788588,0.5115142437563241,3
UD_English-EWT,47,0.75,18,6,1.2089716509554556,0.4154825654077617,1.9955885263197193,0.6468957204215622,3
UD_English-EWT,47,0.75,18,7,1.0760187735078766,0.3703073835736633,1.528789351519557,0.6399031389972877,3
UD_English-EWT,47,0.75,18,8,0.5119362371941462,0.16818565621680304,1.5315340534734705,0.8303391714537947,3
UD_English-EWT,47,0.75,18,9,1.5610690095982698,0.5327118391167706,2.0986909402198477,0.5441777692371487,3
UD_English-EWT,47,0.75,18,10,1.3873333710166058,0.4738529963802227,1.9214896617257093,0.5410125015781877,3
UD_English-EWT,47,0.75,18,11,0.8932910622292637,0.296129743388781,1.871932348144836,0.7489405956275368,3
UD_English-EWT,47,0.75,18,12,1.0513153173952263,0.3506995432268835,1.8896439629717168,0.6899512338304454,3
UD_English-EWT,47,0.75,18,13,1.0325648678103647,0.35343273351806975,1.5145160097676331,0.6647525969451676,3
UD_English-EWT,47,0.75,18,14,1.3422436431756004,0.45884764056740995,1.8159202411635107,0.5745322181146002,3
UD_English-EWT,47,0.75,18,15,1.0893767902556337,0.36470759350921833,2.0012237978166136,0.6964805977510625,3
UD_English-EWT,47,0.75,18,16,0.6869602820925916,0.2316411487853158,1.4490209080971006,0.7686092026925261,3
UD_English-EWT,47,0.75,18,17,0.44143500330710345,0.14813704578670758,1.5559738550016247,0.84010165422232,3
UD_English-EWT,47,0.75,18,18,0.7758464981990109,0.2628570093259297,1.5080868679697614,0.7487810722710005,3
UD_English-EWT,47,0.75,18,19,0.6630394729685533,0.21888195295293963,1.7775522621046542,0.7937740157400759,3
UD_English-EWT,47,0.75,18,20,0.6335169081398048,0.2147728464445727,1.7377115139815758,0.8055876959759898,3
UD_English-EWT,47,0.75,18,21,1.1597924995997781,0.3966644821732639,1.8772253250815176,0.6600028974273817,3
UD_English-EWT,47,0.75,18,22,1.219829540659007,0.4130286135946575,1.7597800908247194,0.6296990946925946,3
UD_English-EWT,47,0.75,18,23,1.286416820001081,0.4435108425214425,1.7184317629031145,0.5316481844120012,3
UD_English-EWT,47,0.75,18,24,0.8474131904556018,0.2858205768457853,1.7586124655001802,0.7453906376708727,3
UD_English-EWT,47,0.75,18,25,0.7665246394352617,0.25192777256401616,1.8574283031139434,0.7770747736856368,3
UD_English-EWT,47,0.75,18,26,1.3674840591644328,0.47263604374721185,1.7875188420813375,0.5617837645317035,3
UD_English-EWT,47,0.75,18,27,1.1249485581651846,0.38842348835833085,1.8557851113419714,0.6707206966392764,3
UD_English-EWT,47,0.75,18,28,1.7346803196086693,0.5972988002802939,2.1073455576579643,0.4779740433413909,3
UD_English-EWT,47,0.75,18,29,0.516883508398966,0.17460812292212724,1.715209739985036,0.8433863106701108,3
UD_English-EWT,47,0.75,18,30,1.1769137923726183,0.4094091273152112,1.3514961159240135,0.4533426267636061,3
UD_English-EWT,47,0.75,18,31,1.1544616545104374,0.395093213855026,1.682394492577334,0.5807915556300532,3
UD_English-EWT,47,0.75,19,0,0.9083148075067498,0.31500762500859564,1.60791680214075,0.6912433406938621,3
UD_English-EWT,47,0.75,19,1,1.692475154317359,0.5822866318411514,1.9521186567286541,0.45351050268241183,3
UD_English-EWT,47,0.75,19,2,1.3079579263274135,0.45622496610890756,1.464492647401405,0.49829877792893207,3
UD_English-EWT,47,0.75,19,3,0.5762422665044367,0.18911663955501626,1.6362318331698031,0.8168423883006222,3
UD_English-EWT,47,0.75,19,4,1.1170053234652961,0.38357223781378763,2.119100070689111,0.7006233351233878,3
UD_English-EWT,47,0.75,19,5,1.4664329902450461,0.5051076662385724,2.000912242682688,0.5484895307591052,3
UD_English-EWT,47,0.75,19,6,0.7929304624264737,0.2624654446122913,1.7649209207850076,0.7623866338398179,3
UD_English-EWT,47,0.75,19,7,0.7991616586002713,0.2708869719460525,1.7877581332876382,0.7749729957194059,3
UD_English-EWT,47,0.75,19,8,0.7644013747172549,0.2540283009667757,1.7119204811005426,0.7593804999629548,3
UD_English-EWT,47,0.75,19,9,0.5586134472383502,0.18441988596224476,1.4902119156115692,0.8165465386648864,3
UD_English-EWT,47,0.75,19,10,0.6869166573960817,0.23255124421474713,1.5427192874890643,0.787607325203649,3
UD_English-EWT,47,0.75,19,11,0.7705654008670257,0.25523278326515403,1.840663105914393,0.7786205130440941,3
UD_English-EWT,47,0.75,19,12,1.3144739085099302,0.457913571246009,1.2702774042585945,0.3645604251729552,3
UD_English-EWT,47,0.75,19,13,1.790174749678167,0.6133935231518658,2.080951542096494,0.43434561664859456,3
UD_English-EWT,47,0.75,19,14,0.9640550329901264,0.331027180641781,1.7340970932623077,0.7150719117624295,3
UD_English-EWT,47,0.75,19,15,1.322262970123352,0.45634218918766917,1.7024863547151856,0.5567308572784256,3
UD_English-EWT,47,0.75,19,16,2.032481104732646,0.7056698072396341,2.0191785813137915,0.17779544294762592,3
UD_English-EWT,47,0.75,19,17,0.47172269504347675,0.15732677233403713,1.3668556597579153,0.8212273399225133,3
UD_English-EWT,47,0.75,19,18,1.3030781237126916,0.4377538571320813,2.1574988914263487,0.6528957142190963,3
UD_English-EWT,47,0.75,19,19,0.9263514290429747,0.31437956832539293,1.7780399092885315,0.7230757463770919,3
UD_English-EWT,47,0.75,19,20,0.5449095452696302,0.18568135307209466,1.5578114386030453,0.8057996793115726,3
UD_English-EWT,47,0.75,19,21,0.7210373638811877,0.2454954796659002,1.5827542310529719,0.7754593825541125,3
UD_English-EWT,47,0.75,19,22,0.9877188693467386,0.33781148073940326,1.7674175278030892,0.698468282689868,3
UD_English-EWT,47,0.75,19,23,1.230445473490517,0.4167862819857176,2.096777756411738,0.6679457769829286,3
UD_English-EWT,47,0.75,19,24,1.4884186013311638,0.5076866102538907,2.0891993413314576,0.5675073022630154,3
UD_English-EWT,47,0.75,19,25,0.7845712512161563,0.2691303832534504,1.5798723022631609,0.7502542073093693,3
UD_English-EWT,47,0.75,19,26,0.6843753205968546,0.2273823616038906,1.8048359848328193,0.8049025749465373,3
UD_English-EWT,47,0.75,19,27,1.3682058749140287,0.4722145381629576,1.8114805259014088,0.5677387458908427,3
UD_English-EWT,47,0.75,19,28,0.895726867237269,0.30121518432320465,1.906913838086341,0.7457375334056674,3
UD_English-EWT,47,0.75,19,29,0.9904547597134048,0.34039744351378126,1.4373879694602094,0.6341654499263277,3
UD_English-EWT,47,0.75,19,30,0.6139616168431518,0.2040112564579426,1.859533148276567,0.8264051431515177,3
UD_English-EWT,47,0.75,19,31,1.2841455910443065,0.43350632885006174,1.9207788367089027,0.6032502587565741,3
UD_English-EWT,47,0.75,20,0,0.888718813019915,0.3099567924502335,1.18443762992792,0.5680700710250272,3
UD_English-EWT,47,0.75,20,1,0.7094067957435475,0.24092118186920283,1.6666559198352158,0.7945478002936027,3
UD_English-EWT,47,0.75,20,2,0.812093254185548,0.27833690718223486,1.7202196280134399,0.7592334726957676,3
UD_English-EWT,47,0.75,20,3,1.0691201385850244,0.3699348222511822,1.6041799788320867,0.613814143216295,3
UD_English-EWT,47,0.75,20,4,1.338898965271227,0.4667771806455267,1.863980669874311,0.5631897316902931,3
UD_English-EWT,47,0.75,20,5,1.060293545427381,0.35998063902955885,1.9019417441254973,0.682077415932126,3
UD_English-EWT,47,0.75,20,6,1.3529641260486267,0.46016600793855217,1.6249575064753357,0.5395125011711607,3
UD_English-EWT,47,0.75,20,7,1.3125963236844822,0.4398595527940869,2.057637842952228,0.6347836367921643,3
UD_English-EWT,47,0.75,20,8,0.7837112604730333,0.2676828505067606,1.6592825717124784,0.7631852115709709,3
UD_English-EWT,47,0.75,20,9,1.1025393072156089,0.3763536929012105,1.745136816644929,0.6631012318048538,3
UD_English-EWT,47,0.75,20,10,0.7931735538665498,0.27045497010870817,1.820279870759051,0.7830507117705267,3
UD_English-EWT,47,0.75,20,11,1.2229840921302528,0.4224215279619985,1.5924605358873778,0.49559995922207395,3
UD_English-EWT,47,0.75,20,12,1.129686027018859,0.3844049465969775,1.8522209647249002,0.6449563341564711,3
UD_English-EWT,47,0.75,20,13,1.1282322547094852,0.38888898436896135,1.5219335816054178,0.5907003913882217,3
UD_English-EWT,47,0.75,20,14,0.6545281111922637,0.21327571796833492,1.8142981533442908,0.8129813943417888,3
UD_English-EWT,47,0.75,20,15,1.0850781464240156,0.3696665412361287,1.7435264808884083,0.6492755062647422,3
UD_English-EWT,47,0.75,20,16,0.975509345042901,0.3311216685384892,1.6736354727996936,0.7063289109502117,3
UD_English-EWT,47,0.75,20,17,0.6441730223256816,0.21089830508503135,1.8982907837504464,0.8227048657753103,3
UD_English-EWT,47,0.75,20,18,1.5732999665761038,0.5361946284675967,2.11032990177581,0.5265689816848393,3
UD_English-EWT,47,0.75,20,19,0.6913228322546555,0.2336892610269926,1.5723988913501763,0.788425878843866,3
UD_English-EWT,47,0.75,20,20,1.5162960058027277,0.5211823617662888,1.8031532624380187,0.43268629199806563,3
UD_English-EWT,47,0.75,20,21,1.705293713697319,0.5841991692401455,2.1678178971311,0.4875813532749595,3
UD_English-EWT,47,0.75,20,22,1.188036783145425,0.39733436529292215,2.0549811359311714,0.6877037712079362,3
UD_English-EWT,47,0.75,20,23,0.7734254383378558,0.2616174964196912,1.7982774731891402,0.7723151114387591,3
UD_English-EWT,47,0.75,20,24,0.8623041296428671,0.29608656017818846,1.7546013402319998,0.7374552722294258,3
UD_English-EWT,47,0.75,20,25,0.8923129808558032,0.30402992824211256,1.9266740532086413,0.7569876593590217,3
UD_English-EWT,47,0.75,20,26,0.7824665538030243,0.2658211471604519,1.49552924950049,0.7500839592627706,3
UD_English-EWT,47,0.75,20,27,0.6930710131027659,0.23410465586964443,1.6441737771007097,0.7978240415888189,3
UD_English-EWT,47,0.75,20,28,1.109271686300228,0.3834873408499854,1.441414108041857,0.5108325659265175,3
UD_English-EWT,47,0.75,20,29,0.7279764669514744,0.24787722873028184,1.6761638288180902,0.7948328122659459,3
UD_English-EWT,47,0.75,20,30,1.0447129588200965,0.36386232443479566,1.4178083472781708,0.5479718280416694,3
UD_English-EWT,47,0.75,20,31,1.2998393341518926,0.43817926187896067,2.178693512586948,0.6405446975405424,3
UD_English-EWT,47,0.75,21,0,1.0784113425184685,0.3736340111878129,1.9926578251607647,0.694795604503437,3
UD_English-EWT,47,0.75,21,1,0.6329312958976828,0.2156966566455929,1.6103780519604032,0.818666278623818,3
UD_English-EWT,47,0.75,21,2,0.6091690599334805,0.20889894804410056,1.7739387068673562,0.8283641217293418,3
UD_English-EWT,47,0.75,21,3,0.6308749428592311,0.2118066967361503,1.7452052187832763,0.8126444780761428,3
UD_English-EWT,47,0.75,21,4,0.7616120034350398,0.25712109413439027,1.7511269114979413,0.7853178615751379,3
UD_English-EWT,47,0.75,21,5,0.5703574147122914,0.19190648805607916,1.7129995611603144,0.8458017028854626,3
UD_English-EWT,47,0.75,21,6,0.4370247377150562,0.1445020400547509,1.6940345522932343,0.8704863672970857,3
UD_English-EWT,47,0.75,21,7,0.8055409049048666,0.27403921768992107,1.8158411688709084,0.7673597917204997,3
UD_English-EWT,47,0.75,21,8,0.749715125178053,0.2597422303024591,1.6131284957809309,0.7581359941532703,3
UD_English-EWT,47,0.75,21,9,0.5530358092089223,0.1836013318648484,1.7404379030597992,0.8387892970404772,3
UD_English-EWT,47,0.75,21,10,1.135370818942188,0.3896962101749384,1.716733982925641,0.5982507068955616,3
UD_English-EWT,47,0.75,21,11,0.5795626810027493,0.19511921462926926,1.6069691710459078,0.8209515092639975,3
UD_English-EWT,47,0.75,21,12,1.0545330961626735,0.3563543675104343,1.9923543190966975,0.706538916936989,3
UD_English-EWT,47,0.75,21,13,0.7801617020384861,0.2610906677266314,1.8979668791095416,0.7863825138909352,3
UD_English-EWT,47,0.75,21,14,0.9797139533257658,0.3427403610511827,1.8762966835080819,0.6997811464908344,3
UD_English-EWT,47,0.75,21,15,0.5872667660268333,0.19651612304558194,1.6419737183019005,0.8221774433479935,3
UD_English-EWT,47,0.75,21,16,0.6100913104151658,0.20806071814997817,1.5927614207177647,0.815499639644106,3
UD_English-EWT,47,0.75,21,17,1.3607093664683496,0.47103016904957307,1.6027184599409992,0.5051401349052597,3
UD_English-EWT,47,0.75,21,18,0.5208709385748173,0.17506124822249827,1.703334552281704,0.8389783849725957,3
UD_English-EWT,47,0.75,21,19,0.7990287970785452,0.2712931338738385,1.7779992536551747,0.7587987009863385,3
UD_English-EWT,47,0.75,21,20,1.081903151272099,0.3729147057104958,1.6066566362624177,0.6376172940981301,3
UD_English-EWT,47,0.75,21,21,0.6975269814264471,0.23523997827237964,1.714199762513186,0.7898641981130199,3
UD_English-EWT,47,0.75,21,22,0.982083089588607,0.33646093728275245,1.6712948224203616,0.6888698238899799,3
UD_English-EWT,47,0.75,21,23,0.7062260661552404,0.23707935576054026,1.7405478432095984,0.7902352191602815,3
UD_English-EWT,47,0.75,21,24,0.7749316078256171,0.2588547025934432,1.8072978165577454,0.7807384937567354,3
UD_English-EWT,47,0.75,21,25,0.7946855595338757,0.2741358930309505,1.697890306023952,0.7324141969799127,3
UD_English-EWT,47,0.75,21,26,0.6140593071018629,0.20821937335441346,1.6764199762640757,0.8251617974406601,3
UD_English-EWT,47,0.75,21,27,0.6352582158205288,0.21646287758751537,1.660594228037611,0.8165020510038609,3
UD_English-EWT,47,0.75,21,28,0.8419860809403582,0.28876592229393555,1.8878666513713114,0.7765143610034918,3
UD_English-EWT,47,0.75,21,29,0.5356354673303162,0.17895525183786512,1.6001291082449296,0.8416001292281464,3
UD_English-EWT,47,0.75,21,30,0.582868411512757,0.20051445696292572,1.552017417042525,0.8325971278119392,3
UD_English-EWT,47,0.75,21,31,0.8703418881488193,0.29404276773971394,1.9141813922259543,0.7619636456307384,3
UD_English-EWT,47,0.75,22,0,0.712260208543872,0.23641892916307475,1.748429944050008,0.7925509823068895,3
UD_English-EWT,47,0.75,22,1,0.6915580204845777,0.23134567841500697,1.8625546481412834,0.808095432736509,3
UD_English-EWT,47,0.75,22,2,1.2546208631688345,0.4269571954720333,1.5508791689772856,0.5731459131196331,3
UD_English-EWT,47,0.75,22,3,0.8054051601577327,0.2703224674294718,1.6476556286622916,0.746702993773806,3
UD_English-EWT,47,0.75,22,4,1.2170309892334792,0.4267206968763378,1.6037944717593966,0.5814306307278696,3
UD_English-EWT,47,0.75,22,5,0.9231250174411442,0.31126309051865436,1.533906393268829,0.6943362728168404,3
UD_English-EWT,47,0.75,22,6,0.38734281490572164,0.13326108286442245,1.7188175585263412,0.8899129332197603,3
UD_English-EWT,47,0.75,22,7,0.7027200406895635,0.24034642579817703,1.6530095887775846,0.7914832833279025,3
UD_English-EWT,47,0.75,22,8,0.882921851506433,0.30181271206920046,1.8925383364567991,0.754211618139227,3
UD_English-EWT,47,0.75,22,9,0.5974658956388198,0.20068249942731445,1.7018835208427927,0.8358616659550068,3
UD_English-EWT,47,0.75,22,10,0.7804214067227854,0.2711129889489306,1.1791704858098526,0.7165435743815043,3
UD_English-EWT,47,0.75,22,11,1.2854857803585318,0.44554397928611617,1.7808085647165666,0.5670589138779158,3
UD_English-EWT,47,0.75,22,12,1.147471290251379,0.40187886579874865,1.4581273191885,0.5874822464837729,3
UD_English-EWT,47,0.75,22,13,0.7051036793446824,0.23502806173925897,1.6670605212260032,0.7855957365833998,3
UD_English-EWT,47,0.75,22,14,0.6077857888583603,0.20454857895873446,1.7133989529667222,0.8181613207080543,3
UD_English-EWT,47,0.75,22,15,0.38141129113469135,0.12606395762040531,1.4639178872556309,0.8733520644677902,3
UD_English-EWT,47,0.75,22,16,0.8242290432145903,0.2812275018319081,1.8228463502583825,0.767765194354053,3
UD_English-EWT,47,0.75,22,17,1.3508835986446597,0.4680593490247735,1.8930754556247662,0.5456654758604823,3
UD_English-EWT,47,0.75,22,18,0.7766667026653208,0.2598296536916429,1.80071560361292,0.780686743394599,3
UD_English-EWT,47,0.75,22,19,0.6441292538492515,0.2208006755806818,1.6572968448446097,0.8141979185935577,3
UD_English-EWT,47,0.75,22,20,0.7722903233706843,0.25937972501096723,1.7778528241511902,0.7746556398674221,3
UD_English-EWT,47,0.75,22,21,0.9408240860874318,0.32378603144801593,1.7781891827157719,0.7088212466820775,3
UD_English-EWT,47,0.75,22,22,0.4394537001298588,0.1471463273506686,1.4220752255865567,0.86507789992841,3
UD_English-EWT,47,0.75,22,23,0.9046986855444361,0.3079294177121695,1.955417991851631,0.7577245655878428,3
UD_English-EWT,47,0.75,22,24,0.5610290797043911,0.18970910975631525,1.650235246425878,0.8434250725803046,3
UD_English-EWT,47,0.75,22,25,0.9728993178635347,0.3387699628754337,1.7790303718848304,0.7066944440884452,3
UD_English-EWT,47,0.75,22,26,1.3280445368780682,0.46148011651575455,1.54922432323514,0.4738392651569648,3
UD_English-EWT,47,0.75,22,27,0.5771786496993189,0.1969535830099889,1.6733626048123034,0.8402620698503457,3
UD_English-EWT,47,0.75,22,28,0.5847110974624455,0.19642683289578702,1.6621659835342502,0.8209706020892643,3
UD_English-EWT,47,0.75,22,29,0.7906645392296744,0.27423442547669286,1.5678011008651964,0.737420744447543,3
UD_English-EWT,47,0.75,22,30,0.8561899201683225,0.29545554782659195,1.525164793559328,0.7115389793052699,3
UD_English-EWT,47,0.75,22,31,0.7025387357302919,0.24010341836543303,1.7159690204159592,0.8040251454613246,3
UD_English-EWT,47,0.75,23,0,0.5228452521812286,0.1758654723826029,1.6295534989547207,0.8485779918200983,3
UD_English-EWT,47,0.75,23,1,0.9725497026939643,0.3394173537474295,1.0276281552182303,0.5015127364417135,3
UD_English-EWT,47,0.75,23,2,0.5671898442437577,0.1901832898138922,1.574827181260171,0.8184083539768646,3
UD_English-EWT,47,0.75,23,3,1.0787441076775284,0.373578056428439,1.867956641593266,0.667199505089302,3
UD_English-EWT,47,0.75,23,4,1.2824060075080026,0.4428884804058813,2.0516730414496527,0.6188701577145328,3
UD_English-EWT,47,0.75,23,5,0.4140539309739361,0.13763309487961028,1.6163743880657115,0.8636184502630503,3
UD_English-EWT,47,0.75,23,6,0.8091711013260653,0.2752944855986397,1.7063889636205196,0.7503014403668474,3
UD_English-EWT,47,0.75,23,7,0.5675750713259361,0.1932124300047294,1.6218242219671308,0.8394021745397963,3
UD_English-EWT,47,0.75,23,8,0.6030401770832977,0.2036126611605015,1.7638798408848124,0.839833336246144,3
UD_English-EWT,47,0.75,23,9,0.7335537841614803,0.24763738890882506,1.616882815061371,0.7885141061900526,3
UD_English-EWT,47,0.75,23,10,1.2490273506154996,0.43265064214720966,1.9037117731972906,0.5999483933743558,3
UD_English-EWT,47,0.75,23,11,0.47150663085593986,0.15762347909019672,1.5283998818643976,0.851177117320792,3
UD_English-EWT,47,0.75,23,12,1.312470627076693,0.45651577559650924,1.8843516322270117,0.5646437285009954,3
UD_English-EWT,47,0.75,23,13,0.6641095897593351,0.22251424060723926,1.5998781749975268,0.8006163474396278,3
UD_English-EWT,47,0.75,23,14,0.6353815191074229,0.2125187067650869,1.667618377863655,0.8004684551518905,3
UD_English-EWT,47,0.75,23,15,0.53315614721312,0.17905639579692664,1.636383480373736,0.8372672950146628,3
UD_English-EWT,47,0.75,23,16,0.5250996480931703,0.17228373770732672,1.82729045155107,0.840361693449902,3
UD_English-EWT,47,0.75,23,17,1.0558253937283826,0.3595541937544752,1.840118380925043,0.6799307148258977,3
UD_English-EWT,47,0.75,23,18,1.5099214019834017,0.5144442768601228,2.124941610899128,0.5653350987897436,3
UD_English-EWT,47,0.75,23,19,0.8348427627690285,0.283077982551196,1.7981845816845017,0.757901236469194,3
UD_English-EWT,47,0.75,23,20,0.6030438527573435,0.20303716169388622,1.7287465995533868,0.8343721367622333,3
UD_English-EWT,47,0.75,23,21,0.5785652854037089,0.19483436072051852,1.5546676286772734,0.8152311670242763,3
UD_English-EWT,47,0.75,23,22,0.6507662459597235,0.22187334405282047,1.4903138760741943,0.7858629312183036,3
UD_English-EWT,47,0.75,23,23,0.5491958757377279,0.18442968398210455,1.4568845175735936,0.820214930887865,3
UD_English-EWT,47,0.75,23,24,0.6900279525267079,0.22844145070924296,1.8411957152418534,0.8076920507302701,3
UD_English-EWT,47,0.75,23,25,0.7246170295351515,0.24550366645953695,1.7336576582426257,0.789344624553439,3
UD_English-EWT,47,0.75,23,26,0.43433366435663084,0.14153173490714124,1.6069775894284248,0.8552075633830061,3
UD_English-EWT,47,0.75,23,27,0.40534413556393595,0.13429531734860847,1.60921892333769,0.8721468539565856,3
UD_English-EWT,47,0.75,23,28,1.6382181542384384,0.5605569813529433,1.9927329244075143,0.4801078357399596,3
UD_English-EWT,47,0.75,23,29,1.036644715008297,0.34872190040860235,1.6990054299434025,0.6975323459869743,3
UD_English-EWT,47,0.75,23,30,0.3703208524150221,0.12105647795740344,1.6549931616099969,0.8834628013992353,3
UD_English-EWT,47,0.75,23,31,0.6634874983753446,0.2242914148197528,1.8075851317366183,0.823955264410686,3
UD_English-EWT,47,0.75,24,0,0.6110319608113371,0.20441020693365342,1.5802326014906658,0.8105355330856554,3
UD_English-EWT,47,0.75,24,1,1.0982136744564783,0.37944483947015634,1.92598546398142,0.6554629869474088,3
UD_English-EWT,47,0.75,24,2,0.481001643825302,0.15991640340821828,1.555813858003944,0.8397028948059934,3
UD_English-EWT,47,0.75,24,3,0.5490064343508801,0.18599687242890642,1.6338981359599936,0.8501689622826699,3
UD_English-EWT,47,0.75,24,4,0.7412285913725151,0.2501202605780085,1.9139116067839668,0.8100007308311149,3
UD_English-EWT,47,0.75,24,5,0.7002315273430395,0.2404253928377573,1.6763116048143427,0.7840152103827082,3
UD_English-EWT,47,0.75,24,6,0.8995737955788446,0.3079903693479538,1.5800022299932435,0.6877359021013986,3
UD_English-EWT,47,0.75,24,7,0.9663566444035219,0.3377283549441774,1.9144859344092875,0.7123884505885764,3
UD_English-EWT,47,0.75,24,8,0.5287560650600436,0.18167269108087528,1.6955062532712635,0.8545187383293019,3
UD_English-EWT,47,0.75,24,9,0.5715877994630344,0.19311796482957777,1.6646982560745134,0.8296702996927751,3
UD_English-EWT,47,0.75,24,10,1.1087391423248094,0.37902035530256223,1.8232432994143342,0.6579240952196016,3
UD_English-EWT,47,0.75,24,11,0.43476257962641224,0.1452359768565412,1.637766857548381,0.8793205206022887,3
UD_English-EWT,47,0.75,24,12,1.0418849316627492,0.3485841793678226,1.9951110250420039,0.7100790392926374,3
UD_English-EWT,47,0.75,24,13,1.4768004228237113,0.5114357858923397,1.5174667356444187,0.38103585500941906,3
UD_English-EWT,47,0.75,24,14,0.9201741682972847,0.3113453172466197,2.026651519460973,0.7484323487757877,3
UD_English-EWT,47,0.75,24,15,0.5626713266843871,0.19013189269782793,1.7073323945557268,0.8459414065237038,3
UD_English-EWT,47,0.75,24,16,0.6580078925238498,0.2205161052689852,1.8285427502405665,0.828717354786852,3
UD_English-EWT,47,0.75,24,17,0.6964874823657432,0.2359798773851768,1.8430009354821972,0.8188503842889068,3
UD_English-EWT,47,0.75,24,18,1.9494209781641951,0.6670426076145771,2.2793173456126876,0.4129833163106594,3
UD_English-EWT,47,0.75,24,19,0.7460106579970249,0.24667310197150608,1.8432618105794234,0.791196788350741,3
UD_English-EWT,47,0.75,24,20,0.34455808671276156,0.1157690230790926,1.3578241240463893,0.8860650535516834,3
UD_English-EWT,47,0.75,24,21,0.5180875071153072,0.17392982360491283,1.5303540717138617,0.829168137610773,3
UD_English-EWT,47,0.75,24,22,0.5108550443824632,0.16913765428489402,1.6130988178655965,0.8407082586042,3
UD_English-EWT,47,0.75,24,23,1.8069297978569683,0.6137388895430308,2.2826336082104994,0.4501528453102203,3
UD_English-EWT,47,0.75,24,24,0.9163417898199923,0.31205699768236317,1.9411217017143365,0.7474195304002701,3
UD_English-EWT,47,0.75,24,25,0.828348691719423,0.2786081180465026,1.7254662215031127,0.7529961224679305,3
UD_English-EWT,47,0.75,24,26,0.5900538387574351,0.20061874530449483,1.4714686269100028,0.8049584657686656,3
UD_English-EWT,47,0.75,24,27,0.7787752703904346,0.26494628537738046,1.4817050995749639,0.741473248109683,3
UD_English-EWT,47,0.75,24,28,0.6019899825377216,0.20381282419916277,1.6789609826083394,0.8203262178488551,3
UD_English-EWT,47,0.75,24,29,0.8077042723424013,0.27610159876717355,1.7276871104763722,0.778500568467737,3
UD_English-EWT,47,0.75,24,30,0.9678871990987296,0.34069319905370526,0.9004620992610798,0.32126562901601224,3
UD_English-EWT,47,0.75,24,31,0.7341805022542376,0.242983945943958,1.565441571691757,0.7724363590728064,3
UD_English-EWT,47,0.75,25,0,0.7456346543366683,0.25552488721649286,1.8542049310165023,0.7932172300249936,3
UD_English-EWT,47,0.75,25,1,0.5310684064867989,0.17484563672474038,1.7181907962933047,0.8425695298880828,3
UD_English-EWT,47,0.75,25,2,0.6298887777652843,0.21397340721119948,1.512615704159159,0.7960391843484508,3
UD_English-EWT,47,0.75,25,3,0.57206671866495,0.19150855493662244,1.8506567095472513,0.8539959890377761,3
UD_English-EWT,47,0.75,25,4,0.6237241153576444,0.21397697580180966,1.511472395996144,0.7745904998891123,3
UD_English-EWT,47,0.75,25,5,1.037401863270336,0.3612708523190955,1.8895339034837015,0.6879906739924232,3
UD_English-EWT,47,0.75,25,6,0.660256077567682,0.2211138975004138,1.702229155244506,0.7950861327797988,3
UD_English-EWT,47,0.75,25,7,0.6857439526144707,0.23214828101188653,1.6659172313433743,0.8093682947298868,3
UD_English-EWT,47,0.75,25,8,0.4510865407285089,0.14871658466820806,1.5768402401792168,0.8546854587024134,3
UD_English-EWT,47,0.75,25,9,0.7365164919696978,0.24691194796320626,1.8919355827629676,0.7944828907404441,3
UD_English-EWT,47,0.75,25,10,0.5301996149421281,0.17460953634832807,1.7679853092383706,0.8464893993729885,3
UD_English-EWT,47,0.75,25,11,0.5572042250412029,0.1918322377140975,1.4836041181193893,0.8365357711992628,3
UD_English-EWT,47,0.75,25,12,0.7328627216264958,0.24307020798067688,1.9352534169870648,0.7988899804122461,3
UD_English-EWT,47,0.75,25,13,0.4706707390055793,0.15600881690688717,1.5691976729671866,0.8496179413898611,3
UD_English-EWT,47,0.75,25,14,0.4382438400305659,0.14283310847852262,1.6707400679859743,0.8612468861762727,3
UD_English-EWT,47,0.75,25,15,0.8041103485503482,0.27231893359678366,1.784613591522141,0.7701381450630927,3
UD_English-EWT,47,0.75,25,16,0.6770883053880463,0.23095229296064604,1.7415198369294351,0.8171622730886566,3
UD_English-EWT,47,0.75,25,17,0.6516850044329962,0.22201010696793513,1.7265887145081937,0.8192072135340321,3
UD_English-EWT,47,0.75,25,18,0.6455039371056092,0.2163014159179912,1.613584179750123,0.7990164068172972,3
UD_English-EWT,47,0.75,25,19,0.6741457110192823,0.23074016907338887,1.2670581117136666,0.7629792122051581,3
UD_English-EWT,47,0.75,25,20,0.4525487356698768,0.14947448292906604,1.5287162961407763,0.8511850385229445,3
UD_English-EWT,47,0.75,25,21,0.6190039767851486,0.20835877461647292,1.7961753089055554,0.8390480848283716,3
UD_English-EWT,47,0.75,25,22,0.9741425794059028,0.3336619834240886,1.9097518190768683,0.7327252499799911,3
UD_English-EWT,47,0.75,25,23,0.9582431239562825,0.3221328628363125,1.9242619821879814,0.7356449309973986,3
UD_English-EWT,47,0.75,25,24,0.6560081623474269,0.22436336892909745,1.767909244395019,0.811182178041214,3
UD_English-EWT,47,0.75,25,25,0.6025039335146194,0.20465438400407088,1.6548205919373773,0.8163756162389597,3
UD_English-EWT,47,0.75,25,26,0.6683619748563497,0.22430453250330548,1.7071995671112463,0.7997916075511274,3
UD_English-EWT,47,0.75,25,27,0.6589188410752946,0.22790807339181285,1.6588636463429978,0.8087879070818751,3
UD_English-EWT,47,0.75,25,28,1.1622174786088246,0.4056578884359266,1.5486404536146068,0.5661968786425495,3
UD_English-EWT,47,0.75,25,29,0.9885150821563976,0.3446268772228005,1.6276738944383702,0.6811388235654553,3
UD_English-EWT,47,0.75,25,30,0.7128281024350821,0.24002721702819096,1.548755664276621,0.7728050810527498,3
UD_English-EWT,47,0.75,25,31,0.4517384166396707,0.14958332626332269,1.5829980652745412,0.8669233727243428,3
UD_English-EWT,47,0.75,26,0,0.6659360701703417,0.2242613770898927,1.6209633224974567,0.7834547087346596,3
UD_English-EWT,47,0.75,26,1,0.5606638145834913,0.1857176797416991,1.6541497855225005,0.8247470859784246,3
UD_English-EWT,47,0.75,26,2,1.208160613783939,0.41151163079020975,2.0279846036151894,0.6697766753032343,3
UD_English-EWT,47,0.75,26,3,0.7209028044549276,0.24812323377147072,1.7915258471513056,0.8079904918787909,3
UD_English-EWT,47,0.75,26,4,1.6111752466588722,0.5651491750133494,1.6924425820075315,0.2904485964703158,3
UD_English-EWT,47,0.75,26,5,0.5652349901865686,0.18727636188421337,1.5467487898789252,0.8210695848438908,3
UD_English-EWT,47,0.75,26,6,0.6730839116515792,0.23395528453987477,1.6510130895237236,0.772815099396558,3
UD_English-EWT,47,0.75,26,7,0.56438637321954,0.1869499073779458,1.6800243690989927,0.8398629686165812,3
UD_English-EWT,47,0.75,26,8,0.6143554760065126,0.20549083609330743,1.5535194189482808,0.804649724633533,3
UD_English-EWT,47,0.75,26,9,1.1217091977596283,0.38687834594880516,1.6327037277931724,0.6202467984514809,3
UD_English-EWT,47,0.75,26,10,1.488826715080356,0.5084433331474906,2.089535603486341,0.5656480140753347,3
UD_English-EWT,47,0.75,26,11,0.6149196733291412,0.20310599722972442,1.5339706730511453,0.801843450274081,3
UD_English-EWT,47,0.75,26,12,0.2648910752858946,0.08583525384760178,1.4890489562708062,0.9170221653113817,3
UD_English-EWT,47,0.75,26,13,0.7233945646735488,0.24664177188483527,1.106872003885132,0.6510963353357245,3
UD_English-EWT,47,0.75,26,14,1.1530422202849213,0.39193615216239336,1.7295115800448888,0.5975053153172108,3
UD_English-EWT,47,0.75,26,15,1.2356682173188485,0.4234886633296699,2.0212467800289775,0.6134670380441869,3
UD_English-EWT,47,0.75,26,16,0.6607184206595295,0.22185717835065608,1.6762681753664719,0.802856544816429,3
UD_English-EWT,47,0.75,26,17,0.5242668634283955,0.17606278078610207,1.7946780748963898,0.8522373430417317,3
UD_English-EWT,47,0.75,26,18,0.6427821781221635,0.22383590423941394,1.379726564990041,0.7373589733394986,3
UD_English-EWT,47,0.75,26,19,2.0807895679671473,0.7167925306193815,2.085291792243339,0.2351467378525732,3
UD_English-EWT,47,0.75,26,20,0.6688085178927755,0.2255656670826489,1.8286363601358862,0.814273135298914,3
UD_English-EWT,47,0.75,26,21,0.9682814840682,0.33382680483216687,1.9449840028700713,0.7216648764514749,3
UD_English-EWT,47,0.75,26,22,0.9341439637737197,0.32277061412270386,1.400331721768353,0.6689548706245662,3
UD_English-EWT,47,0.75,26,23,0.7593101641614473,0.2584912125360499,1.896699061104943,0.7959780548724646,3
UD_English-EWT,47,0.75,26,24,0.795086162086773,0.27261256178898674,1.9497436510029171,0.7990174834872638,3
UD_English-EWT,47,0.75,26,25,0.8768136451913143,0.30513057497776164,1.9081161781629794,0.764625986959982,3
UD_English-EWT,47,0.75,26,26,0.6701683913084436,0.2265748532746795,1.7841291432362218,0.8221761623366936,3
UD_English-EWT,47,0.75,26,27,0.7863279180380708,0.26885240464276194,1.8754574510596271,0.7908634561197138,3
UD_English-EWT,47,0.75,26,28,1.1676498373295223,0.4027154252598086,1.6374598351495513,0.5649969540061411,3
UD_English-EWT,47,0.75,26,29,1.3696243859800374,0.46805412419316766,2.0676004024042673,0.6093276304706849,3
UD_English-EWT,47,0.75,26,30,0.7220714045501907,0.24483943414893036,1.3636476000828603,0.7187508333250473,3
UD_English-EWT,47,0.75,26,31,0.5595479042986865,0.1861880301686177,1.6289284104762942,0.8209883530771798,3
UD_English-EWT,47,0.75,27,0,0.5308080348839308,0.1767948732265222,1.4635453803128884,0.826689544257679,3
UD_English-EWT,47,0.75,27,1,0.4252757685537194,0.13918920496617782,1.4323250859371897,0.8490998765999936,3
UD_English-EWT,47,0.75,27,2,1.4825640147880996,0.5146854058695186,1.6565502330199398,0.37740396557609895,3
UD_English-EWT,47,0.75,27,3,0.4990330454579577,0.16453772613639606,1.5388158401762746,0.8468465225021262,3
UD_English-EWT,47,0.75,27,4,0.764871929451579,0.26486787168421055,1.4475441850952546,0.7503433777172056,3
UD_English-EWT,47,0.75,27,5,0.3907919568900284,0.12888077689794475,1.541934506278926,0.872857475948464,3
UD_English-EWT,47,0.75,27,6,1.073336415617084,0.37466392993845576,1.5622136580922348,0.6281560358535396,3
UD_English-EWT,47,0.75,27,7,1.1461572564853346,0.39971224739061895,1.2439048846942697,0.4295497487260127,3
UD_English-EWT,47,0.75,27,8,0.803439988559604,0.2792244185719008,1.4000114349611035,0.7314540539038638,3
UD_English-EWT,47,0.75,27,9,0.6837283243952771,0.23291626031966864,1.3869052801844417,0.7036573873435864,3
UD_English-EWT,47,0.75,27,10,0.6108516384330062,0.20560868544833147,1.8874388516003533,0.8372366194679438,3
UD_English-EWT,47,0.75,27,11,0.7175084679694558,0.24004218729385915,1.6732479650086176,0.7759806549885667,3
UD_English-EWT,47,0.75,27,12,1.4736102493462884,0.5117656807050462,1.5333263267693404,0.3138025704778066,3
UD_English-EWT,47,0.75,27,13,0.4260484724083342,0.13845702912912913,1.6478166391866076,0.8704764085036375,3
UD_English-EWT,47,0.75,27,14,0.5595291473110544,0.1868733560322073,1.657993402935985,0.8328389485242805,3
UD_English-EWT,47,0.75,27,15,1.1377535048458312,0.39247907983827895,1.9058750640390567,0.6490487788951462,3
UD_English-EWT,47,0.75,27,16,1.4959970351532508,0.5173865325192502,2.136545857390854,0.513112755902858,3
UD_English-EWT,47,0.75,27,17,0.852153552278795,0.29757218736008434,1.07714722806313,0.6162671693931512,3
UD_English-EWT,47,0.75,27,18,0.7209046810105416,0.2385281670146464,1.7387164194808633,0.790699732230335,3
UD_English-EWT,47,0.75,27,19,0.5375650669083353,0.17808659835540452,1.605630221771575,0.8353070119609599,3
UD_English-EWT,47,0.75,27,20,0.7126246538142146,0.24362989310480532,1.8529047361678546,0.7974558444948144,3
UD_English-EWT,47,0.75,27,21,0.5366794622701699,0.1779618193514184,1.577713393122772,0.8385490597190102,3
UD_English-EWT,47,0.75,27,22,0.8574454085341568,0.29349821484995453,1.5164965218533581,0.7156141910613778,3
UD_English-EWT,47,0.75,27,23,0.6374107134920326,0.21329589592011303,1.7104128207231046,0.8138538467848778,3
UD_English-EWT,47,0.75,27,24,0.360333716001477,0.11823767876059144,1.5179004568559116,0.8786713497913383,3
UD_English-EWT,47,0.75,27,25,0.4799669489624125,0.16212496390135345,1.5358397573951923,0.8567872514408794,3
UD_English-EWT,47,0.75,27,26,0.6477684281047141,0.21695220128773884,1.6243466937911097,0.8079781089595541,3
UD_English-EWT,47,0.75,27,27,0.5856970196966428,0.19717599024388852,1.7996632664147187,0.8337756476156373,3
UD_English-EWT,47,0.75,27,28,0.5881568230145725,0.1962942590560418,1.6375550933331524,0.8242601550070532,3
UD_English-EWT,47,0.75,27,29,1.173743627789025,0.40370440084778975,1.7972710073971356,0.6331961859825096,3
UD_English-EWT,47,0.75,27,30,0.8836453880144383,0.3015641618404666,1.6953291380828848,0.7328305258016986,3
UD_English-EWT,47,0.75,27,31,0.34856100031471593,0.11510948953091528,1.2354467065329706,0.8726000622973417,3
UD_English-EWT,47,0.75,28,0,0.6627611374458763,0.23273110223801732,1.547956798978842,0.7669147404490925,3
UD_English-EWT,47,0.75,28,1,0.456832659154289,0.15078163037385336,1.6725478973443229,0.8658869485956072,3
UD_English-EWT,47,0.75,28,2,0.8440253989116199,0.28856282596406824,1.5415710900487796,0.7173262752714704,3
UD_English-EWT,47,0.75,28,3,1.187360581261647,0.4040820649087103,2.0411615606757025,0.6636588234820815,3
UD_English-EWT,47,0.75,28,4,0.5792400819403823,0.19379767837114836,1.6304582623130421,0.8233668829411105,3
UD_English-EWT,47,0.75,28,5,0.5232300693966544,0.17771887008901446,1.3171512291703937,0.8172585922810766,3
UD_English-EWT,47,0.75,28,6,0.9018686823343319,0.310869384502724,1.9506149870396097,0.7548170440129677,3
UD_English-EWT,47,0.75,28,7,1.1272250206526946,0.3853679262474858,1.716923638961137,0.6101098619537166,3
UD_English-EWT,47,0.75,28,8,0.4393949169896285,0.1456900979714546,1.5098300603522032,0.8606079745569516,3
UD_English-EWT,47,0.75,28,9,0.9955046225766667,0.3361036487615825,1.7305303962124283,0.710930282762359,3
UD_English-EWT,47,0.75,28,10,0.6761023388100019,0.23325175372968499,1.1768113462922785,0.7190052354894917,3
UD_English-EWT,47,0.75,28,11,1.0027288282680271,0.3385692004704736,1.7033181492178169,0.6919511813799323,3
UD_English-EWT,47,0.75,28,12,0.5885837217131273,0.19405246749418517,1.7218146006591983,0.8217765326545537,3
UD_English-EWT,47,0.75,28,13,0.9668112555094647,0.32352474940693066,1.8213747382326855,0.6757846150160488,3
UD_English-EWT,47,0.75,28,14,0.8076668426272322,0.2810620884114167,1.8290349384040345,0.7826623795571006,3
UD_English-EWT,47,0.75,28,15,0.5091410854403846,0.1702080298730856,1.534288174331948,0.8421299748719825,3
UD_English-EWT,47,0.75,28,16,0.5465118807955952,0.18233300242674808,1.556226062644375,0.8255831040645557,3
UD_English-EWT,47,0.75,28,17,0.668076713764548,0.22801198142297388,1.4419791474124122,0.7632050697975038,3
UD_English-EWT,47,0.75,28,18,0.9880971753586403,0.33198077558032585,1.6481079814483994,0.6979612436396612,3
UD_English-EWT,47,0.75,28,19,0.5828010838695943,0.19232657458718005,1.663318951456436,0.8285557340511641,3
UD_English-EWT,47,0.75,28,20,0.8000382164625522,0.2759194024321106,1.76994613237774,0.7715369592978872,3
UD_English-EWT,47,0.75,28,21,0.7588313800063942,0.25562985104344144,1.6899398592163306,0.7674801220238643,3
UD_English-EWT,47,0.75,28,22,0.6013009849671133,0.20323421331953753,1.4158037116374473,0.8063546607647437,3
UD_English-EWT,47,0.75,28,23,1.4531913441224178,0.5018278341095739,1.938355143468671,0.5181263516333042,3
UD_English-EWT,47,0.75,28,24,0.41711518647851514,0.13830849155020275,1.4950524343954628,0.8650986126781812,3
UD_English-EWT,47,0.75,28,25,1.5156792102344268,0.5180689714550429,1.892775073946065,0.42949078767772475,3
UD_English-EWT,47,0.75,28,26,0.8378919788749926,0.2883359805862326,1.439625810865713,0.6951641310243876,3
UD_English-EWT,47,0.75,28,27,0.43629273448058004,0.14199499033802004,1.6990583759880131,0.8754063196520988,3
UD_English-EWT,47,0.75,28,28,1.2148620887695116,0.4160953008642722,1.921646068900661,0.5861761923641889,3
UD_English-EWT,47,0.75,28,29,0.6985515993366693,0.2313570384112592,1.7332152725080323,0.7977466230129718,3
UD_English-EWT,47,0.75,28,30,0.9024369053013338,0.30715597326611127,1.640077775320503,0.7166414695820739,3
UD_English-EWT,47,0.75,28,31,0.4052761380877923,0.14014712701091891,1.4634290315305816,0.8580171631170752,3
UD_English-EWT,47,0.75,29,0,0.8481913909098924,0.28979296250801484,1.4760887448036388,0.7354293983490741,3
UD_English-EWT,47,0.75,29,1,0.35400606668087736,0.11308205624760718,1.5870260516951753,0.884517370813097,3
UD_English-EWT,47,0.75,29,2,1.0298102717229145,0.35253124081534765,2.042328963202097,0.7339787683051032,3
UD_English-EWT,47,0.75,29,3,0.5395648934249045,0.1789255798930041,1.5069668749873213,0.827960892996067,3
UD_English-EWT,47,0.75,29,4,1.1011871000266682,0.3762334180463153,1.709352259508899,0.641989817846234,3
UD_English-EWT,47,0.75,29,5,0.8596430739866254,0.2929551881179892,1.6329274929666344,0.6863557423425938,3
UD_English-EWT,47,0.75,29,6,0.3178047911999391,0.10227020249747838,1.4763181062723987,0.8980051750938097,3
UD_English-EWT,47,0.75,29,7,0.6289844030008833,0.21397124413054824,1.4769165904035553,0.7631117215817743,3
UD_English-EWT,47,0.75,29,8,0.7977606213985787,0.2664155511436594,1.6653512734207299,0.7575294202183439,3
UD_English-EWT,47,0.75,29,9,1.314419510938865,0.4555165222379462,1.8977690474257443,0.5653397786568423,3
UD_English-EWT,47,0.75,29,10,1.5989712674055376,0.5499604736032382,1.7791986539009923,0.35305400958830974,3
UD_English-EWT,47,0.75,29,11,0.41907800022064823,0.1381473771524607,1.520728864528931,0.8736174002235487,3
UD_English-EWT,47,0.75,29,12,1.1131193279568614,0.3802582585542906,2.0353619666373146,0.6784637984573733,3
UD_English-EWT,47,0.75,29,13,0.8182485681536092,0.28092165075188236,1.8129264798510702,0.7822348494930887,3
UD_English-EWT,47,0.75,29,14,0.6612817109825398,0.22780734786801107,1.138322463276065,0.7087894094419176,3
UD_English-EWT,47,0.75,29,15,1.693412657643928,0.5839514342460693,1.7249210805840829,0.32583026530964126,3
UD_English-EWT,47,0.75,29,16,0.3834604602934748,0.12209040353554751,1.7040690775139626,0.8901929665078665,3
UD_English-EWT,47,0.75,29,17,0.7113074814198447,0.23998100915838894,1.8182135965057629,0.7963359304966714,3
UD_English-EWT,47,0.75,29,18,1.0326460750675157,0.35726795273617534,1.710339811058861,0.6925159007555148,3
UD_English-EWT,47,0.75,29,19,1.0978148324594905,0.3804285268694542,1.9189356279394882,0.690797808595368,3
UD_English-EWT,47,0.75,29,20,0.8962748666210795,0.30065322334526995,1.7393602517404627,0.733491927588898,3
UD_English-EWT,47,0.75,29,21,1.1083807952579905,0.3841312112649716,1.9584008669429789,0.6954837642705072,3
UD_English-EWT,47,0.75,29,22,0.47733743558340924,0.15728146780811536,1.7428899799933308,0.867953168604869,3
UD_English-EWT,47,0.75,29,23,1.0807850153638365,0.36670379500110073,2.0073873018252177,0.6725222821769817,3
UD_English-EWT,47,0.75,29,24,1.0532978778681252,0.35597797110676765,1.8148221938119342,0.690050793129727,3
UD_English-EWT,47,0.75,29,25,0.3848960030644128,0.1285597944084236,1.5141605138371552,0.8734745665678996,3
UD_English-EWT,47,0.75,29,26,1.1037032649681,0.38040511314171904,1.8249087518518738,0.6849767565523667,3
UD_English-EWT,47,0.75,29,27,0.46821262739693753,0.15431382113097333,1.6167814397950317,0.8589984912201355,3
UD_English-EWT,47,0.75,29,28,1.0518412832476078,0.35589902016770214,1.9267592705066956,0.7167151149884816,3
UD_English-EWT,47,0.75,29,29,0.713830656176925,0.24519136203673475,1.068043438096841,0.677350225507236,3
UD_English-EWT,47,0.75,29,30,1.8528217427663247,0.6340455579111702,2.194352234918997,0.4311640679171285,3
UD_English-EWT,47,0.75,29,31,0.5805183658495084,0.19707459960648543,1.5535614145733077,0.8250634320256706,3
UD_English-EWT,47,0.75,30,0,0.4573045747527659,0.1506860762323933,1.4962942856677788,0.853088116073109,3
UD_English-EWT,47,0.75,30,1,0.8592541641021362,0.2928395088022415,1.3978849845397232,0.6961719319360068,3
UD_English-EWT,47,0.75,30,2,1.6764016560463741,0.5779427162257917,1.8524308729855743,0.3399113375551062,3
UD_English-EWT,47,0.75,30,3,0.6523490470523635,0.21567291637478847,1.716521961339673,0.8123980144713964,3
UD_English-EWT,47,0.75,30,4,1.0657103507760877,0.36318126070111284,1.8498362261252324,0.7013302079464676,3
UD_English-EWT,47,0.75,30,5,0.8541484783201705,0.2915385471782452,1.6051336166691474,0.7274636815154487,3
UD_English-EWT,47,0.75,30,6,0.5909503459428286,0.20189748244539907,1.6989501147702308,0.8154457847508034,3
UD_English-EWT,47,0.75,30,7,1.4664332817948147,0.5078767864864815,1.6356130861193756,0.43236998761775064,3
UD_English-EWT,47,0.75,30,8,0.4182254636799323,0.1365624539403988,1.584624785851884,0.873124581189972,3
UD_English-EWT,47,0.75,30,9,1.562679579335592,0.5370015535021849,1.7688493772608336,0.4261238110304313,3
UD_English-EWT,47,0.75,30,10,1.2663698488055901,0.4357367021952822,1.716366382244506,0.5671505961017531,3
UD_English-EWT,47,0.75,30,11,0.7980495601322483,0.27345373900861686,1.5539158543195228,0.7120682368689439,3
UD_English-EWT,47,0.75,30,12,1.7894162564166907,0.6161449871048033,1.9434707925293615,0.3107854225189308,3
UD_English-EWT,47,0.75,30,13,0.3641483408309017,0.12381626059978061,1.1387797011052323,0.848295830936597,3
UD_English-EWT,47,0.75,30,14,1.1222259519530124,0.3866598666976384,1.8603254718695832,0.6781198846376442,3
UD_English-EWT,47,0.75,30,15,0.787396066257211,0.26321185333399827,1.3260318617080296,0.7302339340548264,3
UD_English-EWT,47,0.75,30,16,0.7051280741944557,0.24299073363153878,1.5264369956402615,0.7699122708460454,3
UD_English-EWT,47,0.75,30,17,0.7177870072465126,0.24654302697879804,1.164141790571543,0.7153073423601457,3
UD_English-EWT,47,0.75,30,18,0.6487457339935181,0.2236366323882439,1.4862405897842514,0.7626531834905808,3
UD_English-EWT,47,0.75,30,19,0.475615815471566,0.1619440051837263,1.3779879149748435,0.83123022313815,3
UD_English-EWT,47,0.75,30,20,0.28028186311086944,0.08997441263922841,1.2556281965802711,0.9078238883847964,3
UD_English-EWT,47,0.75,30,21,0.7840067478124126,0.26884676059046403,1.5025715968675082,0.743685279021172,3
UD_English-EWT,47,0.75,30,22,0.36218840075751774,0.1174221437908743,1.4469361027400731,0.8839673307912598,3
UD_English-EWT,47,0.75,30,23,0.930855758474607,0.3237268805286706,1.787840551433776,0.7297088164082967,3
UD_English-EWT,47,0.75,30,24,0.8915395237342582,0.3011398292935448,1.4104268929780288,0.6657226467827413,3
UD_English-EWT,47,0.75,30,25,0.7152822324039181,0.23738546717151973,1.7258154337170561,0.8007485855689683,3
UD_English-EWT,47,0.75,30,26,2.1624891815778335,0.7390522645796583,2.2328996987562144,0.20750202725256348,3
UD_English-EWT,47,0.75,30,27,1.0868847163458557,0.3802303263004903,1.863748859675204,0.6627459437442172,3
UD_English-EWT,47,0.75,30,28,0.5969044097931632,0.19618108338304882,1.6153590492089915,0.8157579629581916,3
UD_English-EWT,47,0.75,30,29,0.4817247402723641,0.15838921840942188,1.6908716368056387,0.8611021353193102,3
UD_English-EWT,47,0.75,30,30,0.4725875189266624,0.1556445655204315,1.6377094424718173,0.8583415046415693,3
UD_English-EWT,47,0.75,30,31,1.273724098416734,0.4382104492442638,1.8012556542790001,0.5505393160157624,3
UD_English-EWT,47,0.75,31,0,2.051844560220593,0.7095988276931976,2.043683544262728,0.02234101544506413,3
UD_English-EWT,47,0.75,31,1,1.4456110853016486,0.5111959800463448,1.3940080674755333,0.09042660975180955,3
UD_English-EWT,47,0.75,31,2,2.186237164723851,0.7481405244688952,2.2541484685923447,0.1018115663438968,3
UD_English-EWT,47,0.75,31,3,1.7316371786572677,0.6038366302115018,1.7107332977712264,0.042010789213064136,3
UD_English-EWT,47,0.75,31,4,1.8526357252198273,0.6438923764342819,1.8483941663049828,0.006798396087376323,3
UD_English-EWT,47,0.75,31,5,1.4056504684990656,0.4840226766325954,1.3759033293183383,0.06014441836775681,3
UD_English-EWT,47,0.75,31,6,1.3163439719946224,0.45740886013581666,1.288948623141196,0.053224098195105256,3
UD_English-EWT,47,0.75,31,7,1.8306096709436843,0.6366154071493227,1.8170699062188902,0.05584915250840148,3
UD_English-EWT,47,0.75,31,8,1.9076142060843537,0.6587629942511818,1.9147199358119338,0.061034482045149295,3
UD_English-EWT,47,0.75,31,9,1.6120666300094193,0.5690914154297015,1.6381287887719596,0.11683173955185762,3
UD_English-EWT,47,0.75,31,10,2.1208957464642864,0.7323574731720167,2.131810943882756,0.1280844166791338,3
UD_English-EWT,47,0.75,31,11,2.085792330499121,0.720314615546897,2.0738009318085098,0.0586389410682171,3
UD_English-EWT,47,0.75,31,12,1.6587973490547396,0.582241376179978,1.640517637757873,0.07699772931294059,3
UD_English-EWT,47,0.75,31,13,1.8103230125754257,0.6255428982806988,1.7856413714438404,0.02418271604354079,3
UD_English-EWT,47,0.75,31,14,2.3354104063007135,0.8025184199485406,2.342535489243888,0.05656873369150637,3
UD_English-EWT,47,0.75,31,15,1.9288121366327144,0.6697436914404342,2.0059398745198505,0.1380500886974159,3
UD_English-EWT,47,0.75,31,16,1.8873202764787091,0.6515304485712546,1.9462113860580657,0.12732999682173476,3
UD_English-EWT,47,0.75,31,17,1.576899911400833,0.5444027814057355,1.560658133366503,0.05952059461059598,3
UD_English-EWT,47,0.75,31,18,1.7621124936691832,0.6129502928620696,1.8071348272494714,0.09093770578040068,3
UD_English-EWT,47,0.75,31,19,1.6198293973025077,0.5675381290809487,1.6009755466533706,0.05527052051471593,3
UD_English-EWT,47,0.75,31,20,1.6065038352634737,0.5672239312165855,1.603288142353242,0.08176357333350047,3
UD_English-EWT,47,0.75,31,21,2.1607618453507,0.7446345960236204,2.168490556365588,0.06417301149007427,3
UD_English-EWT,47,0.75,31,22,1.1411196631201304,0.3988861766998369,1.1403839119620118,0.180984380681974,3
UD_English-EWT,47,0.75,31,23,1.1674081123890339,0.4130045265461469,1.1170336360379862,0.07562752578663232,3
UD_English-EWT,47,0.75,31,24,2.3220889680155423,0.7912547786759113,2.394165055619346,0.10294293270385714,3
UD_English-EWT,47,0.75,31,25,2.086598182907956,0.7195896810371911,2.157164701021434,0.10640458503821754,3
UD_English-EWT,47,0.75,31,26,1.790105060448629,0.6227430655249481,1.754007568342004,0.042380310962663585,3
UD_English-EWT,47,0.75,31,27,1.380206074463865,0.48156589912912234,1.373734661844476,0.01016524798845617,3
UD_English-EWT,47,0.75,31,28,1.6576193653060656,0.5780597980895873,1.6477406487167425,0.05655696437841931,3
UD_English-EWT,47,0.75,31,29,2.060957620106977,0.7126286264868599,2.0431485146229815,0.06826955178736215,3
UD_English-EWT,47,0.75,31,30,1.8099294390889031,0.6290142484864251,1.8627469325489034,0.10567743417516733,3
UD_English-EWT,47,0.75,31,31,1.8070174678210134,0.6271810746040934,1.7770460442875686,0.02041442690315042,3
UD_English-EWT,55,0.875,0,0,2.166050551611869,0.7362502338754892,2.0809945148197024,0.12731525378737715,3
UD_English-EWT,55,0.875,0,1,2.7317800227627296,0.9286651194149895,2.7766476680129384,0.13205987580743142,3
UD_English-EWT,55,0.875,0,2,2.831461024197507,0.9666304430892124,2.777112167498236,0.11175434605196417,3
UD_English-EWT,55,0.875,0,3,2.7782349768340695,0.9463160150363796,2.8053897593190764,0.19487207090288727,3
UD_English-EWT,55,0.875,0,4,2.271835709530148,0.7621756242435486,2.2942481987680456,0.0406146178891219,3
UD_English-EWT,55,0.875,0,5,2.729863086684805,0.929664439028078,2.694310605037408,0.08353721154052153,3
UD_English-EWT,55,0.875,0,6,2.4091459345513573,0.8174727430163403,2.3455055246913368,0.07064300864079937,3
UD_English-EWT,55,0.875,0,7,2.55113573646502,0.8667823782221217,2.590214317830751,0.23588982092484642,3
UD_English-EWT,55,0.875,0,8,2.599941704008314,0.8889544624665614,2.5431388165998547,0.05165492525213535,3
UD_English-EWT,55,0.875,0,9,2.3375905193320605,0.7941079781626526,2.2370309848033014,0.09937263743439605,3
UD_English-EWT,55,0.875,0,10,2.6152132797870915,0.8884033739892511,2.6833974855302247,0.1750340935246568,3
UD_English-EWT,55,0.875,0,11,2.540041044083015,0.859769104296284,2.5076065383213684,0.010851660778556012,3
UD_English-EWT,55,0.875,0,12,2.7316333101638244,0.9323414194453609,2.6751563252647066,0.09049243660760749,3
UD_English-EWT,55,0.875,0,13,2.84693921388607,0.9723718749640852,2.8030652030895316,0.12080364608000589,3
UD_English-EWT,55,0.875,0,14,2.747079980286527,0.940330521005099,2.6744278253536193,0.0864823253058535,3
UD_English-EWT,55,0.875,0,15,2.8017914504735635,0.9600168213601105,2.7365111977350516,0.06784829311581746,3
UD_English-EWT,55,0.875,0,16,2.524428142903064,0.8627064582265791,2.466518259982159,0.11469915221429994,3
UD_English-EWT,55,0.875,0,17,2.6424486932424465,0.9022652813537091,2.571778057811473,0.04213517185814597,3
UD_English-EWT,55,0.875,0,18,2.5250901519057964,0.8657810875572576,2.4518159272892226,0.047747187603745134,3
UD_English-EWT,55,0.875,0,19,2.3435014200503708,0.7983114848859975,2.255663018789013,0.16590509236534082,3
UD_English-EWT,55,0.875,0,20,2.6695566488419726,0.9126485893418012,2.6210258660637833,0.09214646462520724,3
UD_English-EWT,55,0.875,0,21,2.8396960553901445,0.9708328367311013,2.799582497506845,0.11569189205757242,3
UD_English-EWT,55,0.875,0,22,2.1786581847294215,0.7397395978751296,2.092896222878241,0.06654736174284082,3
UD_English-EWT,55,0.875,0,23,2.515041727728748,0.8545333874193046,2.4506259166206386,0.12306566425906205,3
UD_English-EWT,55,0.875,0,24,2.7210998126935,0.9270299693165799,2.6587873642996143,0.10802503543836361,3
UD_English-EWT,55,0.875,0,25,2.767997144024229,0.9493893316806122,2.6987642392868985,0.07391388297741741,3
UD_English-EWT,55,0.875,0,26,2.268154209103089,0.7724697910425659,2.2427610186605507,0.007253486044500923,3
UD_English-EWT,55,0.875,0,27,2.736513486759693,0.9322382319711814,2.696395970541706,0.13124670564597354,3
UD_English-EWT,55,0.875,0,28,2.4451737928803063,0.8312961892352079,2.439428058044072,0.16640962042908553,3
UD_English-EWT,55,0.875,0,29,1.6716802794560925,0.5539734293392882,2.1675142515823924,0.5181411919582682,3
UD_English-EWT,55,0.875,0,30,2.4501325047027,0.8326031296142463,2.3804829069336906,0.05057585067904549,3
UD_English-EWT,55,0.875,0,31,2.6334526827100846,0.892511823762527,2.7190215080596496,0.11801226372798339,3
UD_English-EWT,55,0.875,1,0,2.405435250865089,0.8228299965461096,2.386643638919177,0.07464117440352647,3
UD_English-EWT,55,0.875,1,1,2.36837578389814,0.8058271943600017,2.3190562231618848,0.1580046093301722,3
UD_English-EWT,55,0.875,1,2,2.7373732138418325,0.9370444567911395,2.6952257546136504,0.07177859437372026,3
UD_English-EWT,55,0.875,1,3,2.5550361584553083,0.8749299252673793,2.4732962487391004,0.11296434586491089,3
UD_English-EWT,55,0.875,1,4,2.2685788613090967,0.7759607567270379,2.190675716283977,0.1854221199389771,3
UD_English-EWT,55,0.875,1,5,2.653956048855582,0.9079595014371508,2.5855278753843467,0.11805486289329677,3
UD_English-EWT,55,0.875,1,6,2.395095156407313,0.8218915353381568,2.3443111320228094,0.084154773358924,3
UD_English-EWT,55,0.875,1,7,2.2462910542939745,0.7667337765676293,2.2381159356220173,0.22512370893199043,3
UD_English-EWT,55,0.875,1,8,2.388849369869423,0.81746905675677,2.4533515525863034,0.2632845281631786,3
UD_English-EWT,55,0.875,1,9,2.3701685284330547,0.8129286408315809,2.284315097608853,0.1181392565552817,3
UD_English-EWT,55,0.875,1,10,2.394647006997211,0.8154457881910987,2.4033620905246456,0.1886598496470526,3
UD_English-EWT,55,0.875,1,11,2.2322933884754854,0.7579712450287164,2.4181758106460554,0.3519145109994381,3
UD_English-EWT,55,0.875,1,12,2.7260116999917994,0.9339027631152522,2.6632075949227656,0.11623380116724795,3
UD_English-EWT,55,0.875,1,13,2.387917667735904,0.8195165513534581,2.2901405530874848,0.10233806765287139,3
UD_English-EWT,55,0.875,1,14,2.6225060888435454,0.8996281073664489,2.5593923264079623,0.12615961459497557,3
UD_English-EWT,55,0.875,1,15,2.159891006806509,0.7390746429752566,2.102701995135005,0.07665306756880223,3
UD_English-EWT,55,0.875,1,16,2.30184485609957,0.785764585888668,2.2906130833486826,0.12098504183898749,3
UD_English-EWT,55,0.875,1,17,2.3912907727537696,0.8152437029586247,2.4464377632232313,0.1330131202107482,3
UD_English-EWT,55,0.875,1,18,1.8515905813604103,0.6278988494111974,1.8450780743512516,0.33342550359394924,3
UD_English-EWT,55,0.875,1,19,2.194625919308167,0.7500077867388509,2.1620013196503094,0.0726428167887697,3
UD_English-EWT,55,0.875,1,20,2.547512489806976,0.8703048341586941,2.4721988226220906,0.1257356675765825,3
UD_English-EWT,55,0.875,1,21,2.4650707472326108,0.8457487873963755,2.4005232039696534,0.1571865842435068,3
UD_English-EWT,55,0.875,1,22,1.6611459728038593,0.579664941273209,1.6514485388288513,0.02340467104769184,3
UD_English-EWT,55,0.875,1,23,2.3648742157253415,0.8054709621791631,2.4120908712320204,0.16341540630048443,3
UD_English-EWT,55,0.875,1,24,2.1563261648562,0.7411952174806421,2.0843095386940274,0.07206006814472933,3
UD_English-EWT,55,0.875,1,25,2.2292925940728145,0.7612698567261026,2.2261280989603485,0.07952475790417869,3
UD_English-EWT,55,0.875,1,26,2.1196676954111333,0.7210764522869514,2.1532212019183814,0.2742176897525244,3
UD_English-EWT,55,0.875,1,27,1.846840997971255,0.6422228551247514,1.7835490699782832,0.09126276193603955,3
UD_English-EWT,55,0.875,1,28,2.184622643641001,0.7512241703185011,2.117876812191392,0.08372664291459138,3
UD_English-EWT,55,0.875,1,29,2.309964733751311,0.7906312193104044,2.204817855564406,0.12633335176271765,3
UD_English-EWT,55,0.875,1,30,2.5668771030798636,0.8764343629497865,2.539522664577366,0.17821461324391716,3
UD_English-EWT,55,0.875,1,31,2.716846549445814,0.9333929821224595,2.6461925405622178,0.08770090495770583,3
UD_English-EWT,55,0.875,2,0,1.0244505877703265,0.3594830396681861,1.3858076810076805,0.6421189522998364,3
UD_English-EWT,55,0.875,2,1,0.4814563046170497,0.16697810347088513,1.6320011710276479,0.7961654513260054,3
UD_English-EWT,55,0.875,2,2,1.1513598422589415,0.4083784648263064,1.1970779185195222,0.5082172309277487,3
UD_English-EWT,55,0.875,2,3,0.562184147781036,0.1948493831317689,1.4403440121676645,0.7635530675532388,3
UD_English-EWT,55,0.875,2,4,1.0974013922915866,0.38532106834845464,1.8119927631429853,0.6498578220931558,3
UD_English-EWT,55,0.875,2,5,1.1464064581580935,0.4055200989522678,1.3915254414515852,0.5993605425720441,3
UD_English-EWT,55,0.875,2,6,1.418447881421322,0.49990025655330855,1.8302812298898923,0.5628113627488062,3
UD_English-EWT,55,0.875,2,7,1.2097609365572695,0.4201581449144416,1.8247569960648897,0.6297855171729524,3
UD_English-EWT,55,0.875,2,8,1.035997085286837,0.36326097306169447,1.5817176200761605,0.6530774254046503,3
UD_English-EWT,55,0.875,2,9,0.9123557194225992,0.31409341245143246,1.7188426080025827,0.693312988377334,3
UD_English-EWT,55,0.875,2,10,0.8908220785237401,0.3115804673686542,1.5915704510413884,0.70652925428037,3
UD_English-EWT,55,0.875,2,11,1.2368453810286653,0.4288624927930819,1.6892539747534336,0.6016507112236188,3
UD_English-EWT,55,0.875,2,12,1.0210507763159515,0.3561827830346013,1.5458172420226377,0.6525081436137902,3
UD_English-EWT,55,0.875,2,13,0.9945207188526789,0.34977588474831944,1.4136552186937281,0.6632531897482107,3
UD_English-EWT,55,0.875,2,14,1.0619901745615763,0.370626059304821,1.7772613127049202,0.6586528308621739,3
UD_English-EWT,55,0.875,2,15,0.9689910970424694,0.3237141443480939,1.853493778934136,0.7052710580695521,3
UD_English-EWT,55,0.875,2,16,1.1108405472802334,0.3932270351356279,1.583407024705345,0.636889442543623,3
UD_English-EWT,55,0.875,2,17,0.9508813629249189,0.3293673954429088,1.2799660210075274,0.6336034422092317,3
UD_English-EWT,55,0.875,2,18,0.7875706858132272,0.27485800519897746,1.3761238468393602,0.7057512965060105,3
UD_English-EWT,55,0.875,2,19,1.0496722615318872,0.3677949706102655,1.4935259500650762,0.6453266310317268,3
UD_English-EWT,55,0.875,2,20,0.8549502943328604,0.29678965991325607,1.6067261123157808,0.7126733454551636,3
UD_English-EWT,55,0.875,2,21,0.5492402828469846,0.18878748299272388,1.5548925779909168,0.7974689431312089,3
UD_English-EWT,55,0.875,2,22,0.8059053202524429,0.27183320063195154,1.8681961034707901,0.7564519809216316,3
UD_English-EWT,55,0.875,2,23,0.9558502949760695,0.3184792867137326,1.9672160362773905,0.7230126087999952,3
UD_English-EWT,55,0.875,2,24,1.053208253314152,0.3722299821335544,1.3863927327598595,0.6337183940008907,3
UD_English-EWT,55,0.875,2,25,0.5943377847377828,0.19647657983208613,1.8632724182120437,0.7886003644658568,3
UD_English-EWT,55,0.875,2,26,0.5912245170421939,0.20717269755248488,1.5332384987281322,0.7702509235651767,3
UD_English-EWT,55,0.875,2,27,1.170873984925191,0.3936465374908269,2.0390981664043086,0.6712238148994785,3
UD_English-EWT,55,0.875,2,28,0.9546053944281107,0.3316954522035704,1.7849943688604133,0.6957943635315843,3
UD_English-EWT,55,0.875,2,29,1.3259706816115233,0.45617331743566064,2.049627325112485,0.6147767487499449,3
UD_English-EWT,55,0.875,2,30,1.2217704921906547,0.43033047126290574,1.3642267495773748,0.5596864658436705,3
UD_English-EWT,55,0.875,2,31,0.9957621051965515,0.34676585328817805,1.6901773380180092,0.6822498970561557,3
UD_English-EWT,55,0.875,3,0,0.7109527215633019,0.24563981427426004,1.8717182329932196,0.795626827452895,3
UD_English-EWT,55,0.875,3,1,0.4173181861069033,0.14332872860554355,1.847436956504872,0.8552383087670434,3
UD_English-EWT,55,0.875,3,2,0.7577062939414126,0.2641594260761375,1.5303693953324753,0.767268442214621,3
UD_English-EWT,55,0.875,3,3,0.6376791685100353,0.21544519550623353,1.8666389548441968,0.814763473519862,3
UD_English-EWT,55,0.875,3,4,0.5601918225079938,0.19176171726474237,1.6689763904187849,0.825532165272857,3
UD_English-EWT,55,0.875,3,5,0.7230149609035047,0.2475157574545219,1.654651360732176,0.7801860184943089,3
UD_English-EWT,55,0.875,3,6,1.250253037459646,0.4369033104952133,1.4627954215354173,0.5472677145933628,3
UD_English-EWT,55,0.875,3,7,0.6149074178602961,0.21416521089351678,1.7881133427032572,0.8084706918816531,3
UD_English-EWT,55,0.875,3,8,0.4556138460034121,0.15410708755811164,1.7345733965300907,0.8553859875121838,3
UD_English-EWT,55,0.875,3,9,0.8183689146304337,0.26889601660271484,1.9810565018344448,0.7844466553468304,3
UD_English-EWT,55,0.875,3,10,0.6751849180687972,0.23684429562224826,1.3644404063350732,0.7776616436644764,3
UD_English-EWT,55,0.875,3,11,0.7373512522037563,0.2527345803944574,1.594915786944669,0.7777996783590925,3
UD_English-EWT,55,0.875,3,12,0.6108888517827719,0.20954749086542643,1.6286852535111438,0.8122067365707162,3
UD_English-EWT,55,0.875,3,13,0.6310431524866917,0.21987009130567584,1.6441269268592198,0.803842827406303,3
UD_English-EWT,55,0.875,3,14,0.6896948927168638,0.2391122451225102,1.4942192482220886,0.7809387370129751,3
UD_English-EWT,55,0.875,3,15,0.8268356179387627,0.2897368742556791,1.5818901227308755,0.7443638190029965,3
UD_English-EWT,55,0.875,3,16,0.8398705999246495,0.29152806630470063,1.6944273103890308,0.7531482985273735,3
UD_English-EWT,55,0.875,3,17,0.49818891092103473,0.1658047475785913,1.8628333815677136,0.8556335730875125,3
UD_English-EWT,55,0.875,3,18,0.763745437337184,0.26290354212043715,1.7758154365588625,0.7639511825689853,3
UD_English-EWT,55,0.875,3,19,0.7745293425379121,0.27238588567436395,1.428579103479837,0.7621179690995068,3
UD_English-EWT,55,0.875,3,20,0.7309853042355435,0.25309631235571833,1.602783148188843,0.7817574213301333,3
UD_English-EWT,55,0.875,3,21,0.8616540390787772,0.2846259502100271,2.0091676295672176,0.768908130938021,3
UD_English-EWT,55,0.875,3,22,0.8858881732940892,0.307821286825263,1.6950354494412305,0.7375842484158679,3
UD_English-EWT,55,0.875,3,23,0.5927157549625212,0.20347132936513598,1.6901295796063864,0.8165747241841422,3
UD_English-EWT,55,0.875,3,24,0.701565858078459,0.2432952293437415,1.6030664251123188,0.7847309230753851,3
UD_English-EWT,55,0.875,3,25,0.6028447761446346,0.19720422501467127,1.7676614606803884,0.8244992280701253,3
UD_English-EWT,55,0.875,3,26,0.7926342792144022,0.2695049137989897,1.4260371879476015,0.7435010612309522,3
UD_English-EWT,55,0.875,3,27,0.6800943146000034,0.22461546581740643,1.8925559678961452,0.8061916373792242,3
UD_English-EWT,55,0.875,3,28,0.5401100033252942,0.1798119784683966,1.844056019922532,0.8424936588073254,3
UD_English-EWT,55,0.875,3,29,0.594462557853571,0.19807445597181772,1.9011009694475727,0.8266796504294938,3
UD_English-EWT,55,0.875,3,30,0.6897377051779481,0.23173164253976394,1.7392382232272123,0.7863901059511363,3
UD_English-EWT,55,0.875,3,31,0.40898689662253923,0.14406408027886583,0.7728152237221844,0.8581816826443203,3
UD_English-EWT,55,0.875,4,0,1.0904314840969058,0.3837001203391395,1.3732759326099264,0.6313766236323693,3
UD_English-EWT,55,0.875,4,1,0.9968473823819113,0.32982638385655777,2.0187593921069023,0.7329204327041768,3
UD_English-EWT,55,0.875,4,2,0.816245518434786,0.2692781152654921,2.0284226030817014,0.7699836666113908,3
UD_English-EWT,55,0.875,4,3,0.8292599945636178,0.2910232877558969,1.4526628698807595,0.7298168475673498,3
UD_English-EWT,55,0.875,4,4,1.226262596461291,0.4260380122885244,1.8533550807578534,0.6525088379563312,3
UD_English-EWT,55,0.875,4,5,1.1314993963351232,0.38066326736562456,2.1353414826000106,0.7070476073900641,3
UD_English-EWT,55,0.875,4,6,0.9907578134498745,0.3416369977782061,1.627911376551418,0.6968032729511705,3
UD_English-EWT,55,0.875,4,7,1.0699417736306651,0.3715585267513936,1.7401459648363795,0.6771494319530132,3
UD_English-EWT,55,0.875,4,8,0.7064540703697825,0.2437053656168214,1.7610209852131338,0.7781470262043463,3
UD_English-EWT,55,0.875,4,9,0.8851785205426763,0.30293781399211167,1.8817915942770969,0.7486687801737603,3
UD_English-EWT,55,0.875,4,10,0.8737758443248076,0.30184754193887686,1.686819920638654,0.745038042479417,3
UD_English-EWT,55,0.875,4,11,0.9604932197890429,0.3329567075562824,1.551685580600372,0.6906910337412726,3
UD_English-EWT,55,0.875,4,12,0.7965365665369347,0.26742095440517577,1.9140173805595964,0.7781546176538442,3
UD_English-EWT,55,0.875,4,13,0.7828919573234079,0.2669188193400103,1.8331747540902137,0.7781648525666235,3
UD_English-EWT,55,0.875,4,14,0.8619922156596661,0.2903328980972315,2.046577087544135,0.762257822577202,3
UD_English-EWT,55,0.875,4,15,0.8048506413937592,0.27582872312224194,1.6606976494790209,0.7542683522069389,3
UD_English-EWT,55,0.875,4,16,1.015884338357301,0.3467597217928408,1.914608637790428,0.7106360704901006,3
UD_English-EWT,55,0.875,4,17,0.7939608159164587,0.2645677840659473,1.7846139868236195,0.7679318490154864,3
UD_English-EWT,55,0.875,4,18,1.1204150849325627,0.38951842404752696,1.777185015421096,0.663200422592176,3
UD_English-EWT,55,0.875,4,19,0.9907731178924034,0.3385618229367802,1.804958703630826,0.7170854735922726,3
UD_English-EWT,55,0.875,4,20,0.7882087872735138,0.26779555950402023,1.8790822610503337,0.778237434969248,3
UD_English-EWT,55,0.875,4,21,1.018390812420834,0.3348830777079627,2.109104576142325,0.7404509537831246,3
UD_English-EWT,55,0.875,4,22,1.125639366444017,0.3871676601700227,1.8645930606973629,0.6808142240798755,3
UD_English-EWT,55,0.875,4,23,0.9915703113491091,0.33242609228375614,1.9708354042364598,0.7341634778947127,3
UD_English-EWT,55,0.875,4,24,0.7021498502060798,0.24017996407488873,1.6592435131361791,0.7882878833699748,3
UD_English-EWT,55,0.875,4,25,1.1268226939825194,0.3922888065242159,1.7473899575530505,0.6592808462991523,3
UD_English-EWT,55,0.875,4,26,1.2391149886427464,0.42375547753711434,2.001890313022775,0.6546719054978185,3
UD_English-EWT,55,0.875,4,27,0.8713447601688799,0.30180435205295764,1.6575628928908017,0.7321763255095656,3
UD_English-EWT,55,0.875,4,28,0.8668549228697092,0.2978484614095727,1.6636683031889479,0.7312178599405593,3
UD_English-EWT,55,0.875,4,29,1.1593070833355135,0.3915850034590899,2.025321694847556,0.6828326182694383,3
UD_English-EWT,55,0.875,4,30,1.0044665092056133,0.33658076566940887,1.7800279941498038,0.6958892386549157,3
UD_English-EWT,55,0.875,4,31,0.6906081095120729,0.2346109873012984,1.652113229321326,0.7901749422804253,3
UD_English-EWT,55,0.875,5,0,1.4331994817502294,0.5009174225190298,1.9560535246665793,0.5688100261223555,3
UD_English-EWT,55,0.875,5,1,0.9460329856784617,0.3156347392781727,2.112162649712927,0.7401150356849252,3
UD_English-EWT,55,0.875,5,2,1.4366024011959795,0.5043446893832614,2.0445542841444033,0.5888562276009436,3
UD_English-EWT,55,0.875,5,3,0.7000284267687841,0.243453078192467,1.789863552660673,0.7838190000755323,3
UD_English-EWT,55,0.875,5,4,1.1497311755906254,0.38902368767692524,1.9978002223486457,0.6775921298316484,3
UD_English-EWT,55,0.875,5,5,0.5487913996225497,0.19057250746232346,1.7682351551556412,0.8278596715523245,3
UD_English-EWT,55,0.875,5,6,0.5325029147602278,0.1786207585308857,1.6845229168868674,0.8227356545939255,3
UD_English-EWT,55,0.875,5,7,1.5236592441525831,0.5260216358553733,1.7795414277547479,0.46071155849023165,3
UD_English-EWT,55,0.875,5,8,1.2967723884462006,0.4507524964072231,1.821989934681109,0.5914546177741175,3
UD_English-EWT,55,0.875,5,9,1.2395378411467608,0.4363253591395575,1.6149722618374884,0.580751135931749,3
UD_English-EWT,55,0.875,5,10,1.4488549762301977,0.5021967666939525,1.8222348943542697,0.5258697549352772,3
UD_English-EWT,55,0.875,5,11,0.8421991194152224,0.2942113187096212,1.9490413600901217,0.7465667851499956,3
UD_English-EWT,55,0.875,5,12,1.0222705715083142,0.34708009375079457,2.033205561244857,0.7130333090740475,3
UD_English-EWT,55,0.875,5,13,1.0355559815474547,0.35293186607283755,1.9848036416729944,0.7047821564806832,3
UD_English-EWT,55,0.875,5,14,1.211557304910732,0.41987480567886964,1.889453666322001,0.6355145574837434,3
UD_English-EWT,55,0.875,5,15,0.4594626306456078,0.16890021718577067,0.400995764039959,0.05745728586173577,3
UD_English-EWT,55,0.875,5,16,1.1912948346963128,0.42059914968595696,1.6060460580882696,0.6146224142613741,3
UD_English-EWT,55,0.875,5,17,0.8314619650199114,0.2899703406075691,1.7562085332277693,0.7481746817981394,3
UD_English-EWT,55,0.875,5,18,1.0677645094353427,0.37666424376744173,1.4259650173625875,0.6245349426575697,3
UD_English-EWT,55,0.875,5,19,0.9656532751515047,0.3257865685603169,1.8925309389259646,0.7230131029675567,3
UD_English-EWT,55,0.875,5,20,1.1141076496715756,0.3737849789435801,1.9543256314508684,0.6809544191782266,3
UD_English-EWT,55,0.875,5,21,1.2424943665337693,0.4321376038460783,1.7557729979627554,0.621635794028884,3
UD_English-EWT,55,0.875,5,22,1.2272109853032507,0.4216924183586365,2.0030198638719288,0.6502926529458094,3
UD_English-EWT,55,0.875,5,23,0.9597705163482325,0.3259509077875829,2.027745797768751,0.7408773075307437,3
UD_English-EWT,55,0.875,5,24,1.1819256704524568,0.4169073493876418,1.749179983562459,0.6295945472499603,3
UD_English-EWT,55,0.875,5,25,0.5015740530711271,0.1733026239556177,1.7982767016536985,0.837799398611912,3
UD_English-EWT,55,0.875,5,26,0.5985360892798297,0.20570660090728754,1.7202427629754624,0.8085077651971458,3
UD_English-EWT,55,0.875,5,27,0.5861733344151131,0.2027343048396875,1.9516842661659572,0.8227453064207388,3
UD_English-EWT,55,0.875,5,28,1.0676861294088902,0.3716392121557655,1.865875977418896,0.6909293824016288,3
UD_English-EWT,55,0.875,5,29,0.7770552866852999,0.2671616101919085,1.8481681734214934,0.7617797382135209,3
UD_English-EWT,55,0.875,5,30,1.233555645252729,0.41822535381101084,1.9194342321656874,0.6388006081672314,3
UD_English-EWT,55,0.875,5,31,0.9087364036786644,0.3037981723616738,1.9970221520827334,0.7396912008578226,3
UD_English-EWT,55,0.875,6,0,1.2056425521336835,0.4143971451210411,2.0510700456051665,0.6675206065747908,3
UD_English-EWT,55,0.875,6,1,1.042661806225831,0.3594323267010066,1.8921053960295104,0.6803455704955456,3
UD_English-EWT,55,0.875,6,2,0.7110934224393634,0.24140282611418618,1.9356529385611443,0.7852050303218577,3
UD_English-EWT,55,0.875,6,3,1.0347323592053301,0.3558252128434854,1.6634782780443602,0.6567412445318287,3
UD_English-EWT,55,0.875,6,4,1.297749959990952,0.43941243408834785,2.0611421681926987,0.6358311115908275,3
UD_English-EWT,55,0.875,6,5,1.1383130470857377,0.40030265879055626,1.6807125559270055,0.647980788827811,3
UD_English-EWT,55,0.875,6,6,0.6284575254362897,0.2126706636973906,1.8462627990296845,0.8181075645519084,3
UD_English-EWT,55,0.875,6,7,1.1828502836503183,0.4204761774426764,2.0744238847320413,0.6561759529204426,3
UD_English-EWT,55,0.875,6,8,1.0430041674680615,0.34969104058660555,2.1356086882954304,0.7152987859451055,3
UD_English-EWT,55,0.875,6,9,0.8140629960973841,0.28913853892238844,0.6073268280790369,0.27550454822815074,3
UD_English-EWT,55,0.875,6,10,0.9704807056673889,0.33540281754509566,1.670118597850122,0.6910954473747147,3
UD_English-EWT,55,0.875,6,11,1.0547222212934102,0.36975403584689176,1.5801646094124608,0.6378815984573954,3
UD_English-EWT,55,0.875,6,12,0.7353818138793301,0.25263002703139364,1.3759046045211711,0.7748119594810873,3
UD_English-EWT,55,0.875,6,13,1.020771038268976,0.34436798377305217,1.9983895314765758,0.7084639391883908,3
UD_English-EWT,55,0.875,6,14,1.2956003821395567,0.45902082869589655,1.6643935918862267,0.5625627799153002,3
UD_English-EWT,55,0.875,6,15,1.0752064666298569,0.36361115976136676,1.9491155864111063,0.6865693670858667,3
UD_English-EWT,55,0.875,6,16,0.3884822348665398,0.1375756530881688,0.754534200098508,0.858866519438873,3
UD_English-EWT,55,0.875,6,17,0.7326943385117909,0.2560373668462201,1.5663225375156584,0.7704986785088949,3
UD_English-EWT,55,0.875,6,18,1.1627921084508652,0.3920048057374787,2.0189171410920626,0.6681050971041828,3
UD_English-EWT,55,0.875,6,19,1.3331888920079598,0.4697707071764656,1.6978884182992529,0.5500762876672822,3
UD_English-EWT,55,0.875,6,20,1.32777854762225,0.4579018329648481,1.7097881738985388,0.5620953515307717,3
UD_English-EWT,55,0.875,6,21,1.0899702842959724,0.3630167044875618,2.2349934913693015,0.7234908668341316,3
UD_English-EWT,55,0.875,6,22,1.3106637588941334,0.4458848828202171,2.016961160334733,0.6286503749005564,3
UD_English-EWT,55,0.875,6,23,1.1675475970426328,0.4082964521193222,1.8143816866075622,0.6435588152030779,3
UD_English-EWT,55,0.875,6,24,1.1250410159754622,0.39136315325108817,1.7839999261341024,0.6598818859794534,3
UD_English-EWT,55,0.875,6,25,1.2174093022481123,0.4122735787529111,1.9352387812782508,0.6431754731958247,3
UD_English-EWT,55,0.875,6,26,0.7601391719230103,0.2630815024509727,1.6001252449492505,0.767161599124607,3
UD_English-EWT,55,0.875,6,27,1.5544056649199385,0.5428289998533079,2.0373436605561195,0.5472330644536757,3
UD_English-EWT,55,0.875,6,28,1.1677086016193765,0.3963051290677111,2.033381560135409,0.671464359411505,3
UD_English-EWT,55,0.875,6,29,1.1360226615123412,0.3902112064520084,2.024904225286239,0.6686600168695325,3
UD_English-EWT,55,0.875,6,30,0.906135051655422,0.31670371348713483,1.0169641421548004,0.6093940205179929,3
UD_English-EWT,55,0.875,6,31,1.1207806274756273,0.380992008478318,1.9049529834686083,0.6691805548653793,3
UD_English-EWT,55,0.875,7,0,1.3999938009975168,0.46876078162796947,2.2187486855493,0.6194619847247834,3
UD_English-EWT,55,0.875,7,1,1.3832819371438418,0.4835306375485952,1.8830438523887503,0.5793687983302362,3
UD_English-EWT,55,0.875,7,2,1.2943474436093985,0.4411876536837909,2.219779516178402,0.6652085964715546,3
UD_English-EWT,55,0.875,7,3,1.1858550102360044,0.40533509146836066,2.11786747290897,0.6778955448602066,3
UD_English-EWT,55,0.875,7,4,0.6337472921159315,0.22319515168883977,1.0205043953570294,0.7679644916444094,3
UD_English-EWT,55,0.875,7,5,1.2913039716160797,0.433873974017541,2.0073015821490348,0.6227370443294175,3
UD_English-EWT,55,0.875,7,6,0.9407470803606054,0.33137527649004167,0.5411669020905738,0.3785402157152231,3
UD_English-EWT,55,0.875,7,7,1.7476252525881992,0.6085084516059722,2.03841621210232,0.44384314251795604,3
UD_English-EWT,55,0.875,7,8,1.4715651965315006,0.5068719940758794,1.9726773824522403,0.5396787910255686,3
UD_English-EWT,55,0.875,7,9,1.3271343204818786,0.470256470327006,1.2777694825809076,0.45397821736466043,3
UD_English-EWT,55,0.875,7,10,0.3493123371459421,0.1225022413370917,0.9474080800602996,0.8719587437469234,3
UD_English-EWT,55,0.875,7,11,1.158565893172132,0.3978520341366801,1.856811454930158,0.6558416279368714,3
UD_English-EWT,55,0.875,7,12,0.48859508295555365,0.1742946878940763,0.783776239103524,0.8215115967669774,3
UD_English-EWT,55,0.875,7,13,1.1224921253155273,0.394593292809955,1.6126863253192607,0.6205642114585106,3
UD_English-EWT,55,0.875,7,14,1.0683830626621056,0.35649154558506385,2.018114568892941,0.6985311181927423,3
UD_English-EWT,55,0.875,7,15,0.9933310894258254,0.34565108920191373,1.9421393325745733,0.7126039996444636,3
UD_English-EWT,55,0.875,7,16,1.1317630485378762,0.3918263541504008,1.804447052284451,0.6407221916974786,3
UD_English-EWT,55,0.875,7,17,1.3422701585976806,0.45209252264330296,2.209149612022228,0.6393466585863701,3
UD_English-EWT,55,0.875,7,18,1.2517419508327552,0.4374877778450214,1.61340616187437,0.5700645913965389,3
UD_English-EWT,55,0.875,7,19,1.1761014927008981,0.4033140982747187,1.7513927871629404,0.6369502707935856,3
UD_English-EWT,55,0.875,7,20,0.8693667135060593,0.30083804503965356,1.7148849097893102,0.7271590945743472,3
UD_English-EWT,55,0.875,7,21,1.4549754550493914,0.4897161933622291,2.0864577716274124,0.5663339402085553,3
UD_English-EWT,55,0.875,7,22,1.2352032721286914,0.41667156046992665,1.9734542710750695,0.6477109822012036,3
UD_English-EWT,55,0.875,7,23,0.7547381807166152,0.2570045120600197,1.82308348342912,0.7846576625070719,3
UD_English-EWT,55,0.875,7,24,1.154141001715469,0.4072253645647093,1.4361982393894472,0.5874386737038312,3
UD_English-EWT,55,0.875,7,25,1.9705067256597875,0.6691164565840922,2.388846990786398,0.44515928774664965,3
UD_English-EWT,55,0.875,7,26,0.834997904933107,0.284690342636572,1.86034317214198,0.7545977469893318,3
UD_English-EWT,55,0.875,7,27,1.1229520418252015,0.38718740760818643,2.096029864335755,0.6824802484071538,3
UD_English-EWT,55,0.875,7,28,0.9465608620144197,0.33053004629027866,1.1944879536908832,0.6094113571233436,3
UD_English-EWT,55,0.875,7,29,1.1702611964935594,0.4029209392114741,1.881395743735718,0.6475132193165289,3
UD_English-EWT,55,0.875,7,30,0.8474362710514572,0.2964408749405749,1.7294643579393572,0.741418704906231,3
UD_English-EWT,55,0.875,7,31,0.8508027737963612,0.29240147485474094,1.4628323905834952,0.7121118406861857,3
UD_English-EWT,55,0.875,8,0,1.0436710198910293,0.36791696416753567,2.0077846180545826,0.694024344604252,3
UD_English-EWT,55,0.875,8,1,1.5337684210695206,0.5295793213126655,1.8064223287698349,0.44145453768444737,3
UD_English-EWT,55,0.875,8,2,1.647562331107796,0.5735866361872746,2.0131702238527587,0.47832953526836924,3
UD_English-EWT,55,0.875,8,3,1.383058963374036,0.4629889785469881,2.0415529518613833,0.5992173279800159,3
UD_English-EWT,55,0.875,8,4,0.698337177835907,0.23818394644881424,1.7734160840999884,0.7842665672139392,3
UD_English-EWT,55,0.875,8,5,1.4303235099235303,0.490340864696355,1.7941845449973544,0.4510645964920847,3
UD_English-EWT,55,0.875,8,6,1.261224780686349,0.4225430716853758,1.9254677223486112,0.620826254329069,3
UD_English-EWT,55,0.875,8,7,1.0970812325106294,0.37574950257529977,2.128906709954604,0.7018340532625524,3
UD_English-EWT,55,0.875,8,8,1.2887985580117325,0.451698633721726,2.0993173329773716,0.6478305536921124,3
UD_English-EWT,55,0.875,8,9,1.4137711749159356,0.4805286283077221,2.1795755886152146,0.6129829986445022,3
UD_English-EWT,55,0.875,8,10,1.7815454247762164,0.6178703538137055,2.0911917058387957,0.4507561630564309,3
UD_English-EWT,55,0.875,8,11,1.6195297009957945,0.561275297419621,2.0497387465774906,0.5066904464841757,3
UD_English-EWT,55,0.875,8,12,1.146158912197054,0.3901325965839657,1.9346328074271995,0.6707521854392601,3
UD_English-EWT,55,0.875,8,13,1.5993228270002184,0.541348262874915,2.2423603401700873,0.5577156141278197,3
UD_English-EWT,55,0.875,8,14,0.8589119189478227,0.2937084190947816,2.0419796246268493,0.7642096811413547,3
UD_English-EWT,55,0.875,8,15,1.4992077781365867,0.5242784347907659,1.745147235216556,0.48316212510774914,3
UD_English-EWT,55,0.875,8,16,1.5858343697962214,0.5534719850711918,1.964205351792181,0.5043431384410906,3
UD_English-EWT,55,0.875,8,17,1.2998058030785542,0.44090147040960787,2.0308061219846834,0.6181168267825696,3
UD_English-EWT,55,0.875,8,18,0.9323428059997672,0.3097642690370806,1.9860921746666096,0.7359112379207312,3
UD_English-EWT,55,0.875,8,19,0.9035899055365113,0.31267689490768863,1.8106359897524065,0.7333963256064661,3
UD_English-EWT,55,0.875,8,20,1.3975415092999819,0.48489097632019895,2.044818135585724,0.5914270836785299,3
UD_English-EWT,55,0.875,8,21,1.5721665356165726,0.5475438978719799,1.7596194325031913,0.46273567175360325,3
UD_English-EWT,55,0.875,8,22,1.3886443953859349,0.47450610518944064,2.0412926905685,0.6005557368158317,3
UD_English-EWT,55,0.875,8,23,1.257213372893238,0.4194093871461346,2.1603243154471907,0.6546852588110718,3
UD_English-EWT,55,0.875,8,24,1.3812483814841847,0.4658477152536584,2.037861866513454,0.5955238831933514,3
UD_English-EWT,55,0.875,8,25,0.6512323822452939,0.22822360408734974,0.7536201177806151,0.7507057515378425,3
UD_English-EWT,55,0.875,8,26,0.6602230544298724,0.232478539756277,0.7773778150316145,0.7316195498100179,3
UD_English-EWT,55,0.875,8,27,1.3977203361812185,0.4789780185834415,1.8830133610572972,0.5455030089885485,3
UD_English-EWT,55,0.875,8,28,0.8419020506595762,0.2847096155887853,1.8761586835421282,0.751125216280502,3
UD_English-EWT,55,0.875,8,29,1.7438076152067585,0.605607754912207,1.7753700602304308,0.3164396152843489,3
UD_English-EWT,55,0.875,8,30,1.2414432746275093,0.42691041491857856,1.9227396737248086,0.6228945681821888,3
UD_English-EWT,55,0.875,8,31,0.8915680611068434,0.30733471188714595,1.3511316953786736,0.6689293303260603,3
UD_English-EWT,55,0.875,9,0,0.8042188989225849,0.2796456559318608,1.8872737063329075,0.7566226554020071,3
UD_English-EWT,55,0.875,9,1,1.012909605895561,0.35226615376512643,1.8237114368186405,0.7017616314409753,3
UD_English-EWT,55,0.875,9,2,1.5360575349278787,0.5344871655242257,1.7738004807240326,0.43574006925379427,3
UD_English-EWT,55,0.875,9,3,1.256466469043808,0.4227587312582086,2.1885390391332424,0.6603628166142057,3
UD_English-EWT,55,0.875,9,4,1.497151720637832,0.5213442631540838,1.803218567903359,0.516750509506312,3
UD_English-EWT,55,0.875,9,5,1.5112873515307577,0.5256717580833722,1.8940776775986337,0.5182526710567036,3
UD_English-EWT,55,0.875,9,6,1.6168613198513542,0.5564551894130603,2.014182552016715,0.5077593958985828,3
UD_English-EWT,55,0.875,9,7,1.663916615189099,0.5766450485353696,2.17220032462114,0.5095380527155647,3
UD_English-EWT,55,0.875,9,8,0.8142000291978292,0.2802996494839534,1.2037896900853389,0.7139224376671952,3
UD_English-EWT,55,0.875,9,9,1.2325451753775714,0.4184988796480258,2.077777618430351,0.6546406293990182,3
UD_English-EWT,55,0.875,9,10,1.473405113799976,0.5002605671331096,1.9803107020687751,0.5393840928980996,3
UD_English-EWT,55,0.875,9,11,1.7087069925171863,0.5911504222395642,1.9317409125290717,0.4486875340939654,3
UD_English-EWT,55,0.875,9,12,1.8912788275866779,0.6381010485775701,2.3712738273030856,0.4772143913483848,3
UD_English-EWT,55,0.875,9,13,1.626151778550313,0.5635751789683419,1.9153831154379473,0.4847052820325441,3
UD_English-EWT,55,0.875,9,14,0.7889014475576864,0.2612556435900633,1.9927821030707957,0.7831065743781612,3
UD_English-EWT,55,0.875,9,15,1.6495556036088417,0.5594718358827202,2.072292540731326,0.5055118952292562,3
UD_English-EWT,55,0.875,9,16,1.2173613607340605,0.4285435712877627,1.1395802703874358,0.40506359990448687,3
UD_English-EWT,55,0.875,9,17,1.3057329645872333,0.43992335100968677,2.0317153410073403,0.6188209812294264,3
UD_English-EWT,55,0.875,9,18,1.5825100895322735,0.5353161169992987,2.006460104076589,0.5020385350631669,3
UD_English-EWT,55,0.875,9,19,1.5106180450032536,0.5246861531163391,1.9388600618787148,0.5301852268870845,3
UD_English-EWT,55,0.875,9,20,1.4078714420615215,0.47656741564608224,2.0364575205550604,0.5895219410961334,3
UD_English-EWT,55,0.875,9,21,1.312014568318869,0.45133441717843975,1.882451383468232,0.5920978805800061,3
UD_English-EWT,55,0.875,9,22,1.0198066116655025,0.35156309787516493,1.8646050622934418,0.6994789882897244,3
UD_English-EWT,55,0.875,9,23,0.9891556935937896,0.33826958170272614,1.7541036494008395,0.7121530529349119,3
UD_English-EWT,55,0.875,9,24,1.6328126978271644,0.5527839920668437,2.226288326559605,0.5364603272729124,3
UD_English-EWT,55,0.875,9,25,1.4209083834686782,0.48942644732625973,1.9288281141245953,0.5400316928308083,3
UD_English-EWT,55,0.875,9,26,0.8688095229896691,0.3042700627143537,1.8718337178338853,0.7334021817221016,3
UD_English-EWT,55,0.875,9,27,1.3514340487605672,0.4755066790785946,1.2126587805200797,0.13292578398462093,3
UD_English-EWT,55,0.875,9,28,1.477035682655206,0.5068368524285831,2.074415979869596,0.5690134411545399,3
UD_English-EWT,55,0.875,9,29,1.3880400945023652,0.4633860765041984,2.1592632001893555,0.6136647466169789,3
UD_English-EWT,55,0.875,9,30,1.666249075331106,0.5655271369414251,2.01613629238853,0.47026128587202726,3
UD_English-EWT,55,0.875,9,31,1.162340237645395,0.3977730872011141,1.8863470841518082,0.6374727872714319,3
UD_English-EWT,55,0.875,10,0,1.3579133092027111,0.45528911167453767,2.2580680449532244,0.6402209789063001,3
UD_English-EWT,55,0.875,10,1,1.192451130225576,0.42148472505786166,0.9301849201131605,0.16121374903236582,3
UD_English-EWT,55,0.875,10,2,1.9426511497065453,0.6594069146284857,2.353047298874794,0.45210710747374433,3
UD_English-EWT,55,0.875,10,3,1.6466395958090958,0.571650076718604,1.8283914301021937,0.41705851062100874,3
UD_English-EWT,55,0.875,10,4,0.9474594178855528,0.3174966157520892,1.9019365714954548,0.7246767244893779,3
UD_English-EWT,55,0.875,10,5,1.4756646847627202,0.5127910992541166,1.6708244229166451,0.4744783462261024,3
UD_English-EWT,55,0.875,10,6,1.4705722863719763,0.4924387031036322,2.1913493746562516,0.5944203519633885,3
UD_English-EWT,55,0.875,10,7,0.9676278367068599,0.3207030072774338,2.1025724450367176,0.7344986640853309,3
UD_English-EWT,55,0.875,10,8,1.5275422396555625,0.5110408119070183,2.2570514885508515,0.5880721915302923,3
UD_English-EWT,55,0.875,10,9,1.723064443669901,0.5914331024651753,2.117420241915246,0.4713013279633444,3
UD_English-EWT,55,0.875,10,10,1.1432993659420525,0.38395288213408924,2.0140672805965054,0.6675458140264118,3
UD_English-EWT,55,0.875,10,11,1.3889146485452446,0.4656259040119218,1.994594570500386,0.5793254885802178,3
UD_English-EWT,55,0.875,10,12,1.6358494257829228,0.551130135243382,2.277790303140173,0.5588404101087204,3
UD_English-EWT,55,0.875,10,13,1.0901982566725144,0.3752675854171777,1.8719642723898637,0.679536435787035,3
UD_English-EWT,55,0.875,10,14,1.2415585371314501,0.4335902566955389,1.200485718081992,0.21572586458739576,3
UD_English-EWT,55,0.875,10,15,1.497169775484581,0.5080527276587834,2.1642665533528738,0.5555383155973991,3
UD_English-EWT,55,0.875,10,16,1.2286728673592509,0.41144947584833824,2.077246928638448,0.6526679318730731,3
UD_English-EWT,55,0.875,10,17,1.6006890765521913,0.5598531862642813,1.5593039493580332,0.1614787441123623,3
UD_English-EWT,55,0.875,10,18,1.2406389737444063,0.42444087121846025,2.100223312829579,0.6640888083665097,3
UD_English-EWT,55,0.875,10,19,1.1959614908298943,0.40051575656471355,1.9693089011914093,0.6479563918609328,3
UD_English-EWT,55,0.875,10,20,1.2987871136794542,0.44757896179981355,1.9365206465043656,0.6079311367388956,3
UD_English-EWT,55,0.875,10,21,1.3442114551834938,0.44992534103777887,2.0950044909515886,0.6181073746286021,3
UD_English-EWT,55,0.875,10,22,1.901626455463564,0.6621040277630904,2.0447287254971886,0.3576727329408971,3
UD_English-EWT,55,0.875,10,23,1.1199783713358349,0.3797828490033284,1.7475680755027223,0.6593780176059253,3
UD_English-EWT,55,0.875,10,24,1.5409126227996388,0.5224394330140779,2.111055910315887,0.5566470837780361,3
UD_English-EWT,55,0.875,10,25,1.5697967151963645,0.5493864248521992,1.523184423319629,0.285792712953437,3
UD_English-EWT,55,0.875,10,26,1.4436367328918263,0.48548783311698385,2.013251209601027,0.5655779734403167,3
UD_English-EWT,55,0.875,10,27,2.039288814249151,0.6905211465253421,2.277989253971746,0.3780896168249661,3
UD_English-EWT,55,0.875,10,28,2.1536141541703366,0.7381021429280765,2.368083967862885,0.3553431147645026,3
UD_English-EWT,55,0.875,10,29,1.494940078757934,0.5151930879292593,1.6892504085717086,0.4372519559187913,3
UD_English-EWT,55,0.875,10,30,1.7068441780267083,0.571777285448189,2.0237656057369513,0.42455877416609417,3
UD_English-EWT,55,0.875,10,31,1.5684781932494245,0.5330120465414554,2.12501514538824,0.5481787375318657,3
UD_English-EWT,55,0.875,11,0,1.9579608466455845,0.6641539933468692,2.199601614111543,0.38414082969309854,3
UD_English-EWT,55,0.875,11,1,1.5608220341698502,0.5320633081871956,2.100464227095328,0.5338570182271071,3
UD_English-EWT,55,0.875,11,2,1.0594384065796987,0.37061163920142387,1.1116781939899987,0.48786517899680226,3
UD_English-EWT,55,0.875,11,3,1.3626575575825948,0.4571626447684018,2.1784575983529098,0.6102210535940956,3
UD_English-EWT,55,0.875,11,4,1.699585575630756,0.5814127672755437,2.152480092204985,0.5094168645843782,3
UD_English-EWT,55,0.875,11,5,0.6510940442279063,0.2133777795295029,1.915747673608675,0.7993951133420124,3
UD_English-EWT,55,0.875,11,6,1.8593591833809466,0.6468571552460528,1.8175834098148869,0.29853812092830356,3
UD_English-EWT,55,0.875,11,7,1.5094129453211318,0.5100566521490532,2.0626689732237593,0.5540852741302689,3
UD_English-EWT,55,0.875,11,8,1.5748132220545754,0.5367941387771257,2.20436560999066,0.5482616632131823,3
UD_English-EWT,55,0.875,11,9,1.2591032264499715,0.41734050444322207,2.1765284646567102,0.6540279232698386,3
UD_English-EWT,55,0.875,11,10,1.4782668074732053,0.5015881379933956,2.213717783735098,0.6076155415106775,3
UD_English-EWT,55,0.875,11,11,1.5526222027091816,0.5227809037219305,2.232150638716903,0.5735466008317167,3
UD_English-EWT,55,0.875,11,12,1.5162966960603423,0.5122467112237205,2.048322837290868,0.5439247182334599,3
UD_English-EWT,55,0.875,11,13,1.5544010589275856,0.523537993118954,2.3736731909446163,0.5894021814271726,3
UD_English-EWT,55,0.875,11,14,0.6863855114359348,0.2359006306757041,1.6051115972449654,0.7798516646108992,3
UD_English-EWT,55,0.875,11,15,0.6391245780991075,0.22430843824625882,0.8641593372534099,0.7288110427463423,3
UD_English-EWT,55,0.875,11,16,1.6628838136439332,0.5747746563430041,1.986619819437437,0.4618861435798891,3
UD_English-EWT,55,0.875,11,17,1.246376580472201,0.42193663136555193,1.7449801462975572,0.6064110362396757,3
UD_English-EWT,55,0.875,11,18,0.7172143877991127,0.24438678600803318,1.4186009532196924,0.772729946290209,3
UD_English-EWT,55,0.875,11,19,1.534297332126912,0.5126084664765277,2.1928105530734485,0.5681552871559595,3
UD_English-EWT,55,0.875,11,20,1.2572931289564282,0.43268199436678695,1.877394269208656,0.6191815025900883,3
UD_English-EWT,55,0.875,11,21,1.6898999505138572,0.5804354022842287,1.9342325229896655,0.4703338943516839,3
UD_English-EWT,55,0.875,11,22,1.5226361001477,0.5168004133390816,2.0069100957207775,0.5274630460501369,3
UD_English-EWT,55,0.875,11,23,0.9226854790022464,0.31330215377912934,2.0024465524298027,0.744646698711457,3
UD_English-EWT,55,0.875,11,24,1.5439960390383645,0.525533130029403,2.066995270916673,0.5438870124532442,3
UD_English-EWT,55,0.875,11,25,1.653370181203757,0.5666777075884121,2.07273961815352,0.497234509860883,3
UD_English-EWT,55,0.875,11,26,1.4966999350865464,0.4982438927316166,2.2152008307870403,0.5837089803633034,3
UD_English-EWT,55,0.875,11,27,1.7342321802141019,0.6083250545060266,1.9616710483376447,0.40816771160329407,3
UD_English-EWT,55,0.875,11,28,1.2670764123277911,0.43429781264796824,2.037963353043154,0.6126607104267362,3
UD_English-EWT,55,0.875,11,29,1.3884542301867178,0.47679833111052955,2.246589425591606,0.6250161038124713,3
UD_English-EWT,55,0.875,11,30,1.2686272902729732,0.43067286499455326,1.7666059575554236,0.5693891201107228,3
UD_English-EWT,55,0.875,11,31,1.5741350621609307,0.531403585902003,2.155842201197299,0.5381550021225312,3
UD_English-EWT,55,0.875,12,0,1.7837826812093593,0.6146638949006417,2.1666844874783293,0.46720972738630784,3
UD_English-EWT,55,0.875,12,1,1.962600114404178,0.6668718993419507,2.2879507950963434,0.3938323864357067,3
UD_English-EWT,55,0.875,12,2,0.47748720540727857,0.16094999121865072,1.123798769286313,0.8344298303263001,3
UD_English-EWT,55,0.875,12,3,1.7620943633802166,0.6114554187666306,2.0836639360326235,0.43054960452305163,3
UD_English-EWT,55,0.875,12,4,1.1377569217716628,0.387533698061342,1.765441931200592,0.6502046996697052,3
UD_English-EWT,55,0.875,12,5,1.622519328375983,0.5508116219185958,2.207138830629637,0.5450257583909782,3
UD_English-EWT,55,0.875,12,6,1.1882978789983334,0.4055779721241832,2.0786098297719313,0.6728948999895207,3
UD_English-EWT,55,0.875,12,7,1.2400153548556816,0.4302049377943323,1.7140802432713393,0.6166686072049896,3
UD_English-EWT,55,0.875,12,8,1.8372664219260433,0.6199252343242937,2.4279048067733022,0.5082587053615919,3
UD_English-EWT,55,0.875,12,9,1.919808202401102,0.6542413295102466,2.1572599774175654,0.3780767981960474,3
UD_English-EWT,55,0.875,12,10,1.808142193598174,0.6125731915642655,2.474545539402571,0.534658186789093,3
UD_English-EWT,55,0.875,12,11,1.4240559568333495,0.47621690912107734,2.1303288137815035,0.5999146341897533,3
UD_English-EWT,55,0.875,12,12,1.2927011943851447,0.43477927629440644,2.1618635638435464,0.6438091426599221,3
UD_English-EWT,55,0.875,12,13,1.833406362947219,0.6166128803634904,2.3734434176989594,0.49733414042245716,3
UD_English-EWT,55,0.875,12,14,1.5097017673765374,0.5068196584767439,2.2181994581700244,0.577415415796643,3
UD_English-EWT,55,0.875,12,15,1.2362870534233925,0.41930183956911876,2.1809003548001114,0.6635167255780519,3
UD_English-EWT,55,0.875,12,16,0.8072372422382262,0.27977191393207657,1.379194181039251,0.7299300989980906,3
UD_English-EWT,55,0.875,12,17,1.3882147986000788,0.46199419055615837,2.250942063353318,0.6318388036664283,3
UD_English-EWT,55,0.875,12,18,1.1965010710644157,0.41029909191371533,1.9844822570383007,0.6494556973757857,3
UD_English-EWT,55,0.875,12,19,1.5544940898218658,0.5300434571309168,1.9728373517647035,0.5278811293615127,3
UD_English-EWT,55,0.875,12,20,1.962379924233711,0.6736655287403878,2.2975699259392335,0.41778386734385303,3
UD_English-EWT,55,0.875,12,21,1.5148121673064152,0.5153194547025232,2.0082049816846848,0.5227283257821436,3
UD_English-EWT,55,0.875,12,22,1.229378348721941,0.4209484485994162,2.098733668118878,0.6570484335305261,3
UD_English-EWT,55,0.875,12,23,0.43607735008048826,0.14706316559689156,1.8070638229042455,0.8686874645655273,3
UD_English-EWT,55,0.875,12,24,1.966663936176804,0.6825059419446955,2.0670223536821446,0.34257645671932746,3
UD_English-EWT,55,0.875,12,25,1.7518636935775616,0.5931887772809613,2.1472774592579387,0.4784988275472964,3
UD_English-EWT,55,0.875,12,26,1.143218298400252,0.3943682754639611,1.289632055535234,0.540212238597631,3
UD_English-EWT,55,0.875,12,27,1.748355969650932,0.6076023293784625,1.9168114552515234,0.38533623541666295,3
UD_English-EWT,55,0.875,12,28,1.2376381821645415,0.42065878084204233,1.8318180219017526,0.6134236369193794,3
UD_English-EWT,55,0.875,12,29,1.0519072201055473,0.36061830673441425,1.7239227342421024,0.6652289283460172,3
UD_English-EWT,55,0.875,12,30,1.4729544340695622,0.49128215443783985,2.2615642874672983,0.5960561088023398,3
UD_English-EWT,55,0.875,12,31,1.9640157667611249,0.6761834263421581,2.047006734570519,0.2757999185839149,3
UD_English-EWT,55,0.875,13,0,1.596553439678173,0.5550130651568237,1.8358304922372266,0.46767949342781945,3
UD_English-EWT,55,0.875,13,1,1.502542535979674,0.5185333699028675,2.040818296413604,0.5471627419112158,3
UD_English-EWT,55,0.875,13,2,1.6136472042656769,0.5467362488146689,2.081039007244214,0.5043946835695883,3
UD_English-EWT,55,0.875,13,3,1.401815989005544,0.4829896029580269,2.067161285079242,0.6002698509880972,3
UD_English-EWT,55,0.875,13,4,1.6240509285138602,0.550725493179753,1.9646858533332041,0.45354922173141016,3
UD_English-EWT,55,0.875,13,5,1.854891819272102,0.6385448628897441,2.0194419611021472,0.38452584116646715,3
UD_English-EWT,55,0.875,13,6,0.9649863283680871,0.33788639825441363,1.4804224630305456,0.6809765602612973,3
UD_English-EWT,55,0.875,13,7,1.309150692557268,0.442830870134963,2.0066568459535126,0.6111318577617028,3
UD_English-EWT,55,0.875,13,8,1.810068666337835,0.6240260666728238,1.9518670887840683,0.3455801230765377,3
UD_English-EWT,55,0.875,13,9,1.478298752468575,0.494465039001408,2.28130132358908,0.6029676294500493,3
UD_English-EWT,55,0.875,13,10,1.7892036302005005,0.6090685688977033,2.21955304480207,0.475366443022407,3
UD_English-EWT,55,0.875,13,11,0.7015612781020678,0.24402388046836596,1.2855862156235238,0.6929558041642924,3
UD_English-EWT,55,0.875,13,12,1.7123192144601938,0.5960991458054665,1.8917193845430142,0.4073845864712975,3
UD_English-EWT,55,0.875,13,13,1.7963432457386252,0.6132178543668193,2.369243674916648,0.505396517356671,3
UD_English-EWT,55,0.875,13,14,1.169162405237474,0.4024332055859336,2.107024590527208,0.6855960995474583,3
UD_English-EWT,55,0.875,13,15,0.5549538509211146,0.18417601844971024,1.8834434460393936,0.834697225163326,3
UD_English-EWT,55,0.875,13,16,2.2180939100153463,0.759657820852945,2.4295543347551525,0.3296953849833737,3
UD_English-EWT,55,0.875,13,17,2.09296325310549,0.7131951643740978,2.1158765836165903,0.194051905993189,3
UD_English-EWT,55,0.875,13,18,1.6132214513415633,0.5502538535004322,2.109569547823435,0.4912664756375638,3
UD_English-EWT,55,0.875,13,19,1.4742507405836942,0.5042757836385937,1.7156185471675,0.4586124647890501,3
UD_English-EWT,55,0.875,13,20,1.1262824717223754,0.3855996073473021,2.0746112487300934,0.6885040996966033,3
UD_English-EWT,55,0.875,13,21,1.2978069841698872,0.44018038903076356,2.100909290472232,0.6239010057325571,3
UD_English-EWT,55,0.875,13,22,1.8401659985763346,0.6258610947454563,2.2820330397895994,0.47003052908187576,3
UD_English-EWT,55,0.875,13,23,1.1400563551048546,0.3973781098976379,1.1695645356275997,0.31748534951067253,3
UD_English-EWT,55,0.875,13,24,1.3942571144232117,0.48246972489498136,1.5976101775095544,0.5296503382790935,3
UD_English-EWT,55,0.875,13,25,1.3308525456078284,0.46443181274584294,1.9178730121700056,0.5669410342659347,3
UD_English-EWT,55,0.875,13,26,1.2594591520848821,0.4348550476608815,2.066018987223099,0.6247486136853695,3
UD_English-EWT,55,0.875,13,27,1.6240623478246734,0.5457948124704574,2.297905826584889,0.564669014312639,3
UD_English-EWT,55,0.875,13,28,1.1710343068713265,0.40855020018657484,1.9818252848091458,0.6485812449471546,3
UD_English-EWT,55,0.875,13,29,1.2709696574886424,0.44364261464343047,1.371560600503112,0.4833646209703551,3
UD_English-EWT,55,0.875,13,30,1.622452542728631,0.5476353876089138,2.1442435481780646,0.5148739674907239,3
UD_English-EWT,55,0.875,13,31,1.5826050116119055,0.5408467307062531,2.27047324088319,0.5715831237181831,3
UD_English-EWT,55,0.875,14,0,1.6921111640057276,0.587466470992196,1.5460805163086004,0.25580576248806247,3
UD_English-EWT,55,0.875,14,1,1.2148341581306823,0.4237522306853739,1.1547317089875972,0.3389514448877784,3
UD_English-EWT,55,0.875,14,2,1.4752660598911225,0.508143730353028,1.8836161522483132,0.5120640953422569,3
UD_English-EWT,55,0.875,14,3,1.5016605823363545,0.5102754504519951,2.0195324641867844,0.5411740204485604,3
UD_English-EWT,55,0.875,14,4,1.5238976569775025,0.5185094369348064,2.1467173775362838,0.5589786478554073,3
UD_English-EWT,55,0.875,14,5,1.9262870734995179,0.6591501558684695,2.3106656302519837,0.4508743778427551,3
UD_English-EWT,55,0.875,14,6,0.6360817432729272,0.21714206882676143,1.818235882624088,0.7963654648220823,3
UD_English-EWT,55,0.875,14,7,0.8230565124359287,0.2884435576195057,0.6385408994251479,0.2760206082757759,3
UD_English-EWT,55,0.875,14,8,1.3778423772809285,0.4665981116950621,2.0781234843700527,0.6119228955867186,3
UD_English-EWT,55,0.875,14,9,1.6179889653875528,0.556190880039242,1.9563629235020537,0.44979050258456144,3
UD_English-EWT,55,0.875,14,10,0.7975098599080939,0.2732189599397458,1.8786882102448759,0.7720114737477676,3
UD_English-EWT,55,0.875,14,11,1.7461223988530847,0.593232116901158,2.242112953100482,0.4950170269361502,3
UD_English-EWT,55,0.875,14,12,1.4151767613349282,0.4745815522928056,2.1281142522239946,0.5946503596784095,3
UD_English-EWT,55,0.875,14,13,1.0420802991111204,0.354922407243964,1.8127613397678175,0.6890189578393661,3
UD_English-EWT,55,0.875,14,14,1.683064482712572,0.5851340105516228,1.6811898941876458,0.3020996727890764,3
UD_English-EWT,55,0.875,14,15,1.6981970297345697,0.5783692712069426,2.097513367569512,0.501444941043908,3
UD_English-EWT,55,0.875,14,16,1.7031052988056494,0.5761571876663979,2.103812259185944,0.45228594859793975,3
UD_English-EWT,55,0.875,14,17,1.489075959733058,0.5052445463374773,2.144237870537084,0.5734206760990923,3
UD_English-EWT,55,0.875,14,18,1.1168112738536353,0.38538036604695197,1.7745046406061489,0.6534169009650883,3
UD_English-EWT,55,0.875,14,19,1.6327320882314325,0.5552226548746418,2.138652854549863,0.5183735496223733,3
UD_English-EWT,55,0.875,14,20,1.9084335034119408,0.6611753385005101,1.9525797084815297,0.2892442360886785,3
UD_English-EWT,55,0.875,14,21,1.606964857729732,0.5469654406436154,2.122043288524902,0.5138490410056814,3
UD_English-EWT,55,0.875,14,22,1.3265455517992513,0.463147035767689,1.4484706900756,0.4933806480551461,3
UD_English-EWT,55,0.875,14,23,1.6841503175447112,0.5741003561079611,2.0898884572292284,0.49816224905568934,3
UD_English-EWT,55,0.875,14,24,1.261563741037103,0.43974850877088056,1.8754633660199211,0.61494736418888,3
UD_English-EWT,55,0.875,14,25,1.5801993911383583,0.5348199067301438,2.014074988785337,0.5289737744653812,3
UD_English-EWT,55,0.875,14,26,1.240256793864872,0.4203874535437924,1.8464427321117867,0.6162041721421079,3
UD_English-EWT,55,0.875,14,27,1.690702100554125,0.5717687586861881,2.2771698539374303,0.5202041019147808,3
UD_English-EWT,55,0.875,14,28,1.2292303939117544,0.41886772669322503,2.119249308234138,0.6550151451553586,3
UD_English-EWT,55,0.875,14,29,1.8357635403157149,0.6289551882633094,2.0804245106618047,0.3905516642914281,3
UD_English-EWT,55,0.875,14,30,1.5594029955036655,0.538073114697942,2.1376656705075927,0.5488215018409849,3
UD_English-EWT,55,0.875,14,31,1.3581257764053258,0.4646264616203221,1.791101672203163,0.5827624874633952,3
UD_English-EWT,55,0.875,15,0,0.8391295840899259,0.2797058532845724,1.9213545054794443,0.7582026538939534,3
UD_English-EWT,55,0.875,15,1,1.4882654377508684,0.502802879473225,2.0005698812843886,0.562861112338272,3
UD_English-EWT,55,0.875,15,2,2.2647419433450438,0.7719510687559246,2.403233976882012,0.2703184108394037,3
UD_English-EWT,55,0.875,15,3,1.0304973567878397,0.359886074041734,1.7619332576981444,0.6710977251276727,3
UD_English-EWT,55,0.875,15,4,1.2649067423165603,0.4307625925606066,2.0226020894958237,0.6370258082335438,3
UD_English-EWT,55,0.875,15,5,1.3568779088434626,0.4633416908984844,1.678880794615042,0.49669740448123995,3
UD_English-EWT,55,0.875,15,6,1.6983551725012358,0.5739345463681526,2.226940861518049,0.5275832918525176,3
UD_English-EWT,55,0.875,15,7,1.810025333462517,0.6228311954164548,2.070622924464214,0.4076428187905874,3
UD_English-EWT,55,0.875,15,8,1.5999665941724144,0.5420123366248847,2.274540064303384,0.5618435568795396,3
UD_English-EWT,55,0.875,15,9,2.2625294380934946,0.7841853958390015,2.206147713087947,0.10822119984524714,3
UD_English-EWT,55,0.875,15,10,1.8376469646592393,0.6282881617627508,2.368106822987072,0.48998419961506984,3
UD_English-EWT,55,0.875,15,11,0.7692116740242815,0.27201970374187917,0.6715308377461572,0.05905945270147534,3
UD_English-EWT,55,0.875,15,12,0.5927705313392893,0.20434678576289522,0.9188568017196134,0.793512663106775,3
UD_English-EWT,55,0.875,15,13,1.308049636406108,0.43844967196357926,2.11324984220642,0.6289866271349033,3
UD_English-EWT,55,0.875,15,14,1.553383876798583,0.5349078798744631,1.7527808067414279,0.41171629438499063,3
UD_English-EWT,55,0.875,15,15,0.653885185840677,0.21396997090401926,1.9161294755714187,0.810886258703872,3
UD_English-EWT,55,0.875,15,16,1.6390569039326983,0.572147013887573,1.8640164219399402,0.43118262206813246,3
UD_English-EWT,55,0.875,15,17,1.1621916097044294,0.4000587086439242,2.0011144137393364,0.6778499723525755,3
UD_English-EWT,55,0.875,15,18,1.080791476333619,0.37046910932996663,2.061296362965919,0.7027989012648933,3
UD_English-EWT,55,0.875,15,19,1.5230120350157195,0.5187707649092639,2.08141622571563,0.5527376553454252,3
UD_English-EWT,55,0.875,15,20,1.4699701581469216,0.499802648715797,2.1928806722652716,0.5903132244849575,3
UD_English-EWT,55,0.875,15,21,1.5453074441744328,0.534458159843972,1.621615101758031,0.39998561591045667,3
UD_English-EWT,55,0.875,15,22,1.1265995074165323,0.38657825147030783,1.8322007237019218,0.6547119158688247,3
UD_English-EWT,55,0.875,15,23,1.9436699264633635,0.6661574937443916,2.3262240278699142,0.440647329069769,3
UD_English-EWT,55,0.875,15,24,1.5201121302820295,0.5127518410388997,2.0123383456566297,0.5269537700682824,3
UD_English-EWT,55,0.875,15,25,1.1956266649813818,0.417758508783872,1.55018799511787,0.5940041861179639,3
UD_English-EWT,55,0.875,15,26,1.488372395490254,0.5178793546063435,1.4778584733686813,0.3974212111874682,3
UD_English-EWT,55,0.875,15,27,1.272175207964818,0.4278096806373319,2.0117134069973,0.6282192683135768,3
UD_English-EWT,55,0.875,15,28,1.357121534984837,0.4682376818877317,1.8591612246572862,0.5751691035220641,3
UD_English-EWT,55,0.875,15,29,1.8908455887833144,0.6401884665200401,2.3566023414252233,0.4734189150573343,3
UD_English-EWT,55,0.875,15,30,1.3090297970208313,0.4432118657182475,2.0736786095062456,0.6217308403934286,3
UD_English-EWT,55,0.875,15,31,1.3963611347970633,0.4759810844432895,1.7771128699970593,0.49548622880992776,3
UD_English-EWT,55,0.875,16,0,0.7202396990836535,0.24696058335498602,1.9562827316409688,0.7971545601287392,3
UD_English-EWT,55,0.875,16,1,0.9629264291111238,0.3343339160369719,1.5981907183491033,0.6925139613110294,3
UD_English-EWT,55,0.875,16,2,1.575216763549381,0.543732537787903,1.787615705464707,0.40754030127152935,3
UD_English-EWT,55,0.875,16,3,1.8677742596315339,0.6385570191566193,2.1688603661642265,0.3954977342936945,3
UD_English-EWT,55,0.875,16,4,1.6930779101282953,0.5741398296503856,1.9981171915982807,0.41480881592194346,3
UD_English-EWT,55,0.875,16,5,1.3855369903269361,0.46413355816718876,2.0496977351076615,0.5877463701427091,3
UD_English-EWT,55,0.875,16,6,2.3293669812231985,0.7927962593422127,2.45208026172902,0.22708354565655928,3
UD_English-EWT,55,0.875,16,7,1.4534208962934698,0.4995354910420155,1.8696870108445485,0.5086337198623759,3
UD_English-EWT,55,0.875,16,8,0.9497941167166758,0.3315825517168896,1.8595549520681898,0.7142256255141155,3
UD_English-EWT,55,0.875,16,9,1.5533126851167183,0.5279007487351887,2.0479498402722762,0.5199010608571909,3
UD_English-EWT,55,0.875,16,10,1.337050879384325,0.455495086781857,2.0942402152252977,0.6111646588138543,3
UD_English-EWT,55,0.875,16,11,1.5562313370854477,0.5397950728476482,1.9109631335203332,0.45754342530947345,3
UD_English-EWT,55,0.875,16,12,1.2890178773192542,0.44247706036994366,2.0106900536840295,0.6139162009368176,3
UD_English-EWT,55,0.875,16,13,1.449486382373478,0.4889180520464597,1.9713295767107513,0.5411737688252183,3
UD_English-EWT,55,0.875,16,14,1.5916847856969782,0.5528567041964262,1.4388446764433536,0.2738529018453833,3
UD_English-EWT,55,0.875,16,15,1.5571338262388614,0.5365839483579434,2.094882850411377,0.5159977957714885,3
UD_English-EWT,55,0.875,16,16,1.411608533509659,0.48986296591862954,1.7856324421469196,0.5150811362651962,3
UD_English-EWT,55,0.875,16,17,1.3224174993177147,0.4582759629059685,1.6250938996808344,0.4525332759000456,3
UD_English-EWT,55,0.875,16,18,1.2719458967637278,0.4299302473325004,2.1989770511026157,0.6577822670801958,3
UD_English-EWT,55,0.875,16,19,1.006294008324055,0.34957258895935256,0.9968043544986208,0.4970697224791584,3
UD_English-EWT,55,0.875,16,20,2.0065583103287197,0.69522448859851,2.2531756237013525,0.37180873253577823,3
UD_English-EWT,55,0.875,16,21,1.4790336150397803,0.514422688409279,1.5654328350106657,0.4248511119116308,3
UD_English-EWT,55,0.875,16,22,1.478070168384437,0.5149971796895202,1.3618747567001368,0.30328253757222157,3
UD_English-EWT,55,0.875,16,23,1.1914630812713247,0.39828664193672886,2.088490901233286,0.6671578870824995,3
UD_English-EWT,55,0.875,16,24,1.0900439053692452,0.3820148534014251,1.8360473318720993,0.649712165607265,3
UD_English-EWT,55,0.875,16,25,0.5549747377179414,0.18683316066050273,1.8046738296299358,0.8331038479460827,3
UD_English-EWT,55,0.875,16,26,1.2293787210066895,0.42320734590889114,2.064005097811991,0.6514157364195813,3
UD_English-EWT,55,0.875,16,27,0.7934393166396462,0.2693507353281552,1.764271690640836,0.7582231196685133,3
UD_English-EWT,55,0.875,16,28,0.7869122919672337,0.2593736240100828,1.9365367089281154,0.7757348453927996,3
UD_English-EWT,55,0.875,16,29,1.1151668062002715,0.38408675744369597,1.9851294210916877,0.6767504851457634,3
UD_English-EWT,55,0.875,16,30,1.3206906382720545,0.45836801551458833,1.492000970168409,0.37305840241208754,3
UD_English-EWT,55,0.875,16,31,1.8435241059418803,0.6307732809626774,2.2089866625589534,0.45928685413927983,3
UD_English-EWT,55,0.875,17,0,1.662332579086387,0.5689297167004131,2.0403370845838973,0.47808366650223516,3
UD_English-EWT,55,0.875,17,1,1.4263976390705952,0.48518814895648116,2.188526486112772,0.6205058364513142,3
UD_English-EWT,55,0.875,17,2,0.8938221698440273,0.31222289444400314,1.5112917471290286,0.6704861817029872,3
UD_English-EWT,55,0.875,17,3,1.4249698008615896,0.49665703320492377,1.6759304965562942,0.49422072381025456,3
UD_English-EWT,55,0.875,17,4,1.3513263062266923,0.4683790766856275,1.9446895005273037,0.6057892173718668,3
UD_English-EWT,55,0.875,17,5,1.743739982038899,0.600206400554471,2.01405239018369,0.44279747288029486,3
UD_English-EWT,55,0.875,17,6,1.345122874543098,0.4652572867879559,1.8054212043791305,0.5681647244969786,3
UD_English-EWT,55,0.875,17,7,0.8855900173575936,0.3041985215778668,1.8803129120846915,0.7509990722375273,3
UD_English-EWT,55,0.875,17,8,1.662525064795395,0.5655432245363303,1.938752079976278,0.46764910404310855,3
UD_English-EWT,55,0.875,17,9,0.7933884686493538,0.2681828585753594,1.825545499885017,0.7769721929519989,3
UD_English-EWT,55,0.875,17,10,1.4114796158014533,0.4771648122978232,2.0367145104052153,0.5682114285496632,3
UD_English-EWT,55,0.875,17,11,0.5781212017917242,0.19563764819743037,1.854215486114251,0.8531141471667368,3
UD_English-EWT,55,0.875,17,12,0.9592205140339329,0.3306208823744771,2.0300312956934206,0.7409159962311794,3
UD_English-EWT,55,0.875,17,13,1.1729941524307368,0.40303444541407196,1.5437815535155366,0.47312249077690977,3
UD_English-EWT,55,0.875,17,14,1.4826097792940713,0.517982957738779,1.6599315163596298,0.46371387756804516,3
UD_English-EWT,55,0.875,17,15,1.583649231870752,0.542766318485168,1.821335661660995,0.40154996509570456,3
UD_English-EWT,55,0.875,17,16,1.0502339960203144,0.3676190744094781,1.6528511008821116,0.6408875545992334,3
UD_English-EWT,55,0.875,17,17,0.8885190170427925,0.3068182981337246,1.9200936493977823,0.753459215924171,3
UD_English-EWT,55,0.875,17,18,1.1488636851527867,0.3883470581243924,1.8893983159723178,0.6493437087098867,3
UD_English-EWT,55,0.875,17,19,1.4642489162190582,0.5043252045203862,2.0050182564553882,0.5627215637304636,3
UD_English-EWT,55,0.875,17,20,1.1297304595537307,0.3804244302409974,2.0427903542210277,0.6908013550445898,3
UD_English-EWT,55,0.875,17,21,1.0948658262961333,0.3799237110338196,1.773061334543975,0.6742480276169456,3
UD_English-EWT,55,0.875,17,22,0.9413562687096917,0.3260836996314521,1.120969927213231,0.5501516213630392,3
UD_English-EWT,55,0.875,17,23,1.2319964782787802,0.43206307205807537,2.018649303929402,0.6438639465726247,3
UD_English-EWT,55,0.875,17,24,1.6459793640887586,0.5711641081749633,1.943406834492701,0.4113577971462235,3
UD_English-EWT,55,0.875,17,25,0.6198679429236359,0.20440445083510705,1.8179538902132781,0.8168812226945151,3
UD_English-EWT,55,0.875,17,26,0.8286673812796184,0.2764761370788235,2.1271155796035828,0.792740478935246,3
UD_English-EWT,55,0.875,17,27,0.8513448995034225,0.28971113125625697,1.8789054561671013,0.7590405942298784,3
UD_English-EWT,55,0.875,17,28,1.8392842594120236,0.6289831915079788,2.2368309370264114,0.4664775419417084,3
UD_English-EWT,55,0.875,17,29,0.9938009227804147,0.3393414111736694,1.5708833407128877,0.6827522553435657,3
UD_English-EWT,55,0.875,17,30,1.1300299934880005,0.3827480723799795,1.918686121892191,0.6549916041706212,3
UD_English-EWT,55,0.875,17,31,1.048715625670764,0.3574956939174015,2.0107425701259913,0.704559250118954,3
UD_English-EWT,55,0.875,18,0,1.0182569644028805,0.35673640783747257,2.020850074068662,0.7208063722959633,3
UD_English-EWT,55,0.875,18,1,0.810744619326079,0.2773477112151723,1.864259484605711,0.7765596738875672,3
UD_English-EWT,55,0.875,18,2,0.9604402680377491,0.3373138892086043,1.3146549102007148,0.6646110766816661,3
UD_English-EWT,55,0.875,18,3,0.5886109810329309,0.20157404961776945,1.8331588201754083,0.8342946157917951,3
UD_English-EWT,55,0.875,18,4,1.8475770428369607,0.6291748083354346,2.2577369108063277,0.43086637075454376,3
UD_English-EWT,55,0.875,18,5,1.1105350198695785,0.3863516589575778,1.2157205739525063,0.5516329645187694,3
UD_English-EWT,55,0.875,18,6,1.1431198421940343,0.3950082311824046,2.087137641748227,0.6821990049629046,3
UD_English-EWT,55,0.875,18,7,1.0223420006927029,0.353920912631331,1.5886398598633178,0.6755417147023648,3
UD_English-EWT,55,0.875,18,8,0.44826429955769864,0.14921398591487678,1.661615176808313,0.8665525130723996,3
UD_English-EWT,55,0.875,18,9,1.5224725371175776,0.5214667305866009,2.126814489861872,0.564596632403917,3
UD_English-EWT,55,0.875,18,10,1.3893064612247905,0.47680983785370223,1.9637589043715395,0.547203010121167,3
UD_English-EWT,55,0.875,18,11,0.856178446260632,0.2856450731525086,2.0122491447543402,0.7784146260951929,3
UD_English-EWT,55,0.875,18,12,0.9682670413348519,0.3245173283430234,1.9998751847796103,0.7344528242457109,3
UD_English-EWT,55,0.875,18,13,0.9798291319326408,0.3368796913499497,1.5614191793950312,0.6964690864818994,3
UD_English-EWT,55,0.875,18,14,1.3144651013943884,0.45068694684376265,1.8670711616132214,0.5968678124276124,3
UD_English-EWT,55,0.875,18,15,1.0474712965511233,0.3530989075775084,2.1035330023596193,0.7241051129331789,3
UD_English-EWT,55,0.875,18,16,0.6329581280033661,0.2151664549481456,1.5311646490936288,0.8023179802086835,3
UD_English-EWT,55,0.875,18,17,0.38328182168019925,0.1305920479688556,1.7488270222679294,0.8785071224381363,3
UD_English-EWT,55,0.875,18,18,0.7213163906148549,0.24623393309803066,1.5937226885600602,0.7827805442318239,3
UD_English-EWT,55,0.875,18,19,0.6102211676259781,0.20300425334115987,1.9187730933609124,0.8266000119470508,3
UD_English-EWT,55,0.875,18,20,0.5775499994305042,0.1981888237292242,1.8610053277270824,0.8372587668955435,3
UD_English-EWT,55,0.875,18,21,1.1029238110927284,0.37915760193203313,1.9670733713658564,0.6933101006598638,3
UD_English-EWT,55,0.875,18,22,1.1824229503956323,0.4021572808383918,1.8162786795576196,0.6558469414018868,3
UD_English-EWT,55,0.875,18,23,1.2260187809476,0.4232612956104926,1.8070319244716118,0.5849131335163377,3
UD_English-EWT,55,0.875,18,24,0.811564771685824,0.275666793475847,1.8803633784905809,0.7766711239674161,3
UD_English-EWT,55,0.875,18,25,0.7267005929557134,0.24039984451698473,2.0081887647970995,0.8076157259783675,3
UD_English-EWT,55,0.875,18,26,1.3161039407516004,0.45593745518604695,1.8415393627949317,0.5981368232375938,3
UD_English-EWT,55,0.875,18,27,1.0413938683808828,0.3615968187351479,1.9349080925647897,0.7121082846964208,3
UD_English-EWT,55,0.875,18,28,1.6548195269318444,0.5710085483305224,2.1453882645822397,0.5240105997519958,3
UD_English-EWT,55,0.875,18,29,0.4545634281405931,0.15588465128568949,1.878246922412368,0.8779924809389862,3
UD_English-EWT,55,0.875,18,30,1.1554009798771696,0.4037586727836093,1.330816753330778,0.46140097509153555,3
UD_English-EWT,55,0.875,18,31,1.0995672686476743,0.3779242618623544,1.7389987325244913,0.6170130922494691,3
UD_English-EWT,55,0.875,19,0,0.8308277585575924,0.29034891765300047,1.729401994028378,0.7363727768723648,3
UD_English-EWT,55,0.875,19,1,1.6737785052460616,0.5766344368050659,2.0018578170372923,0.47713783284978356,3
UD_English-EWT,55,0.875,19,2,1.2750574467340672,0.44656983182132787,1.4975420735192866,0.528765177662961,3
UD_English-EWT,55,0.875,19,3,0.5226010507742835,0.17349834719126558,1.7718668836889915,0.8498871269311844,3
UD_English-EWT,55,0.875,19,4,1.0641921309174085,0.36741333965802453,2.235034094943592,0.7328019091801782,3
UD_English-EWT,55,0.875,19,5,1.423735200245958,0.49178192546024563,2.0716266367713394,0.579392479376389,3
UD_English-EWT,55,0.875,19,6,0.7365137113967336,0.2455963165158294,1.8782423916654507,0.7953772261358784,3
UD_English-EWT,55,0.875,19,7,0.7239632496444037,0.2476452875319183,1.9001216901184648,0.8122826890785837,3
UD_English-EWT,55,0.875,19,8,0.713213928864899,0.23891456776344386,1.8302897917334064,0.7924075580739801,3
UD_English-EWT,55,0.875,19,9,0.5070531108129925,0.16949301175620468,1.6051692153328865,0.848550204397985,3
UD_English-EWT,55,0.875,19,10,0.6372609713092745,0.21787958026258022,1.6426795938600174,0.8181826182401898,3
UD_English-EWT,55,0.875,19,11,0.7372791302239418,0.2457555190393725,1.9764206624286205,0.8067522339373556,3
UD_English-EWT,55,0.875,19,12,1.3235639808445028,0.4616979161219736,1.3166755522263724,0.4021275719196853,3
UD_English-EWT,55,0.875,19,13,1.771461007265011,0.6085489165234653,2.0888878820915258,0.44438535091764075,3
UD_English-EWT,55,0.875,19,14,0.9040934155357557,0.3125353636311703,1.8166765418371866,0.7468400334155625,3
UD_English-EWT,55,0.875,19,15,1.3140841847886153,0.45575615431170213,1.7173112827897723,0.5609676710148435,3
UD_English-EWT,55,0.875,19,16,2.044858051453783,0.7104352196383346,2.0398302902832275,0.18272946192755724,3
UD_English-EWT,55,0.875,19,17,0.4442313708269965,0.1503994306447646,1.4682313626418348,0.8485508119256552,3
UD_English-EWT,55,0.875,19,18,1.2429559680417803,0.4196631374865607,2.225166832027323,0.6849431463115202,3
UD_English-EWT,55,0.875,19,19,0.8720299856218158,0.2977846766939092,1.8608865925197395,0.754064932004133,3
UD_English-EWT,55,0.875,19,20,0.47490772849562934,0.16406318311323367,1.694554840932127,0.8423615441350555,3
UD_English-EWT,55,0.875,19,21,0.6716730864498025,0.2309654280696003,1.6944258495866709,0.8061170454098011,3
UD_English-EWT,55,0.875,19,22,0.9632502192926538,0.33157282438000263,1.8713954659569023,0.7240814072349684,3
UD_English-EWT,55,0.875,19,23,1.1843044478005182,0.4036885248344453,2.170559812303232,0.6967830697315421,3
UD_English-EWT,55,0.875,19,24,1.4469480623774407,0.4956024571886805,2.140589987075394,0.5922716723887321,3
UD_English-EWT,55,0.875,19,25,0.7176987595299771,0.24819465274693533,1.6606478561360545,0.788309388568384,3
UD_English-EWT,55,0.875,19,26,0.6302174547303787,0.21143077342908403,1.935517100742823,0.8365470148039429,3
UD_English-EWT,55,0.875,19,27,1.3289775244470936,0.4604905957732696,1.859161867850031,0.5956368358815953,3
UD_English-EWT,55,0.875,19,28,0.8777207835952332,0.29733492510362725,2.0500174575571806,0.7723141036221999,3
UD_English-EWT,55,0.875,19,29,0.9516983084339913,0.329701516594066,1.4466337976614199,0.6511367023914021,3
UD_English-EWT,55,0.875,19,30,0.578870782102772,0.19456768432252095,2.0193757725869372,0.8536083797885204,3
UD_English-EWT,55,0.875,19,31,1.2283960755554812,0.4166756600670802,1.9948695517248576,0.6377785754049085,3
UD_English-EWT,55,0.875,20,0,0.8696281234640458,0.30513516786374245,1.2392631073521352,0.5979982810417268,3
UD_English-EWT,55,0.875,20,1,0.6629597448450403,0.22721753265362618,1.7691335601287677,0.8235726008269739,3
UD_English-EWT,55,0.875,20,2,0.7640745190051952,0.2642579461110311,1.8310675752808923,0.7884857621864977,3
UD_English-EWT,55,0.875,20,3,1.0215570170344117,0.355168246703124,1.6721260418168835,0.6480098580687098,3
UD_English-EWT,55,0.875,20,4,1.2894748369255569,0.45106502628472983,1.9548387919401644,0.6000358875779832,3
UD_English-EWT,55,0.875,20,5,0.9649943110612789,0.32939984347800194,2.0083169900220166,0.7308075409009374,3
UD_English-EWT,55,0.875,20,6,1.3507568803777026,0.46113466918604185,1.6587677956550282,0.548366842743939,3
UD_English-EWT,55,0.875,20,7,1.2551759703726064,0.42208439917837987,2.108263644880067,0.6630451183202922,3
UD_English-EWT,55,0.875,20,8,0.7544495622154143,0.25992502392234046,1.7584986236414624,0.7881529420234249,3
UD_English-EWT,55,0.875,20,9,1.0740207209504584,0.3680418640551563,1.8111293435313878,0.6854553353618186,3
UD_English-EWT,55,0.875,20,10,0.7617051302775985,0.26186375865519373,1.9377734716744153,0.807223602980104,3
UD_English-EWT,55,0.875,20,11,1.171367876991657,0.4057949827017029,1.658622180476432,0.545885348580574,3
UD_English-EWT,55,0.875,20,12,1.0519707361015682,0.35948217365015395,1.9499820022417982,0.6918825802201565,3
UD_English-EWT,55,0.875,20,13,1.060658785000525,0.36706454447302667,1.6053055961003937,0.6452586382138924,3
UD_English-EWT,55,0.875,20,14,0.5845289869176288,0.19197769123952302,1.947882167777837,0.847597189451176,3
UD_English-EWT,55,0.875,20,15,1.0015114427752834,0.3426439966361814,1.842678085810934,0.70299975796584,3
UD_English-EWT,55,0.875,20,16,0.9372735180652859,0.3197068191847623,1.7514313590222585,0.7333846602772103,3
UD_English-EWT,55,0.875,20,17,0.582984219286557,0.19188455577077979,2.049353368953549,0.854251844228291,3
UD_English-EWT,55,0.875,20,18,1.5337290588243846,0.5243026387143223,2.1910938362714805,0.5588630903410455,3
UD_English-EWT,55,0.875,20,19,0.6423777895818424,0.21929889659860421,1.6700795280097396,0.819200625592242,3
UD_English-EWT,55,0.875,20,20,1.479854972663256,0.5098446182540206,1.869242859668419,0.48232092326998927,3
UD_English-EWT,55,0.875,20,21,1.6852784253969002,0.5787318481271493,2.2221653783907658,0.505115656979477,3
UD_English-EWT,55,0.875,20,22,1.161578380385709,0.3896969241142707,2.1394965547681504,0.7098692730204873,3
UD_English-EWT,55,0.875,20,23,0.7420608502200284,0.2534077314283353,1.9064914245423072,0.794169042754803,3
UD_English-EWT,55,0.875,20,24,0.8295251430030947,0.28745717399555154,1.8689505207082613,0.7608969895498241,3
UD_English-EWT,55,0.875,20,25,0.8213303971811722,0.2818891685863173,2.0307561606168747,0.7909950396972275,3
UD_English-EWT,55,0.875,20,26,0.7396931834111774,0.25328714188819373,1.5925500972946267,0.7794347899831927,3
UD_English-EWT,55,0.875,20,27,0.643456364243897,0.21930474600328884,1.7450088989159231,0.827360508776862,3
UD_English-EWT,55,0.875,20,28,1.1122142610925578,0.38613801984241963,1.46524799904211,0.5120497729717491,3
UD_English-EWT,55,0.875,20,29,0.690294656047567,0.23731994007345972,1.777569856582878,0.819978694935314,3
UD_English-EWT,55,0.875,20,30,1.0180416688024456,0.35617931076886983,1.4973382853473687,0.5838309001917179,3
UD_English-EWT,55,0.875,20,31,1.251675741740236,0.4239633024325815,2.27950536043049,0.6680947025806959,3
UD_English-EWT,55,0.875,21,0,0.9986969739850101,0.3487507878499061,2.0912740465613227,0.7335590305305569,3
UD_English-EWT,55,0.875,21,1,0.5854018640675615,0.20146361809013535,1.7252368922116326,0.8460561860563108,3
UD_English-EWT,55,0.875,21,2,0.55701339656728,0.1934502928726416,1.9155955176210142,0.8562716376613181,3
UD_English-EWT,55,0.875,21,3,0.5897156036372393,0.1998401438132037,1.8788131166432727,0.8392545047380668,3
UD_English-EWT,55,0.875,21,4,0.7139862759585046,0.24281574764674044,1.8478602660863992,0.8115379296663897,3
UD_English-EWT,55,0.875,21,5,0.5159111719558148,0.17530172076144127,1.839830838048827,0.8740470643360542,3
UD_English-EWT,55,0.875,21,6,0.3783839485711522,0.12681011694529262,1.8627655089362942,0.9022038833446842,3
UD_English-EWT,55,0.875,21,7,0.7628756325983718,0.26189761311290805,1.9165903473975228,0.7918290253491133,3
UD_English-EWT,55,0.875,21,8,0.6839268401278716,0.23934607342978045,1.7218771295957878,0.7927700718949618,3
UD_English-EWT,55,0.875,21,9,0.4834535210367923,0.16215349468003912,1.8863768107198409,0.8735192490975714,3
UD_English-EWT,55,0.875,21,10,1.0739466262971116,0.3696358972152725,1.7989511993901977,0.6429896409502881,3
UD_English-EWT,55,0.875,21,11,0.5425018572463961,0.1849823744428125,1.7486127359700985,0.8495165452035399,3
UD_English-EWT,55,0.875,21,12,1.0136273730078031,0.3444638861197375,2.0851730733621316,0.7329265436595255,3
UD_English-EWT,55,0.875,21,13,0.692036542620761,0.23263226875455165,2.027746118591566,0.8274690505042536,3
UD_English-EWT,55,0.875,21,14,0.9241862715729164,0.3256819151572625,2.0075695254383628,0.7327884104109635,3
UD_English-EWT,55,0.875,21,15,0.5347000440253532,0.18097478930307434,1.7696647218993453,0.8527957711416297,3
UD_English-EWT,55,0.875,21,16,0.5638727339591919,0.19438506585150575,1.7045084616417008,0.8442077460021921,3
UD_English-EWT,55,0.875,21,17,1.3607897200436758,0.4720966230691131,1.6479521936623343,0.5144973256861034,3
UD_English-EWT,55,0.875,21,18,0.4805815031103966,0.163655215604587,1.880534874156579,0.8698198758812116,3
UD_English-EWT,55,0.875,21,19,0.7596201430090138,0.2601269589659023,1.8936732182302978,0.7847484021646078,3
UD_English-EWT,55,0.875,21,20,1.0548239652142064,0.3647682289296052,1.699873100104445,0.6666070382994598,3
UD_English-EWT,55,0.875,21,21,0.6615879691743677,0.22552091036270117,1.8511533199899401,0.819146555833152,3
UD_English-EWT,55,0.875,21,22,0.9128911916119046,0.314318860282202,1.7566471441575955,0.7273657304015968,3
UD_English-EWT,55,0.875,21,23,0.639806529055799,0.21644472511305402,1.86121341769324,0.826453409654738,3
UD_English-EWT,55,0.875,21,24,0.7113559557929064,0.23933434927283037,1.8978344849794289,0.8128133408847402,3
UD_English-EWT,55,0.875,21,25,0.7295573939771165,0.2539042911419343,1.823233395272048,0.7677240335197614,3
UD_English-EWT,55,0.875,21,26,0.565446877156559,0.1938070698195088,1.792912813958683,0.8525364279258447,3
UD_English-EWT,55,0.875,21,27,0.5850976714643842,0.20133670456096775,1.7743121299533027,0.8451985374554476,3
UD_English-EWT,55,0.875,21,28,0.8100153806607472,0.27935541436103306,1.9741397852617535,0.7970184758848397,3
UD_English-EWT,55,0.875,21,29,0.47997033043691584,0.16231583601851118,1.7307555733591264,0.8723984661975193,3
UD_English-EWT,55,0.875,21,30,0.5456663552868454,0.18977378014278323,1.636966786165815,0.8513290707449443,3
UD_English-EWT,55,0.875,21,31,0.8055216485875335,0.2738209537388197,2.039519086670137,0.7974168417367995,3
UD_English-EWT,55,0.875,22,0,0.6700252930452208,0.2243042811530834,1.8613466074476477,0.8215351927150142,3
UD_English-EWT,55,0.875,22,1,0.6462861091536359,0.2180663510268123,2.008294520984473,0.8382318068723209,3
UD_English-EWT,55,0.875,22,2,1.2416334786946006,0.42383512055911865,1.591262730011523,0.5899273486899548,3
UD_English-EWT,55,0.875,22,3,0.7170366306529671,0.242485828005551,1.731134975366362,0.7866286862580503,3
UD_English-EWT,55,0.875,22,4,1.147567269309188,0.40457643972258533,1.6472953725707988,0.6213845427679017,3
UD_English-EWT,55,0.875,22,5,0.8946465331321423,0.30324252007464675,1.6074398855096872,0.7209159170425004,3
UD_English-EWT,55,0.875,22,6,0.34233516944786074,0.1202142400673857,1.9003661265545855,0.9154106282064172,3
UD_English-EWT,55,0.875,22,7,0.6200586903792804,0.21372352452280308,1.7755720727213529,0.8335794460008054,3
UD_English-EWT,55,0.875,22,8,0.806553086242172,0.27801382247501055,1.9891576525943526,0.7872024225461244,3
UD_English-EWT,55,0.875,22,9,0.5452694015641898,0.18526143995783748,1.8205820085083853,0.863582273568612,3
UD_English-EWT,55,0.875,22,10,0.7206731449493727,0.2526684465575522,1.2676327781164798,0.7596214815078537,3
UD_English-EWT,55,0.875,22,11,1.2136263215205274,0.4223982317064412,1.8636588806011638,0.6170277500657436,3
UD_English-EWT,55,0.875,22,12,1.0832755964364729,0.381309178812202,1.5088291797373028,0.6303116072423905,3
UD_English-EWT,55,0.875,22,13,0.6678150061124389,0.2245136276226769,1.7819051579835203,0.8144589938318361,3
UD_English-EWT,55,0.875,22,14,0.5475340471051647,0.18605137333097463,1.8504381435694264,0.8522281397290135,3
UD_English-EWT,55,0.875,22,15,0.33796242255385023,0.11392737125285744,1.633678730081882,0.9030023000740831,3
UD_English-EWT,55,0.875,22,16,0.740028707015384,0.25431549737402975,1.9396004007488,0.8085726749538723,3
UD_English-EWT,55,0.875,22,17,1.2794313868863985,0.4448871071804959,1.9589401668103885,0.5914467034525558,3
UD_English-EWT,55,0.875,22,18,0.746947104440415,0.2521029756674187,1.9149568013317595,0.8061658608471002,3
UD_English-EWT,55,0.875,22,19,0.5960816009570666,0.20697916234641558,1.781521367597884,0.8416093407242893,3
UD_English-EWT,55,0.875,22,20,0.6961102275574794,0.2356156188797864,1.882432184462013,0.8130935878647264,3
UD_English-EWT,55,0.875,22,21,0.85902147068352,0.29765241171058626,1.8953473534034684,0.7509845658213932,3
UD_English-EWT,55,0.875,22,22,0.393031486098015,0.1335863297421804,1.5426999614701244,0.8913223451115394,3
UD_English-EWT,55,0.875,22,23,0.8038745502006596,0.27525759189099563,2.0670063981212987,0.8018725504233538,3
UD_English-EWT,55,0.875,22,24,0.5088109903933247,0.1743582583851909,1.772577852757142,0.8712977448203524,3
UD_English-EWT,55,0.875,22,25,0.901348130081955,0.31590458903400626,1.8719515927502366,0.743586041331834,3
UD_English-EWT,55,0.875,22,26,1.2796692155803706,0.4464990242582853,1.6025634497566952,0.5232436107590334,3
UD_English-EWT,55,0.875,22,27,0.5190692474159713,0.17968053180208676,1.7952573589831318,0.8688532781188387,3
UD_English-EWT,55,0.875,22,28,0.532835721162119,0.18102682387466476,1.8121052029490035,0.8534294056870682,3
UD_English-EWT,55,0.875,22,29,0.7330176722604395,0.256437516379389,1.686283764943399,0.7724877068253814,3
UD_English-EWT,55,0.875,22,30,0.8136599723975732,0.282862484265112,1.5883187795488778,0.7411865772363918,3
UD_English-EWT,55,0.875,22,31,0.664543982316996,0.22912679976683603,1.8058396297318688,0.8264296243072424,3
UD_English-EWT,55,0.875,23,0,0.4721468613840951,0.16116375117333698,1.7691837641629364,0.8777394766880299,3
UD_English-EWT,55,0.875,23,1,0.9750847679398316,0.3420491274615889,1.102330110736449,0.550377142030359,3
UD_English-EWT,55,0.875,23,2,0.5191396540862072,0.17591974695123228,1.7202842469871698,0.8519483512786569,3
UD_English-EWT,55,0.875,23,3,1.0253525221336952,0.35687292546020283,1.9652411773773706,0.6984236089611097,3
UD_English-EWT,55,0.875,23,4,1.210241771365884,0.42015557628946004,2.1343220539106045,0.6548055306294143,3
UD_English-EWT,55,0.875,23,5,0.3591555475693311,0.12141380698940901,1.7880584091110958,0.8964955282205875,3
UD_English-EWT,55,0.875,23,6,0.7917356469985674,0.2715163720917561,1.832419679654535,0.774048769856737,3
UD_English-EWT,55,0.875,23,7,0.511844561148591,0.17651957702163082,1.740043765846606,0.8682613353803076,3
UD_English-EWT,55,0.875,23,8,0.5588980625724532,0.19092357820086522,1.8970195802780232,0.8654552064496746,3
UD_English-EWT,55,0.875,23,9,0.6844378431312373,0.23302285945066717,1.6919242593651476,0.8153014226200802,3
UD_English-EWT,55,0.875,23,10,1.1970125232129367,0.4169587355568489,1.9566502919342568,0.6228672940019376,3
UD_English-EWT,55,0.875,23,11,0.40482743294105505,0.13696388107213872,1.6806913202794742,0.8868263511899825,3
UD_English-EWT,55,0.875,23,12,1.3016795732203077,0.4542598831916876,1.9759850459943484,0.583443630500298,3
UD_English-EWT,55,0.875,23,13,0.6342056118196151,0.21481117928478669,1.7200770022004896,0.8266658776444816,3
UD_English-EWT,55,0.875,23,14,0.6017241204540857,0.20318464173991335,1.8144590726736356,0.8308312062357293,3
UD_English-EWT,55,0.875,23,15,0.4973930714580694,0.16969025676530566,1.7850811601512964,0.8648004373348911,3
UD_English-EWT,55,0.875,23,16,0.4632582569135207,0.15349404208823522,1.9962914837880537,0.8737230199526568,3
UD_English-EWT,55,0.875,23,17,1.0005258445395582,0.34227775379621805,1.9282137739365217,0.7137115403656967,3
UD_English-EWT,55,0.875,23,18,1.489111832799373,0.5094866013232422,2.1873344330622633,0.5826478851908218,3
UD_English-EWT,55,0.875,23,19,0.7710496348028627,0.26318651070319565,1.897755187663007,0.7929280964837483,3
UD_English-EWT,55,0.875,23,20,0.5401724585839199,0.18389596278271989,1.8518728668138194,0.864461056996673,3
UD_English-EWT,55,0.875,23,21,0.5373109956229536,0.18308854440332326,1.682500519455565,0.8444810877325105,3
UD_English-EWT,55,0.875,23,22,0.6124635870841574,0.211260673089567,1.6153398402347374,0.8144898466589455,3
UD_English-EWT,55,0.875,23,23,0.49346278173567387,0.16744869729785591,1.5948230777417594,0.8544719971594263,3
UD_English-EWT,55,0.875,23,24,0.6436378305374165,0.21494960651066297,1.971806029478709,0.8373678331492377,3
UD_English-EWT,55,0.875,23,25,0.6950597404782238,0.23787100745266634,1.8560192892243084,0.8153093851464911,3
UD_English-EWT,55,0.875,23,26,0.3866007975633434,0.1275495406391204,1.7789123712721635,0.8873820922359527,3
UD_English-EWT,55,0.875,23,27,0.36003126107828054,0.12134414652908705,1.7803746577155504,0.9016741627253904,3
UD_English-EWT,55,0.875,23,28,1.6052783303953477,0.55071119107781,2.0043517833199007,0.4979979132449692,3
UD_English-EWT,55,0.875,23,29,0.973886133380275,0.3274890606669889,1.7749984380814547,0.7333562532083584,3
UD_English-EWT,55,0.875,23,30,0.3161371141275177,0.10523818819851484,1.8411769176475392,0.9143435479784707,3
UD_English-EWT,55,0.875,23,31,0.6008083890166765,0.2052378836469572,1.9387708245785076,0.8559254575215403,3
UD_English-EWT,55,0.875,24,0,0.5788196584070695,0.1958381122025663,1.7106912302189186,0.8389082231129671,3
UD_English-EWT,55,0.875,24,1,1.0077764863769214,0.350078501129601,2.0303090797204573,0.7023191519068023,3
UD_English-EWT,55,0.875,24,2,0.44265957653882126,0.1493508572086271,1.7059803031832794,0.8695081650043663,3
UD_English-EWT,55,0.875,24,3,0.5068034764603188,0.17412130086969427,1.7595755159447755,0.8747238520878912,3
UD_English-EWT,55,0.875,24,4,0.6528492033997303,0.22216362775878504,2.025225970005186,0.8468949076446463,3
UD_English-EWT,55,0.875,24,5,0.6603177072198719,0.22912744845930344,1.7627326026423162,0.8070557721244181,3
UD_English-EWT,55,0.875,24,6,0.8365435767884897,0.2884062942870653,1.6989527300190188,0.7305932964159275,3
UD_English-EWT,55,0.875,24,7,0.9110856467284574,0.321421679808251,2.02800279315595,0.7426324314649856,3
UD_English-EWT,55,0.875,24,8,0.47261629710974806,0.16473848816814862,1.8375301873531933,0.8834411697716661,3
UD_English-EWT,55,0.875,24,9,0.522843508178772,0.17915435460394413,1.7903981115567227,0.8602174076714801,3
UD_English-EWT,55,0.875,24,10,1.0439005004876516,0.35889280548078334,1.8772673741498715,0.6894310457065349,3
UD_English-EWT,55,0.875,24,11,0.3799237813834501,0.12898205483301742,1.7812939643289873,0.9069463300140393,3
UD_English-EWT,55,0.875,24,12,1.0852376293723482,0.36511818993029155,2.127350120650832,0.7143243099062385,3
UD_English-EWT,55,0.875,24,13,1.4624790455908505,0.5079428524810325,1.5547818601782855,0.40590979521228965,3
UD_English-EWT,55,0.875,24,14,0.8373409224392504,0.285219431754697,2.1450065238391116,0.7857886893040278,3
UD_English-EWT,55,0.875,24,15,0.4999582683820217,0.17126263749152967,1.850530312835953,0.8770186494499824,3
UD_English-EWT,55,0.875,24,16,0.5762651533037696,0.19491732234851153,1.9367510384739204,0.8630150475001509,3
UD_English-EWT,55,0.875,24,17,0.6171094171485723,0.21110929060517003,1.9643711030808955,0.8540431385917525,3
UD_English-EWT,55,0.875,24,18,1.9316356732545656,0.6610554738312905,2.309884251304011,0.4302161845000281,3
UD_English-EWT,55,0.875,24,19,0.7158774855141213,0.23919568734348687,1.968201053652824,0.8173556376676091,3
UD_English-EWT,55,0.875,24,20,0.29962903691221615,0.1031266453541062,1.4841760520658749,0.9136335127774918,3
UD_English-EWT,55,0.875,24,21,0.47996759517135296,0.16351934613656585,1.6755082622333302,0.8589789211709317,3
UD_English-EWT,55,0.875,24,22,0.4724304973434501,0.15846236884078257,1.7695191206990695,0.8709655060739899,3
UD_English-EWT,55,0.875,24,23,1.7734516654536805,0.6030256368681273,2.335821297433641,0.474978669914663,3
UD_English-EWT,55,0.875,24,24,0.8311908748713348,0.2848903256381959,2.041155676779851,0.7846536991646165,3
UD_English-EWT,55,0.875,24,25,0.8162885052109567,0.27651440088581186,1.853464241412711,0.7757335422333256,3
UD_English-EWT,55,0.875,24,26,0.512162263676497,0.17584578566531395,1.611766962975752,0.8481459237621564,3
UD_English-EWT,55,0.875,24,27,0.730433568996267,0.2505233987439797,1.5926620145421644,0.7759109588784381,3
UD_English-EWT,55,0.875,24,28,0.5669600647214278,0.19429407187844397,1.8338868657096488,0.8470404494981296,3
UD_English-EWT,55,0.875,24,29,0.7773236344909408,0.2677704348400208,1.7876903790919505,0.7939731171168048,3
UD_English-EWT,55,0.875,24,30,0.978271475282306,0.34561388188453973,0.9187838292404168,0.33355858705544295,3
UD_English-EWT,55,0.875,24,31,0.7041685982100082,0.23474379637717982,1.6672400457204366,0.7981979571187866,3
UD_English-EWT,55,0.875,25,0,0.6731028023611869,0.23304398692397907,1.9690162618466414,0.8252735695579446,3
UD_English-EWT,55,0.875,25,1,0.49619747136459974,0.16520114100363467,1.8801413443489154,0.8718801697882363,3
UD_English-EWT,55,0.875,25,2,0.5943105443497824,0.2041455328545935,1.6458900736030768,0.8254590173182375,3
UD_English-EWT,55,0.875,25,3,0.5320109384972432,0.17977664286511627,1.9942773979815414,0.8781668165586686,3
UD_English-EWT,55,0.875,25,4,0.5698776467073919,0.19780086792109766,1.636705764764428,0.8056970635235635,3
UD_English-EWT,55,0.875,25,5,0.9775666534317105,0.3431907144692372,1.9670980699455367,0.7169306923402897,3
UD_English-EWT,55,0.875,25,6,0.6281228988806298,0.21203803695494036,1.8606595478286945,0.8261780892184958,3
UD_English-EWT,55,0.875,25,7,0.6558450004035006,0.2242218707543959,1.7596221055380852,0.8289219119563996,3
UD_English-EWT,55,0.875,25,8,0.4118713219234473,0.13790897075222544,1.741511073397754,0.8833794301555565,3
UD_English-EWT,55,0.875,25,9,0.6663006480871436,0.22508653175961124,2.0085110715666756,0.8289860446542122,3
UD_English-EWT,55,0.875,25,10,0.4841116986904151,0.16123808461847036,1.9196993959202466,0.8771289015266848,3
UD_English-EWT,55,0.875,25,11,0.5047712543799469,0.17585104081325084,1.5600839799680564,0.8637498722756062,3
UD_English-EWT,55,0.875,25,12,0.6631735913075493,0.22170842515952707,2.0632613999243206,0.8346164209025154,3
UD_English-EWT,55,0.875,25,13,0.4308148690436598,0.1449836168509445,1.733788871197861,0.8810610363907937,3
UD_English-EWT,55,0.875,25,14,0.39639830931627573,0.13091858815425542,1.846306919047307,0.8917014908608735,3
UD_English-EWT,55,0.875,25,15,0.7594749645647237,0.25941001477639425,1.898040220752114,0.8007441794937425,3
UD_English-EWT,55,0.875,25,16,0.6358075300757459,0.2190957985706424,1.8548174926464893,0.8418760657147631,3
UD_English-EWT,55,0.875,25,17,0.5922691105968422,0.20402213326148103,1.8342141205740106,0.8479323227006011,3
UD_English-EWT,55,0.875,25,18,0.6078383482225878,0.20552425071400315,1.7479090726576434,0.8292080858800364,3
UD_English-EWT,55,0.875,25,19,0.5908360751396645,0.2036904099928334,1.3558317126065003,0.8062778783381962,3
UD_English-EWT,55,0.875,25,20,0.41352176751758235,0.13850787006494994,1.6779954428012687,0.8816118790396575,3
UD_English-EWT,55,0.875,25,21,0.5435428398920864,0.18481651134619348,1.914129184989873,0.8722602826948592,3
UD_English-EWT,55,0.875,25,22,0.9374004443581531,0.3224639683514019,2.012488475697071,0.7572171936161096,3
UD_English-EWT,55,0.875,25,23,0.9162734347397296,0.31004168033152,1.9885226878963536,0.7596814597944962,3
UD_English-EWT,55,0.875,25,24,0.6213691949009732,0.21505060180248134,1.9054566130232073,0.8359722766502742,3
UD_English-EWT,55,0.875,25,25,0.5726230374837671,0.1970157464779574,1.8061639093310455,0.8427263878028032,3
UD_English-EWT,55,0.875,25,26,0.6056376355742604,0.205099567362126,1.8333508134132526,0.8343965185090276,3
UD_English-EWT,55,0.875,25,27,0.5998314798203973,0.21006805852958033,1.7918701273930313,0.8426115575818199,3
UD_English-EWT,55,0.875,25,28,1.124385347864667,0.39399947598576546,1.6567908283085553,0.6138904123466957,3
UD_English-EWT,55,0.875,25,29,0.9481250159238858,0.33242297215974176,1.7138507635025597,0.707265178403242,3
UD_English-EWT,55,0.875,25,30,0.6802368574658703,0.23100680381548208,1.6608490339312398,0.7990541864722588,3
UD_English-EWT,55,0.875,25,31,0.4103347253807581,0.1377999652567267,1.726514147930458,0.8942555739715669,3
UD_English-EWT,55,0.875,26,0,0.6438189772227423,0.21908662278198374,1.7545215357603923,0.811602707185489,3
UD_English-EWT,55,0.875,26,1,0.5279365891119115,0.1767838502418121,1.807926643823014,0.8555542593363855,3
UD_English-EWT,55,0.875,26,2,1.1847785160569764,0.40554737638281774,2.1035445359398106,0.6907117024525484,3
UD_English-EWT,55,0.875,26,3,0.663942889261224,0.23103629578522425,1.91065078010216,0.836270319959505,3
UD_English-EWT,55,0.875,26,4,1.5904654478060525,0.5594854861945727,1.7199986868000205,0.31049174313961053,3
UD_English-EWT,55,0.875,26,5,0.5342914044775599,0.17933445995018726,1.6790637299825584,0.8481827777537275,3
UD_English-EWT,55,0.875,26,6,0.6088335802524142,0.21387156800372029,1.7912355648363876,0.8076597442663868,3
UD_English-EWT,55,0.875,26,7,0.5194692196992848,0.1741860010432171,1.808333808756374,0.869447478749713,3
UD_English-EWT,55,0.875,26,8,0.5757939175029162,0.19475391128343036,1.6856156099852317,0.8354278690773715,3
UD_English-EWT,55,0.875,26,9,1.081468397245924,0.3758846576137295,1.6448256357662883,0.6367479475089545,3
UD_English-EWT,55,0.875,26,10,1.4439315763734728,0.4947084452963701,2.1355221807848124,0.5909485038105257,3
UD_English-EWT,55,0.875,26,11,0.5781965966154914,0.19254993785423768,1.6638404270583163,0.8326168747004697,3
UD_English-EWT,55,0.875,26,12,0.21598577466140245,0.0719300360401468,1.6414170074217251,0.9442910289015275,3
UD_English-EWT,55,0.875,26,13,0.6660375191689297,0.22860374517453827,1.2085026065617095,0.7220183462311661,3
UD_English-EWT,55,0.875,26,14,1.099860525997067,0.37500153032075517,1.7742424436279984,0.6284973105120528,3
UD_English-EWT,55,0.875,26,15,1.1563784277748541,0.39803107326446546,2.115419495925443,0.6568273616401659,3
UD_English-EWT,55,0.875,26,16,0.6023922146778071,0.20396737721434818,1.8087616901580101,0.8362795829990088,3
UD_English-EWT,55,0.875,26,17,0.4699072926856564,0.1600148528678604,1.9440070238771876,0.8834816967909019,3
UD_English-EWT,55,0.875,26,18,0.5803256169070095,0.20472696357710332,1.505367691372479,0.7756519251670994,3
UD_English-EWT,55,0.875,26,19,2.081794121986313,0.7173813814755347,2.106778443673921,0.24918034672737122,3
UD_English-EWT,55,0.875,26,20,0.6068624025363415,0.20681691647444486,1.960388747232208,0.8484991492198031,3
UD_English-EWT,55,0.875,26,21,0.8716741041136135,0.3028307815569238,2.0297309078534007,0.7605601860200121,3
UD_English-EWT,55,0.875,26,22,0.8628478690656157,0.2999013057741962,1.4928330354840378,0.7235141488535156,3
UD_English-EWT,55,0.875,26,23,0.6979390566588425,0.24036872629856584,2.02382637896933,0.8274198591451284,3
UD_English-EWT,55,0.875,26,24,0.7301887590947046,0.25273096752446317,2.0515819636796127,0.8288079015978482,3
UD_English-EWT,55,0.875,26,25,0.7850023333003612,0.27549404193577653,2.009521326243552,0.8036648656609714,3
UD_English-EWT,55,0.875,26,26,0.5975752257502797,0.2042680267797603,1.896434131650108,0.8551976435660013,3
UD_English-EWT,55,0.875,26,27,0.7166807180124662,0.2476191606901871,1.9895600025933948,0.8230249196535251,3
UD_English-EWT,55,0.875,26,28,1.149025995548957,0.39866356760643434,1.648780446452087,0.5740271422991662,3
UD_English-EWT,55,0.875,26,29,1.3568759481193589,0.46546894995892635,2.140938548171021,0.6251058113678122,3
UD_English-EWT,55,0.875,26,30,0.6641761360788389,0.22721114348389468,1.420878270542578,0.7513390102971664,3
UD_English-EWT,55,0.875,26,31,0.5332426057046175,0.17952548026807866,1.789375116651664,0.8495494883392135,3
UD_English-EWT,55,0.875,27,0,0.4863890580364753,0.16387054771490273,1.5993147168328852,0.8587711778331976,3
UD_English-EWT,55,0.875,27,1,0.38045983650434917,0.12649958620428062,1.5764428445652046,0.8811449507465129,3
UD_English-EWT,55,0.875,27,2,1.4595076665146536,0.5079589499150469,1.6972060491804217,0.40388479395574456,3
UD_English-EWT,55,0.875,27,3,0.46876383003505634,0.15673844473443263,1.6682502342784993,0.8735693199984146,3
UD_English-EWT,55,0.875,27,4,0.7118784268954955,0.24899900326664767,1.5136556715886016,0.779051835582556,3
UD_English-EWT,55,0.875,27,5,0.3457983207324,0.11633740357956246,1.6946069795047976,0.9027995846500597,3
UD_English-EWT,55,0.875,27,6,1.0461030856643434,0.36711034885792565,1.6859794135573567,0.66559390262285,3
UD_English-EWT,55,0.875,27,7,1.1243750565364712,0.39351863811684873,1.2970982065834853,0.4651363147507492,3
UD_English-EWT,55,0.875,27,8,0.7513819685806342,0.26343559809979084,1.492078075168454,0.7639107618121285,3
UD_English-EWT,55,0.875,27,9,0.6274744485774653,0.21574600305550737,1.5249032075966424,0.7405651711972467,3
UD_English-EWT,55,0.875,27,10,0.5659714825247807,0.1928155010206479,2.0346418521443352,0.8653638120571013,3
UD_English-EWT,55,0.875,27,11,0.6874585999396438,0.23189295241388685,1.8158562974037367,0.8065321862100469,3
UD_English-EWT,55,0.875,27,12,1.4605386107345748,0.5080117102040619,1.5640269856092492,0.33377896489843534,3
UD_English-EWT,55,0.875,27,13,0.37981203379777884,0.12532219285601734,1.8078507701840882,0.9007204324142747,3
UD_English-EWT,55,0.875,27,14,0.5305356361711557,0.1797139869565195,1.799276201302128,0.8567095325618493,3
UD_English-EWT,55,0.875,27,15,1.0467139308244153,0.363422308571786,1.9882160718595177,0.6949805045171296,3
UD_English-EWT,55,0.875,27,16,1.410622771673298,0.4904315789418468,2.2181600190848383,0.5567190962655296,3
UD_English-EWT,55,0.875,27,17,0.7911615802453515,0.2782924916520579,1.1334461901737258,0.6737096135814985,3
UD_English-EWT,55,0.875,27,18,0.6818729473790238,0.22742532220294187,1.8325859126796054,0.8171716022198318,3
UD_English-EWT,55,0.875,27,19,0.4902732914350995,0.16444374281465193,1.7466085205950481,0.8665484204779773,3
UD_English-EWT,55,0.875,27,20,0.6680208986221333,0.230263272826246,1.9932342101098843,0.8272484804356033,3
UD_English-EWT,55,0.875,27,21,0.4980515528076714,0.167204796915063,1.7036758845363267,0.8673268755684133,3
UD_English-EWT,55,0.875,27,22,0.8300075124141731,0.2858598186466537,1.6249487327991938,0.7428920095979841,3
UD_English-EWT,55,0.875,27,23,0.5980581663148596,0.2025348885334309,1.84452097658034,0.8422801733519102,3
UD_English-EWT,55,0.875,27,24,0.31309886649929547,0.10474987448242329,1.682974202911249,0.9108272031058163,3
UD_English-EWT,55,0.875,27,25,0.4476154183999437,0.15368293496764832,1.6702854160307643,0.882911934525806,3
UD_English-EWT,55,0.875,27,26,0.6010005011652445,0.20321156623992112,1.7527595062643453,0.8394551649011115,3
UD_English-EWT,55,0.875,27,27,0.5552120971542619,0.18906531118548633,1.9553027243263517,0.857682861231661,3
UD_English-EWT,55,0.875,27,28,0.5455843332598498,0.18395091748655604,1.7650925629315914,0.853740701529932,3
UD_English-EWT,55,0.875,27,29,1.1439641524642326,0.3960446824263679,1.846295868167026,0.6547210527913058,3
UD_English-EWT,55,0.875,27,30,0.8379242180529406,0.28799390123447977,1.7821454436726907,0.761127224398984,3
UD_English-EWT,55,0.875,27,31,0.2898309589677468,0.09768143283433955,1.3827296971616578,0.9091217659807379,3
UD_English-EWT,55,0.875,28,0,0.6170474145636099,0.21969832785814347,1.6560858581181215,0.7971553594715391,3
UD_English-EWT,55,0.875,28,1,0.404315943325885,0.1356419192055386,1.8112614249678256,0.896429714527938,3
UD_English-EWT,55,0.875,28,2,0.7992010302841663,0.2752444387662932,1.6311973380586489,0.7478011522462459,3
UD_English-EWT,55,0.875,28,3,1.1537642712367253,0.39392167090935354,2.1603751677632985,0.6904698230109036,3
UD_English-EWT,55,0.875,28,4,0.5463454296035465,0.18515977113149748,1.776228486466983,0.8521898545134805,3
UD_English-EWT,55,0.875,28,5,0.46524194569983446,0.16008937499148326,1.4651733536972156,0.8553824313595646,3
UD_English-EWT,55,0.875,28,6,0.8493560310012113,0.29507790125892897,2.071629396336109,0.7839885961352584,3
UD_English-EWT,55,0.875,28,7,1.040354013565134,0.35709167408242903,1.7528512529988107,0.6524806265228976,3
UD_English-EWT,55,0.875,28,8,0.396716063499505,0.13347336169644403,1.6487756893445884,0.8904132179250918,3
UD_English-EWT,55,0.875,28,9,0.933234397030159,0.31731180658051655,1.758006823858168,0.7401938084207598,3
UD_English-EWT,55,0.875,28,10,0.6058301406289928,0.21105844344271987,1.2838324842828654,0.7727984874789181,3
UD_English-EWT,55,0.875,28,11,0.9749736335393183,0.3306038169281893,1.7897017948288736,0.7169511844158064,3
UD_English-EWT,55,0.875,28,12,0.5596955013419,0.18673670086806102,1.8770930676132387,0.851648636230137,3
UD_English-EWT,55,0.875,28,13,0.8628337009384115,0.2900321800974223,1.8831709079675119,0.7218451519617183,3
UD_English-EWT,55,0.875,28,14,0.7232251584747016,0.2542933127647758,1.898510833038441,0.8179910528203829,3
UD_English-EWT,55,0.875,28,15,0.4786115786186224,0.16238463658564647,1.6693650416093444,0.8674357762536499,3
UD_English-EWT,55,0.875,28,16,0.5032980044547108,0.16994505299625065,1.6827427341258374,0.8558736919461053,3
UD_English-EWT,55,0.875,28,17,0.6165126481437836,0.21267447763975908,1.5332373391382248,0.7954876793782568,3
UD_English-EWT,55,0.875,28,18,0.9690765175283064,0.32705780598445233,1.7339110666774011,0.7201662037270534,3
UD_English-EWT,55,0.875,28,19,0.5484691007853314,0.18293016035710283,1.7994502990528645,0.8556271805436451,3
UD_English-EWT,55,0.875,28,20,0.7512212218428352,0.2612856258019018,1.863747174296874,0.800759581282382,3
UD_English-EWT,55,0.875,28,21,0.7159643021084788,0.2435068885858539,1.793294237801069,0.797871223469358,3
UD_English-EWT,55,0.875,28,22,0.5554689198040246,0.19002031822958607,1.5494914863441813,0.8401572676358544,3
UD_English-EWT,55,0.875,28,23,1.37248974815961,0.4753177783202604,2.0088141787193297,0.5692561366654701,3
UD_English-EWT,55,0.875,28,24,0.367654151284901,0.12383095479107213,1.6640603587044935,0.8982307537440176,3
UD_English-EWT,55,0.875,28,25,1.465628260037504,0.5018667765436712,1.9549979350388809,0.472571710871027,3
UD_English-EWT,55,0.875,28,26,0.7504773235630467,0.25988622562101416,1.5307429806619393,0.7480946232468053,3
UD_English-EWT,55,0.875,28,27,0.38582867320172337,0.12744499566304904,1.8488597566692773,0.9049526292742494,3
UD_English-EWT,55,0.875,28,28,1.1741294010876524,0.40367479745183266,2.0128555573889466,0.6156879747540899,3
UD_English-EWT,55,0.875,28,29,0.673181953990937,0.2250013305620716,1.859256617819894,0.8237251153789149,3
UD_English-EWT,55,0.875,28,30,0.8732823157761049,0.2989431452650733,1.7482158053930992,0.7437479185222059,3
UD_English-EWT,55,0.875,28,31,0.36382565488920077,0.12891019353191815,1.61193338326282,0.8866495705177441,3
UD_English-EWT,55,0.875,29,0,0.800009911164017,0.2752800568096842,1.5593751014256085,0.768534760915408,3
UD_English-EWT,55,0.875,29,1,0.3018577667869261,0.09779772790147157,1.7267915517844952,0.9146509975303502,3
UD_English-EWT,55,0.875,29,2,0.9866752011365577,0.3398575667319022,2.1275630925793902,0.7587111615906648,3
UD_English-EWT,55,0.875,29,3,0.49945979091408366,0.16738597613136763,1.6321434193241575,0.8542071850953423,3
UD_English-EWT,55,0.875,29,4,1.0751093067568074,0.36971119414668924,1.7602770395020535,0.662840388986691,3
UD_English-EWT,55,0.875,29,5,0.7764722910694412,0.2665605356981248,1.717108620184801,0.7304208069524044,3
UD_English-EWT,55,0.875,29,6,0.2721504861071624,0.089196586880268,1.6282995655956274,0.9270632315583134,3
UD_English-EWT,55,0.875,29,7,0.5890927811870809,0.20215546311929358,1.6400006671583718,0.7981197988862113,3
UD_English-EWT,55,0.875,29,8,0.7555537722964104,0.2540959314254871,1.7537172926226816,0.7874350992382549,3
UD_English-EWT,55,0.875,29,9,1.2205961282298865,0.4246317990572075,1.963674967921931,0.6158568029968791,3
UD_English-EWT,55,0.875,29,10,1.5640267977026208,0.5382199887260931,1.8107998432194599,0.3881060008115673,3
UD_English-EWT,55,0.875,29,11,0.3814815538078682,0.1277580590726119,1.6539715314063435,0.8993051248468554,3
UD_English-EWT,55,0.875,29,12,1.028218251420609,0.35299509947607205,2.0940227084852525,0.7130598462778797,3
UD_English-EWT,55,0.875,29,13,0.7672524598778271,0.2661300188809199,1.9184026408716628,0.8088904195524522,3
UD_English-EWT,55,0.875,29,14,0.5831373127445388,0.20284773430401945,1.2550983129439024,0.7610208419014196,3
UD_English-EWT,55,0.875,29,15,1.6493160759382126,0.568350019907148,1.7273883847808145,0.37320141077638763,3
UD_English-EWT,55,0.875,29,16,0.34091820960392827,0.11014204559286205,1.856852382129713,0.9161407584782507,3
UD_English-EWT,55,0.875,29,17,0.6754111784199873,0.23019620760908868,1.961922098052958,0.8267098733907622,3
UD_English-EWT,55,0.875,29,18,0.9726873881612753,0.3389901491475778,1.7351802180102183,0.7204377640629076,3
UD_English-EWT,55,0.875,29,19,1.0400675197143807,0.3627849994922814,2.0029305257378165,0.7207608775376514,3
UD_English-EWT,55,0.875,29,20,0.829014065141072,0.2789774946138968,1.8343066756354005,0.7717556125587887,3
UD_English-EWT,55,0.875,29,21,1.0566442353559322,0.3686392822511535,2.0377991617757334,0.7233114815189864,3
UD_English-EWT,55,0.875,29,22,0.429392718065374,0.14328115125643073,1.892045671870094,0.8974258861146556,3
UD_English-EWT,55,0.875,29,23,1.0204792647929573,0.3482614100481534,2.107998242415148,0.7069298180128923,3
UD_English-EWT,55,0.875,29,24,0.9976157777160678,0.3381120477088868,1.8836903438542059,0.7218644260437328,3
UD_English-EWT,55,0.875,29,25,0.3473646864193222,0.11834641716753443,1.680130100461276,0.9034406423487299,3
UD_English-EWT,55,0.875,29,26,1.047908402110818,0.36257075783007786,1.859377527416078,0.7134070840743938,3
UD_English-EWT,55,0.875,29,27,0.4328304008718153,0.1449066675819443,1.7654870073285585,0.8871156741578288,3
UD_English-EWT,55,0.875,29,28,0.9979267643801936,0.33909313772246924,1.9816729388113228,0.7447910303545129,3
UD_English-EWT,55,0.875,29,29,0.6539995752559985,0.22626320577357203,1.163938667170554,0.7451815243084358,3
UD_English-EWT,55,0.875,29,30,1.8050151640763048,0.6184344995081533,2.2432138741776373,0.4709812059374238,3
UD_English-EWT,55,0.875,29,31,0.5443335764910788,0.18743908179767824,1.6819780366342574,0.8545380054085849,3
UD_English-EWT,55,0.875,30,0,0.42052434307467096,0.14059628240886282,1.6296559841200737,0.8828081366740071,3
UD_English-EWT,55,0.875,30,1,0.8239915791987178,0.2824065623828676,1.4628799310690284,0.7225473243302117,3
UD_English-EWT,55,0.875,30,2,1.652540991893666,0.570334730903959,1.884205371602854,0.36344781776513563,3
UD_English-EWT,55,0.875,30,3,0.625260696154366,0.20823230193707354,1.8404801995756415,0.83772086856958,3
UD_English-EWT,55,0.875,30,4,1.0069882749072623,0.3457137309421932,1.8934714568198705,0.7320305727123672,3
UD_English-EWT,55,0.875,30,5,0.8318505915584135,0.28605034646793576,1.6949518323758912,0.7506874196591001,3
UD_English-EWT,55,0.875,30,6,0.5437827737211421,0.18853886074001455,1.8271240376221025,0.8436224847312724,3
UD_English-EWT,55,0.875,30,7,1.457675347399842,0.5065582537504493,1.6433614401218017,0.43856124317304035,3
UD_English-EWT,55,0.875,30,8,0.3811637732151129,0.12615076491341184,1.7478421032903733,0.9032913539660433,3
UD_English-EWT,55,0.875,30,9,1.4999934085839868,0.5154008469892113,1.7843018076458914,0.4743148759007454,3
UD_English-EWT,55,0.875,30,10,1.239217769035659,0.4284524576830082,1.7365302644629297,0.581956372445344,3
UD_English-EWT,55,0.875,30,11,0.7649924960292753,0.2635074542913389,1.6597670839186793,0.7421306688847439,3
UD_English-EWT,55,0.875,30,12,1.7590420393235913,0.6061841576260079,1.9648795196267426,0.3378386309061654,3
UD_English-EWT,55,0.875,30,13,0.30092280738069277,0.10469418625688293,1.231671367471661,0.8817694069502133,3
UD_English-EWT,55,0.875,30,14,1.082897469374217,0.37476833833072787,1.9569909710755982,0.7078481688959785,3
UD_English-EWT,55,0.875,30,15,0.7549041174759304,0.2533138674838241,1.3902591313685007,0.7571182013209401,3
UD_English-EWT,55,0.875,30,16,0.6643935895655542,0.23141392648138637,1.671208125415287,0.802771792046468,3
UD_English-EWT,55,0.875,30,17,0.6487614944278651,0.22441997054034676,1.2402853534738438,0.7620625406205112,3
UD_English-EWT,55,0.875,30,18,0.5917998207207151,0.20660425007567218,1.584183119983838,0.7961248997225678,3
UD_English-EWT,55,0.875,30,19,0.4420257030947232,0.15265720878101763,1.5177940464967044,0.8600588702547528,3
UD_English-EWT,55,0.875,30,20,0.2427603511240686,0.07955368041618131,1.3676543524912905,0.9322681250983683,3
UD_English-EWT,55,0.875,30,21,0.7313674528334961,0.25245906157123915,1.6022016780352548,0.7814509616197785,3
UD_English-EWT,55,0.875,30,22,0.3320892535358708,0.10951345078969453,1.5861507613951498,0.9097440775639916,3
UD_English-EWT,55,0.875,30,23,0.9027432382364634,0.31628761697519836,1.8955295709638647,0.7535266276917171,3
UD_English-EWT,55,0.875,30,24,0.8864876882788914,0.3009894758069342,1.4902315985255337,0.6810467204380991,3
UD_English-EWT,55,0.875,30,25,0.699572080447727,0.2337941656615212,1.8471170761410438,0.8191574771764717,3
UD_English-EWT,55,0.875,30,26,2.1255163331880813,0.7259510883786641,2.237426162933174,0.2384825158993186,3
UD_English-EWT,55,0.875,30,27,1.016559449904929,0.3569494588351478,1.9394632806027738,0.7008102062838543,3
UD_English-EWT,55,0.875,30,28,0.5752062029773556,0.19096365432256668,1.7303503995696812,0.8406227512492074,3
UD_English-EWT,55,0.875,30,29,0.41956488227298677,0.13912927228465458,1.8498108269195521,0.8949671400972186,3
UD_English-EWT,55,0.875,30,30,0.434527306084628,0.1451301680401117,1.79629282329659,0.8883106983614533,3
UD_English-EWT,55,0.875,30,31,1.2208271455596487,0.42100333474671475,1.8724079173607906,0.5879308089803911,3
UD_English-EWT,55,0.875,31,0,2.0423149209747766,0.7065095294314437,2.029398604711765,0.025167033430563493,3
UD_English-EWT,55,0.875,31,1,1.440714428795057,0.5104492629839207,1.4115935837364806,0.12635874529315103,3
UD_English-EWT,55,0.875,31,2,2.0981161779501836,0.7173171797003902,2.22212644868644,0.15607357597474106,3
UD_English-EWT,55,0.875,31,3,1.7144750510300009,0.598021573219143,1.6970339901406042,0.06474759350971072,3
UD_English-EWT,55,0.875,31,4,1.8400666937910577,0.6392675444266618,1.8360505373317253,0.0056038092325439775,3
UD_English-EWT,55,0.875,31,5,1.425427033900129,0.49279660764803435,1.3967645874006067,0.09243743174954511,3
UD_English-EWT,55,0.875,31,6,1.3423259084287669,0.4680281989276409,1.3172263219979727,0.08971086099494101,3
UD_English-EWT,55,0.875,31,7,1.7955298931057986,0.6249645187066553,1.792066820603685,0.08671953270768658,3
UD_English-EWT,55,0.875,31,8,1.8581867483469958,0.641520232993614,1.8908579131293166,0.0993800968491983,3
UD_English-EWT,55,0.875,31,9,1.5594560169022806,0.5502241866625778,1.6551866837538005,0.17150646993795085,3
UD_English-EWT,55,0.875,31,10,2.098201757571736,0.7247036871905753,2.1312601110865725,0.1549958193531338,3
UD_English-EWT,55,0.875,31,11,2.098561891603991,0.7251847321625616,2.090945853670221,0.08430501046300104,3
UD_English-EWT,55,0.875,31,12,1.648213588176312,0.5788236192354631,1.6502118712945932,0.10752471453838676,3
UD_English-EWT,55,0.875,31,13,1.78413866582464,0.6166934583519326,1.7545312999973313,0.03103276548866288,3
UD_English-EWT,55,0.875,31,14,2.2992434906069263,0.7903352759384935,2.3287036402086527,0.089338922868355,3
UD_English-EWT,55,0.875,31,15,1.9082525128630994,0.6637665472164723,2.0018538642939325,0.16434855401272738,3
UD_English-EWT,55,0.875,31,16,1.8279720448731072,0.6304182632807609,1.9529621425765027,0.18217417300372218,3
UD_English-EWT,55,0.875,31,17,1.5818807065541192,0.5467769596827486,1.5811790118234839,0.09576291361183713,3
UD_English-EWT,55,0.875,31,18,1.7120674894698549,0.5949220858948587,1.8083706745955894,0.1438344993283265,3
UD_English-EWT,55,0.875,31,19,1.6141755879468171,0.565881595829797,1.615235090527161,0.08956420787549202,3
UD_English-EWT,55,0.875,31,20,1.5720543840353824,0.5553443479353396,1.6137130375008333,0.12485524588364554,3
UD_English-EWT,55,0.875,31,21,2.143604929601343,0.7391675279521551,2.1753541280554507,0.09824047845732425,3
UD_English-EWT,55,0.875,31,22,1.0938466266442246,0.3814192376369254,1.1481380437946926,0.24130852849150944,3
UD_English-EWT,55,0.875,31,23,1.1805958093189803,0.41887016472269273,1.135652442908895,0.10552619186400226,3
UD_English-EWT,55,0.875,31,24,2.332127606825316,0.7950276487892008,2.4025263459521784,0.10156439602551987,3
UD_English-EWT,55,0.875,31,25,1.9997448601466494,0.6893583357008429,2.135725759689057,0.16000512770275727,3
UD_English-EWT,55,0.875,31,26,1.761569260736632,0.6133807792391065,1.7249529502322332,0.06038928718860581,3
UD_English-EWT,55,0.875,31,27,1.3604868617322712,0.4752517179306088,1.3522981064078587,0.008948967733519147,3
UD_English-EWT,55,0.875,31,28,1.6600704661049697,0.5794217987885132,1.6702160527471637,0.09087823747475883,3
UD_English-EWT,55,0.875,31,29,2.0445736817106304,0.7069832809364427,2.0479019994292753,0.10081426168899883,3
UD_English-EWT,55,0.875,31,30,1.7248175836325996,0.5989822908109547,1.8344590871549045,0.16194021228644231,3
UD_English-EWT,55,0.875,31,31,1.8014575479677684,0.625741261127108,1.7685813779496538,0.027197567418091675,3
UD_English-EWT,63,1.0,0,0,2.2454337510254865,0.7619090881503996,2.1655569681541516,0.11422335838420632,3
UD_English-EWT,63,1.0,0,1,2.7475794640069453,0.9340034557170555,2.7913735152268018,0.12623946598216973,3
UD_English-EWT,63,1.0,0,2,2.8397638893844,0.9694570402304331,2.784971776881504,0.10968630091424604,3
UD_English-EWT,63,1.0,0,3,2.8015020947313047,0.9544158578733276,2.820616653219598,0.18650059530745602,3
UD_English-EWT,63,1.0,0,4,2.247474956463595,0.753881710433895,2.2458393839213366,0.03409697231009623,3
UD_English-EWT,63,1.0,0,5,2.7122238263732097,0.9230309093747634,2.6802456641132064,0.09220344721036837,3
UD_English-EWT,63,1.0,0,6,2.4446612207290253,0.8290812667927455,2.3875295863451202,0.06754457410119596,3
UD_English-EWT,63,1.0,0,7,2.6069681214504556,0.8856612097044461,2.6259701602120216,0.21595845361306368,3
UD_English-EWT,63,1.0,0,8,2.6932047802568135,0.9195011710045767,2.6430369967319924,0.05123820056078976,3
UD_English-EWT,63,1.0,0,9,2.4396311069935397,0.8282597013672844,2.3480137912709207,0.08817609972473173,3
UD_English-EWT,63,1.0,0,10,2.6365008691295246,0.8948839811679444,2.71972671411728,0.16904174501860073,3
UD_English-EWT,63,1.0,0,11,2.505583555402,0.8481962015964294,2.4735510704295884,0.010474356704981888,3
UD_English-EWT,63,1.0,0,12,2.794953668703799,0.953525622522896,2.739862630438935,0.08725152482899527,3
UD_English-EWT,63,1.0,0,13,2.8650731750524763,0.9785128493126626,2.8173794228522504,0.11370301507718739,3
UD_English-EWT,63,1.0,0,14,2.8364640050898484,0.96979874071202,2.768547254507659,0.08089965323744536,3
UD_English-EWT,63,1.0,0,15,2.870483342089939,0.9827831333777942,2.8084450789162374,0.07676082144585525,3
UD_English-EWT,63,1.0,0,16,2.6059619083267744,0.8898974428655672,2.5553104169870333,0.10735878373033118,3
UD_English-EWT,63,1.0,0,17,2.690530670470879,0.918207624163784,2.6254075980577314,0.03703360355591473,3
UD_English-EWT,63,1.0,0,18,2.6390779348996167,0.9036410169197562,2.5729120798775407,0.04399995885877183,3
UD_English-EWT,63,1.0,0,19,2.3939884675493657,0.8156397412709199,2.3064473997699757,0.15337176249194584,3
UD_English-EWT,63,1.0,0,20,2.746433248285387,0.9380125637914314,2.7014908352510525,0.08564257390334022,3
UD_English-EWT,63,1.0,0,21,2.8374250534453673,0.9701987433303249,2.797143762228919,0.11537701200027162,3
UD_English-EWT,63,1.0,0,22,2.2391349411075883,0.7587988093251088,2.1593640439334463,0.059249865145631166,3
UD_English-EWT,63,1.0,0,23,2.5155857534356456,0.8547112798430229,2.4419764691526122,0.11050432012289192,3
UD_English-EWT,63,1.0,0,24,2.704348043340152,0.9215531867058551,2.639953609535603,0.1069484617309187,3
UD_English-EWT,63,1.0,0,25,2.7981089104394443,0.9594190364978351,2.7303864591108646,0.0690646732771194,3
UD_English-EWT,63,1.0,0,26,2.3864783045372677,0.8109593283934672,2.364663533011421,0.006195034361091351,3
UD_English-EWT,63,1.0,0,27,2.764094214784643,0.9420104293875355,2.7211433246813184,0.12338764433204476,3
UD_English-EWT,63,1.0,0,28,2.5424901663931343,0.8634500549139221,2.541449948412473,0.15445685123037445,3
UD_English-EWT,63,1.0,0,29,1.8103650343792685,0.5999341944609183,2.2654249681963945,0.4765015018167473,3
UD_English-EWT,63,1.0,0,30,2.4264467470144315,0.8241432102325835,2.3573487445793515,0.04419824458872442,3
UD_English-EWT,63,1.0,0,31,2.6387641916835243,0.8943409168980813,2.7285693595643905,0.11490903335465678,3
UD_English-EWT,63,1.0,1,0,2.470030326823719,0.8443229557549369,2.4479496058870533,0.07828864171373266,3
UD_English-EWT,63,1.0,1,1,2.4146982659407654,0.8209082976879318,2.376154450770936,0.16630371507827213,3
UD_English-EWT,63,1.0,1,2,2.8146891747016074,0.9623600110167363,2.771506316349155,0.07260185956911698,3
UD_English-EWT,63,1.0,1,3,2.5791391148918965,0.8822570396739927,2.496061364158255,0.10695250170519117,3
UD_English-EWT,63,1.0,1,4,2.333759512080521,0.7967956223285914,2.251389959307968,0.17129005440332687,3
UD_English-EWT,63,1.0,1,5,2.700503218857969,0.9232513045515519,2.6323761668035894,0.10864210680707313,3
UD_English-EWT,63,1.0,1,6,2.481095921634976,0.8500419431696824,2.4229923908502027,0.10137661224831647,3
UD_English-EWT,63,1.0,1,7,2.2432551063149355,0.7647488054519144,2.221170810646698,0.22258880778719656,3
UD_English-EWT,63,1.0,1,8,2.293474664290746,0.7849089118138037,2.436827257845571,0.3172249616495247,3
UD_English-EWT,63,1.0,1,9,2.4137062388039676,0.8262761844311907,2.3388807729619447,0.1458750681295136,3
UD_English-EWT,63,1.0,1,10,2.431102550746313,0.8275081227874496,2.4454268028175896,0.2004826900045403,3
UD_English-EWT,63,1.0,1,11,2.241909626810277,0.7600136110202862,2.4897005031180512,0.3736619108605906,3
UD_English-EWT,63,1.0,1,12,2.812256832266114,0.9623672312400379,2.755328124012452,0.11119440495662514,3
UD_English-EWT,63,1.0,1,13,2.3911678650991512,0.8206738361406848,2.2919929973740394,0.0947995972234369,3
UD_English-EWT,63,1.0,1,14,2.653058465875563,0.9094093723700998,2.5932716808683884,0.1251379490621347,3
UD_English-EWT,63,1.0,1,15,2.2874731085176676,0.7811517721968272,2.2259323042435724,0.0847193870688356,3
UD_English-EWT,63,1.0,1,16,2.3835822504237703,0.8124185355960346,2.366962618026577,0.12084125462776978,3
UD_English-EWT,63,1.0,1,17,2.5096847470340835,0.8533806706386837,2.5746079663761328,0.15391355366166173,3
UD_English-EWT,63,1.0,1,18,1.8218426158030827,0.6185018819212262,1.8533686309890018,0.36773933044792523,3
UD_English-EWT,63,1.0,1,19,2.282436329810346,0.7782028658631069,2.240158031547004,0.07475369457216537,3
UD_English-EWT,63,1.0,1,20,2.616639860177952,0.8929444733864623,2.5477093603115915,0.12690001741927015,3
UD_English-EWT,63,1.0,1,21,2.579042001500156,0.8832134649238951,2.5094370719839314,0.12981092205138806,3
UD_English-EWT,63,1.0,1,22,1.9032700947725056,0.6574439313568052,1.8860354329067501,0.022679544439955356,3
UD_English-EWT,63,1.0,1,23,2.485639838898768,0.8454043226815312,2.5399531064137735,0.17403895207655315,3
UD_English-EWT,63,1.0,1,24,2.3427022786739746,0.8025506111116357,2.2702218836448234,0.0803903128743131,3
UD_English-EWT,63,1.0,1,25,2.5184491091087216,0.8545475813046179,2.5145217041825987,0.08715488961159858,3
UD_English-EWT,63,1.0,1,26,2.112256986358778,0.7178061058123907,2.166732411241271,0.2876229415357601,3
UD_English-EWT,63,1.0,1,27,2.0831214464753054,0.7189960838829886,2.0091130197699605,0.10200727748801637,3
UD_English-EWT,63,1.0,1,28,2.352397460429395,0.8060654775529611,2.2740595226730806,0.09205325450137501,3
UD_English-EWT,63,1.0,1,29,2.2829502832368425,0.7809963522713042,2.1703811651044855,0.12215595447351453,3
UD_English-EWT,63,1.0,1,30,2.610193100946197,0.8907273989883276,2.5694243427508514,0.1604807741476905,3
UD_English-EWT,63,1.0,1,31,2.8067246540322324,0.9632051821614875,2.7378296045983426,0.07203616544889296,3
UD_English-EWT,63,1.0,2,0,0.9382866089298426,0.33371325600586954,1.7100268762782622,0.7383649619143519,3
UD_English-EWT,63,1.0,2,1,0.29873677223025125,0.11005099093836675,2.5128113185284566,0.9216289441279374,3
UD_English-EWT,63,1.0,2,2,1.0996456752872206,0.39448560320370185,1.407843932265141,0.5929735276868434,3
UD_English-EWT,63,1.0,2,3,0.4331563016593131,0.1551276166602725,2.131390254679925,0.8904225749721943,3
UD_English-EWT,63,1.0,2,4,1.1193882835204485,0.39584601890356813,2.3448968256106144,0.7110542994135064,3
UD_English-EWT,63,1.0,2,5,1.0872154901913607,0.38899165782772127,1.6381056619797902,0.6842927355828182,3
UD_English-EWT,63,1.0,2,6,1.4649038506987317,0.5184043568095874,2.1022880026877253,0.6028077413068443,3
UD_English-EWT,63,1.0,2,7,1.1429238085701166,0.4006928158465956,2.263506747822944,0.724681392474904,3
UD_English-EWT,63,1.0,2,8,0.9769072742735755,0.3466811066931063,2.010599613026843,0.7421421598378425,3
UD_English-EWT,63,1.0,2,9,0.7655397935317514,0.26864648868884544,2.2973048601482735,0.8062759825929268,3
UD_English-EWT,63,1.0,2,10,0.8189437038015798,0.29095834981181906,2.1176784558048665,0.8026052521226185,3
UD_English-EWT,63,1.0,2,11,1.2604424157917826,0.4383901555518635,1.9960912317851853,0.6620883530036348,3
UD_English-EWT,63,1.0,2,12,0.9346745816247711,0.3299464958165187,1.944611796183013,0.7467080869309889,3
UD_English-EWT,63,1.0,2,13,0.9498086250056335,0.33795078420411045,1.744595988363516,0.742717089589502,3
UD_English-EWT,63,1.0,2,14,0.9899225783804075,0.3503119378793435,2.3080681031518946,0.7492925062205623,3
UD_English-EWT,63,1.0,2,15,1.022743737396321,0.33986638201390457,2.4568357089829576,0.7856537259178736,3
UD_English-EWT,63,1.0,2,16,1.085304931620431,0.38827644563356384,1.9639080544638503,0.7176517958605224,3
UD_English-EWT,63,1.0,2,17,0.8536708764935451,0.2993177885362685,1.5423862611661192,0.7205478100747359,3
UD_English-EWT,63,1.0,2,18,0.657912982902566,0.23529251523397335,1.8533064636702095,0.8080123587221396,3
UD_English-EWT,63,1.0,2,19,0.9936759050100878,0.3523556919249355,1.8463990491270368,0.7322905555041762,3
UD_English-EWT,63,1.0,2,20,0.7808270727594694,0.27422327440374533,2.148801496771515,0.8129105524368625,3
UD_English-EWT,63,1.0,2,21,0.41088839927739135,0.14602466483849807,2.3415193666037313,0.907722142306182,3
UD_English-EWT,63,1.0,2,22,0.7929784443046226,0.26751153856068033,2.5220238725995756,0.8408824110943112,3
UD_English-EWT,63,1.0,2,23,1.006443478533479,0.3337614327730214,2.589016175172368,0.7907759859913686,3
UD_English-EWT,63,1.0,2,24,0.977885371348897,0.35123809836194164,1.7106805103398413,0.7304450297941928,3
UD_English-EWT,63,1.0,2,25,0.5122266685783537,0.16969520467348764,2.737977292856884,0.9081979708267691,3
UD_English-EWT,63,1.0,2,26,0.45600754549838807,0.16705049573357314,2.077857508196857,0.8870902271544349,3
UD_English-EWT,63,1.0,2,27,1.1808396351467716,0.3970036717752616,2.578634557828226,0.751317476924977,3
UD_English-EWT,63,1.0,2,28,0.9131137554029949,0.3200659359413418,2.3480373225251183,0.7875611170556377,3
UD_English-EWT,63,1.0,2,29,1.4359393732958152,0.4926017258173781,2.5642883214142804,0.6760287015327339,3
UD_English-EWT,63,1.0,2,30,1.1570180484343096,0.41170496786715555,1.5940523035213596,0.6515824083096343,3
UD_English-EWT,63,1.0,2,31,0.9587973362761119,0.33705487065627926,2.1934712376099466,0.7739725234241434,3
UD_English-EWT,63,1.0,3,0,0.5948059520597666,0.20958096348767072,2.401839364584678,0.8706567302916218,3
UD_English-EWT,63,1.0,3,1,0.25652337084458177,0.09265025362596323,2.669402732468042,0.9373284731406332,3
UD_English-EWT,63,1.0,3,2,0.5868009144816894,0.20976912152897464,1.8870067552464906,0.8597011829985947,3
UD_English-EWT,63,1.0,3,3,0.47324547654048343,0.16301910046874826,2.4387825740491107,0.9105138359336905,3
UD_English-EWT,63,1.0,3,4,0.39842644075308337,0.140676640045366,2.238430025799027,0.914414287102027,3
UD_English-EWT,63,1.0,3,5,0.5746715784154303,0.20000439390662264,2.1135895924815715,0.870922852409342,3
UD_English-EWT,63,1.0,3,6,1.2445123051522209,0.4377955176302644,1.685433950906243,0.6019958487299623,3
UD_English-EWT,63,1.0,3,7,0.47214733161887185,0.1693381948162461,2.3805126461500676,0.8910908610280094,3
UD_English-EWT,63,1.0,3,8,0.2961461164586531,0.10388876203590076,2.4097401716344344,0.9382556359298894,3
UD_English-EWT,63,1.0,3,9,0.6918153845669468,0.2288559569717675,2.4604336743146344,0.8690111065497165,3
UD_English-EWT,63,1.0,3,10,0.4781368150492835,0.1748885054426278,1.793226441643277,0.8800180310922894,3
UD_English-EWT,63,1.0,3,11,0.5557511788818355,0.1944295160390966,2.000029670980459,0.8759103555822633,3
UD_English-EWT,63,1.0,3,12,0.4511161640775008,0.15887472227907898,2.1105686790141904,0.9020425097538474,3
UD_English-EWT,63,1.0,3,13,0.4350832035877014,0.15783604465506443,2.1790010008981318,0.9063776183486635,3
UD_English-EWT,63,1.0,3,14,0.5204782634159255,0.18544865019945175,1.9090405844274114,0.8762256048741888,3
UD_English-EWT,63,1.0,3,15,0.6765744120208291,0.2429684664585877,1.954517849318968,0.8407055308910015,3
UD_English-EWT,63,1.0,3,16,0.6894327000272079,0.2436619424184815,2.0763849435282533,0.8449697001058546,3
UD_English-EWT,63,1.0,3,17,0.36134878702746714,0.12227299022666417,2.5314185897020693,0.9382796521232427,3
UD_English-EWT,63,1.0,3,18,0.6237109958148394,0.2188652943860475,2.2760430952238906,0.8564546033332908,3
UD_English-EWT,63,1.0,3,19,0.6288685014501947,0.2268237035131194,1.7785043352451482,0.8453895559564965,3
UD_English-EWT,63,1.0,3,20,0.5368767158418405,0.1912178898362514,2.06193962676929,0.882920043960295,3
UD_English-EWT,63,1.0,3,21,0.756622610542455,0.25101999556798427,2.522228454305826,0.8506472877791671,3
UD_English-EWT,63,1.0,3,22,0.7166064442669761,0.2540247313006491,2.1096388793708196,0.8417133781753603,3
UD_English-EWT,63,1.0,3,23,0.4420000678284572,0.15560408895377253,2.2110895991651085,0.8986791128832134,3
UD_English-EWT,63,1.0,3,24,0.5210388178626696,0.1861801252298342,2.0513773951374117,0.8785136319249055,3
UD_English-EWT,63,1.0,3,25,0.5141746538686134,0.16919693276489692,2.3323151974078735,0.9003004675191608,3
UD_English-EWT,63,1.0,3,26,0.7356307662087062,0.25166263856767307,1.6858707402573259,0.7989255101140079,3
UD_English-EWT,63,1.0,3,27,0.6535787438475044,0.21519902077773226,2.5009447510450915,0.8741515806463899,3
UD_English-EWT,63,1.0,3,28,0.41949661332564275,0.14083587612366416,2.502976385296368,0.9166485552416473,3
UD_English-EWT,63,1.0,3,29,0.39939407145227895,0.13607795102918735,2.538055599712935,0.9264976461239852,3
UD_English-EWT,63,1.0,3,30,0.512882660422983,0.1752569885120366,2.2829194131607564,0.9002966840084786,3
UD_English-EWT,63,1.0,3,31,0.290679803230072,0.10715305168039162,0.8803655116773043,0.9127865703216668,3
UD_English-EWT,63,1.0,4,0,0.9154638973741583,0.3286096874237712,1.5882246157184976,0.7485906371001989,3
UD_English-EWT,63,1.0,4,1,0.9421596956831184,0.31394699115122926,2.4250611591208826,0.8063221059210314,3
UD_English-EWT,63,1.0,4,2,0.7254978257938812,0.24000020583714943,2.5405460965763678,0.8567810631840608,3
UD_English-EWT,63,1.0,4,3,0.6450207824589776,0.23315816496809325,1.815283325281951,0.8388729794917862,3
UD_English-EWT,63,1.0,4,4,1.134641628040642,0.3973506360309697,2.0799516424780986,0.7252821974415596,3
UD_English-EWT,63,1.0,4,5,1.0442275160241647,0.35437647430378877,2.5699906818202285,0.7889199598890836,3
UD_English-EWT,63,1.0,4,6,0.8610745407437367,0.30117887282957795,1.923459056948052,0.7857280376830388,3
UD_English-EWT,63,1.0,4,7,1.0179359719890062,0.3561433768866818,1.9730443703672274,0.7348402926260656,3
UD_English-EWT,63,1.0,4,8,0.529536837050335,0.18760121483966463,2.2903285537912548,0.8835516335859976,3
UD_English-EWT,63,1.0,4,9,0.755359458467348,0.2618820521919454,2.302926523600771,0.8329377038801301,3
UD_English-EWT,63,1.0,4,10,0.7426271022506099,0.26062392468864476,2.0433824625823016,0.830405849739502,3
UD_English-EWT,63,1.0,4,11,0.8334363600839683,0.2925190641824665,1.8320031530870116,0.7738863727271231,3
UD_English-EWT,63,1.0,4,12,0.7169974185729938,0.24184963133572882,2.3863357712662285,0.8582045737185765,3
UD_English-EWT,63,1.0,4,13,0.6807326997319857,0.23454551359058404,2.361488502208001,0.8609706245647754,3
UD_English-EWT,63,1.0,4,14,0.7405965773622847,0.25159193639506083,2.628278778550403,0.8601791836687775,3
UD_English-EWT,63,1.0,4,15,0.6628642890581994,0.23066629815459902,2.0420795853346423,0.842506879340104,3
UD_English-EWT,63,1.0,4,16,0.9674878983956868,0.3337172292010055,2.29002970147654,0.7680726491036962,3
UD_English-EWT,63,1.0,4,17,0.6504419904629715,0.21987754346222663,2.2552858201043855,0.8648603855749298,3
UD_English-EWT,63,1.0,4,18,1.0173434205149692,0.3570602258738598,2.0591682840566166,0.7416850770594644,3
UD_English-EWT,63,1.0,4,19,0.8992639275196471,0.3099040704591027,2.136694819060831,0.7926364544310857,3
UD_English-EWT,63,1.0,4,20,0.6644085153041641,0.2296238076654288,2.3601624170124857,0.8643204096725078,3
UD_English-EWT,63,1.0,4,21,1.0302912637876356,0.33971918145286256,2.5122818700114236,0.7899142013547199,3
UD_English-EWT,63,1.0,4,22,0.9961765278232554,0.3465872376627936,2.186009836001474,0.7718594079949165,3
UD_English-EWT,63,1.0,4,23,0.9086162209755084,0.3070744158791714,2.3207635998400185,0.8078327319009708,3
UD_English-EWT,63,1.0,4,24,0.5407027130936338,0.18893687136959833,2.1078922260003012,0.8792244281436576,3
UD_English-EWT,63,1.0,4,25,1.0374210396262467,0.36435363670210535,2.0098093558367482,0.7294494807720184,3
UD_English-EWT,63,1.0,4,26,1.1592162466440044,0.3988262372590154,2.32016405088654,0.7393712161587236,3
UD_English-EWT,63,1.0,4,27,0.7248737141897118,0.2555856579008812,2.015605912508209,0.8296784664926632,3
UD_English-EWT,63,1.0,4,28,0.7163818083662804,0.2502609302437371,2.0358477707117633,0.8241115856528932,3
UD_English-EWT,63,1.0,4,29,1.0561147542375195,0.3597511203318346,2.3350944418073354,0.7577718535407646,3
UD_English-EWT,63,1.0,4,30,0.9276734521724487,0.3126713184263211,2.0773535292656695,0.761213109182204,3
UD_English-EWT,63,1.0,4,31,0.5341861073355205,0.18487890911558283,2.0924944105695507,0.880419766072367,3
UD_English-EWT,63,1.0,5,0,1.3854448972015436,0.48805964473492464,2.2368462784368486,0.6544988433031437,3
UD_English-EWT,63,1.0,5,1,0.8563531534186478,0.2869949876407131,2.6060865195722527,0.8289247142161177,3
UD_English-EWT,63,1.0,5,2,1.3497729513977397,0.48008568470921026,2.308797852589133,0.6580037711178018,3
UD_English-EWT,63,1.0,5,3,0.5415644080179637,0.19353599772060828,2.2092414344431925,0.8650536281489284,3
UD_English-EWT,63,1.0,5,4,1.092700134983154,0.37197233148204173,2.316871252379131,0.75826253998475,3
UD_English-EWT,63,1.0,5,5,0.4046894454605918,0.14565342915615911,2.363700692038067,0.912260589622409,3
UD_English-EWT,63,1.0,5,6,0.38778914230280237,0.13352928209866657,2.2418030881490862,0.9206342858369233,3
UD_English-EWT,63,1.0,5,7,1.5023081931260114,0.5208443472457063,1.9262133778118697,0.5101669679899685,3
UD_English-EWT,63,1.0,5,8,1.1972182993598974,0.4212365549851637,2.065295629244033,0.6736012382096931,3
UD_English-EWT,63,1.0,5,9,1.111922940676981,0.39633888828624136,1.8076728101147979,0.6714661097754546,3
UD_English-EWT,63,1.0,5,10,1.3665426322996943,0.4771723268869145,2.00069591924141,0.6036624102726009,3
UD_English-EWT,63,1.0,5,11,0.7094215918434122,0.2532727452493756,2.459362505237913,0.831213058710424,3
UD_English-EWT,63,1.0,5,12,0.9764764511072245,0.3351848038025404,2.4948471719449987,0.7911452171418185,3
UD_English-EWT,63,1.0,5,13,0.9534958109585313,0.3276167341350206,2.290821006633545,0.7763992546767485,3
UD_English-EWT,63,1.0,5,14,1.1326635502726654,0.3959847745368552,2.183858669520727,0.7135230891935812,3
UD_English-EWT,63,1.0,5,15,0.4641984473974978,0.17131470728034529,0.39359690342607395,0.056789990587674,3
UD_English-EWT,63,1.0,5,16,1.0896432045541826,0.3897397164153597,1.823444610573555,0.7011202008264964,3
UD_English-EWT,63,1.0,5,17,0.6150280176127543,0.22107543228346793,2.149775982554493,0.8509164779075508,3
UD_English-EWT,63,1.0,5,18,0.9291174848222993,0.33340351444368804,1.6401765628264904,0.7274702742614382,3
UD_English-EWT,63,1.0,5,19,0.857161531540377,0.2921632242801248,2.29450765740676,0.8126336108139954,3
UD_English-EWT,63,1.0,5,20,1.156137704401394,0.3887932147688227,2.3104737804887074,0.7339723021036288,3
UD_English-EWT,63,1.0,5,21,1.1477865338162647,0.40280815443950274,1.904567496128421,0.6860905118245896,3
UD_English-EWT,63,1.0,5,22,1.1388217274689936,0.39570806273182885,2.325625468147257,0.7331664561003935,3
UD_English-EWT,63,1.0,5,23,0.8209618547412215,0.2832055564236934,2.3801223000542064,0.8217920862504693,3
UD_English-EWT,63,1.0,5,24,1.0836020333112264,0.38746366041198455,1.9943941542522505,0.7039863000232014,3
UD_English-EWT,63,1.0,5,25,0.34401088128568696,0.12408661820971574,2.4418038711196086,0.9263949399111701,3
UD_English-EWT,63,1.0,5,26,0.4560583566259491,0.16104360088665304,2.242307138328995,0.8932681595041453,3
UD_English-EWT,63,1.0,5,27,0.4282587281748897,0.15282949404740107,2.552599236939123,0.9070110989561497,3
UD_English-EWT,63,1.0,5,28,1.0209409547308104,0.35781369173054484,2.172286749374671,0.7528176412719195,3
UD_English-EWT,63,1.0,5,29,0.6405595788131646,0.2250374866944682,2.305811113754257,0.8577547489456792,3
UD_English-EWT,63,1.0,5,30,1.1328595914557331,0.38669629433685965,2.1808043882006505,0.7230644756571842,3
UD_English-EWT,63,1.0,5,31,0.8406119879966226,0.2830916751440757,2.4873187116912154,0.8275819406564769,3
UD_English-EWT,63,1.0,6,0,1.149502188374436,0.3971654005511536,2.314643262025437,0.7299297521186006,3
UD_English-EWT,63,1.0,6,1,0.9178696825815355,0.32085498983213484,2.328889068195729,0.7859264405780152,3
UD_English-EWT,63,1.0,6,2,0.5526959857206202,0.1915677318278232,2.4431866323524485,0.8860076326327245,3
UD_English-EWT,63,1.0,6,3,0.8499750686717814,0.2966829381496366,1.9331933824253864,0.7701825962447729,3
UD_English-EWT,63,1.0,6,4,1.1542597211530952,0.3941845912384531,2.2912933704305867,0.7291590397963758,3
UD_English-EWT,63,1.0,6,5,1.0589368469565292,0.37670818472006284,1.9212562700764078,0.7258210554311836,3
UD_English-EWT,63,1.0,6,6,0.4936841156109761,0.17014970944919547,2.2878578165189816,0.9096900682306029,3
UD_English-EWT,63,1.0,6,7,0.9986668399285749,0.3632619672358199,2.3768376182011566,0.738695856936968,3
UD_English-EWT,63,1.0,6,8,1.0231581182102036,0.3439504003528852,2.6013105430238235,0.7939188484448553,3
UD_English-EWT,63,1.0,6,9,0.7496242283797655,0.2684758457411182,0.48107433439196784,0.2764078034647827,3
UD_English-EWT,63,1.0,6,10,0.8000989792451181,0.2811730032776549,1.9676206499501003,0.8021318057521446,3
UD_English-EWT,63,1.0,6,11,0.934522882022493,0.33375348576186786,1.7292099152106406,0.7168241049992582,3
UD_English-EWT,63,1.0,6,12,0.6661278564747566,0.23126540744239513,1.4642293195092613,0.8217580546039701,3
UD_English-EWT,63,1.0,6,13,0.9234209976723937,0.3142846728792119,2.3939527056581986,0.8016563912884133,3
UD_English-EWT,63,1.0,6,14,1.1880900041490305,0.4267374887614628,1.7901790665635646,0.636417183312562,3
UD_English-EWT,63,1.0,6,15,0.9967353525138943,0.33902374522689255,2.265039866902138,0.7615419699520362,3
UD_English-EWT,63,1.0,6,16,0.24195364377171288,0.09110926315850003,0.8538741269479684,0.9331338113285804,3
UD_English-EWT,63,1.0,6,17,0.6068445962390613,0.217169346979977,1.7450816708672894,0.8428745851164958,3
UD_English-EWT,63,1.0,6,18,1.0773936761288696,0.36533154098347564,2.3430689625401313,0.7518927605995716,3
UD_English-EWT,63,1.0,6,19,1.1854006024331993,0.4238394990441252,1.822853787023513,0.6430378099445437,3
UD_English-EWT,63,1.0,6,20,1.2688594785381535,0.4399207752259051,1.7536690625173799,0.599303980749813,3
UD_English-EWT,63,1.0,6,21,0.9201060570572895,0.30870399508075635,2.525392963423755,0.8130435626852056,3
UD_English-EWT,63,1.0,6,22,1.1838086405412747,0.4063343707003881,2.2291836513847603,0.7072724406836463,3
UD_English-EWT,63,1.0,6,23,1.0300247734361658,0.3649568184395957,2.0468246558976304,0.7338591737092518,3
UD_English-EWT,63,1.0,6,24,0.9831548737046497,0.34666324290828626,1.9974057271343764,0.7503236210981353,3
UD_English-EWT,63,1.0,6,25,1.0779098363929107,0.36786741356217795,2.156068457198925,0.7192581203954468,3
UD_English-EWT,63,1.0,6,26,0.5752249947174,0.20415753681884438,1.959343690934077,0.8689490264393592,3
UD_English-EWT,63,1.0,6,27,1.498966117699941,0.525669133565465,2.1730697469307425,0.6009139343689048,3
UD_English-EWT,63,1.0,6,28,1.0788120811428528,0.3692331132504458,2.3085977803162536,0.7446016899712099,3
UD_English-EWT,63,1.0,6,29,0.9886593940398081,0.34395064631365035,2.3416435401784916,0.7646346294977627,3
UD_English-EWT,63,1.0,6,30,0.7828169487864592,0.27822955209212225,0.863714776037495,0.6453618471169732,3
UD_English-EWT,63,1.0,6,31,1.031062773993758,0.35380881784555046,2.1811159202635615,0.7363351169831115,3
UD_English-EWT,63,1.0,7,0,1.3260431599910143,0.4454222462175648,2.4706315241876196,0.6955901641663308,3
UD_English-EWT,63,1.0,7,1,1.298088780762068,0.4575141023416988,2.043760632556644,0.6432338680644505,3
UD_English-EWT,63,1.0,7,2,1.2099479115237304,0.415701203984641,2.4919697069079496,0.7342633276852103,3
UD_English-EWT,63,1.0,7,3,1.092103276503542,0.3767960063217442,2.449377358529737,0.7536079834312037,3
UD_English-EWT,63,1.0,7,4,0.4746140132103462,0.1731104945224491,1.0983629767360583,0.8574608987797805,3
UD_English-EWT,63,1.0,7,5,1.1819712808304796,0.3995753352637174,2.213027516023709,0.6983139590243171,3
UD_English-EWT,63,1.0,7,6,0.8239241465519035,0.29418810929268435,0.3741846065255788,0.3893185697109159,3
UD_English-EWT,63,1.0,7,7,1.7587963060928822,0.6134731744319364,2.116708499160621,0.4642308185212925,3
UD_English-EWT,63,1.0,7,8,1.3858402738642823,0.4814735612745493,2.120904493283053,0.6003705420699276,3
UD_English-EWT,63,1.0,7,9,1.2427309649726732,0.4450605668412531,1.2834840785773074,0.5256612100562111,3
UD_English-EWT,63,1.0,7,10,0.20066343792434274,0.07558004764962148,1.157897563702096,0.9497786399608102,3
UD_English-EWT,63,1.0,7,11,0.9826248811323786,0.3423150234290811,2.0853789240284697,0.7559198834042732,3
UD_English-EWT,63,1.0,7,12,0.3432814106141609,0.12843535094435424,0.8103993175133981,0.8983099514343701,3
UD_English-EWT,63,1.0,7,13,0.9911114674448317,0.3547059025595097,1.7266980750801786,0.6959067046072315,3
UD_English-EWT,63,1.0,7,14,0.980421173605111,0.3291083940309905,2.2868413586434118,0.7712752087031557,3
UD_English-EWT,63,1.0,7,15,0.8856206883579656,0.3125028482999632,2.324087508389207,0.789456468971212,3
UD_English-EWT,63,1.0,7,16,0.9739362879203317,0.343114651678527,2.110810229361383,0.7422095543292703,3
UD_English-EWT,63,1.0,7,17,1.2386429355037016,0.4198436790598872,2.4856525062700436,0.7196870916853837,3
UD_English-EWT,63,1.0,7,18,1.0856369559149273,0.38516948054559896,1.7235058880731708,0.6684464992639797,3
UD_English-EWT,63,1.0,7,19,1.0469601680346525,0.36255814635851347,1.940727616431283,0.7237406147470891,3
UD_English-EWT,63,1.0,7,20,0.718653667534961,0.2536755430059192,2.091095014022348,0.8361481708255621,3
UD_English-EWT,63,1.0,7,21,1.2725417616018833,0.4310684358813072,2.304211759664973,0.6734606748640212,3
UD_English-EWT,63,1.0,7,22,1.101533095204765,0.3743840845230499,2.1823092935189523,0.7282141745090485,3
UD_English-EWT,63,1.0,7,23,0.6025253790405278,0.20931820808579035,2.2582389862159564,0.8750226689818127,3
UD_English-EWT,63,1.0,7,24,1.004215831069347,0.36021855206844583,1.5538795526887548,0.6863170663922862,3
UD_English-EWT,63,1.0,7,25,2.014012104582265,0.68298548325652,2.5781857276874813,0.48375913230040685,3
UD_English-EWT,63,1.0,7,26,0.6789900857161303,0.23569129746346204,2.23729337678581,0.8460231876112724,3
UD_English-EWT,63,1.0,7,27,1.086078072221227,0.37767289894444694,2.5075809196696257,0.7450461663265046,3
UD_English-EWT,63,1.0,7,28,0.8416488310271274,0.2979694821062635,1.2778652552209917,0.7051558132624366,3
UD_English-EWT,63,1.0,7,29,1.0553996195721496,0.36802589469920094,2.0827385429801835,0.7224511925965711,3
UD_English-EWT,63,1.0,7,30,0.6751845696829056,0.24224629718301402,2.1205838211084322,0.84104344802476,3
UD_English-EWT,63,1.0,7,31,0.6937039235576256,0.24302999074748957,1.6759742865634095,0.7994552881665569,3
UD_English-EWT,63,1.0,8,0,0.8948366713247012,0.3222784993895253,2.417032483985515,0.784112291665025,3
UD_English-EWT,63,1.0,8,1,1.4554496048415293,0.505255726965073,1.9168627282472255,0.5046870698694323,3
UD_English-EWT,63,1.0,8,2,1.5420039396305552,0.54133720616581,2.1457271088993615,0.5530884212972037,3
UD_English-EWT,63,1.0,8,3,1.2925073987310702,0.4346579245082993,2.252125639814497,0.6765163982175088,3
UD_English-EWT,63,1.0,8,4,0.5133846577440129,0.17973766500344043,2.2122561862397063,0.882770847427389,3
UD_English-EWT,63,1.0,8,5,1.3267376596321825,0.4567881404457848,1.8992625811223778,0.5148215858581288,3
UD_English-EWT,63,1.0,8,6,1.1994094600687262,0.40350471412549255,2.077496138996765,0.6809527827172331,3
UD_English-EWT,63,1.0,8,7,0.972781511033819,0.3365801809752574,2.4763084125649084,0.7873188245003341,3
UD_English-EWT,63,1.0,8,8,1.2059351915055936,0.4279113868302335,2.3188185984971095,0.708827214244285,3
UD_English-EWT,63,1.0,8,9,1.2853377869383233,0.44022363481300125,2.4008886882516203,0.7037073806172511,3
UD_English-EWT,63,1.0,8,10,1.7484033891086372,0.6085438253205331,2.1544713583148893,0.4863619124058817,3
UD_English-EWT,63,1.0,8,11,1.5399494739503805,0.5374182718780522,2.211282088782618,0.5829673897210366,3
UD_English-EWT,63,1.0,8,12,1.0340386783408988,0.3553764653376869,2.197561293026137,0.7502420219730158,3
UD_English-EWT,63,1.0,8,13,1.5403502193467864,0.5239964597782151,2.4088183387381132,0.618166446319369,3
UD_English-EWT,63,1.0,8,14,0.6867802600310148,0.2400083944628962,2.443682607405824,0.8541946435560946,3
UD_English-EWT,63,1.0,8,15,1.431155450357114,0.5040945698166154,1.8227492112442445,0.5346764616383229,3
UD_English-EWT,63,1.0,8,16,1.5058137347789409,0.5292889208741527,2.108595597287996,0.5786315263783346,3
UD_English-EWT,63,1.0,8,17,1.1900787344965778,0.40658793979085206,2.2772241257578947,0.6992707520397635,3
UD_English-EWT,63,1.0,8,18,0.7784626193629588,0.26110391190550364,2.346066624903288,0.8297388157476493,3
UD_English-EWT,63,1.0,8,19,0.7470142575886731,0.2631873147450184,2.1070509188162174,0.8211833236158871,3
UD_English-EWT,63,1.0,8,20,1.2991823283700996,0.4542317773760017,2.240014816161062,0.6611907020455501,3
UD_English-EWT,63,1.0,8,21,1.5024242980069802,0.5258385433199627,1.8648463939545585,0.5295118093897736,3
UD_English-EWT,63,1.0,8,22,1.262779371090274,0.43421944057762296,2.232104160909444,0.6825878800915891,3
UD_English-EWT,63,1.0,8,23,1.1675776501333779,0.39125406927342626,2.4620404534978295,0.7389049530029297,3
UD_English-EWT,63,1.0,8,24,1.3278646038366797,0.44985105325289765,2.268984807807891,0.6700470778134351,3
UD_English-EWT,63,1.0,8,25,0.5006430889250802,0.18019593682119753,0.6314515506472093,0.8156862420951082,3
UD_English-EWT,63,1.0,8,26,0.4977976297908793,0.1809689519021029,0.6308344045623404,0.7992044629865006,3
UD_English-EWT,63,1.0,8,27,1.2705881310616687,0.43929950257793804,2.037510904539478,0.6261333154687465,3
UD_English-EWT,63,1.0,8,28,0.709152235278015,0.24308617973873195,2.283279960109888,0.8454168018747549,3
UD_English-EWT,63,1.0,8,29,1.6944660920588699,0.5910772924703327,1.7980190203652355,0.3600808051033098,3
UD_English-EWT,63,1.0,8,30,1.074268889516755,0.3746728579732564,2.130361512221925,0.7178936877130159,3
UD_English-EWT,63,1.0,8,31,0.7251313728957228,0.25429426624231,1.505040901524773,0.7781482934951782,3
UD_English-EWT,63,1.0,9,0,0.6475669427321908,0.23062584066732986,2.3498524664366833,0.8592727359363942,3
UD_English-EWT,63,1.0,9,1,0.8330118426941132,0.2954019598784994,2.161223074614676,0.8087517136270231,3
UD_English-EWT,63,1.0,9,2,1.433735778260101,0.5025885638073494,1.8483144404783927,0.5039954984285793,3
UD_English-EWT,63,1.0,9,3,1.1399869528380249,0.38635462544899174,2.4744594202992696,0.7371815222371471,3
UD_English-EWT,63,1.0,9,4,1.3760280315178992,0.48283465760327426,1.9138471174761247,0.5983684305610553,3
UD_English-EWT,63,1.0,9,5,1.4172391746539237,0.49675969138252923,2.0058479164141776,0.584746373644292,3
UD_English-EWT,63,1.0,9,6,1.5284444547253229,0.5294532866262999,2.108670216603357,0.5727090725237555,3
UD_English-EWT,63,1.0,9,7,1.6401704005856332,0.5719827475443564,2.3406187714449045,0.5528077296709102,3
UD_English-EWT,63,1.0,9,8,0.6280218325758893,0.22185401753853254,1.190438471612383,0.7918867004292259,3
UD_English-EWT,63,1.0,9,9,1.121410723714555,0.383332014938847,2.349481560819136,0.7304160230961002,3
UD_English-EWT,63,1.0,9,10,1.298613906313813,0.4435577528561399,2.10137716473126,0.6335784906490904,3
UD_English-EWT,63,1.0,9,11,1.6298823232044939,0.5657251286702077,1.9981103454782663,0.5117425002931245,3
UD_English-EWT,63,1.0,9,12,1.8155885530136973,0.6138520121492975,2.4852754372716603,0.5412252752181611,3
UD_English-EWT,63,1.0,9,13,1.590738907537825,0.5527968756406685,1.9616885962056332,0.5196264964716683,3
UD_English-EWT,63,1.0,9,14,0.648740415059315,0.21643456247701345,2.400596096216004,0.869595347043595,3
UD_English-EWT,63,1.0,9,15,1.6204401870242886,0.5507546855452282,2.213133620271266,0.5570627660210666,3
UD_English-EWT,63,1.0,9,16,1.1321547169828676,0.4024004286226353,1.1276812112070824,0.46444410965090893,3
UD_English-EWT,63,1.0,9,17,1.1954374856880454,0.4051917150942354,2.258589547514264,0.6957231747810958,3
UD_English-EWT,63,1.0,9,18,1.4919529057265628,0.5066452334161664,2.0869780609516497,0.5596203641161892,3
UD_English-EWT,63,1.0,9,19,1.4633203992426722,0.5106014715192096,2.094247481536344,0.5858098806334975,3
UD_English-EWT,63,1.0,9,20,1.307555046156456,0.44537251125105093,2.1958633148279345,0.6576732267610362,3
UD_English-EWT,63,1.0,9,21,1.1833773264305187,0.4110055842584437,2.053695496069929,0.6717520985609847,3
UD_English-EWT,63,1.0,9,22,0.8397339686262802,0.2943038618894386,2.1409990608366463,0.8002215286340219,3
UD_English-EWT,63,1.0,9,23,0.8578978698354601,0.2972185026467498,1.8702194993613197,0.7789026307440846,3
UD_English-EWT,63,1.0,9,24,1.515125396676728,0.5163201280548925,2.38605200039233,0.6113260528428959,3
UD_English-EWT,63,1.0,9,25,1.2905047427598244,0.4483643176614261,2.050718253346089,0.6084061867145242,3
UD_English-EWT,63,1.0,9,26,0.6471242418339669,0.2337377472358242,2.3038458272896176,0.8484150549101699,3
UD_English-EWT,63,1.0,9,27,1.3580960989649828,0.4788821261030078,1.2057903447274954,0.15771174518381312,3
UD_English-EWT,63,1.0,9,28,1.3763269200676778,0.47567641608864886,2.2372579454072836,0.6353828536926723,3
UD_English-EWT,63,1.0,9,29,1.392397437875714,0.4654790940465497,2.4447472613365924,0.6668445962211473,3
UD_English-EWT,63,1.0,9,30,1.605367225213129,0.546468498317596,2.0756099230604743,0.5167819539420917,3
UD_English-EWT,63,1.0,9,31,1.0346048589124055,0.35788264500150263,2.1012664175912983,0.7195647453756931,3
UD_English-EWT,63,1.0,10,0,1.2880506585123108,0.4333822678347103,2.5545337615443056,0.7182727961348054,3
UD_English-EWT,63,1.0,10,1,1.1345879570708248,0.4025147172922645,0.8513134319762714,0.17054270169204053,3
UD_English-EWT,63,1.0,10,2,1.902969377695537,0.6471485171487422,2.4276757686515973,0.4918600594411131,3
UD_English-EWT,63,1.0,10,3,1.6412245776158212,0.5714336139419691,1.9309116396747654,0.4503207159905485,3
UD_English-EWT,63,1.0,10,4,0.8341497030984509,0.28252515764754327,2.2069753574543314,0.8105664593193049,3
UD_English-EWT,63,1.0,10,5,1.4065264005804323,0.4919946472582921,1.7253744673859226,0.525593058414798,3
UD_English-EWT,63,1.0,10,6,1.382695211616696,0.46465154757590893,2.3633933077093032,0.6613510446063157,3
UD_English-EWT,63,1.0,10,7,0.8673039350271875,0.28857002362527484,2.5129382877401967,0.8202326992333261,3
UD_English-EWT,63,1.0,10,8,1.4518449510870084,0.48762966448166334,2.4637042612977367,0.6596386301142921,3
UD_English-EWT,63,1.0,10,9,1.6222034608894358,0.5593882432726563,2.228527216637721,0.5405797786969956,3
UD_English-EWT,63,1.0,10,10,1.014992817218512,0.34335555421198655,2.253939928904257,0.7492463028292513,3
UD_English-EWT,63,1.0,10,11,1.2824943800930118,0.43129196266333264,2.148149666401858,0.6490437576109594,3
UD_English-EWT,63,1.0,10,12,1.5405472321588485,0.5207475074897698,2.447471849905337,0.6290558870128595,3
UD_English-EWT,63,1.0,10,13,0.9850234385640895,0.3436175863477376,2.132905108111152,0.7563024878176184,3
UD_English-EWT,63,1.0,10,14,1.2439159873893353,0.43483343757078297,1.2276626511023996,0.22636058189666988,3
UD_English-EWT,63,1.0,10,15,1.3991264592998667,0.47719869915334906,2.4414666013313773,0.6456291720352537,3
UD_English-EWT,63,1.0,10,16,1.1013215384115287,0.37136143575234165,2.336804476917767,0.7353176579612201,3
UD_English-EWT,63,1.0,10,17,1.6147861234803018,0.5648761446195874,1.6009105514796051,0.1873198433173566,3
UD_English-EWT,63,1.0,10,18,1.1325222510294837,0.391573905415548,2.2822871257047184,0.7315151848591089,3
UD_English-EWT,63,1.0,10,19,1.0933570704662083,0.36778202359793616,2.2340600156718917,0.7307286721353975,3
UD_English-EWT,63,1.0,10,20,1.1881444169605364,0.41365041581740797,2.1328346634823117,0.6808933972742389,3
UD_English-EWT,63,1.0,10,21,1.2601626158737746,0.42336104057037116,2.3004492892593635,0.68787959731016,3
UD_English-EWT,63,1.0,10,22,1.8738304869236189,0.6544548916767855,2.097362898900861,0.3859268696011741,3
UD_English-EWT,63,1.0,10,23,1.0313477230772294,0.3519996920488571,1.9572282882987475,0.734549861910239,3
UD_English-EWT,63,1.0,10,24,1.5083248275713845,0.5136683866422359,2.2785018965031933,0.603158474416355,3
UD_English-EWT,63,1.0,10,25,1.5377694339862937,0.5399320209856893,1.5557644159578887,0.32847288886054615,3
UD_English-EWT,63,1.0,10,26,1.3347917532578844,0.4507764017850649,2.1843191394226147,0.6425381353318366,3
UD_English-EWT,63,1.0,10,27,2.0379205017141957,0.6905764945950664,2.3374536506465224,0.3969982136753413,3
UD_English-EWT,63,1.0,10,28,2.2000312770976396,0.7538437093379068,2.449676268576273,0.3605571845597257,3
UD_English-EWT,63,1.0,10,29,1.4315000630793024,0.4956721901649334,1.7055025924750364,0.46950952606937274,3
UD_English-EWT,63,1.0,10,30,1.6686034893484714,0.559976015239954,2.105577125412519,0.45839090897737306,3
UD_English-EWT,63,1.0,10,31,1.523012628402215,0.5198174104338786,2.3099581701833696,0.6083213678393208,3
UD_English-EWT,63,1.0,11,0,1.9089760584909408,0.6488240838783687,2.2853495367074923,0.4360381234742579,3
UD_English-EWT,63,1.0,11,1,1.4614378214696717,0.5003968908202127,2.2725743092800097,0.6132136581089002,3
UD_English-EWT,63,1.0,11,2,1.0037326973155547,0.35372545865308397,1.118223482386662,0.5469764136388654,3
UD_English-EWT,63,1.0,11,3,1.2518820072539518,0.4220584103725647,2.387725378483371,0.6813142387186243,3
UD_English-EWT,63,1.0,11,4,1.6880015217867055,0.5785323737260423,2.2253514696014385,0.5361537777009557,3
UD_English-EWT,63,1.0,11,5,0.5732783310807468,0.1880365243089981,2.422938378537939,0.8865964268563223,3
UD_English-EWT,63,1.0,11,6,1.8069691812731528,0.6303638255254167,1.7953249494560428,0.33140027211582074,3
UD_English-EWT,63,1.0,11,7,1.4333294354827026,0.48678990553229884,2.1672025849747527,0.611617496715543,3
UD_English-EWT,63,1.0,11,8,1.4455237106873036,0.4957900562328719,2.3674745400095247,0.6273158426737525,3
UD_English-EWT,63,1.0,11,9,1.1624926081527778,0.38620971019069356,2.47913167010891,0.7409973678285958,3
UD_English-EWT,63,1.0,11,10,1.432351511847126,0.4869652179380258,2.4006547463721915,0.6618941025248642,3
UD_English-EWT,63,1.0,11,11,1.4592376209266196,0.4933390096440667,2.3646954346875675,0.6351147263102193,3
UD_English-EWT,63,1.0,11,12,1.4707687722692073,0.498497209425181,2.1676514176397377,0.5840318935816405,3
UD_English-EWT,63,1.0,11,13,1.5135203283178351,0.5108397605274219,2.623227687807031,0.6499702900322408,3
UD_English-EWT,63,1.0,11,14,0.5493084802165058,0.19256186812016807,1.8932735650428658,0.8693695030902905,3
UD_English-EWT,63,1.0,11,15,0.5137584740346898,0.18531228518469736,0.8086162216024974,0.7771180071791665,3
UD_English-EWT,63,1.0,11,16,1.6095151192829258,0.5591259162689819,2.0648994027265433,0.5055051097045831,3
UD_English-EWT,63,1.0,11,17,1.1707270180837053,0.39795045992308625,1.7908189448991108,0.6494923664328179,3
UD_English-EWT,63,1.0,11,18,0.5766444989363027,0.20007623737179192,1.5772747632340003,0.8495237102599743,3
UD_English-EWT,63,1.0,11,19,1.450046888384663,0.4850327251835273,2.3700035704615336,0.6389869844408634,3
UD_English-EWT,63,1.0,11,20,1.1959805627012514,0.41532786603752375,2.1456657911910386,0.6923973801764635,3
UD_English-EWT,63,1.0,11,21,1.6526877355705845,0.5680225579057886,2.006751940061486,0.514972372296078,3
UD_English-EWT,63,1.0,11,22,1.4162575156718005,0.48180900672908694,2.1635936493756343,0.6064155872076586,3
UD_English-EWT,63,1.0,11,23,0.8804655241591682,0.2995969090162893,2.4165397141474845,0.8184928563856037,3
UD_English-EWT,63,1.0,11,24,1.4607466000025389,0.4997668731245187,2.180723931864311,0.6017360596464632,3
UD_English-EWT,63,1.0,11,25,1.590026496049485,0.5474348556392831,2.1779597675214046,0.5499130845721302,3
UD_English-EWT,63,1.0,11,26,1.4221888627918038,0.47409776461824693,2.367554341997605,0.6429081161002643,3
UD_English-EWT,63,1.0,11,27,1.7040609675026983,0.6009889236483418,2.067873957541471,0.45152707412187515,3
UD_English-EWT,63,1.0,11,28,1.1465407752640586,0.3972177676999015,2.3358314443644277,0.6980135512685841,3
UD_English-EWT,63,1.0,11,29,1.3310886312052201,0.4602629415731612,2.512611647935513,0.6899682611552743,3
UD_English-EWT,63,1.0,11,30,1.1917320885212044,0.4076043952032517,1.8723600162345855,0.6257913406388681,3
UD_English-EWT,63,1.0,11,31,1.5052984624368246,0.5095973146336327,2.324749293874522,0.5989625099741045,3
UD_English-EWT,63,1.0,12,0,1.7061792177255037,0.5915109454119791,2.2769321817192223,0.5305310291100721,3
UD_English-EWT,63,1.0,12,1,1.8938673101161998,0.6454851185200644,2.3497427257358052,0.4388763947524334,3
UD_English-EWT,63,1.0,12,2,0.31886523972199265,0.11070845202324005,1.2967558964028385,0.9200742111994269,3
UD_English-EWT,63,1.0,12,3,1.6903604957901066,0.5895849798139328,2.1858561065027624,0.48636311280434247,3
UD_English-EWT,63,1.0,12,4,1.008063648119976,0.3473857462284018,1.9054334262192576,0.7303416404079218,3
UD_English-EWT,63,1.0,12,5,1.5381454165027442,0.524756343882592,2.3274318911338763,0.6056890512099031,3
UD_English-EWT,63,1.0,12,6,1.0453806096901659,0.36110280425659297,2.335226183054877,0.759191164838486,3
UD_English-EWT,63,1.0,12,7,1.1012596417157376,0.386322327283888,1.9044176869379366,0.7062869187179809,3
UD_English-EWT,63,1.0,12,8,1.7674871211657759,0.5973498837136831,2.6258961945935027,0.5794369686659568,3
UD_English-EWT,63,1.0,12,9,1.856711360844758,0.6347215164636002,2.1881457718669393,0.4139167172986953,3
UD_English-EWT,63,1.0,12,10,1.7467798812141835,0.5940831797451921,2.6102690227696153,0.5868321785835621,3
UD_English-EWT,63,1.0,12,11,1.2896150275657736,0.4337889610336778,2.2691895075834516,0.6761927703202096,3
UD_English-EWT,63,1.0,12,12,1.1616100870032129,0.3940735668188236,2.3915513424925465,0.7252995711776729,3
UD_English-EWT,63,1.0,12,13,1.709416740579032,0.5772585399815293,2.481697426304791,0.5709675485522695,3
UD_English-EWT,63,1.0,12,14,1.4121902865138862,0.4765925169438938,2.3946272890424467,0.6459711608095248,3
UD_English-EWT,63,1.0,12,15,1.2307408619773843,0.419610869953704,2.490282688635946,0.7161514318135919,3
UD_English-EWT,63,1.0,12,16,0.6608428462444107,0.23407965263382333,1.4837526369208847,0.8068956890718533,3
UD_English-EWT,63,1.0,12,17,1.2907148669651949,0.4317867135415312,2.4755662559160116,0.7041886298830717,3
UD_English-EWT,63,1.0,12,18,1.0724639845757538,0.37192726147467975,2.187196693296641,0.7247478602036752,3
UD_English-EWT,63,1.0,12,19,1.504962932868082,0.5149479712374875,2.0886026306556222,0.5792675613949859,3
UD_English-EWT,63,1.0,12,20,1.897830266037274,0.6537233528380837,2.3884064025891933,0.47116683545659804,3
UD_English-EWT,63,1.0,12,21,1.4078951097739851,0.4814351601271681,2.1447830054440784,0.5928894367496498,3
UD_English-EWT,63,1.0,12,22,1.1290210502965203,0.38875752939878266,2.428230269196255,0.7429635863486533,3
UD_English-EWT,63,1.0,12,23,0.28097315628305486,0.09815251885765726,2.345681263775122,0.9511820555873256,3
UD_English-EWT,63,1.0,12,24,1.9653906742406022,0.6832438794885828,2.092790753952141,0.35607874981774007,3
UD_English-EWT,63,1.0,12,25,1.7049048633360473,0.5793433868087055,2.23329876094568,0.5234861975444145,3
UD_English-EWT,63,1.0,12,26,0.9830074243532504,0.34367914839846186,1.1906682083922657,0.5986856845884375,3
UD_English-EWT,63,1.0,12,27,1.6623564645892284,0.581088001773657,1.9842147043819633,0.45483124292776234,3
UD_English-EWT,63,1.0,12,28,1.13703851609445,0.38970063600302396,1.967471717322459,0.6726491741958212,3
UD_English-EWT,63,1.0,12,29,0.910309911425648,0.31664881470506306,1.9683170859279528,0.7574103401332605,3
UD_English-EWT,63,1.0,12,30,1.324812747863798,0.4439534917473793,2.411807710192894,0.6745494910073085,3
UD_English-EWT,63,1.0,12,31,1.9406424926115513,0.6696204795944886,2.081700581507605,0.305006366803265,3
UD_English-EWT,63,1.0,13,0,1.5073929727891755,0.527964834022066,1.9138319550967606,0.5315222881449376,3
UD_English-EWT,63,1.0,13,1,1.4011973046539914,0.4875241370841128,2.1645268474608823,0.6099948738116384,3
UD_English-EWT,63,1.0,13,2,1.459927632305466,0.4972896783974001,2.1703234085294065,0.5864586625757113,3
UD_English-EWT,63,1.0,13,3,1.193501455414165,0.4156980004996224,2.227448868946951,0.701667283727823,3
UD_English-EWT,63,1.0,13,4,1.5415012407335427,0.5245984979991705,2.021009761779035,0.5023019280223573,3
UD_English-EWT,63,1.0,13,5,1.780858813250651,0.6147938080009867,2.0540842003509647,0.4358203156439007,3
UD_English-EWT,63,1.0,13,6,0.8324149733846956,0.29637235954729585,1.778031988954935,0.7805680975399382,3
UD_English-EWT,63,1.0,13,7,1.1744021686618444,0.4002396962681754,2.219584323017975,0.6934311877264351,3
UD_English-EWT,63,1.0,13,8,1.7448453772100594,0.6037939308933873,2.0023630241064425,0.4048205706509736,3
UD_English-EWT,63,1.0,13,9,1.3210204974061153,0.44517454791997296,2.464837946364137,0.6927473437183541,3
UD_English-EWT,63,1.0,13,10,1.7967570935442148,0.6134830888747518,2.3149189817123728,0.4962727688049358,3
UD_English-EWT,63,1.0,13,11,0.5697645931784573,0.2026011797146556,1.3996643274208236,0.7438293764662873,3
UD_English-EWT,63,1.0,13,12,1.6886256456863684,0.5900675947956049,1.9546395007704127,0.4379983931739148,3
UD_English-EWT,63,1.0,13,13,1.7411987562485731,0.5978335134400045,2.4823756307526366,0.5496647286691952,3
UD_English-EWT,63,1.0,13,14,1.0927975104073357,0.3806256791729419,2.3929756384729686,0.7516605975360818,3
UD_English-EWT,63,1.0,13,15,0.3938801890147514,0.1331716758794472,2.384256421379704,0.9304708966303393,3
UD_English-EWT,63,1.0,13,16,2.2298851190694693,0.7641142855087916,2.4929546386492056,0.34818276797568865,3
UD_English-EWT,63,1.0,13,17,2.081852454631055,0.7098253480479365,2.125294612567933,0.20513335182051598,3
UD_English-EWT,63,1.0,13,18,1.4466738350730124,0.49776753665156703,2.2335223330826057,0.5800712727865235,3
UD_English-EWT,63,1.0,13,19,1.3654838210083746,0.46968000561324624,1.7444402372739354,0.5231092233068305,3
UD_English-EWT,63,1.0,13,20,0.9760954285987088,0.3390024278129711,2.3237910824395267,0.7724167920364057,3
UD_English-EWT,63,1.0,13,21,1.1320876012164387,0.388051841163733,2.2892302369159427,0.7068260599110947,3
UD_English-EWT,63,1.0,13,22,1.7343829205778778,0.5922484826601919,2.345894612412635,0.5295248976984962,3
UD_English-EWT,63,1.0,13,23,1.0803373596870183,0.378439455898733,1.1873205247961107,0.3590596342265931,3
UD_English-EWT,63,1.0,13,24,1.2842927628853282,0.44752003372611243,1.6680679107950034,0.6062874464633686,3
UD_English-EWT,63,1.0,13,25,1.2292991989785855,0.43464795196724076,2.090461250089231,0.6433334872330148,3
UD_English-EWT,63,1.0,13,26,1.1389969632110961,0.39838073933955104,2.290332103361849,0.6930071043023647,3
UD_English-EWT,63,1.0,13,27,1.5798673637903453,0.5315618465344111,2.4912898411841993,0.622833420547957,3
UD_English-EWT,63,1.0,13,28,1.0620166906079307,0.37592368723590514,2.2557724450455336,0.7244803604206752,3
UD_English-EWT,63,1.0,13,29,1.1761259491977796,0.4145260712569529,1.4067775798462778,0.551567055284977,3
UD_English-EWT,63,1.0,13,30,1.5086133297675295,0.5115092821378525,2.248037841313524,0.5837271369260842,3
UD_English-EWT,63,1.0,13,31,1.448426857997811,0.49914265688651244,2.403220481885587,0.6482303753250935,3
UD_English-EWT,63,1.0,14,0,1.6744488165026805,0.5818258245053187,1.5600354628321902,0.2975614975445746,3
UD_English-EWT,63,1.0,14,1,1.187872642539238,0.4161226666771649,1.1751599136760327,0.400502281823282,3
UD_English-EWT,63,1.0,14,2,1.2977964396033783,0.4518199430707374,1.9586229868273917,0.6094956157800279,3
UD_English-EWT,63,1.0,14,3,1.360605873045374,0.4654087950908095,2.1124864587041197,0.6188385125269981,3
UD_English-EWT,63,1.0,14,4,1.4264350322589197,0.4892122480265104,2.333733633812008,0.6289192779508771,3
UD_English-EWT,63,1.0,14,5,1.805845541625075,0.620184414373721,2.3666986907766163,0.5186017244809964,3
UD_English-EWT,63,1.0,14,6,0.5064692649114979,0.17667355993508152,2.310889132035886,0.8791463077068329,3
UD_English-EWT,63,1.0,14,7,0.8214676683880592,0.2889357040040806,0.6104531709532268,0.33008352333242125,3
UD_English-EWT,63,1.0,14,8,1.3638604635505078,0.4631931619932417,2.24815990665897,0.6533528938075233,3
UD_English-EWT,63,1.0,14,9,1.51749970320144,0.5247054283654755,2.0233233435883546,0.5107320502929674,3
UD_English-EWT,63,1.0,14,10,0.6919313574545697,0.2414923247072052,2.2443377421201904,0.8470814839168325,3
UD_English-EWT,63,1.0,14,11,1.676479309878714,0.5721724091983232,2.3353854224004382,0.5444522722334159,3
UD_English-EWT,63,1.0,14,12,1.2630904096641826,0.42560165619752444,2.2745218591286185,0.6750222439648675,3
UD_English-EWT,63,1.0,14,13,0.9226959653483714,0.3185402153497511,1.993893098717179,0.7579481543901839,3
UD_English-EWT,63,1.0,14,14,1.6287261233792278,0.5684530766772442,1.6937715841121361,0.3442668075281414,3
UD_English-EWT,63,1.0,14,15,1.62261178869693,0.5550774874501541,2.1269999965618216,0.5436534708355619,3
UD_English-EWT,63,1.0,14,16,1.6460871129332346,0.5590100637306281,2.193109543434258,0.4908823542541168,3
UD_English-EWT,63,1.0,14,17,1.3880217840762736,0.4744226314086732,2.285194523021823,0.6377457890028511,3
UD_English-EWT,63,1.0,14,18,1.0163268338624245,0.35371751971339266,1.999383118797521,0.7332151294813128,3
UD_English-EWT,63,1.0,14,19,1.5731698518079487,0.5375214182043988,2.2392415311492857,0.56570942170633,3
UD_English-EWT,63,1.0,14,20,1.8516523062857122,0.6435532180663667,1.9185337429163887,0.3086348425983731,3
UD_English-EWT,63,1.0,14,21,1.5224937452563172,0.5210802365359062,2.258676362982213,0.5722686824251394,3
UD_English-EWT,63,1.0,14,22,1.2507302260301152,0.43988365089632775,1.5292818245014859,0.5533815858468332,3
UD_English-EWT,63,1.0,14,23,1.663416042679646,0.5688404351717136,2.1453767249493,0.5239516017663348,3
UD_English-EWT,63,1.0,14,24,1.1678291697238312,0.4111271051924085,2.0331170191693175,0.683278975957404,3
UD_English-EWT,63,1.0,14,25,1.494358779302712,0.5068391807825188,2.1638899520446695,0.6013770968210502,3
UD_English-EWT,63,1.0,14,26,1.0873865070320219,0.3723847210570111,1.983405124375729,0.7015097701484388,3
UD_English-EWT,63,1.0,14,27,1.5821207824056265,0.5375424113755669,2.3859189252058663,0.5837464580729685,3
UD_English-EWT,63,1.0,14,28,1.1253273349072113,0.38702270486315743,2.3829166136804174,0.7307735572421485,3
UD_English-EWT,63,1.0,14,29,1.70773570011548,0.5879057824123101,2.1062905643481376,0.4637700891315612,3
UD_English-EWT,63,1.0,14,30,1.4794708772923777,0.5145221841954143,2.317135861092578,0.6141915521660789,3
UD_English-EWT,63,1.0,14,31,1.2570451620172283,0.4324253016034436,1.924168559290021,0.6579273502683379,3
UD_English-EWT,63,1.0,15,0,0.7272284779636586,0.24418962705127203,2.285624776055904,0.8378251504784074,3
UD_English-EWT,63,1.0,15,1,1.4085041315910594,0.47719813814091544,2.1579697324278575,0.6316800492871655,3
UD_English-EWT,63,1.0,15,2,2.219233455553732,0.757013257816841,2.4510982455940193,0.3126349820872474,3
UD_English-EWT,63,1.0,15,3,0.8873323620668526,0.3156000208414969,2.0087383584898024,0.75553270958649,3
UD_English-EWT,63,1.0,15,4,1.1828170110130571,0.40649664951641046,2.237466394412713,0.6987676380273423,3
UD_English-EWT,63,1.0,15,5,1.3213258592483124,0.4533897922501538,1.7697630409008818,0.5307082683662248,3
UD_English-EWT,63,1.0,15,6,1.6914844157102982,0.5717441425378856,2.3651337842635116,0.5691410963489709,3
UD_English-EWT,63,1.0,15,7,1.8224675268586215,0.6270866617560387,2.155882293409337,0.41955282622592044,3
UD_English-EWT,63,1.0,15,8,1.5129894635797847,0.515477313654996,2.4279784117240073,0.6234753576458477,3
UD_English-EWT,63,1.0,15,9,2.2745476622399083,0.7884050816948948,2.2241850970872763,0.12346782173981757,3
UD_English-EWT,63,1.0,15,10,1.7572213873022893,0.603597617377349,2.470250630802144,0.5397814725591836,3
UD_English-EWT,63,1.0,15,11,0.7950598095121281,0.2811197323185173,0.6812994377127762,0.06458949395379082,3
UD_English-EWT,63,1.0,15,12,0.42853860394225096,0.1527619304165977,0.8183371467831356,0.8603137262531968,3
UD_English-EWT,63,1.0,15,13,1.1909674249711584,0.40136084257742094,2.318831960278782,0.7012760749117272,3
UD_English-EWT,63,1.0,15,14,1.4762621712489203,0.5108475067494996,1.750139188326773,0.44074376646042523,3
UD_English-EWT,63,1.0,15,15,0.6143684672405485,0.2013344885170704,2.3870303585229675,0.8740105446570557,3
UD_English-EWT,63,1.0,15,16,1.612041626878775,0.5649637852291591,1.9457242301578728,0.46432618108766327,3
UD_English-EWT,63,1.0,15,17,1.0680376416265638,0.37107615917921066,2.199784082060303,0.7425877388790657,3
UD_English-EWT,63,1.0,15,18,0.9522053478438345,0.3309749302968301,2.3384757929486657,0.7812018852904846,3
UD_English-EWT,63,1.0,15,19,1.434449795328203,0.49110518461042413,2.2317320939784495,0.6177498014653967,3
UD_English-EWT,63,1.0,15,20,1.3494204954534281,0.4625183478038493,2.3589873865979616,0.6589867170554041,3
UD_English-EWT,63,1.0,15,21,1.516739800246687,0.5260228153542091,1.643545538919871,0.42383496210874755,3
UD_English-EWT,63,1.0,15,22,0.9652279922382427,0.3354278991171897,2.0153206791219818,0.7424982030942141,3
UD_English-EWT,63,1.0,15,23,1.876404759010982,0.6457208571701102,2.38228984250397,0.48458022563183895,3
UD_English-EWT,63,1.0,15,24,1.4460901434792846,0.48923657883386146,2.130700035091958,0.5826857075543026,3
UD_English-EWT,63,1.0,15,25,1.104981918722554,0.38999788033587685,1.6537293912283058,0.6614967195795534,3
UD_English-EWT,63,1.0,15,26,1.394506444615093,0.48849153583818444,1.5612860165658544,0.5006475989691547,3
UD_English-EWT,63,1.0,15,27,1.1353017299797366,0.3846548697682189,2.197724426216115,0.7036842344318582,3
UD_English-EWT,63,1.0,15,28,1.281897794353506,0.4457464567869087,1.9933894318961054,0.6284529539893885,3
UD_English-EWT,63,1.0,15,29,1.8061374877808525,0.6134680606465522,2.450288240049706,0.5290624331784705,3
UD_English-EWT,63,1.0,15,30,1.2199215511562393,0.41539130015858533,2.296362134765406,0.6864080591931371,3
UD_English-EWT,63,1.0,15,31,1.3063522153864793,0.4479805875589939,1.8706894087009742,0.5548597036407945,3
UD_English-EWT,63,1.0,16,0,0.6031341260411048,0.21098260563172277,2.370697639841851,0.8781347001185184,3
UD_English-EWT,63,1.0,16,1,0.8510108945148239,0.2996505267022412,1.7102897917963766,0.7553307975087661,3
UD_English-EWT,63,1.0,16,2,1.490769600363377,0.5171128510614562,1.8145719800001936,0.46173691928712396,3
UD_English-EWT,63,1.0,16,3,1.7657538316940349,0.6060206783436687,2.2577961039999144,0.46904749590191036,3
UD_English-EWT,63,1.0,16,4,1.614139636927615,0.5484938095908999,2.0913313521387797,0.47293969972537514,3
UD_English-EWT,63,1.0,16,5,1.2700168116659414,0.4276978221462398,2.210843802068403,0.6623952861040667,3
UD_English-EWT,63,1.0,16,6,2.346017280237271,0.7986756409289407,2.520839905152555,0.23828174430836258,3
UD_English-EWT,63,1.0,16,7,1.3436967652352128,0.46527354667584103,2.004803987311535,0.5871480939085366,3
UD_English-EWT,63,1.0,16,8,0.8035616187450013,0.2863848596058094,2.1651624667514215,0.7972467138630445,3
UD_English-EWT,63,1.0,16,9,1.4550878046884563,0.4971005443503948,2.1662263750541406,0.5842868384034907,3
UD_English-EWT,63,1.0,16,10,1.2270039765805494,0.42136914991453045,2.3146785982970983,0.6887342613495764,3
UD_English-EWT,63,1.0,16,11,1.4655238760462224,0.5119650681691418,2.0586917184578266,0.5285670382321858,3
UD_English-EWT,63,1.0,16,12,1.192484355689398,0.4128408153526119,2.227169239618739,0.6842327199347032,3
UD_English-EWT,63,1.0,16,13,1.3266268328565065,0.45000530146265943,2.1147884645097244,0.6213028102787466,3
UD_English-EWT,63,1.0,16,14,1.5630838415010377,0.5441159393862297,1.420983191803505,0.29147892951191773,3
UD_English-EWT,63,1.0,16,15,1.444531470781467,0.5013898509488406,2.2563363627983573,0.5921172826586525,3
UD_English-EWT,63,1.0,16,16,1.2901181330283482,0.45195191278239416,1.9150486192742333,0.5999046322263655,3
UD_English-EWT,63,1.0,16,17,1.2237405899932476,0.4270041759426151,1.7478409543063471,0.5349549974411563,3
UD_English-EWT,63,1.0,16,18,1.1438432878565268,0.3896511653896238,2.402930194400047,0.7290715297551754,3
UD_English-EWT,63,1.0,16,19,0.9087155846461572,0.31966296052102183,0.847250662296196,0.5074392604168321,3
UD_English-EWT,63,1.0,16,20,2.0188366611961457,0.7001875188669872,2.36436817815395,0.3978573405921784,3
UD_English-EWT,63,1.0,16,21,1.3873019254272754,0.4859678884510134,1.543085615654461,0.46640227604759193,3
UD_English-EWT,63,1.0,16,22,1.4257307685300953,0.498792092168266,1.3589152769475688,0.3609982666564607,3
UD_English-EWT,63,1.0,16,23,1.0807985090777847,0.36342578623545624,2.3025188115450854,0.7334228228431582,3
UD_English-EWT,63,1.0,16,24,0.9423897783450089,0.3373628879993991,2.0048994999277134,0.7191777350635477,3
UD_English-EWT,63,1.0,16,25,0.39154006879715647,0.13479018137316967,2.272188078917441,0.9199438650425668,3
UD_English-EWT,63,1.0,16,26,1.078303794636101,0.376000338381594,2.3212885485320793,0.7432404253733614,3
UD_English-EWT,63,1.0,16,27,0.646282415144919,0.223063500781284,2.0506939761788465,0.8378532634732502,3
UD_English-EWT,63,1.0,16,28,0.6365151529358141,0.21180598318953414,2.281805729442607,0.855104493068867,3
UD_English-EWT,63,1.0,16,29,0.9423439396860821,0.3300155010379729,2.209951659776474,0.7671679759123288,3
UD_English-EWT,63,1.0,16,30,1.2742331443262882,0.4445674462559445,1.5422329623353936,0.40556232073430803,3
UD_English-EWT,63,1.0,16,31,1.7440459003539683,0.6001149577602662,2.2690657020592297,0.5194290073110106,3
UD_English-EWT,63,1.0,17,0,1.6094525860306994,0.5525779592209175,2.091114090602906,0.5125624747142765,3
UD_English-EWT,63,1.0,17,1,1.3171086477044502,0.4511579577022237,2.347719975996539,0.6829810924217349,3
UD_English-EWT,63,1.0,17,2,0.7919270623007107,0.28026945931745356,1.6766113578621809,0.7369558129439263,3
UD_English-EWT,63,1.0,17,3,1.3587841258022955,0.47653111497886846,1.7334345797371995,0.5359922762695557,3
UD_English-EWT,63,1.0,17,4,1.2499687483564752,0.4372318133793242,2.0775090490208297,0.6649070407767765,3
UD_English-EWT,63,1.0,17,5,1.7078930571919582,0.5900084197195501,2.054731453214187,0.469824643123671,3
UD_English-EWT,63,1.0,17,6,1.1957307456295347,0.4176441805813808,1.9533774179350483,0.6499073917219222,3
UD_English-EWT,63,1.0,17,7,0.7784580258560961,0.27073924133523564,2.175978936458546,0.8152895134980561,3
UD_English-EWT,63,1.0,17,8,1.638156139785475,0.5584534602697755,2.0419658792149176,0.5099586387027483,3
UD_English-EWT,63,1.0,17,9,0.6514303722912497,0.2230267422986242,2.057683227085025,0.8428381537723411,3
UD_English-EWT,63,1.0,17,10,1.2667418319345172,0.4302969415738283,2.149649606539252,0.6443146141500421,3
UD_English-EWT,63,1.0,17,11,0.4479728328583182,0.1547620317852888,2.1168630373119655,0.909144732877205,3
UD_English-EWT,63,1.0,17,12,0.9199648768605431,0.31975385788929916,2.2582416518138406,0.7708932200823325,3
UD_English-EWT,63,1.0,17,13,1.1181194799356773,0.38612315229705124,1.6214943493161698,0.5186066373042721,3
UD_English-EWT,63,1.0,17,14,1.401097662136203,0.492446880237978,1.651540777478062,0.5004508190386282,3
UD_English-EWT,63,1.0,17,15,1.5385821646517093,0.5290545345248421,1.905683804812327,0.4524436506742988,3
UD_English-EWT,63,1.0,17,16,1.0053352744934336,0.35548986997353577,1.7304692297685342,0.6724038771226434,3
UD_English-EWT,63,1.0,17,17,0.7412240314679067,0.26022250380346684,2.1473906066248327,0.8170104858979501,3
UD_English-EWT,63,1.0,17,18,1.0452165268158,0.3558476497444624,2.0199706883378368,0.7125803760247805,3
UD_English-EWT,63,1.0,17,19,1.3774128583936747,0.4771212130947842,2.110909911452747,0.6180167253551587,3
UD_English-EWT,63,1.0,17,20,1.0389776213572977,0.35094306013378934,2.3149679141943573,0.7599063312298938,3
UD_English-EWT,63,1.0,17,21,0.9942996872008824,0.3486872135656453,1.933363369090961,0.7321509649274779,3
UD_English-EWT,63,1.0,17,22,0.8810569312565965,0.307531865099903,1.1235585150822915,0.6247477141397247,3
UD_English-EWT,63,1.0,17,23,1.062392171655522,0.3768383720635227,2.2066322416067123,0.7273339544896219,3
UD_English-EWT,63,1.0,17,24,1.5306815978119281,0.5340629213087545,2.042202946185414,0.4954433292354065,3
UD_English-EWT,63,1.0,17,25,0.5095795742617767,0.16962501468757787,2.147526171200914,0.8749118824311294,3
UD_English-EWT,63,1.0,17,26,0.7416507379441964,0.24941191470118165,2.4453158197832887,0.8451383162310214,3
UD_English-EWT,63,1.0,17,27,0.7097960580852839,0.2450332850054965,2.1031058124505755,0.8214406551477688,3
UD_English-EWT,63,1.0,17,28,1.7588723472070174,0.6039136407153854,2.2622052870812963,0.5087038276136898,3
UD_English-EWT,63,1.0,17,29,0.8907319848003284,0.3067874077687172,1.7618298538721324,0.7542109852198694,3
UD_English-EWT,63,1.0,17,30,0.9713950511577026,0.3320471172429662,2.0985886086531678,0.7338785003931796,3
UD_English-EWT,63,1.0,17,31,0.9552474263343004,0.32839641275260945,2.1576902621267924,0.7512816772516308,3
UD_English-EWT,63,1.0,18,0,0.9142043084069028,0.32483022279345275,2.2827142073157054,0.7795783826073662,3
UD_English-EWT,63,1.0,18,1,0.7066696311443881,0.2448490861029736,2.039030223270583,0.8251204798456099,3
UD_English-EWT,63,1.0,18,2,0.9002391932929147,0.3191622191724556,1.358473047939806,0.699390355192247,3
UD_English-EWT,63,1.0,18,3,0.4181423273772164,0.14738092671754094,2.2183463592998316,0.9145765313929547,3
UD_English-EWT,63,1.0,18,4,1.7454323184783342,0.5954176214386205,2.382010486363713,0.5048618378331426,3
UD_English-EWT,63,1.0,18,5,1.0185175038100591,0.35768431789480926,1.234128710594985,0.6252167171549275,3
UD_English-EWT,63,1.0,18,6,1.0321582125428597,0.36030618669312514,2.279900386033814,0.7385990858240857,3
UD_English-EWT,63,1.0,18,7,0.9020760965233293,0.3158613972040148,1.7107378938159004,0.7439847587724854,3
UD_English-EWT,63,1.0,18,8,0.30663209331165897,0.10445174657296939,2.0148396340549968,0.9356997404756443,3
UD_English-EWT,63,1.0,18,9,1.4427160650003152,0.4971711037507474,2.17950587308472,0.6019468912498547,3
UD_English-EWT,63,1.0,18,10,1.381768436786907,0.475976483825126,2.0364805600845095,0.5569154465459084,3
UD_English-EWT,63,1.0,18,11,0.7606619278610242,0.2560050514236581,2.287109708525444,0.8355359855245371,3
UD_English-EWT,63,1.0,18,12,0.8090769622088129,0.2735299102229173,2.2781828601992196,0.8154734528211297,3
UD_English-EWT,63,1.0,18,13,0.8587358288589071,0.2982908954507992,1.6928714137585434,0.7646761291502603,3
UD_English-EWT,63,1.0,18,14,1.2294431411422015,0.423752527256481,2.004384789391945,0.6555489657925127,3
UD_English-EWT,63,1.0,18,15,0.9691998712270639,0.3297726731197756,2.3054687531430864,0.7702143108421337,3
UD_English-EWT,63,1.0,18,16,0.5217013230007854,0.17996815694852278,1.7274386520431342,0.8611851714836444,3
UD_English-EWT,63,1.0,18,17,0.24415485560894012,0.08663289559129728,2.289669841853647,0.9590630634723465,3
UD_English-EWT,63,1.0,18,18,0.604418713456946,0.20925929413630015,1.7742561369808645,0.8440531091611895,3
UD_English-EWT,63,1.0,18,19,0.4979669899766237,0.16765079775550326,2.2791766488486953,0.8888498661540897,3
UD_English-EWT,63,1.0,18,20,0.4336705246299017,0.15323176847699563,2.1835323011940293,0.9011118797982324,3
UD_English-EWT,63,1.0,18,21,0.9918165498011099,0.34425666116055903,2.136805659923397,0.750129671533251,3
UD_English-EWT,63,1.0,18,22,1.0685924818036987,0.3664547328028034,1.9572066084934712,0.7224507783768607,3
UD_English-EWT,63,1.0,18,23,1.11434133692843,0.3871463987100971,1.992096210682327,0.6686372815992664,3
UD_English-EWT,63,1.0,18,24,0.7107525381356314,0.24433676534093143,2.2258456349372864,0.8491365438113446,3
UD_English-EWT,63,1.0,18,25,0.6206127429798327,0.2070386305736388,2.390013347395131,0.8718484417011177,3
UD_English-EWT,63,1.0,18,26,1.2164705092789696,0.4240906137179155,1.983442980572174,0.6666754544432697,3
UD_English-EWT,63,1.0,18,27,0.8906088654623657,0.3136438137235863,2.111458661044882,0.7805273863461499,3
UD_English-EWT,63,1.0,18,28,1.4948345830694574,0.5194981989801907,2.2481349126888754,0.608837315578604,3
UD_English-EWT,63,1.0,18,29,0.32572680405376714,0.11521033895878845,2.315479889349208,0.9389549192509364,3
UD_English-EWT,63,1.0,18,30,1.1235989890789073,0.3947838669225492,1.2860477052099717,0.4695274145062504,3
UD_English-EWT,63,1.0,18,31,0.9947078416907722,0.34487514806494035,1.8460727363336282,0.6742399714765002,3
UD_English-EWT,63,1.0,19,0,0.6851120061887418,0.24443764194764725,2.0168252716787527,0.811079710966251,3
UD_English-EWT,63,1.0,19,1,1.6293395254455632,0.5622392087523403,2.104329642946603,0.5234279214033012,3
UD_English-EWT,63,1.0,19,2,1.207849173679378,0.42605472209512213,1.5849125068532965,0.5891040268002964,3
UD_English-EWT,63,1.0,19,3,0.3918273294843286,0.1323150295428321,2.141316112680513,0.9164069110497101,3
UD_English-EWT,63,1.0,19,4,0.9841834844542983,0.3437686362634591,2.473117960769622,0.7787650238539352,3
UD_English-EWT,63,1.0,19,5,1.3450504244188142,0.4667023598862802,2.223520391625785,0.6313792252149738,3
UD_English-EWT,63,1.0,19,6,0.6173471731993833,0.20792099059421998,2.1567598319933063,0.8559604159714095,3
UD_English-EWT,63,1.0,19,7,0.5841996320854119,0.2032637933951095,2.145552010891216,0.8728590222492896,3
UD_English-EWT,63,1.0,19,8,0.5992369581665334,0.20304546528623077,2.0870915615493484,0.8502029901563796,3
UD_English-EWT,63,1.0,19,9,0.3989469456725596,0.13571205725028215,1.893974342062825,0.903450313080204,3
UD_English-EWT,63,1.0,19,10,0.5356904066121969,0.18639724789177134,1.8509838795238505,0.868915999766256,3
UD_English-EWT,63,1.0,19,11,0.6456578092781898,0.21715944026255865,2.315584398846809,0.862879117899905,3
UD_English-EWT,63,1.0,19,12,1.3085791598089407,0.4572538048680363,1.3782878662230538,0.46395278172414817,3
UD_English-EWT,63,1.0,19,13,1.7212882001217598,0.5929275165245833,2.105084605555717,0.47070824684666807,3
UD_English-EWT,63,1.0,19,14,0.795190555191105,0.2786778876445984,1.9784626326437202,0.7979094355158467,3
UD_English-EWT,63,1.0,19,15,1.312056947275589,0.45696323369044417,1.7168657240646132,0.5542962566180959,3
UD_English-EWT,63,1.0,19,16,2.0743111271024404,0.7205581751351801,2.0825818026326393,0.18632701569608326,3
UD_English-EWT,63,1.0,19,17,0.3862510469177219,0.1328827559622259,1.6686164248185082,0.8930211993025953,3
UD_English-EWT,63,1.0,19,18,1.1112543441803078,0.3780505502688103,2.3726131609880206,0.7456026197375496,3
UD_English-EWT,63,1.0,19,19,0.7504326229090573,0.25940235578989396,2.0481047871334304,0.8098013732032697,3
UD_English-EWT,63,1.0,19,20,0.32212836076530926,0.11573739623895189,2.122970476665132,0.9138238723975062,3
UD_English-EWT,63,1.0,19,21,0.5704015331149427,0.1991960737609961,1.9063817813911073,0.8574922242776943,3
UD_English-EWT,63,1.0,19,22,0.8886280713267013,0.30910896568920443,2.160410307225634,0.7861894886187516,3
UD_English-EWT,63,1.0,19,23,1.0612356255207558,0.365370767730507,2.348098508647231,0.7590588935411692,3
UD_English-EWT,63,1.0,19,24,1.356944987479129,0.467777712810072,2.253179815460424,0.6394615080105802,3
UD_English-EWT,63,1.0,19,25,0.5885372302734135,0.2074055851136889,1.8434386348626652,0.8528135647294951,3
UD_English-EWT,63,1.0,19,26,0.517329830513463,0.17598345819249994,2.2375964468619864,0.8927664966042576,3
UD_English-EWT,63,1.0,19,27,1.248574141270476,0.4357710406387764,1.9338773350572325,0.6414474500495879,3
UD_English-EWT,63,1.0,19,28,0.8021808322010143,0.27402056210109443,2.420286624158015,0.8374864006303048,3
UD_English-EWT,63,1.0,19,29,0.846397322546589,0.2971130282378913,1.472984083933257,0.6906465607099846,3
UD_English-EWT,63,1.0,19,30,0.48811472332502,0.16695061166735128,2.3969242950606215,0.9029295433903001,3
UD_English-EWT,63,1.0,19,31,1.1149411384484482,0.38087830564281977,2.1568967472008667,0.7006306230533318,3
UD_English-EWT,63,1.0,20,0,0.8460847774082846,0.2986327697589098,1.3421098109477205,0.6429599748690271,3
UD_English-EWT,63,1.0,20,1,0.5820201022214577,0.20204594288570962,1.9669506759102877,0.8668697482901194,3
UD_English-EWT,63,1.0,20,2,0.6753106249160453,0.23691749410917526,2.100028625928639,0.8346186806269683,3
UD_English-EWT,63,1.0,20,3,0.9490347906458573,0.3324868119947734,1.7884054798734643,0.6971978299686166,3
UD_English-EWT,63,1.0,20,4,1.2041157681108172,0.4240289008845397,2.1398684180499425,0.6558533303154622,3
UD_English-EWT,63,1.0,20,5,0.7999158276479101,0.2762658076126719,2.23806839440364,0.8045670307480574,3
UD_English-EWT,63,1.0,20,6,1.3261566740648993,0.4536547239238773,1.7415460233317048,0.5784317204738901,3
UD_English-EWT,63,1.0,20,7,1.1505850148819834,0.38853622927162484,2.2001030584339234,0.709193268393884,3
UD_English-EWT,63,1.0,20,8,0.6952699141505637,0.2419528943573028,1.9568003825639766,0.8290723674610013,3
UD_English-EWT,63,1.0,20,9,1.0094624783009127,0.34806103455767934,1.9902839270608672,0.730602515729073,3
UD_English-EWT,63,1.0,20,10,0.7234133320346556,0.2511422778454309,2.159426601939514,0.8348081305704481,3
UD_English-EWT,63,1.0,20,11,1.0694506341805223,0.37277129602928954,1.7844714635545438,0.6253690658534159,3
UD_English-EWT,63,1.0,20,12,0.9133638332450325,0.3152169632048555,2.165409259375979,0.7653589499859862,3
UD_English-EWT,63,1.0,20,13,0.9278861813532199,0.3245533849087244,1.78244197336051,0.7320490188774516,3
UD_English-EWT,63,1.0,20,14,0.4584345056426004,0.15199091700236492,2.265487573267332,0.9010717709207795,3
UD_English-EWT,63,1.0,20,15,0.8593846146281953,0.29733456526704827,2.07947481590542,0.7875080132663576,3
UD_English-EWT,63,1.0,20,16,0.8403387964178956,0.2891798760192316,1.9714417862273306,0.7906595983954726,3
UD_English-EWT,63,1.0,20,17,0.48454109865337447,0.16093444285273065,2.3904220082395065,0.899360857293254,3
UD_English-EWT,63,1.0,20,18,1.4453899095781513,0.49616362309195305,2.334104835824237,0.6167446674544954,3
UD_English-EWT,63,1.0,20,19,0.5329081348138429,0.18531521872866674,1.9468440051938665,0.8769317129270626,3
UD_English-EWT,63,1.0,20,20,1.3858529177031231,0.4795532920321481,1.9916511309928582,0.5698316985222159,3
UD_English-EWT,63,1.0,20,21,1.612397553002248,0.5558237895125249,2.319071481788093,0.5459072648705355,3
UD_English-EWT,63,1.0,20,22,1.1201967845767573,0.37701483677482345,2.294621339912623,0.7417977666024301,3
UD_English-EWT,63,1.0,20,23,0.6791087680297797,0.23456103957253074,2.1407191612518552,0.8290872695586069,3
UD_English-EWT,63,1.0,20,24,0.7559112245267857,0.2652537309020106,2.130805042434911,0.8018142556150755,3
UD_English-EWT,63,1.0,20,25,0.6985323790440469,0.24340587912402192,2.240166767454538,0.8423947417508058,3
UD_English-EWT,63,1.0,20,26,0.6400715567253,0.22219022996520085,1.8399703087376766,0.8370511002553617,3
UD_English-EWT,63,1.0,20,27,0.5530415301725187,0.19075506618195545,1.9382303813930417,0.8719814789425481,3
UD_English-EWT,63,1.0,20,28,1.1275021858879777,0.3924795708776823,1.4911658757371329,0.5072803468204261,3
UD_English-EWT,63,1.0,20,29,0.618855626530986,0.21553311330047462,1.9702632220390717,0.8573494367912168,3
UD_English-EWT,63,1.0,20,30,0.9846006567930915,0.3464027691551082,1.6351934601374662,0.6351517152672257,3
UD_English-EWT,63,1.0,20,31,1.1786442366657688,0.40185919870200054,2.4497521560374507,0.7061551241763954,3
UD_English-EWT,63,1.0,21,0,0.8507284844100801,0.3023380645820515,2.3080180065879405,0.7955578879193693,3
UD_English-EWT,63,1.0,21,1,0.5036902373931447,0.1762323814337371,1.9356461530500422,0.8829271672853355,3
UD_English-EWT,63,1.0,21,2,0.4587523875951442,0.16305747130997683,2.22143154912959,0.8970631509205033,3
UD_English-EWT,63,1.0,21,3,0.5030301041860398,0.1729326954854479,2.2164620182227566,0.8842415318625872,3
UD_English-EWT,63,1.0,21,4,0.6296276701970505,0.21677864430462077,2.0462972760363356,0.849639815873787,3
UD_English-EWT,63,1.0,21,5,0.4265504925832397,0.14722580583308076,2.0772649146657174,0.9109054369841768,3
UD_English-EWT,63,1.0,21,6,0.27159708991768905,0.0933884206823394,2.315230602693688,0.9518573986050861,3
UD_English-EWT,63,1.0,21,7,0.6722327927585509,0.23375332252697542,2.1375294081826026,0.8317956647586301,3
UD_English-EWT,63,1.0,21,8,0.5461160629947003,0.1956836490388044,1.9975195906527052,0.8538274459662984,3
UD_English-EWT,63,1.0,21,9,0.3667388002749512,0.12516505583672902,2.2395345747796562,0.9237274807659003,3
UD_English-EWT,63,1.0,21,10,0.965444489580686,0.33454734716014783,1.9554398057402158,0.7077020605812306,3
UD_English-EWT,63,1.0,21,11,0.45182947365597625,0.15736321408220164,2.104690674875603,0.9012663492658101,3
UD_English-EWT,63,1.0,21,12,0.9313522323029616,0.3190665213401363,2.283331142911494,0.778929965051471,3
UD_English-EWT,63,1.0,21,13,0.5599565674128428,0.19069939189656673,2.318918899434512,0.8830920179359248,3
UD_English-EWT,63,1.0,21,14,0.8332343005417474,0.2975259640666305,2.2684097501749547,0.7808646584550539,3
UD_English-EWT,63,1.0,21,15,0.42529553771426115,0.1463627106881614,2.0966945190410144,0.9028362034529936,3
UD_English-EWT,63,1.0,21,16,0.48725200499423216,0.17082535834789603,1.9133010575842988,0.8843386847464765,3
UD_English-EWT,63,1.0,21,17,1.3667707428580425,0.47506464170953616,1.7650091564231882,0.5376651972695127,3
UD_English-EWT,63,1.0,21,18,0.38980528946375587,0.13599164877086878,2.34176099821518,0.9247013156612715,3
UD_English-EWT,63,1.0,21,19,0.6685170230806851,0.2320968654373142,2.1581699408468653,0.8331683552086028,3
UD_English-EWT,63,1.0,21,20,0.9844794711861454,0.34272706109643636,1.928007212574365,0.7271462734686872,3
UD_English-EWT,63,1.0,21,21,0.5701594477712782,0.19727601678889306,2.217765829439372,0.8767585956333764,3
UD_English-EWT,63,1.0,21,22,0.7869019760582291,0.2742445024615917,1.9322605474236234,0.7880745662854669,3
UD_English-EWT,63,1.0,21,23,0.5042490778399296,0.1735534685984498,2.170894835653201,0.8910097547404753,3
UD_English-EWT,63,1.0,21,24,0.5873431935499275,0.20018930004431254,2.119164993365606,0.8658221088797667,3
UD_English-EWT,63,1.0,21,25,0.6023628278508213,0.2138595431432372,2.1463773848254823,0.8280487985558849,3
UD_English-EWT,63,1.0,21,26,0.4842086251560456,0.168681638132109,2.040181833212493,0.890371826665649,3
UD_English-EWT,63,1.0,21,27,0.5043053109952009,0.1761433741006532,1.9848160379734197,0.8833920720333609,3
UD_English-EWT,63,1.0,21,28,0.7792331132976735,0.2713681760910756,2.1088923390934378,0.8152451447613253,3
UD_English-EWT,63,1.0,21,29,0.3794495708365095,0.13071341712353496,2.0134972430806344,0.9164977797556445,3
UD_English-EWT,63,1.0,21,30,0.5051702202547118,0.17820697588225207,1.7357034973922323,0.8649380809215249,3
UD_English-EWT,63,1.0,21,31,0.6969749047700825,0.23938905190208246,2.312102216189025,0.849195342572009,3
UD_English-EWT,63,1.0,22,0,0.5640904586355054,0.19070737774845192,2.1600581900995284,0.8808338232541996,3
UD_English-EWT,63,1.0,22,1,0.5578051434188592,0.19047632364586728,2.3635597323459354,0.8904580851314498,3
UD_English-EWT,63,1.0,22,2,1.184774327229281,0.4061289451039228,1.7000136352627655,0.6386726200580597,3
UD_English-EWT,63,1.0,22,3,0.5160226281019834,0.17776354338179845,2.051370946110272,0.8710769679946978,3
UD_English-EWT,63,1.0,22,4,1.0187112772888174,0.3642177996454669,1.752627356211996,0.6870174544349394,3
UD_English-EWT,63,1.0,22,5,0.8153567694819689,0.27771807434495355,1.8641431568587412,0.7935300070405656,3
UD_English-EWT,63,1.0,22,6,0.26724447510485116,0.09742725386584554,2.2619255285282605,0.9458695604501526,3
UD_English-EWT,63,1.0,22,7,0.48642843074160197,0.17125475906405618,2.0449559717881876,0.8911905350580893,3
UD_English-EWT,63,1.0,22,8,0.6848862185829976,0.2399958373032144,2.1695637769712124,0.8326015346200087,3
UD_English-EWT,63,1.0,22,9,0.45574333934021777,0.15749642256484495,2.100322978092673,0.9021951415336847,3
UD_English-EWT,63,1.0,22,10,0.5989409314641536,0.2143792380156413,1.4389323360118709,0.8307179077401189,3
UD_English-EWT,63,1.0,22,11,1.074917728539373,0.37798978726231985,2.013079044434542,0.6965316313374889,3
UD_English-EWT,63,1.0,22,12,0.9400007422667384,0.3358435373285104,1.6446264189937727,0.712937006126336,3
UD_English-EWT,63,1.0,22,13,0.5647226549644287,0.19226053907775162,2.0932553236276075,0.8738671309960996,3
UD_English-EWT,63,1.0,22,14,0.4246108147819511,0.1471733462900086,2.203438670094547,0.911484056849623,3
UD_English-EWT,63,1.0,22,15,0.2382895343942069,0.08313051793123774,2.0712432542948123,0.9532443379443851,3
UD_English-EWT,63,1.0,22,16,0.6095000303101018,0.21289699719048263,2.1658775894368283,0.8653476343291705,3
UD_English-EWT,63,1.0,22,17,1.1677341004375552,0.40979767971432923,2.0906984151386823,0.6553515176711187,3
UD_English-EWT,63,1.0,22,18,0.6723443092829217,0.22940432948004352,2.2038600995240967,0.8539061663580721,3
UD_English-EWT,63,1.0,22,19,0.5070067076775872,0.17959105877887682,2.010322692534311,0.8806469783268339,3
UD_English-EWT,63,1.0,22,20,0.5548557121449155,0.19080527016862495,2.1500581612026757,0.8775446114481472,3
UD_English-EWT,63,1.0,22,21,0.7127953631386079,0.25124179612580544,2.145374036633252,0.8163356754949184,3
UD_English-EWT,63,1.0,22,22,0.3172329929886294,0.11027701089637039,1.7789643884845117,0.9242872018468836,3
UD_English-EWT,63,1.0,22,23,0.6453104743662753,0.22465416094888754,2.293478350984594,0.862654880666342,3
UD_English-EWT,63,1.0,22,24,0.42164388154455223,0.14732669616535388,1.9996834056950659,0.9083889733409621,3
UD_English-EWT,63,1.0,22,25,0.7697519396579331,0.2744940401874279,2.1086558740321406,0.8053239345387683,3
UD_English-EWT,63,1.0,22,26,1.1738246328355184,0.41306483124693233,1.6886440296479261,0.5989083436017479,3
UD_English-EWT,63,1.0,22,27,0.4259311473149745,0.15089885472152076,2.0220152707210657,0.905788734229536,3
UD_English-EWT,63,1.0,22,28,0.4225136438191262,0.14647619877662002,2.1956812201953326,0.9091691332843785,3
UD_English-EWT,63,1.0,22,29,0.6193396932155383,0.22074480159360854,1.9631295529871042,0.8324804763650634,3
UD_English-EWT,63,1.0,22,30,0.745025214927444,0.26144670847742285,1.6943273545940063,0.7848176836478905,3
UD_English-EWT,63,1.0,22,31,0.584496416579016,0.20460374562751726,1.9220367661916493,0.8574742371104455,3
UD_English-EWT,63,1.0,23,0,0.3866025484446945,0.1346971113692786,2.080643530507557,0.9184345748743724,3
UD_English-EWT,63,1.0,23,1,0.9569864654150165,0.3375480313851534,1.2226116905609767,0.6198549360199704,3
UD_English-EWT,63,1.0,23,2,0.4219651651044523,0.14545149249253703,2.1303879976109728,0.9125258559411992,3
UD_English-EWT,63,1.0,23,3,0.9420042693452105,0.33046480374095216,2.164260193786986,0.7435344653051409,3
UD_English-EWT,63,1.0,23,4,1.0911753575007122,0.38230311522474053,2.2986058483683998,0.7092346365415985,3
UD_English-EWT,63,1.0,23,5,0.25076189162871226,0.0877088689515011,2.266262000457185,0.9500591677557576,3
UD_English-EWT,63,1.0,23,6,0.7524644341218015,0.26027110677029264,2.1339495331048965,0.8182504668913252,3
UD_English-EWT,63,1.0,23,7,0.4337894672660229,0.15241418792128236,1.959992213408804,0.9035219736600834,3
UD_English-EWT,63,1.0,23,8,0.4891909506640147,0.1697173978410702,2.1519267449124913,0.8986432631321944,3
UD_English-EWT,63,1.0,23,9,0.5958215728239283,0.20569582586812843,1.8441672751812337,0.8546246291021179,3
UD_English-EWT,63,1.0,23,10,1.1059942083850585,0.38805738850267696,2.0480379358015424,0.6585937719690343,3
UD_English-EWT,63,1.0,23,11,0.2895098022933378,0.10033355718936587,2.0531884282013104,0.9391102483852314,3
UD_English-EWT,63,1.0,23,12,1.276143632869903,0.4477144414813467,2.1746887429490114,0.6131926983839175,3
UD_English-EWT,63,1.0,23,13,0.5621522867166605,0.19273114843609554,2.01933388884276,0.8738322221353406,3
UD_English-EWT,63,1.0,23,14,0.521583272683653,0.178151051992235,2.2282529329993035,0.8933706562864324,3
UD_English-EWT,63,1.0,23,15,0.42503044690142894,0.14767099285365942,2.1594165417828846,0.9085072335568282,3
UD_English-EWT,63,1.0,23,16,0.35412091409655216,0.11903676074608917,2.420559192452926,0.9238801602213109,3
UD_English-EWT,63,1.0,23,17,0.9069551431823298,0.3128093554755378,2.1205873632691596,0.7649789707419651,3
UD_English-EWT,63,1.0,23,18,1.442851643785427,0.4955715326175012,2.2914565913989895,0.6142372081432838,3
UD_English-EWT,63,1.0,23,19,0.6451133482280325,0.2231996007304374,2.1340668023935434,0.8526092902884456,3
UD_English-EWT,63,1.0,23,20,0.44056960674705076,0.15259671029558436,2.129622490598204,0.905326264233537,3
UD_English-EWT,63,1.0,23,21,0.44520094272136035,0.15456326528264036,2.026980762273236,0.8984100636237305,3
UD_English-EWT,63,1.0,23,22,0.5122108035644547,0.17990708582693596,1.9393953646792739,0.870352032731791,3
UD_English-EWT,63,1.0,23,23,0.3793287784105442,0.13132200628274776,1.9603694485184924,0.9128792547300214,3
UD_English-EWT,63,1.0,23,24,0.5612396846825634,0.18936120881571797,2.2677583565803174,0.8835182933370924,3
UD_English-EWT,63,1.0,23,25,0.6268205100090288,0.2170355276922222,2.165659832498415,0.8608439648167683,3
UD_English-EWT,63,1.0,23,26,0.28181135322125067,0.09453473653634144,2.242448458987507,0.9433596907743339,3
UD_English-EWT,63,1.0,23,27,0.26633365383076535,0.09194259282425453,2.2087566464976534,0.9478498244546151,3
UD_English-EWT,63,1.0,23,28,1.5443794943921556,0.5316999667003507,2.024862724086626,0.5281156878002354,3
UD_English-EWT,63,1.0,23,29,0.8623776577942358,0.29052988088643944,1.987969658576726,0.7929421357932638,3
UD_English-EWT,63,1.0,23,30,0.2177695650963591,0.07446018168499154,2.3054680440758095,0.9590760683589946,3
UD_English-EWT,63,1.0,23,31,0.5005984082614463,0.1737530285726642,2.2128876670787894,0.899063137222509,3
UD_English-EWT,63,1.0,24,0,0.49315502293041497,0.16951889341666562,2.073833263392657,0.8938419030663746,3
UD_English-EWT,63,1.0,24,1,0.8744282901612787,0.30793703347444534,2.2574193523229797,0.7673148552332419,3
UD_English-EWT,63,1.0,24,2,0.34548196403177384,0.1192379461301114,2.120755946212779,0.924515928360608,3
UD_English-EWT,63,1.0,24,3,0.44036613223575505,0.1542537042799869,1.9863854198833633,0.9041598164807252,3
UD_English-EWT,63,1.0,24,4,0.513896526046138,0.1780121580600901,2.2639144514102103,0.8971888699003907,3
UD_English-EWT,63,1.0,24,5,0.573928360323437,0.2024716358285784,1.8893701110055539,0.8419513143395466,3
UD_English-EWT,63,1.0,24,6,0.7378600169319273,0.2579129164214017,1.9334814323753606,0.7919247026651934,3
UD_English-EWT,63,1.0,24,7,0.8152985456374173,0.29215383773944414,2.2640644730440256,0.7890521576984333,3
UD_English-EWT,63,1.0,24,8,0.3863625443779706,0.13809613131312398,2.1079872372697612,0.9183454637319013,3
UD_English-EWT,63,1.0,24,9,0.4271801876545441,0.14979641811789873,2.1085551736947616,0.907133267917594,3
UD_English-EWT,63,1.0,24,10,0.9238518685550311,0.3206679323291192,1.983078693920146,0.7393298057096253,3
UD_English-EWT,63,1.0,24,11,0.29103760518479704,0.10127619589307431,2.061312727752279,0.9417866215191252,3
UD_English-EWT,63,1.0,24,12,1.1417907182880438,0.38503717061111836,2.3646581238084803,0.7213307540924823,3
UD_English-EWT,63,1.0,24,13,1.4510019667487326,0.5054240139211462,1.632040629865693,0.4405350119201212,3
UD_English-EWT,63,1.0,24,14,0.704913620842122,0.24293912592969957,2.3769677313950544,0.8369868587437873,3
UD_English-EWT,63,1.0,24,15,0.3992351618763365,0.13996458918751914,2.152319209416056,0.917781289320826,3
UD_English-EWT,63,1.0,24,16,0.4488511037061123,0.15466727515875967,2.177809045370159,0.9098883659624663,3
UD_English-EWT,63,1.0,24,17,0.4916359536105492,0.171365283307482,2.219443894393457,0.9009586127240801,3
UD_English-EWT,63,1.0,24,18,1.9067418398590033,0.6532777220499321,2.357494162405775,0.45389484954092013,3
UD_English-EWT,63,1.0,24,19,0.6600152361283048,0.2225630247018865,2.2687129643771167,0.861403687689148,3
UD_English-EWT,63,1.0,24,20,0.21171029020976173,0.07619794508533888,1.756315114556766,0.9527060463617408,3
UD_English-EWT,63,1.0,24,21,0.38828168562079063,0.13528062757918907,2.0678258605016384,0.9143187682159611,3
UD_English-EWT,63,1.0,24,22,0.3793038102426653,0.12956987007882426,2.1929577367553295,0.9261713271421161,3
UD_English-EWT,63,1.0,24,23,1.7209525913244388,0.5861866744896753,2.4301008249892564,0.5116981790894694,3
UD_English-EWT,63,1.0,24,24,0.701995020009618,0.2439837831433842,2.2674688275068835,0.8357341476802618,3
UD_English-EWT,63,1.0,24,25,0.7641935105450818,0.2605305662063139,2.1832402938050652,0.8278710429704255,3
UD_English-EWT,63,1.0,24,26,0.3826568171870513,0.1345522615376636,1.928480169242197,0.9088506525982925,3
UD_English-EWT,63,1.0,24,27,0.6350756165434103,0.22044497243856473,1.8429197108810718,0.8331824796773045,3
UD_English-EWT,63,1.0,24,28,0.5036174415463144,0.175328892324873,2.164680525986223,0.8849709025416218,3
UD_English-EWT,63,1.0,24,29,0.7481277765797788,0.2599745972458619,1.8509218393127778,0.8043146520608762,3
UD_English-EWT,63,1.0,24,30,0.9943144917488098,0.35171897357197407,0.9359079586352156,0.3476522133935019,3
UD_English-EWT,63,1.0,24,31,0.6226376794645043,0.20898081811114413,1.9472893098664414,0.8502111219154681,3
UD_English-EWT,63,1.0,25,0,0.565081025774036,0.19927270637183894,2.2342936899818358,0.8670912982661867,3
UD_English-EWT,63,1.0,25,1,0.41912666487359934,0.14131512557527895,2.2842411852436637,0.9214476905152446,3
UD_English-EWT,63,1.0,25,2,0.5109976519285981,0.1785133265956341,1.9854460449003783,0.8809807927759944,3
UD_English-EWT,63,1.0,25,3,0.4761357185700552,0.1626281373996715,2.268698962741211,0.9056520063857563,3
UD_English-EWT,63,1.0,25,4,0.4434617387303889,0.15766603603470522,2.006727344188534,0.8739528709747754,3
UD_English-EWT,63,1.0,25,5,0.9107387045937809,0.3233995910102878,2.104561739606284,0.7450592799590585,3
UD_English-EWT,63,1.0,25,6,0.5485203382584567,0.18705252320836477,2.300035613726397,0.8910727410531435,3
UD_English-EWT,63,1.0,25,7,0.6113184657293916,0.21170901779920026,1.9429384466728878,0.8507921957904524,3
UD_English-EWT,63,1.0,25,8,0.3270291576843933,0.11154504543261938,2.147705569781892,0.9296942109374401,3
UD_English-EWT,63,1.0,25,9,0.5380753349777454,0.18456398863650736,2.3098183658605067,0.8853151663893559,3
UD_English-EWT,63,1.0,25,10,0.39227455827952085,0.13232512861907564,2.2979158137828275,0.9268462171808617,3
UD_English-EWT,63,1.0,25,11,0.4169571658118012,0.14884356897873957,1.6898854208367118,0.8980141700616951,3
UD_English-EWT,63,1.0,25,12,0.5331045180518444,0.18048953058330416,2.387259121638178,0.8934149720141145,3
UD_English-EWT,63,1.0,25,13,0.33439430095703226,0.1152733644378967,2.171458372327148,0.9367152039633423,3
UD_English-EWT,63,1.0,25,14,0.30430282916507273,0.10201605290551084,2.3046076003808142,0.9435838763831091,3
UD_English-EWT,63,1.0,25,15,0.6733100915663556,0.23241491828500574,2.1734505971598495,0.8550976372725977,3
UD_English-EWT,63,1.0,25,16,0.5649619613026009,0.19777852622537664,2.0444012958495343,0.8735459576376149,3
UD_English-EWT,63,1.0,25,17,0.5088260808318364,0.1782239772776356,2.025057957879181,0.8822589392870501,3
UD_English-EWT,63,1.0,25,18,0.5167588582822208,0.17684169156385252,2.106628791230624,0.8878751689863336,3
UD_English-EWT,63,1.0,25,19,0.43371166641024944,0.15306292179096592,1.5826778163512547,0.8793268097880108,3
UD_English-EWT,63,1.0,25,20,0.32380555426610297,0.11070691056732761,2.0767295166768664,0.9351936799825215,3
UD_English-EWT,63,1.0,25,21,0.42669835902465497,0.147928389466159,2.174378593762716,0.9161749953617816,3
UD_English-EWT,63,1.0,25,22,0.8714602949515067,0.30255676957631045,2.146253067287591,0.7870633832173922,3
UD_English-EWT,63,1.0,25,23,0.8228896932442331,0.2809252050486419,2.129800252168556,0.8000091265052394,3
UD_English-EWT,63,1.0,25,24,0.560707533976338,0.19701817098373922,2.1771758964152936,0.8706811743437267,3
UD_English-EWT,63,1.0,25,25,0.49442891718544923,0.1732235331078126,2.1924765607535512,0.8895882192612344,3
UD_English-EWT,63,1.0,25,26,0.4913799780436226,0.16883783164062624,2.150125634149124,0.8892380582993148,3
UD_English-EWT,63,1.0,25,27,0.4914769662818948,0.17639963178198195,2.0761678022602217,0.8929445623048667,3
UD_English-EWT,63,1.0,25,28,1.0404633802305805,0.36739816522744834,1.8382761164115429,0.6827196528107091,3
UD_English-EWT,63,1.0,25,29,0.8658861021607951,0.3062794537593921,1.9188323326286723,0.7542717010597061,3
UD_English-EWT,63,1.0,25,30,0.5957460792460403,0.20476575306733777,1.9532654493070039,0.8518466543955882,3
UD_English-EWT,63,1.0,25,31,0.3341748434337762,0.11460260002838214,2.0611930632851814,0.9327837913577023,3
UD_English-EWT,63,1.0,26,0,0.5820443151223529,0.2003327234358084,2.16583809077414,0.8784702739021816,3
UD_English-EWT,63,1.0,26,1,0.4598700856698341,0.15583668258855415,2.236489378119427,0.9108618855313525,3
UD_English-EWT,63,1.0,26,2,1.1399125173036517,0.3924083179626308,2.24169280636506,0.7234055296482285,3
UD_English-EWT,63,1.0,26,3,0.5919157016635592,0.20918445952257012,2.1089395629089385,0.867234085141961,3
UD_English-EWT,63,1.0,26,4,1.5683558652472627,0.5535475508274277,1.7717721496449144,0.332014587483893,3
UD_English-EWT,63,1.0,26,5,0.46079565725121335,0.15657877623322394,2.001983848751568,0.8938567921356425,3
UD_English-EWT,63,1.0,26,6,0.5014331759325142,0.1804723435697334,2.1050385926427735,0.8588584824337987,3
UD_English-EWT,63,1.0,26,7,0.42536304376082995,0.1451914206330405,2.105593850296703,0.9160931642915382,3
UD_English-EWT,63,1.0,26,8,0.490525169328588,0.16835878462698617,2.040261012201752,0.8926497080205568,3
UD_English-EWT,63,1.0,26,9,1.0112688789357904,0.35443392495721415,1.640574162856477,0.6593259866120386,3
UD_English-EWT,63,1.0,26,10,1.3521030702389003,0.4647361936831409,2.215316642991832,0.635709083918991,3
UD_English-EWT,63,1.0,26,11,0.4858795248094152,0.16332562707995618,2.039731940855094,0.8940909329007883,3
UD_English-EWT,63,1.0,26,12,0.13667619259661581,0.04743326950787765,1.97354772019256,0.9771445409033467,3
UD_English-EWT,63,1.0,26,13,0.5503109257688613,0.1915737069390022,1.4032662340689226,0.8258150550511365,3
UD_English-EWT,63,1.0,26,14,1.063135834787387,0.3651363097864097,1.8609988134089714,0.6585436507326657,3
UD_English-EWT,63,1.0,26,15,1.055993762661199,0.3672938298210095,2.3082866240394573,0.713931024848112,3
UD_English-EWT,63,1.0,26,16,0.4976662641665975,0.17096353664770314,2.1105092022914054,0.8871616005408959,3
UD_English-EWT,63,1.0,26,17,0.3718647438462803,0.12933614086156173,2.2859484309870037,0.9285552843265195,3
UD_English-EWT,63,1.0,26,18,0.4668361906756144,0.16966196510411513,1.8239665171487733,0.8374465720249655,3
UD_English-EWT,63,1.0,26,19,2.1193788383827834,0.729501120176146,2.1941156726065882,0.2709833896754544,3
UD_English-EWT,63,1.0,26,20,0.49750640913029837,0.17298681044676265,2.270346882809055,0.9015865288471264,3
UD_English-EWT,63,1.0,26,21,0.7307493957421167,0.2581299986954921,2.236178385429695,0.813108006176727,3
UD_English-EWT,63,1.0,26,22,0.7323864386951339,0.2584001384471935,1.6892208820158015,0.8053203974265218,3
UD_English-EWT,63,1.0,26,23,0.5927505385476709,0.2079464552639042,2.3096391486991297,0.8738589476936501,3
UD_English-EWT,63,1.0,26,24,0.6411663513691699,0.22569742702110543,2.2298290951004445,0.863869256253451,3
UD_English-EWT,63,1.0,26,25,0.6546184545169111,0.23431425559960428,2.19825605714256,0.8513125673832138,3
UD_English-EWT,63,1.0,26,26,0.49067141860723495,0.17108545915981951,2.1388454152260974,0.8964109310035497,3
UD_English-EWT,63,1.0,26,27,0.6133645478167821,0.21587066785966766,2.231815687457069,0.8644374850017776,3
UD_English-EWT,63,1.0,26,28,1.1199879029898043,0.39043710370614226,1.6338342942012465,0.582748131592417,3
UD_English-EWT,63,1.0,26,29,1.3285733591052677,0.4576156050312877,2.285978585644498,0.651934459764775,3
UD_English-EWT,63,1.0,26,30,0.5860452996210648,0.2040424092871244,1.5500427951089673,0.7951938707401843,3
UD_English-EWT,63,1.0,26,31,0.4663877105085901,0.15920191419010604,2.2172671960351247,0.9020318944068229,3
UD_English-EWT,63,1.0,27,0,0.40022482619178107,0.1370323021880916,1.926018179847243,0.909228215044965,3
UD_English-EWT,63,1.0,27,1,0.2896102408018431,0.09819833169910101,1.9565432154741444,0.9328888558217736,3
UD_English-EWT,63,1.0,27,2,1.4379422080809954,0.502873789946564,1.771996074442655,0.43614292173274877,3
UD_English-EWT,63,1.0,27,3,0.4013688366432659,0.13624418213139058,1.9951649199092323,0.9136664117050302,3
UD_English-EWT,63,1.0,27,4,0.6094765427822624,0.21706393765173648,1.6694754019705325,0.827760416220446,3
UD_English-EWT,63,1.0,27,5,0.2615137806141881,0.09038335844222965,2.098772625454137,0.945430793723122,3
UD_English-EWT,63,1.0,27,6,1.0030997760716032,0.3547783806065066,1.8982652691218371,0.7141863272571173,3
UD_English-EWT,63,1.0,27,7,1.097004626618057,0.3862024086013518,1.407966637139112,0.5205919438861107,3
UD_English-EWT,63,1.0,27,8,0.6494672055778608,0.23111760259549963,1.714449132645065,0.8178991594356916,3
UD_English-EWT,63,1.0,27,9,0.5396276529410172,0.18866088559922298,1.819778290765533,0.7978795530691825,3
UD_English-EWT,63,1.0,27,10,0.5058267013744904,0.17467747801212505,2.3500814565706776,0.9011130480736983,3
UD_English-EWT,63,1.0,27,11,0.6217779525112911,0.2114282107601563,2.2028878432154,0.865925469766549,3
UD_English-EWT,63,1.0,27,12,1.4596220931557358,0.509173398990123,1.6411242859611095,0.361323429302114,3
UD_English-EWT,63,1.0,27,13,0.29755540403837716,0.09988404087763016,2.2002807690309045,0.944043044835492,3
UD_English-EWT,63,1.0,27,14,0.47838721918501975,0.16441117243362907,2.1161234670323754,0.8876974665524204,3
UD_English-EWT,63,1.0,27,15,0.9009261305947773,0.31766224668814186,2.1792986381575057,0.7611067615083007,3
UD_English-EWT,63,1.0,27,16,1.2878819788332845,0.452393954141381,2.372353649204546,0.6148926189851239,3
UD_English-EWT,63,1.0,27,17,0.6800871044397354,0.24305095128674326,1.2280924988737523,0.759611105699031,3
UD_English-EWT,63,1.0,27,18,0.6160287937668504,0.20729118917402023,2.0731917100200237,0.8534984046725628,3
UD_English-EWT,63,1.0,27,19,0.4065061263852025,0.13836296289507807,2.099049875645038,0.9131995298660517,3
UD_English-EWT,63,1.0,27,20,0.5925187124295639,0.20776982436496053,2.301627541988925,0.8692631637626659,3
UD_English-EWT,63,1.0,27,21,0.41945387139061435,0.14273322630632934,2.0235186706149513,0.9121085441991931,3
UD_English-EWT,63,1.0,27,22,0.7760644494835797,0.26940498934661755,1.8897755483134848,0.7903549066983938,3
UD_English-EWT,63,1.0,27,23,0.526757076199426,0.1805360327815749,2.166301232950935,0.8871864339367287,3
UD_English-EWT,63,1.0,27,24,0.22503937988496217,0.07762728726155445,2.102985754609108,0.9567330261397231,3
UD_English-EWT,63,1.0,27,25,0.3862342008191055,0.13546299084491742,2.0093146489291893,0.919656367575536,3
UD_English-EWT,63,1.0,27,26,0.5148892942510668,0.17619223174094503,2.0691405640599507,0.8899339479826839,3
UD_English-EWT,63,1.0,27,27,0.501620425572975,0.1729184805766725,2.29539351352577,0.8882315127494557,3
UD_English-EWT,63,1.0,27,28,0.4612828438154987,0.15753074071263193,2.1060662335548246,0.8994475597810876,3
UD_English-EWT,63,1.0,27,29,1.0874702509472278,0.3791414744378439,1.9172563052893985,0.6857959068700915,3
UD_English-EWT,63,1.0,27,30,0.770787723891722,0.2673256414855927,1.96833964009754,0.799053473021489,3
UD_English-EWT,63,1.0,27,31,0.18099641309328418,0.06343510059405709,1.774022544505166,0.964034306221321,3
UD_English-EWT,63,1.0,28,0,0.514249547114952,0.18772587217288753,1.9222527588488625,0.850385777530123,3
UD_English-EWT,63,1.0,28,1,0.32045699368470193,0.10945790064841752,2.1385160362948485,0.9356494823603031,3
UD_English-EWT,63,1.0,28,2,0.7167435323850052,0.2494965903053844,1.8479478119012436,0.7987716122240317,3
UD_English-EWT,63,1.0,28,3,1.1116467142691377,0.38158536625038736,2.3982305854070383,0.7255085179368491,3
UD_English-EWT,63,1.0,28,4,0.47277810227105527,0.16242122779920942,2.1263580788842966,0.8996505225738867,3
UD_English-EWT,63,1.0,28,5,0.3587879133945117,0.12675306076295878,1.8307198359340917,0.9147676058479997,3
UD_English-EWT,63,1.0,28,6,0.767088106563671,0.2700060928352381,2.3089523463627026,0.8226850136625962,3
UD_English-EWT,63,1.0,28,7,0.9275777350927963,0.32208779076613037,1.843019670801736,0.7094184781521395,3
UD_English-EWT,63,1.0,28,8,0.320345062085636,0.10984259237703241,1.9990653503950828,0.9307725245102508,3
UD_English-EWT,63,1.0,28,9,0.8370756258567175,0.2873363896512269,1.784295170603554,0.7763813195007095,3
UD_English-EWT,63,1.0,28,10,0.4870245768154254,0.1729662545798906,1.489197871724113,0.8445569205968106,3
UD_English-EWT,63,1.0,28,11,0.9376860658938441,0.3186119221700508,2.0096371396968924,0.7562428530448121,3
UD_English-EWT,63,1.0,28,12,0.49438719080934107,0.16642344596444583,2.269752670669816,0.9059166798337562,3
UD_English-EWT,63,1.0,28,13,0.7156986739343959,0.24365585592010472,2.0132721656007195,0.7852187027208141,3
UD_English-EWT,63,1.0,28,14,0.6221578493510764,0.22305243621107007,2.0238586312434714,0.8538328949463824,3
UD_English-EWT,63,1.0,28,15,0.41519416899221845,0.14296934220308816,1.9898145240349845,0.9038360821174795,3
UD_English-EWT,63,1.0,28,16,0.41503259706529766,0.14247395464631377,2.0102607398573817,0.9033211523392163,3
UD_English-EWT,63,1.0,28,17,0.500354391141016,0.1761877130248833,1.8402136575654555,0.8532804398100233,3
UD_English-EWT,63,1.0,28,18,0.9188933869610066,0.3116249615336702,1.9560403533972026,0.7652242653926865,3
UD_English-EWT,63,1.0,28,19,0.4753323795955852,0.160156632376621,2.1315860925802115,0.8980792505575007,3
UD_English-EWT,63,1.0,28,20,0.6571681684320742,0.23167845654642324,2.037399893575679,0.8443400629394041,3
UD_English-EWT,63,1.0,28,21,0.6377768883166092,0.21915651510769876,2.01916138567234,0.8449639385678077,3
UD_English-EWT,63,1.0,28,22,0.466513266186408,0.16249440061793627,1.8716217899908785,0.8932225814933985,3
UD_English-EWT,63,1.0,28,23,1.2359204631848413,0.43214396053487486,2.174439443428008,0.6469908498756872,3
UD_English-EWT,63,1.0,28,24,0.2780221262692265,0.09598195773696964,2.0944985403714935,0.9466070713566953,3
UD_English-EWT,63,1.0,28,25,1.4239124268944796,0.4904434703331176,2.094181536243913,0.5246483627401415,3
UD_English-EWT,63,1.0,28,26,0.5993041054554324,0.21137415775469418,1.719280392745805,0.8242941248775179,3
UD_English-EWT,63,1.0,28,27,0.310192286571274,0.10391542629486387,2.214574459471989,0.9424253303985126,3
UD_English-EWT,63,1.0,28,28,1.1055678269657931,0.382759672431835,2.2008840062253463,0.6644945069740379,3
UD_English-EWT,63,1.0,28,29,0.6138122400136593,0.20682387334890054,2.1680014464047437,0.8665257948832433,3
UD_English-EWT,63,1.0,28,30,0.8163413405011261,0.281507664751974,2.008330996163556,0.7919749273954193,3
UD_English-EWT,63,1.0,28,31,0.2835917645363045,0.10435209125585732,1.97691422277461,0.9294781742688737,3
UD_English-EWT,63,1.0,29,0,0.7103409427192693,0.24689703471347935,1.704212196049143,0.8168230224502543,3
UD_English-EWT,63,1.0,29,1,0.21375698371805618,0.07007046951912344,2.097088114974277,0.9515884424167904,3
UD_English-EWT,63,1.0,29,2,0.9260933374365171,0.3214097555950691,2.28891095234071,0.7923459176971613,3
UD_English-EWT,63,1.0,29,3,0.4272760545702579,0.14461979308659262,1.9112016176754008,0.888056372847062,3
UD_English-EWT,63,1.0,29,4,1.0166213011643925,0.35186803222842555,1.8475125458885409,0.6966146982676996,3
UD_English-EWT,63,1.0,29,5,0.6769714653084838,0.23616419074028894,1.8635341180641143,0.7817970416992089,3
UD_English-EWT,63,1.0,29,6,0.1968610517940194,0.06563849922503685,2.008423179958036,0.962110479835604,3
UD_English-EWT,63,1.0,29,7,0.514301250276507,0.1788030957060108,2.0203332632291513,0.8565833161030311,3
UD_English-EWT,63,1.0,29,8,0.6718438837901165,0.22765156975820092,1.9412742047850553,0.8322135916417414,3
UD_English-EWT,63,1.0,29,9,1.0949051870348676,0.38506969481788045,2.1189136785236213,0.6856038757686407,3
UD_English-EWT,63,1.0,29,10,1.5365446202579092,0.5303860880393799,1.8764151150737305,0.4291306312699787,3
UD_English-EWT,63,1.0,29,11,0.3256197719493769,0.11094622408508074,1.9648192951588033,0.9272644250282173,3
UD_English-EWT,63,1.0,29,12,0.8981334226297552,0.31183165584594175,2.2458754387058195,0.7590253986621814,3
UD_English-EWT,63,1.0,29,13,0.7064357457753739,0.24805155497227535,2.0792679908008522,0.8358202206143917,3
UD_English-EWT,63,1.0,29,14,0.44953948715345454,0.16035710185603366,1.495044617216444,0.8374882555398785,3
UD_English-EWT,63,1.0,29,15,1.5657304029484262,0.5404411801874963,1.74380074693857,0.45114293779994624,3
UD_English-EWT,63,1.0,29,16,0.2820896548091795,0.09209184721112251,2.1800454911149916,0.9425046340526779,3
UD_English-EWT,63,1.0,29,17,0.6171550389399619,0.21258096271728885,2.307288725438014,0.878147672719317,3
UD_English-EWT,63,1.0,29,18,0.8491544304161124,0.2997661470002978,1.743528372684463,0.7660503973726366,3
UD_English-EWT,63,1.0,29,19,0.9850933051825873,0.34664011080978346,2.1052066960621403,0.7461779532251788,3
UD_English-EWT,63,1.0,29,20,0.7112624060179367,0.2408867028536774,2.0693410049533583,0.8296845175040876,3
UD_English-EWT,63,1.0,29,21,1.015352516674279,0.35717543637980526,2.148900259795085,0.744803413952309,3
UD_English-EWT,63,1.0,29,22,0.3534928199534859,0.11941680341165085,2.2131363219413602,0.9335650666489629,3
UD_English-EWT,63,1.0,29,23,0.9148844007423015,0.3155032843554932,2.312597236102396,0.7603590038956188,3
UD_English-EWT,63,1.0,29,24,0.9070650807739608,0.3090620008628062,2.042419060006168,0.7661890094397498,3
UD_English-EWT,63,1.0,29,25,0.27543634503998393,0.09628751859465828,2.0707906816012223,0.9440718850151436,3
UD_English-EWT,63,1.0,29,26,0.9964815732397017,0.3472850058899551,1.9022552235856083,0.7368026745449651,3
UD_English-EWT,63,1.0,29,27,0.3700086275940058,0.12568012749155363,2.113039667814807,0.9230663713698831,3
UD_English-EWT,63,1.0,29,28,0.8999185114284683,0.30757418077418713,2.1096238603845974,0.7902324470828791,3
UD_English-EWT,63,1.0,29,29,0.54313437343458,0.19091364343350378,1.3468062666758813,0.8418180705582511,3
UD_English-EWT,63,1.0,29,30,1.7149595566948905,0.5895314731233107,2.3895005238512175,0.546572266075292,3
UD_English-EWT,63,1.0,29,31,0.4633983386873874,0.162310744274428,1.967306683949434,0.8974916093824991,3
UD_English-EWT,63,1.0,30,0,0.3509477158407859,0.11914016412764462,1.9603221501971853,0.9232793854233997,3
UD_English-EWT,63,1.0,30,1,0.7551747536480101,0.260300945185247,1.5866559112821121,0.7632435250396284,3
UD_English-EWT,63,1.0,30,2,1.6358752493324176,0.5662497607329504,1.960866126776393,0.3952168757146825,3
UD_English-EWT,63,1.0,30,3,0.5682173941508343,0.189751145658923,2.148395752239097,0.8759886502731041,3
UD_English-EWT,63,1.0,30,4,0.8796538739500801,0.30529362905790897,1.9864829146389755,0.7880794437286632,3
UD_English-EWT,63,1.0,30,5,0.7833876254169342,0.27089517793613055,1.8548992206164396,0.7846091038196302,3
UD_English-EWT,63,1.0,30,6,0.468771039951043,0.16503943903931503,2.1001401863625793,0.877671870906822,3
UD_English-EWT,63,1.0,30,7,1.4399237855861748,0.5015571463059206,1.6500553084852918,0.44945962684320623,3
UD_English-EWT,63,1.0,30,8,0.3153013518293861,0.10547926610773378,2.119908349110129,0.9400676089069231,3
UD_English-EWT,63,1.0,30,9,1.378191522846782,0.47472608433476565,1.8427310677988282,0.5623999573493916,3
UD_English-EWT,63,1.0,30,10,1.1801203041454482,0.4098093282696002,1.7588980482087109,0.6029925353906519,3
UD_English-EWT,63,1.0,30,11,0.7018114909773967,0.24342671445891506,1.9464623297009964,0.8003605400603977,3
UD_English-EWT,63,1.0,30,12,1.7412682555086623,0.6015070829072285,2.0256957761902625,0.372520842981306,3
UD_English-EWT,63,1.0,30,13,0.20360507920913684,0.0738582305350631,1.5338120793547134,0.9210880746036931,3
UD_English-EWT,63,1.0,30,14,1.0449868669845368,0.3633056695425445,2.0942312183438756,0.7347591769744138,3
UD_English-EWT,63,1.0,30,15,0.6683663258664921,0.22512023636430015,1.5956319476900205,0.8155637504787393,3
UD_English-EWT,63,1.0,30,16,0.589040719786954,0.20804842804746873,1.9677796917534918,0.8502122605921792,3
UD_English-EWT,63,1.0,30,17,0.5424986156365259,0.19012182047132586,1.3659238497741886,0.8203184308250093,3
UD_English-EWT,63,1.0,30,18,0.4827723555836847,0.17211623669505283,1.8112342095440204,0.8494368281032219,3
UD_English-EWT,63,1.0,30,19,0.38212066943772505,0.13415994062062983,1.820287699012157,0.8972681411262092,3
UD_English-EWT,63,1.0,30,20,0.18801930540399067,0.06272632911892943,1.6445372032174648,0.9561067904279531,3
UD_English-EWT,63,1.0,30,21,0.6342546227769773,0.22149714683004415,1.8366762621155202,0.8391334190557563,3
UD_English-EWT,63,1.0,30,22,0.2820751872269915,0.09444671598532813,1.9344489763343269,0.9396518719652311,3
UD_English-EWT,63,1.0,30,23,0.8452869284429837,0.29872355034035414,2.087372533366328,0.7891049949767811,3
UD_English-EWT,63,1.0,30,24,0.8610060713940957,0.2928799978289448,1.713862168984335,0.7132213484556948,3
UD_English-EWT,63,1.0,30,25,0.6688596437598675,0.22473288436873204,2.0914101794443494,0.8419921444169159,3
UD_English-EWT,63,1.0,30,26,2.0567658194264427,0.7032772307920325,2.249793423248119,0.2893124795289802,3
UD_English-EWT,63,1.0,30,27,0.8939810625679506,0.31627191088157275,2.081908842579263,0.7579729704420424,3
UD_English-EWT,63,1.0,30,28,0.5205230583828655,0.1739366517804278,2.0231455124792506,0.8793348155793597,3
UD_English-EWT,63,1.0,30,29,0.3298095815199239,0.11048376018466438,2.189235413497914,0.9358766700237826,3
UD_English-EWT,63,1.0,30,30,0.3629276453837997,0.12254501793207855,2.1666158493913588,0.929820882410951,3
UD_English-EWT,63,1.0,30,31,1.1446783291023286,0.39672479703208136,2.025442062017045,0.6464806454754918,3
UD_English-EWT,63,1.0,31,0,2.0388021796453195,0.7058960278340377,2.017575969624389,0.03057885773342192,3
UD_English-EWT,63,1.0,31,1,1.4935885100253945,0.5258971617195776,1.5484798018479609,0.21102168726331816,3
UD_English-EWT,63,1.0,31,2,1.9430634896449053,0.6634123471509563,2.2073261816807785,0.2673029928329646,3
UD_English-EWT,63,1.0,31,3,1.698055342246926,0.5924725623730102,1.6893105502011345,0.10839219419404138,3
UD_English-EWT,63,1.0,31,4,1.8402258706548826,0.6389752899199888,1.8366500875337526,0.00404252922920127,3
UD_English-EWT,63,1.0,31,5,1.489966460671581,0.5133807585661203,1.496616655360154,0.17200293527061086,3
UD_English-EWT,63,1.0,31,6,1.4149783179571067,0.4914003802168239,1.423590233742865,0.1778873859742011,3
UD_English-EWT,63,1.0,31,7,1.7910176692276056,0.6230224770356397,1.8204691423093038,0.1536338323447106,3
UD_English-EWT,63,1.0,31,8,1.8071482610669944,0.6220807457963625,1.9006560303962947,0.17688326445749145,3
UD_English-EWT,63,1.0,31,9,1.557381964446417,0.5446625718734955,1.8473425698492045,0.290655113556866,3
UD_English-EWT,63,1.0,31,10,2.1592405604534464,0.7413115645936929,2.264518871659138,0.2172664456944811,3
UD_English-EWT,63,1.0,31,11,2.1244690947519627,0.7335043880131726,2.140741057246109,0.13969383502938554,3
UD_English-EWT,63,1.0,31,12,1.6955756783648266,0.5931009700104513,1.7562872263414613,0.17291967677745243,3
UD_English-EWT,63,1.0,31,13,1.7487473567652572,0.6049358794272272,1.70936257013532,0.045415324384242915,3
UD_English-EWT,63,1.0,31,14,2.266309535405675,0.7784495981501752,2.3672786631870792,0.16146014772051479,3
UD_English-EWT,63,1.0,31,15,1.9573713555687764,0.6777063262715041,2.1106892168684737,0.22420621589888548,3
UD_English-EWT,63,1.0,31,16,1.7255850474202568,0.592946272180543,2.0053589718589366,0.2888751344070159,3
UD_English-EWT,63,1.0,31,17,1.6395712213112354,0.5640500554295836,1.6998499159604474,0.17699526943359586,3
UD_English-EWT,63,1.0,31,18,1.6754909459033298,0.5792900711460843,1.9077326078883938,0.25245602042082654,3
UD_English-EWT,63,1.0,31,19,1.6732011236291113,0.5831424641967471,1.7407187120022016,0.16650876621235033,3
UD_English-EWT,63,1.0,31,20,1.5987373939384526,0.5608470375787039,1.7603993274963619,0.22032281951274466,3
UD_English-EWT,63,1.0,31,21,2.130469502484212,0.7329084671667365,2.230807492316095,0.16964218244127136,3
UD_English-EWT,63,1.0,31,22,1.0450019817901113,0.36093422749125564,1.2494806874075222,0.3746732530036027,3
UD_English-EWT,63,1.0,31,23,1.2545738679870881,0.4426218208963754,1.2416030077742097,0.17953962883954966,3
UD_English-EWT,63,1.0,31,24,2.3690011691851693,0.807182194919534,2.4412799451520533,0.09649186680922628,3
UD_English-EWT,63,1.0,31,25,1.872097233524088,0.643509049111051,2.1819587468775246,0.27509404559944917,3
UD_English-EWT,63,1.0,31,26,1.7151046008523043,0.5981985823622818,1.6760480907119686,0.09562208432899984,3
UD_English-EWT,63,1.0,31,27,1.3548312671686131,0.4738360482975434,1.3442853711179046,0.00760485140609667,3
UD_English-EWT,63,1.0,31,28,1.734737300156244,0.6019813705826066,1.8155787236214984,0.1676427721468712,3
UD_English-EWT,63,1.0,31,29,2.0943920008146044,0.720103927567357,2.164809626226868,0.17230215568134888,3
UD_English-EWT,63,1.0,31,30,1.606914604825726,0.5560292341629338,1.8798047088371599,0.2815203563748513,3
UD_English-EWT,63,1.0,31,31,1.7914436788506845,0.6230871195757324,1.753223776328759,0.04025008098075683,3
